eventId,sourceSymbol,eventDate,mappedCik,mappingConfidence,companyName,datasetOrigin,actorFamily,stage2SealRole,trainingEligible,windowStart,windowEnd,edgarLogAvailable
ABUJUDEH_CPMD_DATE_RECOVERY,CPMD,2020-07-02,1081938,HIGH,,V19_V20_DEVELOPMENT,,DEVELOPMENT_OR_PRIOR_SEAL,1,2020-06-22,2020-07-07,1
AHUJA_BDTX_20230621,BDTX,2023-06-27,1701541,HIGH,,V19_V20_DEVELOPMENT,,DEVELOPMENT_OR_PRIOR_SEAL,1,2023-06-17,2023-07-02,1
AHUJA_URGN_20230711,URGN,2023-07-27,1668243,HIGH,,V19_V20_DEVELOPMENT,,DEVELOPMENT_OR_PRIOR_SEAL,1,2023-07-17,2023-08-01,1
AHUJA_XFOR_PIPE_20220630,XFOR,2022-06-30,1501697,HIGH,,V19_V20_DEVELOPMENT,,DEVELOPMENT_OR_PRIOR_SEAL,1,2022-06-20,2022-07-05,1
AHUJA_XFOR_TRIAL_20230412,XFOR,2023-05-16,1501697,HIGH,,V19_V20_DEVELOPMENT,,DEVELOPMENT_OR_PRIOR_SEAL,1,2023-05-06,2023-05-21,1
ATLAS_ABVC,ABVC,2021-08-23,1173313,HIGH,,V19_V20_DEVELOPMENT,,DEVELOPMENT_OR_PRIOR_SEAL,1,2021-08-13,2021-08-28,1
BECK_MYLI,TMGI,2019-10-10,1434601,HIGH,,V19_V20_DEVELOPMENT,,DEVELOPMENT_OR_PRIOR_SEAL,1,2019-09-30,2019-10-15,0
BHARDWAJ_COHR_20210101,COHR,2021-01-19,820318,HIGH,,V19_V20_DEVELOPMENT,,DEVELOPMENT_OR_PRIOR_SEAL,1,2021-01-09,2021-01-24,1
CLEU_2025,CLEU,2024-12-24,,UNRESOLVED,,V19_V20_DEVELOPMENT,,DEVELOPMENT_OR_PRIOR_SEAL,1,2024-12-14,2024-12-29,1
CONTROL_FILING_ALIGNED_SURGE_CONTROL_AAL_20080716,AAL,2008-07-16,6201,HIGH,,V19_V20_DEVELOPMENT,,DEVELOPMENT_OR_PRIOR_SEAL,1,2008-07-06,2008-07-21,1
CONTROL_FILING_ALIGNED_SURGE_CONTROL_AAL_20100525,AAL,2010-05-25,6201,HIGH,,V19_V20_DEVELOPMENT,,DEVELOPMENT_OR_PRIOR_SEAL,1,2010-05-15,2010-05-30,1
CONTROL_FILING_ALIGNED_SURGE_CONTROL_ABBV_20151030,ABBV,2015-10-30,1551152,HIGH,,V19_V20_DEVELOPMENT,,DEVELOPMENT_OR_PRIOR_SEAL,1,2015-10-20,2015-11-04,1
CONTROL_FILING_ALIGNED_SURGE_CONTROL_ABBV_20201030,ABBV,2020-10-30,1551152,HIGH,,V19_V20_DEVELOPMENT,,DEVELOPMENT_OR_PRIOR_SEAL,1,2020-10-20,2020-11-04,1
CONTROL_FILING_ALIGNED_SURGE_CONTROL_ABVC_20070613,ABVC,2007-06-13,1173313,HIGH,,V19_V20_DEVELOPMENT,,DEVELOPMENT_OR_PRIOR_SEAL,1,2007-06-03,2007-06-18,1
CONTROL_FILING_ALIGNED_SURGE_CONTROL_ABVC_20080903,ABVC,2008-09-03,1173313,HIGH,,V19_V20_DEVELOPMENT,,DEVELOPMENT_OR_PRIOR_SEAL,1,2008-08-24,2008-09-08,1
CONTROL_FILING_ALIGNED_SURGE_CONTROL_AMPE_20100310,AMPE,2010-03-10,1411906,HIGH,,V19_V20_DEVELOPMENT,,DEVELOPMENT_OR_PRIOR_SEAL,1,2010-02-28,2010-03-15,1
CONTROL_FILING_ALIGNED_SURGE_CONTROL_AMPE_20110419,AMPE,2011-04-19,1411906,HIGH,,V19_V20_DEVELOPMENT,,DEVELOPMENT_OR_PRIOR_SEAL,1,2011-04-09,2011-04-24,1
CONTROL_FILING_ALIGNED_SURGE_CONTROL_AMS_20090313,AMS,2009-03-13,744825,HIGH,,V19_V20_DEVELOPMENT,,DEVELOPMENT_OR_PRIOR_SEAL,1,2009-03-03,2009-03-18,1
CONTROL_FILING_ALIGNED_SURGE_CONTROL_AMS_20130515,AMS,2013-05-15,744825,HIGH,,V19_V20_DEVELOPMENT,,DEVELOPMENT_OR_PRIOR_SEAL,1,2013-05-05,2013-05-20,1
CONTROL_FILING_ALIGNED_SURGE_CONTROL_AREC_20180301,AREC,2018-03-01,1590715,HIGH,,V19_V20_DEVELOPMENT,,DEVELOPMENT_OR_PRIOR_SEAL,1,2018-02-19,2018-03-06,0
CONTROL_FILING_ALIGNED_SURGE_CONTROL_AREC_20201007,AREC,2020-10-07,1590715,HIGH,,V19_V20_DEVELOPMENT,,DEVELOPMENT_OR_PRIOR_SEAL,1,2020-09-27,2020-10-12,1
CONTROL_FILING_ALIGNED_SURGE_CONTROL_ATOS_20140522,ATOS,2014-05-22,1488039,HIGH,,V19_V20_DEVELOPMENT,,DEVELOPMENT_OR_PRIOR_SEAL,1,2014-05-12,2014-05-27,1
CONTROL_FILING_ALIGNED_SURGE_CONTROL_ATOS_20230523,ATOS,2023-05-23,1488039,HIGH,,V19_V20_DEVELOPMENT,,DEVELOPMENT_OR_PRIOR_SEAL,1,2023-05-13,2023-05-28,1
CONTROL_FILING_ALIGNED_SURGE_CONTROL_BABA_20250829,BABA,2025-08-29,1577552,HIGH,,V19_V20_DEVELOPMENT,,DEVELOPMENT_OR_PRIOR_SEAL,1,2025-08-19,2025-09-03,0
CONTROL_FILING_ALIGNED_SURGE_CONTROL_BABA_20260708,BABA,2026-07-08,1577552,HIGH,,V19_V20_DEVELOPMENT,,DEVELOPMENT_OR_PRIOR_SEAL,1,2026-06-28,2026-07-13,0
CONTROL_FILING_ALIGNED_SURGE_CONTROL_BEN_19991022,BEN,1999-10-22,38777,HIGH,,V19_V20_DEVELOPMENT,,DEVELOPMENT_OR_PRIOR_SEAL,1,1999-10-12,1999-10-27,0
CONTROL_FILING_ALIGNED_SURGE_CONTROL_BEN_20211101,BEN,2021-11-01,38777,HIGH,,V19_V20_DEVELOPMENT,,DEVELOPMENT_OR_PRIOR_SEAL,1,2021-10-22,2021-11-06,1
CONTROL_FILING_ALIGNED_SURGE_CONTROL_BNGO_20191016,BNGO,2019-10-16,1411690,HIGH,,V19_V20_DEVELOPMENT,,DEVELOPMENT_OR_PRIOR_SEAL,1,2019-10-06,2019-10-21,0
CONTROL_FILING_ALIGNED_SURGE_CONTROL_BNGO_20260323,BNGO,2026-03-23,1411690,HIGH,,V19_V20_DEVELOPMENT,,DEVELOPMENT_OR_PRIOR_SEAL,1,2026-03-13,2026-03-28,0
CONTROL_FILING_ALIGNED_SURGE_CONTROL_BRKR_20070208,BRKR,2007-02-08,1109354,HIGH,,V19_V20_DEVELOPMENT,,DEVELOPMENT_OR_PRIOR_SEAL,1,2007-01-29,2007-02-13,1
CONTROL_FILING_ALIGNED_SURGE_CONTROL_BRKR_20071203,BRKR,2007-12-03,1109354,HIGH,,V19_V20_DEVELOPMENT,,DEVELOPMENT_OR_PRIOR_SEAL,1,2007-11-23,2007-12-08,1
CONTROL_FILING_ALIGNED_SURGE_CONTROL_CAH_20041027,CAH,2004-10-27,721371,HIGH,,V19_V20_DEVELOPMENT,,DEVELOPMENT_OR_PRIOR_SEAL,1,2004-10-17,2004-11-01,1
CONTROL_FILING_ALIGNED_SURGE_CONTROL_CAH_20201105,CAH,2020-11-05,721371,HIGH,,V19_V20_DEVELOPMENT,,DEVELOPMENT_OR_PRIOR_SEAL,1,2020-10-26,2020-11-10,1
CONTROL_FILING_ALIGNED_SURGE_CONTROL_CETX_20161213,CETX,2016-12-13,1435064,HIGH,,V19_V20_DEVELOPMENT,,DEVELOPMENT_OR_PRIOR_SEAL,1,2016-12-03,2016-12-18,1
CONTROL_FILING_ALIGNED_SURGE_CONTROL_CETX_20190612,CETX,2019-06-12,1435064,HIGH,,V19_V20_DEVELOPMENT,,DEVELOPMENT_OR_PRIOR_SEAL,1,2019-06-02,2019-06-17,0
CONTROL_FILING_ALIGNED_SURGE_CONTROL_CHKP_20040420,CHKP,2004-04-20,1015922,HIGH,,V19_V20_DEVELOPMENT,,DEVELOPMENT_OR_PRIOR_SEAL,1,2004-04-10,2004-04-25,1
CONTROL_FILING_ALIGNED_SURGE_CONTROL_CHKP_20041018,CHKP,2004-10-18,1015922,HIGH,,V19_V20_DEVELOPMENT,,DEVELOPMENT_OR_PRIOR_SEAL,1,2004-10-08,2004-10-23,1
CONTROL_FILING_ALIGNED_SURGE_CONTROL_COF_19980416,COF,1998-04-16,927628,HIGH,,V19_V20_DEVELOPMENT,,DEVELOPMENT_OR_PRIOR_SEAL,1,1998-04-06,1998-04-21,0
CONTROL_FILING_ALIGNED_SURGE_CONTROL_COF_20080123,COF,2008-01-23,927628,HIGH,,V19_V20_DEVELOPMENT,,DEVELOPMENT_OR_PRIOR_SEAL,1,2008-01-13,2008-01-28,1
CONTROL_FILING_ALIGNED_SURGE_CONTROL_CPMD_20081112,CPMD,2008-11-12,1081938,HIGH,,V19_V20_DEVELOPMENT,,DEVELOPMENT_OR_PRIOR_SEAL,1,2008-11-02,2008-11-17,1
CONTROL_FILING_ALIGNED_SURGE_CONTROL_CPMD_20090331,CPMD,2009-03-31,1081938,HIGH,,V19_V20_DEVELOPMENT,,DEVELOPMENT_OR_PRIOR_SEAL,1,2009-03-21,2009-04-05,1
CONTROL_FILING_ALIGNED_SURGE_CONTROL_CRON_20190124,CRON,2019-01-24,1656472,HIGH,,V19_V20_DEVELOPMENT,,DEVELOPMENT_OR_PRIOR_SEAL,1,2019-01-14,2019-01-29,0
CONTROL_FILING_ALIGNED_SURGE_CONTROL_CRON_20211108,CRON,2021-11-08,1656472,HIGH,,V19_V20_DEVELOPMENT,,DEVELOPMENT_OR_PRIOR_SEAL,1,2021-10-29,2021-11-13,1
CONTROL_FILING_ALIGNED_SURGE_CONTROL_CVU_20040505,CVU,2004-05-05,889348,HIGH,,V19_V20_DEVELOPMENT,,DEVELOPMENT_OR_PRIOR_SEAL,1,2004-04-25,2004-05-10,1
CONTROL_FILING_ALIGNED_SURGE_CONTROL_CVU_20090324,CVU,2009-03-24,889348,HIGH,,V19_V20_DEVELOPMENT,,DEVELOPMENT_OR_PRIOR_SEAL,1,2009-03-14,2009-03-29,1
CONTROL_FILING_ALIGNED_SURGE_CONTROL_DE_20001121,DE,2000-11-21,315189,HIGH,,V19_V20_DEVELOPMENT,,DEVELOPMENT_OR_PRIOR_SEAL,1,2000-11-11,2000-11-26,0
CONTROL_FILING_ALIGNED_SURGE_CONTROL_DE_20071121,DE,2007-11-21,315189,HIGH,,V19_V20_DEVELOPMENT,,DEVELOPMENT_OR_PRIOR_SEAL,1,2007-11-11,2007-11-26,1
CONTROL_FILING_ALIGNED_SURGE_CONTROL_DIS_20200319,DIS,2020-03-19,1744489,HIGH,,V19_V20_DEVELOPMENT,,DEVELOPMENT_OR_PRIOR_SEAL,1,2020-03-09,2020-03-24,0
CONTROL_FILING_ALIGNED_SURGE_CONTROL_DIS_20250507,DIS,2025-05-07,1744489,HIGH,,V19_V20_DEVELOPMENT,,DEVELOPMENT_OR_PRIOR_SEAL,1,2025-04-27,2025-05-12,1
CONTROL_FILING_ALIGNED_SURGE_CONTROL_DKS_20070821,DKS,2007-08-21,1089063,HIGH,,V19_V20_DEVELOPMENT,,DEVELOPMENT_OR_PRIOR_SEAL,1,2007-08-11,2007-08-26,1
CONTROL_FILING_ALIGNED_SURGE_CONTROL_DKS_20080821,DKS,2008-08-21,1089063,HIGH,,V19_V20_DEVELOPMENT,,DEVELOPMENT_OR_PRIOR_SEAL,1,2008-08-11,2008-08-26,1
CONTROL_FILING_ALIGNED_SURGE_CONTROL_DPLS_20040903,DPLS,2004-09-03,866439,HIGH,,V19_V20_DEVELOPMENT,,DEVELOPMENT_OR_PRIOR_SEAL,1,2004-08-24,2004-09-08,1
CONTROL_FILING_ALIGNED_SURGE_CONTROL_DPLS_20080729,DPLS,2008-07-29,866439,HIGH,,V19_V20_DEVELOPMENT,,DEVELOPMENT_OR_PRIOR_SEAL,1,2008-07-19,2008-08-03,1
CONTROL_FILING_ALIGNED_SURGE_CONTROL_DSGT_20200305,DSGT,2020-03-05,1413909,HIGH,,V19_V20_DEVELOPMENT,,DEVELOPMENT_OR_PRIOR_SEAL,1,2020-02-24,2020-03-10,0
CONTROL_FILING_ALIGNED_SURGE_CONTROL_EA_20110202,EA,2011-02-02,712515,HIGH,,V19_V20_DEVELOPMENT,,DEVELOPMENT_OR_PRIOR_SEAL,1,2011-01-23,2011-02-07,1
CONTROL_FILING_ALIGNED_SURGE_CONTROL_EA_20110505,EA,2011-05-05,712515,HIGH,,V19_V20_DEVELOPMENT,,DEVELOPMENT_OR_PRIOR_SEAL,1,2011-04-25,2011-05-10,1
CONTROL_FILING_ALIGNED_SURGE_CONTROL_EVGO_20231108,EVGO,2023-11-08,1821159,HIGH,,V19_V20_DEVELOPMENT,,DEVELOPMENT_OR_PRIOR_SEAL,1,2023-10-29,2023-11-13,1
CONTROL_FILING_ALIGNED_SURGE_CONTROL_EVGO_20250506,EVGO,2025-05-06,1821159,HIGH,,V19_V20_DEVELOPMENT,,DEVELOPMENT_OR_PRIOR_SEAL,1,2025-04-26,2025-05-11,1
CONTROL_FILING_ALIGNED_SURGE_CONTROL_FDX_20200318,FDX,2020-03-18,1048911,HIGH,,V19_V20_DEVELOPMENT,,DEVELOPMENT_OR_PRIOR_SEAL,1,2020-03-08,2020-03-23,0
CONTROL_FILING_ALIGNED_SURGE_CONTROL_FDX_20220614,FDX,2022-06-14,1048911,HIGH,,V19_V20_DEVELOPMENT,,DEVELOPMENT_OR_PRIOR_SEAL,1,2022-06-04,2022-06-19,1
CONTROL_FILING_ALIGNED_SURGE_CONTROL_FSLR_20071106,FSLR,2007-11-06,1274494,HIGH,,V19_V20_DEVELOPMENT,,DEVELOPMENT_OR_PRIOR_SEAL,1,2007-10-27,2007-11-11,1
CONTROL_FILING_ALIGNED_SURGE_CONTROL_FSLR_20081030,FSLR,2008-10-30,1274494,HIGH,,V19_V20_DEVELOPMENT,,DEVELOPMENT_OR_PRIOR_SEAL,1,2008-10-20,2008-11-04,1
CONTROL_FILING_ALIGNED_SURGE_CONTROL_GEGP_20180601,GEGP,2018-06-01,1081188,HIGH,,V19_V20_DEVELOPMENT,,DEVELOPMENT_OR_PRIOR_SEAL,1,2018-05-22,2018-06-06,0
CONTROL_FILING_ALIGNED_SURGE_CONTROL_GEGP_20251125,GEGP,2025-11-25,1081188,HIGH,,V19_V20_DEVELOPMENT,,DEVELOPMENT_OR_PRIOR_SEAL,1,2025-11-15,2025-11-30,0
CONTROL_FILING_ALIGNED_SURGE_CONTROL_GEVI_20060816,GEVI,2006-08-16,894556,HIGH,,V19_V20_DEVELOPMENT,,DEVELOPMENT_OR_PRIOR_SEAL,1,2006-08-06,2006-08-21,1
CONTROL_FILING_ALIGNED_SURGE_CONTROL_GEVI_20211006,GEVI,2021-10-06,894556,HIGH,,V19_V20_DEVELOPMENT,,DEVELOPMENT_OR_PRIOR_SEAL,1,2021-09-26,2021-10-11,1
CONTROL_FILING_ALIGNED_SURGE_CONTROL_GE_20020729,GE,2002-07-29,40545,HIGH,,V19_V20_DEVELOPMENT,,DEVELOPMENT_OR_PRIOR_SEAL,1,2002-07-19,2002-08-03,0
CONTROL_FILING_ALIGNED_SURGE_CONTROL_GE_20090310,GE,2009-03-10,40545,HIGH,,V19_V20_DEVELOPMENT,,DEVELOPMENT_OR_PRIOR_SEAL,1,2009-02-28,2009-03-15,1
CONTROL_FILING_ALIGNED_SURGE_CONTROL_GHST_20240212,GHST,2024-02-12,1121795,HIGH,,V19_V20_DEVELOPMENT,,DEVELOPMENT_OR_PRIOR_SEAL,1,2024-02-02,2024-02-17,1
CONTROL_FILING_ALIGNED_SURGE_CONTROL_GILD_20121112,GILD,2012-11-12,882095,HIGH,,V19_V20_DEVELOPMENT,,DEVELOPMENT_OR_PRIOR_SEAL,1,2012-11-02,2012-11-17,1
CONTROL_FILING_ALIGNED_SURGE_CONTROL_GILD_20200224,GILD,2020-02-24,882095,HIGH,,V19_V20_DEVELOPMENT,,DEVELOPMENT_OR_PRIOR_SEAL,1,2020-02-14,2020-02-29,0
CONTROL_FILING_ALIGNED_SURGE_CONTROL_GM_20111004,GM,2011-10-04,1467858,HIGH,,V19_V20_DEVELOPMENT,,DEVELOPMENT_OR_PRIOR_SEAL,1,2011-09-24,2011-10-09,1
CONTROL_FILING_ALIGNED_SURGE_CONTROL_GM_20121219,GM,2012-12-19,1467858,HIGH,,V19_V20_DEVELOPMENT,,DEVELOPMENT_OR_PRIOR_SEAL,1,2012-12-09,2012-12-24,1
CONTROL_FILING_ALIGNED_SURGE_CONTROL_GTLL_20211117,GTLL,2021-11-17,932021,HIGH,,V19_V20_DEVELOPMENT,,DEVELOPMENT_OR_PRIOR_SEAL,1,2021-11-07,2021-11-22,1
CONTROL_FILING_ALIGNED_SURGE_CONTROL_HAS_20061023,HAS,2006-10-23,46080,HIGH,,V19_V20_DEVELOPMENT,,DEVELOPMENT_OR_PRIOR_SEAL,1,2006-10-13,2006-10-28,1
CONTROL_FILING_ALIGNED_SURGE_CONTROL_HAS_20100208,HAS,2010-02-08,46080,HIGH,,V19_V20_DEVELOPMENT,,DEVELOPMENT_OR_PRIOR_SEAL,1,2010-01-29,2010-02-13,1
CONTROL_FILING_ALIGNED_SURGE_CONTROL_HLF_20050802,HLF,2005-08-02,1180262,HIGH,,V19_V20_DEVELOPMENT,,DEVELOPMENT_OR_PRIOR_SEAL,1,2005-07-23,2005-08-07,1
CONTROL_FILING_ALIGNED_SURGE_CONTROL_HLF_20060504,HLF,2006-05-04,1180262,HIGH,,V19_V20_DEVELOPMENT,,DEVELOPMENT_OR_PRIOR_SEAL,1,2006-04-24,2006-05-09,1
CONTROL_FILING_ALIGNED_SURGE_CONTROL_HMBL_20060815,HMBL,2006-08-15,1119190,HIGH,,V19_V20_DEVELOPMENT,,DEVELOPMENT_OR_PRIOR_SEAL,1,2006-08-05,2006-08-20,1
CONTROL_FILING_ALIGNED_SURGE_CONTROL_HMBL_20230206,HMBL,2023-02-06,1119190,HIGH,,V19_V20_DEVELOPMENT,,DEVELOPMENT_OR_PRIOR_SEAL,1,2023-01-27,2023-02-11,1
CONTROL_FILING_ALIGNED_SURGE_CONTROL_HOG_20080716,HOG,2008-07-16,793952,HIGH,,V19_V20_DEVELOPMENT,,DEVELOPMENT_OR_PRIOR_SEAL,1,2008-07-06,2008-07-21,1
CONTROL_FILING_ALIGNED_SURGE_CONTROL_HOG_20160701,HOG,2016-07-01,793952,HIGH,,V19_V20_DEVELOPMENT,,DEVELOPMENT_OR_PRIOR_SEAL,1,2016-06-21,2016-07-06,1
CONTROL_FILING_ALIGNED_SURGE_CONTROL_IBM_19961115,IBM,1996-11-15,51143,HIGH,,V19_V20_DEVELOPMENT,,DEVELOPMENT_OR_PRIOR_SEAL,1,1996-11-05,1996-11-20,0
CONTROL_FILING_ALIGNED_SURGE_CONTROL_IBM_19970424,IBM,1997-04-24,51143,HIGH,,V19_V20_DEVELOPMENT,,DEVELOPMENT_OR_PRIOR_SEAL,1,1997-04-14,1997-04-29,0
CONTROL_FILING_ALIGNED_SURGE_CONTROL_IGC_20080521,IGC,2008-05-21,1326205,HIGH,,V19_V20_DEVELOPMENT,,DEVELOPMENT_OR_PRIOR_SEAL,1,2008-05-11,2008-05-26,1
CONTROL_FILING_ALIGNED_SURGE_CONTROL_IGC_20130207,IGC,2013-02-07,1326205,HIGH,,V19_V20_DEVELOPMENT,,DEVELOPMENT_OR_PRIOR_SEAL,1,2013-01-28,2013-02-12,1
CONTROL_FILING_ALIGNED_SURGE_CONTROL_ILUS_20250402,ILUS,2025-04-02,1496383,HIGH,,V19_V20_DEVELOPMENT,,DEVELOPMENT_OR_PRIOR_SEAL,1,2025-03-23,2025-04-07,1
CONTROL_FILING_ALIGNED_SURGE_CONTROL_INO_20090729,INO,2009-07-29,1055726,HIGH,,V19_V20_DEVELOPMENT,,DEVELOPMENT_OR_PRIOR_SEAL,1,2009-07-19,2009-08-03,1
CONTROL_FILING_ALIGNED_SURGE_CONTROL_INO_20150316,INO,2015-03-16,1055726,HIGH,,V19_V20_DEVELOPMENT,,DEVELOPMENT_OR_PRIOR_SEAL,1,2015-03-06,2015-03-21,1
CONTROL_FILING_ALIGNED_SURGE_CONTROL_IP_19970708,IP,1997-07-08,51434,HIGH,,V19_V20_DEVELOPMENT,,DEVELOPMENT_OR_PRIOR_SEAL,1,1997-06-28,1997-07-13,0
CONTROL_FILING_ALIGNED_SURGE_CONTROL_IP_20001018,IP,2000-10-18,51434,HIGH,,V19_V20_DEVELOPMENT,,DEVELOPMENT_OR_PRIOR_SEAL,1,2000-10-08,2000-10-23,0
CONTROL_FILING_ALIGNED_SURGE_CONTROL_LKNCY_20201217,LKNCY,2020-12-17,1767582,HIGH,,V19_V20_DEVELOPMENT,,DEVELOPMENT_OR_PRIOR_SEAL,1,2020-12-07,2020-12-22,1
CONTROL_FILING_ALIGNED_SURGE_CONTROL_LKNCY_20210630,LKNCY,2021-06-30,1767582,HIGH,,V19_V20_DEVELOPMENT,,DEVELOPMENT_OR_PRIOR_SEAL,1,2021-06-20,2021-07-05,1
CONTROL_FILING_ALIGNED_SURGE_CONTROL_LLY_20230808,LLY,2023-08-08,59478,HIGH,,V19_V20_DEVELOPMENT,,DEVELOPMENT_OR_PRIOR_SEAL,1,2023-07-29,2023-08-13,1
CONTROL_FILING_ALIGNED_SURGE_CONTROL_LLY_20240205,LLY,2024-02-05,59478,HIGH,,V19_V20_DEVELOPMENT,,DEVELOPMENT_OR_PRIOR_SEAL,1,2024-01-26,2024-02-10,1
CONTROL_FILING_ALIGNED_SURGE_CONTROL_LNG_19980713,LNG,1998-07-13,3570,HIGH,,V19_V20_DEVELOPMENT,,DEVELOPMENT_OR_PRIOR_SEAL,1,1998-07-03,1998-07-18,0
CONTROL_FILING_ALIGNED_SURGE_CONTROL_LNG_20030509,LNG,2003-05-09,3570,HIGH,,V19_V20_DEVELOPMENT,,DEVELOPMENT_OR_PRIOR_SEAL,1,2003-04-29,2003-05-14,1
CONTROL_FILING_ALIGNED_SURGE_CONTROL_LUV_20091204,LUV,2009-12-04,92380,HIGH,,V19_V20_DEVELOPMENT,,DEVELOPMENT_OR_PRIOR_SEAL,1,2009-11-24,2009-12-09,1
CONTROL_FILING_ALIGNED_SURGE_CONTROL_LUV_20200518,LUV,2020-05-18,92380,HIGH,,V19_V20_DEVELOPMENT,,DEVELOPMENT_OR_PRIOR_SEAL,1,2020-05-08,2020-05-23,0
CONTROL_FILING_ALIGNED_SURGE_CONTROL_META_20130725,META,2013-07-25,1326801,HIGH,,V19_V20_DEVELOPMENT,,DEVELOPMENT_OR_PRIOR_SEAL,1,2013-07-15,2013-07-30,1
CONTROL_FILING_ALIGNED_SURGE_CONTROL_META_20140130,META,2014-01-30,1326801,HIGH,,V19_V20_DEVELOPMENT,,DEVELOPMENT_OR_PRIOR_SEAL,1,2014-01-20,2014-02-04,1
CONTROL_FILING_ALIGNED_SURGE_CONTROL_MGTI_20041029,MGTI,2004-10-29,1001601,HIGH,,V19_V20_DEVELOPMENT,,DEVELOPMENT_OR_PRIOR_SEAL,1,2004-10-19,2004-11-03,1
CONTROL_FILING_ALIGNED_SURGE_CONTROL_MGTI_20070613,MGTI,2007-06-13,1001601,HIGH,,V19_V20_DEVELOPMENT,,DEVELOPMENT_OR_PRIOR_SEAL,1,2007-06-03,2007-06-18,1
CONTROL_FILING_ALIGNED_SURGE_CONTROL_NNOX_20220331,NNOX,2022-03-31,1795251,HIGH,,V19_V20_DEVELOPMENT,,DEVELOPMENT_OR_PRIOR_SEAL,1,2022-03-21,2022-04-05,1
CONTROL_FILING_ALIGNED_SURGE_CONTROL_NNOX_20230501,NNOX,2023-05-01,1795251,HIGH,,V19_V20_DEVELOPMENT,,DEVELOPMENT_OR_PRIOR_SEAL,1,2023-04-21,2023-05-06,1
CONTROL_FILING_ALIGNED_SURGE_CONTROL_NNVC_20100316,NNVC,2010-03-16,1379006,HIGH,,V19_V20_DEVELOPMENT,,DEVELOPMENT_OR_PRIOR_SEAL,1,2010-03-06,2010-03-21,1
CONTROL_FILING_ALIGNED_SURGE_CONTROL_NNVC_20130226,NNVC,2013-02-26,1379006,HIGH,,V19_V20_DEVELOPMENT,,DEVELOPMENT_OR_PRIOR_SEAL,1,2013-02-16,2013-03-03,1
CONTROL_FILING_ALIGNED_SURGE_CONTROL_NOTV_20070208,NOTV,2007-02-08,720154,HIGH,,V19_V20_DEVELOPMENT,,DEVELOPMENT_OR_PRIOR_SEAL,1,2007-01-29,2007-02-13,1
CONTROL_FILING_ALIGNED_SURGE_CONTROL_NOTV_20091016,NOTV,2009-10-16,720154,HIGH,,V19_V20_DEVELOPMENT,,DEVELOPMENT_OR_PRIOR_SEAL,1,2009-10-06,2009-10-21,1
CONTROL_FILING_ALIGNED_SURGE_CONTROL_NTAP_20030820,NTAP,2003-08-20,1002047,HIGH,,V19_V20_DEVELOPMENT,,DEVELOPMENT_OR_PRIOR_SEAL,1,2003-08-10,2003-08-25,1
CONTROL_FILING_ALIGNED_SURGE_CONTROL_NTAP_20041117,NTAP,2004-11-17,1002047,HIGH,,V19_V20_DEVELOPMENT,,DEVELOPMENT_OR_PRIOR_SEAL,1,2004-11-07,2004-11-22,1
CONTROL_FILING_ALIGNED_SURGE_CONTROL_NVAX_20050817,NVAX,2005-08-17,1000694,HIGH,,V19_V20_DEVELOPMENT,,DEVELOPMENT_OR_PRIOR_SEAL,1,2005-08-07,2005-08-22,1
CONTROL_FILING_ALIGNED_SURGE_CONTROL_NVAX_20081010,NVAX,2008-10-10,1000694,HIGH,,V19_V20_DEVELOPMENT,,DEVELOPMENT_OR_PRIOR_SEAL,1,2008-09-30,2008-10-15,1
CONTROL_FILING_ALIGNED_SURGE_CONTROL_NVDA_20050513,NVDA,2005-05-13,1045810,HIGH,,V19_V20_DEVELOPMENT,,DEVELOPMENT_OR_PRIOR_SEAL,1,2005-05-03,2005-05-18,1
CONTROL_FILING_ALIGNED_SURGE_CONTROL_NVDA_20150807,NVDA,2015-08-07,1045810,HIGH,,V19_V20_DEVELOPMENT,,DEVELOPMENT_OR_PRIOR_SEAL,1,2015-07-28,2015-08-12,1
CONTROL_FILING_ALIGNED_SURGE_CONTROL_ON_20021118,ON,2002-11-18,1097864,HIGH,,V19_V20_DEVELOPMENT,,DEVELOPMENT_OR_PRIOR_SEAL,1,2002-11-08,2002-11-23,0
CONTROL_FILING_ALIGNED_SURGE_CONTROL_ON_20061130,ON,2006-11-30,1097864,HIGH,,V19_V20_DEVELOPMENT,,DEVELOPMENT_OR_PRIOR_SEAL,1,2006-11-20,2006-12-05,1
CONTROL_FILING_ALIGNED_SURGE_CONTROL_PCG_20030616,PCG,2003-06-16,1004980,HIGH,,V19_V20_DEVELOPMENT,,DEVELOPMENT_OR_PRIOR_SEAL,1,2003-06-06,2003-06-21,1
CONTROL_FILING_ALIGNED_SURGE_CONTROL_PCG_20191029,PCG,2019-10-29,1004980,HIGH,,V19_V20_DEVELOPMENT,,DEVELOPMENT_OR_PRIOR_SEAL,1,2019-10-19,2019-11-03,0
CONTROL_FILING_ALIGNED_SURGE_CONTROL_PFE_20051213,PFE,2005-12-13,78003,HIGH,,V19_V20_DEVELOPMENT,,DEVELOPMENT_OR_PRIOR_SEAL,1,2005-12-03,2005-12-18,1
CONTROL_FILING_ALIGNED_SURGE_CONTROL_PLPL_20090706,PLPL,2009-07-06,1317880,HIGH,,V19_V20_DEVELOPMENT,,DEVELOPMENT_OR_PRIOR_SEAL,1,2009-06-26,2009-07-11,1
CONTROL_FILING_ALIGNED_SURGE_CONTROL_PLPL_20110125,PLPL,2011-01-25,1317880,HIGH,,V19_V20_DEVELOPMENT,,DEVELOPMENT_OR_PRIOR_SEAL,1,2011-01-15,2011-01-30,1
CONTROL_FILING_ALIGNED_SURGE_CONTROL_PLUG_20050222,PLUG,2005-02-22,1093691,HIGH,,V19_V20_DEVELOPMENT,,DEVELOPMENT_OR_PRIOR_SEAL,1,2005-02-12,2005-02-27,1
CONTROL_FILING_ALIGNED_SURGE_CONTROL_PLUG_20060411,PLUG,2006-04-11,1093691,HIGH,,V19_V20_DEVELOPMENT,,DEVELOPMENT_OR_PRIOR_SEAL,1,2006-04-01,2006-04-16,1
CONTROL_FILING_ALIGNED_SURGE_CONTROL_RFIL_20040303,RFIL,2004-03-03,740664,HIGH,,V19_V20_DEVELOPMENT,,DEVELOPMENT_OR_PRIOR_SEAL,1,2004-02-22,2004-03-08,1
CONTROL_FILING_ALIGNED_SURGE_CONTROL_RFIL_20050103,RFIL,2005-01-03,740664,HIGH,,V19_V20_DEVELOPMENT,,DEVELOPMENT_OR_PRIOR_SEAL,1,2004-12-24,2005-01-08,1
CONTROL_FILING_ALIGNED_SURGE_CONTROL_RMSL_20190329,RMSL,2019-03-29,1412126,HIGH,,V19_V20_DEVELOPMENT,,DEVELOPMENT_OR_PRIOR_SEAL,1,2019-03-19,2019-04-03,0
CONTROL_FILING_ALIGNED_SURGE_CONTROL_ROKU_20190808,ROKU,2019-08-08,1428439,HIGH,,V19_V20_DEVELOPMENT,,DEVELOPMENT_OR_PRIOR_SEAL,1,2019-07-29,2019-08-13,0
CONTROL_FILING_ALIGNED_SURGE_CONTROL_ROKU_20200413,ROKU,2020-04-13,1428439,HIGH,,V19_V20_DEVELOPMENT,,DEVELOPMENT_OR_PRIOR_SEAL,1,2020-04-03,2020-04-18,0
CONTROL_FILING_ALIGNED_SURGE_CONTROL_SBFM_20180816,SBFM,2018-08-16,1402328,HIGH,,V19_V20_DEVELOPMENT,,DEVELOPMENT_OR_PRIOR_SEAL,1,2018-08-06,2018-08-21,0
CONTROL_FILING_ALIGNED_SURGE_CONTROL_SBFM_20230511,SBFM,2023-05-11,1402328,HIGH,,V19_V20_DEVELOPMENT,,DEVELOPMENT_OR_PRIOR_SEAL,1,2023-05-01,2023-05-16,1
CONTROL_FILING_ALIGNED_SURGE_CONTROL_SGMO_20120201,SGMO,2012-02-01,1001233,HIGH,,V19_V20_DEVELOPMENT,,DEVELOPMENT_OR_PRIOR_SEAL,1,2012-01-22,2012-02-06,1
CONTROL_FILING_ALIGNED_SURGE_CONTROL_SGMO_20200228,SGMO,2020-02-28,1001233,HIGH,,V19_V20_DEVELOPMENT,,DEVELOPMENT_OR_PRIOR_SEAL,1,2020-02-18,2020-03-04,0
CONTROL_FILING_ALIGNED_SURGE_CONTROL_SNAP_20190206,SNAP,2019-02-06,1564408,HIGH,,V19_V20_DEVELOPMENT,,DEVELOPMENT_OR_PRIOR_SEAL,1,2019-01-27,2019-02-11,0
CONTROL_FILING_ALIGNED_SURGE_CONTROL_SNAP_20201021,SNAP,2020-10-21,1564408,HIGH,,V19_V20_DEVELOPMENT,,DEVELOPMENT_OR_PRIOR_SEAL,1,2020-10-11,2020-10-26,1
CONTROL_FILING_ALIGNED_SURGE_CONTROL_TLSS_20170403,TLSS,2017-04-03,1463208,HIGH,,V19_V20_DEVELOPMENT,,DEVELOPMENT_OR_PRIOR_SEAL,1,2017-03-24,2017-04-08,1
CONTROL_FILING_ALIGNED_SURGE_CONTROL_TLSS_20180625,TLSS,2018-06-25,1463208,HIGH,,V19_V20_DEVELOPMENT,,DEVELOPMENT_OR_PRIOR_SEAL,1,2018-06-15,2018-06-30,0
CONTROL_FILING_ALIGNED_SURGE_CONTROL_TMUS_20110224,TMUS,2011-02-24,1283699,HIGH,,V19_V20_DEVELOPMENT,,DEVELOPMENT_OR_PRIOR_SEAL,1,2011-02-14,2011-03-01,1
CONTROL_FILING_ALIGNED_SURGE_CONTROL_TMUS_20120726,TMUS,2012-07-26,1283699,HIGH,,V19_V20_DEVELOPMENT,,DEVELOPMENT_OR_PRIOR_SEAL,1,2012-07-16,2012-07-31,1
CONTROL_FILING_ALIGNED_SURGE_CONTROL_TSLA_20111103,TSLA,2011-11-03,1318605,HIGH,,V19_V20_DEVELOPMENT,,DEVELOPMENT_OR_PRIOR_SEAL,1,2011-10-24,2011-11-08,1
CONTROL_FILING_ALIGNED_SURGE_CONTROL_TSLA_20130401,TSLA,2013-04-01,1318605,HIGH,,V19_V20_DEVELOPMENT,,DEVELOPMENT_OR_PRIOR_SEAL,1,2013-03-22,2013-04-06,1
CONTROL_FILING_ALIGNED_SURGE_CONTROL_ULTA_20100903,ULTA,2010-09-03,1403568,HIGH,,V19_V20_DEVELOPMENT,,DEVELOPMENT_OR_PRIOR_SEAL,1,2010-08-24,2010-09-08,1
CONTROL_FILING_ALIGNED_SURGE_CONTROL_ULTA_20110608,ULTA,2011-06-08,1403568,HIGH,,V19_V20_DEVELOPMENT,,DEVELOPMENT_OR_PRIOR_SEAL,1,2011-05-29,2011-06-13,1
CONTROL_FILING_ALIGNED_SURGE_CONTROL_UPS_20200730,UPS,2020-07-30,1090727,HIGH,,V19_V20_DEVELOPMENT,,DEVELOPMENT_OR_PRIOR_SEAL,1,2020-07-20,2020-08-04,1
CONTROL_FILING_ALIGNED_SURGE_CONTROL_UPS_20210427,UPS,2021-04-27,1090727,HIGH,,V19_V20_DEVELOPMENT,,DEVELOPMENT_OR_PRIOR_SEAL,1,2021-04-17,2021-05-02,1
CONTROL_FILING_ALIGNED_SURGE_CONTROL_VEEV_20160527,VEEV,2016-05-27,1393052,HIGH,,V19_V20_DEVELOPMENT,,DEVELOPMENT_OR_PRIOR_SEAL,1,2016-05-17,2016-06-01,1
CONTROL_FILING_ALIGNED_SURGE_CONTROL_VEEV_20180228,VEEV,2018-02-28,1393052,HIGH,,V19_V20_DEVELOPMENT,,DEVELOPMENT_OR_PRIOR_SEAL,1,2018-02-18,2018-03-05,0
CONTROL_FILING_ALIGNED_SURGE_CONTROL_VISL_20160421,VISL,2016-04-21,1565228,HIGH,,V19_V20_DEVELOPMENT,,DEVELOPMENT_OR_PRIOR_SEAL,1,2016-04-11,2016-04-26,1
CONTROL_FILING_ALIGNED_SURGE_CONTROL_VISL_20170713,VISL,2017-07-13,1565228,HIGH,,V19_V20_DEVELOPMENT,,DEVELOPMENT_OR_PRIOR_SEAL,1,2017-07-03,2017-07-18,0
CONTROL_FILING_ALIGNED_SURGE_CONTROL_VUZI_20171109,VUZI,2017-11-09,1463972,HIGH,,V19_V20_DEVELOPMENT,,DEVELOPMENT_OR_PRIOR_SEAL,1,2017-10-30,2017-11-14,0
CONTROL_FILING_ALIGNED_SURGE_CONTROL_VUZI_20241118,VUZI,2024-11-18,1463972,HIGH,,V19_V20_DEVELOPMENT,,DEVELOPMENT_OR_PRIOR_SEAL,1,2024-11-08,2024-11-23,1
CONTROL_FILING_ALIGNED_SURGE_CONTROL_WDC_20050331,WDC,2005-03-31,106040,HIGH,,V19_V20_DEVELOPMENT,,DEVELOPMENT_OR_PRIOR_SEAL,1,2005-03-21,2005-04-05,1
CONTROL_FILING_ALIGNED_SURGE_CONTROL_WDC_20081024,WDC,2008-10-24,106040,HIGH,,V19_V20_DEVELOPMENT,,DEVELOPMENT_OR_PRIOR_SEAL,1,2008-10-14,2008-10-29,1
CONTROL_FILING_ALIGNED_SURGE_CONTROL_WMB_20020305,WMB,2002-03-05,107263,HIGH,,V19_V20_DEVELOPMENT,,DEVELOPMENT_OR_PRIOR_SEAL,1,2002-02-23,2002-03-10,0
CONTROL_FILING_ALIGNED_SURGE_CONTROL_WMB_20020729,WMB,2002-07-29,107263,HIGH,,V19_V20_DEVELOPMENT,,DEVELOPMENT_OR_PRIOR_SEAL,1,2002-07-19,2002-08-03,0
CONTROL_FILING_ALIGNED_SURGE_CONTROL_WOLF_19990513,WOLF,1999-05-13,895419,HIGH,,V19_V20_DEVELOPMENT,,DEVELOPMENT_OR_PRIOR_SEAL,1,1999-05-03,1999-05-18,0
CONTROL_FILING_ALIGNED_SURGE_CONTROL_WOLF_20040116,WOLF,2004-01-16,895419,HIGH,,V19_V20_DEVELOPMENT,,DEVELOPMENT_OR_PRIOR_SEAL,1,2004-01-06,2004-01-21,1
CONTROL_FILING_ALIGNED_SURGE_CONTROL_WYNN_20060802,WYNN,2006-08-02,1174922,HIGH,,V19_V20_DEVELOPMENT,,DEVELOPMENT_OR_PRIOR_SEAL,1,2006-07-23,2006-08-07,1
CONTROL_FILING_ALIGNED_SURGE_CONTROL_WYNN_20080711,WYNN,2008-07-11,1174922,HIGH,,V19_V20_DEVELOPMENT,,DEVELOPMENT_OR_PRIOR_SEAL,1,2008-07-01,2008-07-16,1
CONTROL_FILING_ALIGNED_SURGE_CONTROL_W_20150812,W,2015-08-12,1616707,HIGH,,V19_V20_DEVELOPMENT,,DEVELOPMENT_OR_PRIOR_SEAL,1,2015-08-02,2015-08-17,1
CONTROL_FILING_ALIGNED_SURGE_CONTROL_W_20170509,W,2017-05-09,1616707,HIGH,,V19_V20_DEVELOPMENT,,DEVELOPMENT_OR_PRIOR_SEAL,1,2017-04-29,2017-05-14,1
CONTROL_FILING_ALIGNED_SURGE_CONTROL_YELP_20130502,YELP,2013-05-02,1345016,HIGH,,V19_V20_DEVELOPMENT,,DEVELOPMENT_OR_PRIOR_SEAL,1,2013-04-22,2013-05-07,1
CONTROL_FILING_ALIGNED_SURGE_CONTROL_YELP_20130801,YELP,2013-08-01,1345016,HIGH,,V19_V20_DEVELOPMENT,,DEVELOPMENT_OR_PRIOR_SEAL,1,2013-07-22,2013-08-06,1
CONTROL_MARKET_WIDE_SURGE_CONTROL_ULTA_20110829,ULTA,2011-08-29,1403568,HIGH,,V19_V20_DEVELOPMENT,,DEVELOPMENT_OR_PRIOR_SEAL,1,2011-08-19,2011-09-03,1
CONTROL_MARKET_WIDE_SURGE_CONTROL_WOLF_19981015,WOLF,1998-10-15,895419,HIGH,,V19_V20_DEVELOPMENT,,DEVELOPMENT_OR_PRIOR_SEAL,1,1998-10-05,1998-10-20,0
CONTROL_MARKET_WIDE_SURGE_CONTROL_WOLF_20021015,WOLF,2002-10-15,895419,HIGH,,V19_V20_DEVELOPMENT,,DEVELOPMENT_OR_PRIOR_SEAL,1,2002-10-05,2002-10-20,0
CONTROL_UNEXPLAINED_SURGE_CONTROL_AAL_20060424,AAL,2006-04-24,6201,HIGH,,V19_V20_DEVELOPMENT,,DEVELOPMENT_OR_PRIOR_SEAL,1,2006-04-14,2006-04-29,1
CONTROL_UNEXPLAINED_SURGE_CONTROL_AAL_20080424,AAL,2008-04-24,6201,HIGH,,V19_V20_DEVELOPMENT,,DEVELOPMENT_OR_PRIOR_SEAL,1,2008-04-14,2008-04-29,1
CONTROL_UNEXPLAINED_SURGE_CONTROL_ABBV_20170907,ABBV,2017-09-07,1551152,HIGH,,V19_V20_DEVELOPMENT,,DEVELOPMENT_OR_PRIOR_SEAL,1,2017-08-28,2017-09-12,0
CONTROL_UNEXPLAINED_SURGE_CONTROL_ABVC_20051209,ABVC,2005-12-09,1173313,HIGH,,V19_V20_DEVELOPMENT,,DEVELOPMENT_OR_PRIOR_SEAL,1,2005-11-29,2005-12-14,1
CONTROL_UNEXPLAINED_SURGE_CONTROL_ABVC_20061102,ABVC,2006-11-02,1173313,HIGH,,V19_V20_DEVELOPMENT,,DEVELOPMENT_OR_PRIOR_SEAL,1,2006-10-23,2006-11-07,1
CONTROL_UNEXPLAINED_SURGE_CONTROL_ALPP_20170711,ALPP,2017-07-11,,UNRESOLVED,,V19_V20_DEVELOPMENT,,DEVELOPMENT_OR_PRIOR_SEAL,1,2017-07-01,2017-07-16,0
CONTROL_UNEXPLAINED_SURGE_CONTROL_ALPP_20190625,ALPP,2019-06-25,,UNRESOLVED,,V19_V20_DEVELOPMENT,,DEVELOPMENT_OR_PRIOR_SEAL,1,2019-06-15,2019-06-30,0
CONTROL_UNEXPLAINED_SURGE_CONTROL_AMPE_20110120,AMPE,2011-01-20,1411906,HIGH,,V19_V20_DEVELOPMENT,,DEVELOPMENT_OR_PRIOR_SEAL,1,2011-01-10,2011-01-25,1
CONTROL_UNEXPLAINED_SURGE_CONTROL_AMPE_20130523,AMPE,2013-05-23,1411906,HIGH,,V19_V20_DEVELOPMENT,,DEVELOPMENT_OR_PRIOR_SEAL,1,2013-05-13,2013-05-28,1
CONTROL_UNEXPLAINED_SURGE_CONTROL_AMS_19961206,AMS,1996-12-06,744825,HIGH,,V19_V20_DEVELOPMENT,,DEVELOPMENT_OR_PRIOR_SEAL,1,1996-11-26,1996-12-11,0
CONTROL_UNEXPLAINED_SURGE_CONTROL_AMS_19970611,AMS,1997-06-11,744825,HIGH,,V19_V20_DEVELOPMENT,,DEVELOPMENT_OR_PRIOR_SEAL,1,1997-06-01,1997-06-16,0
CONTROL_UNEXPLAINED_SURGE_CONTROL_AREC_20180917,AREC,2018-09-17,1590715,HIGH,,V19_V20_DEVELOPMENT,,DEVELOPMENT_OR_PRIOR_SEAL,1,2018-09-07,2018-09-22,0
CONTROL_UNEXPLAINED_SURGE_CONTROL_AREC_20200228,AREC,2020-02-28,1590715,HIGH,,V19_V20_DEVELOPMENT,,DEVELOPMENT_OR_PRIOR_SEAL,1,2020-02-18,2020-03-04,0
CONTROL_UNEXPLAINED_SURGE_CONTROL_ATOS_20141211,ATOS,2014-12-11,1488039,HIGH,,V19_V20_DEVELOPMENT,,DEVELOPMENT_OR_PRIOR_SEAL,1,2014-12-01,2014-12-16,1
CONTROL_UNEXPLAINED_SURGE_CONTROL_ATOS_20160212,ATOS,2016-02-12,1488039,HIGH,,V19_V20_DEVELOPMENT,,DEVELOPMENT_OR_PRIOR_SEAL,1,2016-02-02,2016-02-17,1
CONTROL_UNEXPLAINED_SURGE_CONTROL_BABA_20151002,BABA,2015-10-02,1577552,HIGH,,V19_V20_DEVELOPMENT,,DEVELOPMENT_OR_PRIOR_SEAL,1,2015-09-22,2015-10-07,1
CONTROL_UNEXPLAINED_SURGE_CONTROL_BABA_20200706,BABA,2020-07-06,1577552,HIGH,,V19_V20_DEVELOPMENT,,DEVELOPMENT_OR_PRIOR_SEAL,1,2020-06-26,2020-07-11,1
CONTROL_UNEXPLAINED_SURGE_CONTROL_BEN_19980129,BEN,1998-01-29,38777,HIGH,,V19_V20_DEVELOPMENT,,DEVELOPMENT_OR_PRIOR_SEAL,1,1998-01-19,1998-02-03,0
CONTROL_UNEXPLAINED_SURGE_CONTROL_BEN_19981015,BEN,1998-10-15,38777,HIGH,,V19_V20_DEVELOPMENT,,DEVELOPMENT_OR_PRIOR_SEAL,1,1998-10-05,1998-10-20,0
CONTROL_UNEXPLAINED_SURGE_CONTROL_BFCH_20080710,BFCH,2008-07-10,1395005,HIGH,,V19_V20_DEVELOPMENT,,DEVELOPMENT_OR_PRIOR_SEAL,1,2008-06-30,2008-07-15,1
CONTROL_UNEXPLAINED_SURGE_CONTROL_BFCH_20100108,BFCH,2010-01-08,1395005,HIGH,,V19_V20_DEVELOPMENT,,DEVELOPMENT_OR_PRIOR_SEAL,1,2009-12-29,2010-01-13,1
CONTROL_UNEXPLAINED_SURGE_CONTROL_BNGO_20200717,BNGO,2020-07-17,1411690,HIGH,,V19_V20_DEVELOPMENT,,DEVELOPMENT_OR_PRIOR_SEAL,1,2020-07-07,2020-07-22,1
CONTROL_UNEXPLAINED_SURGE_CONTROL_BNGO_20241230,BNGO,2024-12-30,1411690,HIGH,,V19_V20_DEVELOPMENT,,DEVELOPMENT_OR_PRIOR_SEAL,1,2024-12-20,2025-01-04,1
CONTROL_UNEXPLAINED_SURGE_CONTROL_BOTY_20100827,BOTY,2010-08-27,1407704,HIGH,,V19_V20_DEVELOPMENT,,DEVELOPMENT_OR_PRIOR_SEAL,1,2010-08-17,2010-09-01,1
CONTROL_UNEXPLAINED_SURGE_CONTROL_BOTY_20101124,BOTY,2010-11-24,1407704,HIGH,,V19_V20_DEVELOPMENT,,DEVELOPMENT_OR_PRIOR_SEAL,1,2010-11-14,2010-11-29,1
CONTROL_UNEXPLAINED_SURGE_CONTROL_BRKR_20040102,BRKR,2004-01-02,1109354,HIGH,,V19_V20_DEVELOPMENT,,DEVELOPMENT_OR_PRIOR_SEAL,1,2003-12-23,2004-01-07,1
CONTROL_UNEXPLAINED_SURGE_CONTROL_BRKR_20041112,BRKR,2004-11-12,1109354,HIGH,,V19_V20_DEVELOPMENT,,DEVELOPMENT_OR_PRIOR_SEAL,1,2004-11-02,2004-11-17,1
CONTROL_UNEXPLAINED_SURGE_CONTROL_BYON_20021125,BYON,2002-11-25,,UNRESOLVED,,V19_V20_DEVELOPMENT,,DEVELOPMENT_OR_PRIOR_SEAL,1,2002-11-15,2002-11-30,0
CONTROL_UNEXPLAINED_SURGE_CONTROL_BYON_20031128,BYON,2003-11-28,,UNRESOLVED,,V19_V20_DEVELOPMENT,,DEVELOPMENT_OR_PRIOR_SEAL,1,2003-11-18,2003-12-03,1
CONTROL_UNEXPLAINED_SURGE_CONTROL_BZWR_20210806,BZWR,2021-08-06,1830503,HIGH,,V19_V20_DEVELOPMENT,,DEVELOPMENT_OR_PRIOR_SEAL,1,2021-07-27,2021-08-11,1
CONTROL_UNEXPLAINED_SURGE_CONTROL_BZWR_20231130,BZWR,2023-11-30,1830503,HIGH,,V19_V20_DEVELOPMENT,,DEVELOPMENT_OR_PRIOR_SEAL,1,2023-11-20,2023-12-05,1
CONTROL_UNEXPLAINED_SURGE_CONTROL_CAH_19950726,CAH,1995-07-26,721371,HIGH,,V19_V20_DEVELOPMENT,,DEVELOPMENT_OR_PRIOR_SEAL,1,1995-07-16,1995-07-31,0
CONTROL_UNEXPLAINED_SURGE_CONTROL_CAH_19960603,CAH,1996-06-03,721371,HIGH,,V19_V20_DEVELOPMENT,,DEVELOPMENT_OR_PRIOR_SEAL,1,1996-05-24,1996-06-08,0
CONTROL_UNEXPLAINED_SURGE_CONTROL_CETX_20200528,CETX,2020-05-28,1435064,HIGH,,V19_V20_DEVELOPMENT,,DEVELOPMENT_OR_PRIOR_SEAL,1,2020-05-18,2020-06-02,1
CONTROL_UNEXPLAINED_SURGE_CONTROL_CETX_20230127,CETX,2023-01-27,1435064,HIGH,,V19_V20_DEVELOPMENT,,DEVELOPMENT_OR_PRIOR_SEAL,1,2023-01-17,2023-02-01,1
CONTROL_UNEXPLAINED_SURGE_CONTROL_CHKP_19971016,CHKP,1997-10-16,1015922,HIGH,,V19_V20_DEVELOPMENT,,DEVELOPMENT_OR_PRIOR_SEAL,1,1997-10-06,1997-10-21,0
CONTROL_UNEXPLAINED_SURGE_CONTROL_CHKP_19981012,CHKP,1998-10-12,1015922,HIGH,,V19_V20_DEVELOPMENT,,DEVELOPMENT_OR_PRIOR_SEAL,1,1998-10-02,1998-10-17,0
CONTROL_UNEXPLAINED_SURGE_CONTROL_CLEU_20210212,CLEU,2021-02-12,,UNRESOLVED,,V19_V20_DEVELOPMENT,,DEVELOPMENT_OR_PRIOR_SEAL,1,2021-02-02,2021-02-17,1
CONTROL_UNEXPLAINED_SURGE_CONTROL_CLEU_20210818,CLEU,2021-08-18,,UNRESOLVED,,V19_V20_DEVELOPMENT,,DEVELOPMENT_OR_PRIOR_SEAL,1,2021-08-08,2021-08-23,1
CONTROL_UNEXPLAINED_SURGE_CONTROL_CL_20000315,CL,2000-03-15,21665,HIGH,,V19_V20_DEVELOPMENT,,DEVELOPMENT_OR_PRIOR_SEAL,1,2000-03-05,2000-03-20,0
CONTROL_UNEXPLAINED_SURGE_CONTROL_CL_20020722,CL,2002-07-22,21665,HIGH,,V19_V20_DEVELOPMENT,,DEVELOPMENT_OR_PRIOR_SEAL,1,2002-07-12,2002-07-27,0
CONTROL_UNEXPLAINED_SURGE_CONTROL_COF_19960117,COF,1996-01-17,927628,HIGH,,V19_V20_DEVELOPMENT,,DEVELOPMENT_OR_PRIOR_SEAL,1,1996-01-07,1996-01-22,0
CONTROL_UNEXPLAINED_SURGE_CONTROL_COF_19970120,COF,1997-01-20,927628,HIGH,,V19_V20_DEVELOPMENT,,DEVELOPMENT_OR_PRIOR_SEAL,1,1997-01-10,1997-01-25,0
CONTROL_UNEXPLAINED_SURGE_CONTROL_CPMD_20010504,CPMD,2001-05-04,1081938,HIGH,,V19_V20_DEVELOPMENT,,DEVELOPMENT_OR_PRIOR_SEAL,1,2001-04-24,2001-05-09,0
CONTROL_UNEXPLAINED_SURGE_CONTROL_CPMD_20020501,CPMD,2002-05-01,1081938,HIGH,,V19_V20_DEVELOPMENT,,DEVELOPMENT_OR_PRIOR_SEAL,1,2002-04-21,2002-05-06,0
CONTROL_UNEXPLAINED_SURGE_CONTROL_CRON_20200515,CRON,2020-05-15,1656472,HIGH,,V19_V20_DEVELOPMENT,,DEVELOPMENT_OR_PRIOR_SEAL,1,2020-05-05,2020-05-20,0
CONTROL_UNEXPLAINED_SURGE_CONTROL_CRON_20201102,CRON,2020-11-02,1656472,HIGH,,V19_V20_DEVELOPMENT,,DEVELOPMENT_OR_PRIOR_SEAL,1,2020-10-23,2020-11-07,1
CONTROL_UNEXPLAINED_SURGE_CONTROL_CVU_19960308,CVU,1996-03-08,889348,HIGH,,V19_V20_DEVELOPMENT,,DEVELOPMENT_OR_PRIOR_SEAL,1,1996-02-27,1996-03-13,0
CONTROL_UNEXPLAINED_SURGE_CONTROL_CVU_19991210,CVU,1999-12-10,889348,HIGH,,V19_V20_DEVELOPMENT,,DEVELOPMENT_OR_PRIOR_SEAL,1,1999-11-30,1999-12-15,0
CONTROL_UNEXPLAINED_SURGE_CONTROL_DE_20000308,DE,2000-03-08,315189,HIGH,,V19_V20_DEVELOPMENT,,DEVELOPMENT_OR_PRIOR_SEAL,1,2000-02-27,2000-03-13,0
CONTROL_UNEXPLAINED_SURGE_CONTROL_DE_20200319,DE,2020-03-19,315189,HIGH,,V19_V20_DEVELOPMENT,,DEVELOPMENT_OR_PRIOR_SEAL,1,2020-03-09,2020-03-24,0
CONTROL_UNEXPLAINED_SURGE_CONTROL_DFS_20080123,DFS,2008-01-23,,UNRESOLVED,,V19_V20_DEVELOPMENT,,DEVELOPMENT_OR_PRIOR_SEAL,1,2008-01-13,2008-01-28,1
CONTROL_UNEXPLAINED_SURGE_CONTROL_DFS_20080311,DFS,2008-03-11,,UNRESOLVED,,V19_V20_DEVELOPMENT,,DEVELOPMENT_OR_PRIOR_SEAL,1,2008-03-01,2008-03-16,1
CONTROL_UNEXPLAINED_SURGE_CONTROL_DIS_20000104,DIS,2000-01-04,1744489,LOW,,V19_V20_DEVELOPMENT,,DEVELOPMENT_OR_PRIOR_SEAL,1,1999-12-25,2000-01-09,0
CONTROL_UNEXPLAINED_SURGE_CONTROL_DIS_20040211,DIS,2004-02-11,1744489,LOW,,V19_V20_DEVELOPMENT,,DEVELOPMENT_OR_PRIOR_SEAL,1,2004-02-01,2004-02-16,1
CONTROL_UNEXPLAINED_SURGE_CONTROL_DKS_20040524,DKS,2004-05-24,1089063,HIGH,,V19_V20_DEVELOPMENT,,DEVELOPMENT_OR_PRIOR_SEAL,1,2004-05-14,2004-05-29,1
CONTROL_UNEXPLAINED_SURGE_CONTROL_DKS_20080116,DKS,2008-01-16,1089063,HIGH,,V19_V20_DEVELOPMENT,,DEVELOPMENT_OR_PRIOR_SEAL,1,2008-01-06,2008-01-21,1
CONTROL_UNEXPLAINED_SURGE_CONTROL_DPLS_19960920,DPLS,1996-09-20,866439,HIGH,,V19_V20_DEVELOPMENT,,DEVELOPMENT_OR_PRIOR_SEAL,1,1996-09-10,1996-09-25,0
CONTROL_UNEXPLAINED_SURGE_CONTROL_DPLS_19970130,DPLS,1997-01-30,866439,HIGH,,V19_V20_DEVELOPMENT,,DEVELOPMENT_OR_PRIOR_SEAL,1,1997-01-20,1997-02-04,0
CONTROL_UNEXPLAINED_SURGE_CONTROL_DSGT_20160722,DSGT,2016-07-22,1413909,HIGH,,V19_V20_DEVELOPMENT,,DEVELOPMENT_OR_PRIOR_SEAL,1,2016-07-12,2016-07-27,1
CONTROL_UNEXPLAINED_SURGE_CONTROL_DSGT_20161221,DSGT,2016-12-21,1413909,HIGH,,V19_V20_DEVELOPMENT,,DEVELOPMENT_OR_PRIOR_SEAL,1,2016-12-11,2016-12-26,1
CONTROL_UNEXPLAINED_SURGE_CONTROL_EA_19950706,EA,1995-07-06,712515,HIGH,,V19_V20_DEVELOPMENT,,DEVELOPMENT_OR_PRIOR_SEAL,1,1995-06-26,1995-07-11,0
CONTROL_UNEXPLAINED_SURGE_CONTROL_EA_19970429,EA,1997-04-29,712515,HIGH,,V19_V20_DEVELOPMENT,,DEVELOPMENT_OR_PRIOR_SEAL,1,1997-04-19,1997-05-04,0
CONTROL_UNEXPLAINED_SURGE_CONTROL_EVGO_20211028,EVGO,2021-10-28,1821159,HIGH,,V19_V20_DEVELOPMENT,,DEVELOPMENT_OR_PRIOR_SEAL,1,2021-10-18,2021-11-02,1
CONTROL_UNEXPLAINED_SURGE_CONTROL_EVGO_20220707,EVGO,2022-07-07,1821159,HIGH,,V19_V20_DEVELOPMENT,,DEVELOPMENT_OR_PRIOR_SEAL,1,2022-06-27,2022-07-12,1
CONTROL_UNEXPLAINED_SURGE_CONTROL_EVRI_20071206,EVRI,2007-12-06,,UNRESOLVED,,V19_V20_DEVELOPMENT,,DEVELOPMENT_OR_PRIOR_SEAL,1,2007-11-26,2007-12-11,1
CONTROL_UNEXPLAINED_SURGE_CONTROL_EVRI_20090227,EVRI,2009-02-27,,UNRESOLVED,,V19_V20_DEVELOPMENT,,DEVELOPMENT_OR_PRIOR_SEAL,1,2009-02-17,2009-03-04,1
CONTROL_UNEXPLAINED_SURGE_CONTROL_FDX_19970915,FDX,1997-09-15,1048911,HIGH,,V19_V20_DEVELOPMENT,,DEVELOPMENT_OR_PRIOR_SEAL,1,1997-09-05,1997-09-20,0
CONTROL_UNEXPLAINED_SURGE_CONTROL_FDX_19981118,FDX,1998-11-18,1048911,HIGH,,V19_V20_DEVELOPMENT,,DEVELOPMENT_OR_PRIOR_SEAL,1,1998-11-08,1998-11-23,0
CONTROL_UNEXPLAINED_SURGE_CONTROL_FSLR_20181030,FSLR,2018-10-30,1274494,HIGH,,V19_V20_DEVELOPMENT,,DEVELOPMENT_OR_PRIOR_SEAL,1,2018-10-20,2018-11-04,0
CONTROL_UNEXPLAINED_SURGE_CONTROL_FSLR_20231114,FSLR,2023-11-14,1274494,HIGH,,V19_V20_DEVELOPMENT,,DEVELOPMENT_OR_PRIOR_SEAL,1,2023-11-04,2023-11-19,1
CONTROL_UNEXPLAINED_SURGE_CONTROL_GEGP_20001023,GEGP,2000-10-23,1081188,HIGH,,V19_V20_DEVELOPMENT,,DEVELOPMENT_OR_PRIOR_SEAL,1,2000-10-13,2000-10-28,0
CONTROL_UNEXPLAINED_SURGE_CONTROL_GEGP_20010111,GEGP,2001-01-11,1081188,HIGH,,V19_V20_DEVELOPMENT,,DEVELOPMENT_OR_PRIOR_SEAL,1,2001-01-01,2001-01-16,0
CONTROL_UNEXPLAINED_SURGE_CONTROL_GEVI_20011008,GEVI,2001-10-08,894556,HIGH,,V19_V20_DEVELOPMENT,,DEVELOPMENT_OR_PRIOR_SEAL,1,2001-09-28,2001-10-13,0
CONTROL_UNEXPLAINED_SURGE_CONTROL_GEVI_20040909,GEVI,2004-09-09,894556,HIGH,,V19_V20_DEVELOPMENT,,DEVELOPMENT_OR_PRIOR_SEAL,1,2004-08-30,2004-09-14,1
CONTROL_UNEXPLAINED_SURGE_CONTROL_GE_19981215,GE,1998-12-15,40545,HIGH,,V19_V20_DEVELOPMENT,,DEVELOPMENT_OR_PRIOR_SEAL,1,1998-12-05,1998-12-20,0
CONTROL_UNEXPLAINED_SURGE_CONTROL_GE_20000321,GE,2000-03-21,40545,HIGH,,V19_V20_DEVELOPMENT,,DEVELOPMENT_OR_PRIOR_SEAL,1,2000-03-11,2000-03-26,0
CONTROL_UNEXPLAINED_SURGE_CONTROL_GHST_20110930,GHST,2011-09-30,1121795,HIGH,,V19_V20_DEVELOPMENT,,DEVELOPMENT_OR_PRIOR_SEAL,1,2011-09-20,2011-10-05,1
CONTROL_UNEXPLAINED_SURGE_CONTROL_GHST_20120625,GHST,2012-06-25,1121795,HIGH,,V19_V20_DEVELOPMENT,,DEVELOPMENT_OR_PRIOR_SEAL,1,2012-06-15,2012-06-30,1
CONTROL_UNEXPLAINED_SURGE_CONTROL_GILD_19951114,GILD,1995-11-14,882095,HIGH,,V19_V20_DEVELOPMENT,,DEVELOPMENT_OR_PRIOR_SEAL,1,1995-11-04,1995-11-19,0
CONTROL_UNEXPLAINED_SURGE_CONTROL_GILD_19970825,GILD,1997-08-25,882095,HIGH,,V19_V20_DEVELOPMENT,,DEVELOPMENT_OR_PRIOR_SEAL,1,1997-08-15,1997-08-30,0
CONTROL_UNEXPLAINED_SURGE_CONTROL_GLOH_19981006,GLOH,1998-10-06,,UNRESOLVED,,V19_V20_DEVELOPMENT,,DEVELOPMENT_OR_PRIOR_SEAL,1,1998-09-26,1998-10-11,0
CONTROL_UNEXPLAINED_SURGE_CONTROL_GLOH_20000207,GLOH,2000-02-07,,UNRESOLVED,,V19_V20_DEVELOPMENT,,DEVELOPMENT_OR_PRIOR_SEAL,1,2000-01-28,2000-02-12,0
CONTROL_UNEXPLAINED_SURGE_CONTROL_GM_20200320,GM,2020-03-20,1467858,HIGH,,V19_V20_DEVELOPMENT,,DEVELOPMENT_OR_PRIOR_SEAL,1,2020-03-10,2020-03-25,0
CONTROL_UNEXPLAINED_SURGE_CONTROL_GM_20210112,GM,2021-01-12,1467858,HIGH,,V19_V20_DEVELOPMENT,,DEVELOPMENT_OR_PRIOR_SEAL,1,2021-01-02,2021-01-17,1
CONTROL_UNEXPLAINED_SURGE_CONTROL_GTLL_19970430,GTLL,1997-04-30,932021,HIGH,,V19_V20_DEVELOPMENT,,DEVELOPMENT_OR_PRIOR_SEAL,1,1997-04-20,1997-05-05,0
CONTROL_UNEXPLAINED_SURGE_CONTROL_GTLL_19991103,GTLL,1999-11-03,932021,HIGH,,V19_V20_DEVELOPMENT,,DEVELOPMENT_OR_PRIOR_SEAL,1,1999-10-24,1999-11-08,0
CONTROL_UNEXPLAINED_SURGE_CONTROL_HAS_19960125,HAS,1996-01-25,46080,HIGH,,V19_V20_DEVELOPMENT,,DEVELOPMENT_OR_PRIOR_SEAL,1,1996-01-15,1996-01-30,0
CONTROL_UNEXPLAINED_SURGE_CONTROL_HAS_20010921,HAS,2001-09-21,46080,HIGH,,V19_V20_DEVELOPMENT,,DEVELOPMENT_OR_PRIOR_SEAL,1,2001-09-11,2001-09-26,0
CONTROL_UNEXPLAINED_SURGE_CONTROL_HLF_20050617,HLF,2005-06-17,1180262,HIGH,,V19_V20_DEVELOPMENT,,DEVELOPMENT_OR_PRIOR_SEAL,1,2005-06-07,2005-06-22,1
CONTROL_UNEXPLAINED_SURGE_CONTROL_HLF_20060919,HLF,2006-09-19,1180262,HIGH,,V19_V20_DEVELOPMENT,,DEVELOPMENT_OR_PRIOR_SEAL,1,2006-09-09,2006-09-24,1
CONTROL_UNEXPLAINED_SURGE_CONTROL_HMBL_20080422,HMBL,2008-04-22,1119190,HIGH,,V19_V20_DEVELOPMENT,,DEVELOPMENT_OR_PRIOR_SEAL,1,2008-04-12,2008-04-27,1
CONTROL_UNEXPLAINED_SURGE_CONTROL_HMBL_20081124,HMBL,2008-11-24,1119190,HIGH,,V19_V20_DEVELOPMENT,,DEVELOPMENT_OR_PRIOR_SEAL,1,2008-11-14,2008-11-29,1
CONTROL_UNEXPLAINED_SURGE_CONTROL_HOG_19960122,HOG,1996-01-22,793952,HIGH,,V19_V20_DEVELOPMENT,,DEVELOPMENT_OR_PRIOR_SEAL,1,1996-01-12,1996-01-27,0
CONTROL_UNEXPLAINED_SURGE_CONTROL_HOG_19960725,HOG,1996-07-25,793952,HIGH,,V19_V20_DEVELOPMENT,,DEVELOPMENT_OR_PRIOR_SEAL,1,1996-07-15,1996-07-30,0
CONTROL_UNEXPLAINED_SURGE_CONTROL_IBM_19960116,IBM,1996-01-16,51143,HIGH,,V19_V20_DEVELOPMENT,,DEVELOPMENT_OR_PRIOR_SEAL,1,1996-01-06,1996-01-21,0
CONTROL_UNEXPLAINED_SURGE_CONTROL_IBM_19960716,IBM,1996-07-16,51143,HIGH,,V19_V20_DEVELOPMENT,,DEVELOPMENT_OR_PRIOR_SEAL,1,1996-07-06,1996-07-21,0
CONTROL_UNEXPLAINED_SURGE_CONTROL_IGC_20090518,IGC,2009-05-18,1326205,HIGH,,V19_V20_DEVELOPMENT,,DEVELOPMENT_OR_PRIOR_SEAL,1,2009-05-08,2009-05-23,1
CONTROL_UNEXPLAINED_SURGE_CONTROL_IGC_20100415,IGC,2010-04-15,1326205,HIGH,,V19_V20_DEVELOPMENT,,DEVELOPMENT_OR_PRIOR_SEAL,1,2010-04-05,2010-04-20,1
CONTROL_UNEXPLAINED_SURGE_CONTROL_ILUS_20130507,ILUS,2013-05-07,1496383,HIGH,,V19_V20_DEVELOPMENT,,DEVELOPMENT_OR_PRIOR_SEAL,1,2013-04-27,2013-05-12,1
CONTROL_UNEXPLAINED_SURGE_CONTROL_ILUS_20140227,ILUS,2014-02-27,1496383,HIGH,,V19_V20_DEVELOPMENT,,DEVELOPMENT_OR_PRIOR_SEAL,1,2014-02-17,2014-03-04,1
CONTROL_UNEXPLAINED_SURGE_CONTROL_INND_20180723,INND,2018-07-23,1609139,HIGH,,V19_V20_DEVELOPMENT,,DEVELOPMENT_OR_PRIOR_SEAL,1,2018-07-13,2018-07-28,0
CONTROL_UNEXPLAINED_SURGE_CONTROL_INND_20190204,INND,2019-02-04,1609139,HIGH,,V19_V20_DEVELOPMENT,,DEVELOPMENT_OR_PRIOR_SEAL,1,2019-01-25,2019-02-09,0
CONTROL_UNEXPLAINED_SURGE_CONTROL_INO_20000203,INO,2000-02-03,1055726,HIGH,,V19_V20_DEVELOPMENT,,DEVELOPMENT_OR_PRIOR_SEAL,1,2000-01-24,2000-02-08,0
CONTROL_UNEXPLAINED_SURGE_CONTROL_INO_20010410,INO,2001-04-10,1055726,HIGH,,V19_V20_DEVELOPMENT,,DEVELOPMENT_OR_PRIOR_SEAL,1,2001-03-31,2001-04-15,0
CONTROL_UNEXPLAINED_SURGE_CONTROL_INSP_20200325,INSP,2020-03-25,1609550,HIGH,,V19_V20_DEVELOPMENT,,DEVELOPMENT_OR_PRIOR_SEAL,1,2020-03-15,2020-03-30,0
CONTROL_UNEXPLAINED_SURGE_CONTROL_INSP_20251124,INSP,2025-11-24,1609550,HIGH,,V19_V20_DEVELOPMENT,,DEVELOPMENT_OR_PRIOR_SEAL,1,2025-11-14,2025-11-29,0
CONTROL_UNEXPLAINED_SURGE_CONTROL_IP_20000308,IP,2000-03-08,51434,HIGH,,V19_V20_DEVELOPMENT,,DEVELOPMENT_OR_PRIOR_SEAL,1,2000-02-27,2000-03-13,0
CONTROL_UNEXPLAINED_SURGE_CONTROL_IP_20090311,IP,2009-03-11,51434,HIGH,,V19_V20_DEVELOPMENT,,DEVELOPMENT_OR_PRIOR_SEAL,1,2009-03-01,2009-03-16,1
CONTROL_UNEXPLAINED_SURGE_CONTROL_LKNCY_20220316,LKNCY,2022-03-16,1767582,HIGH,,V19_V20_DEVELOPMENT,,DEVELOPMENT_OR_PRIOR_SEAL,1,2022-03-06,2022-03-21,1
CONTROL_UNEXPLAINED_SURGE_CONTROL_LKNCY_20240926,LKNCY,2024-09-26,1767582,HIGH,,V19_V20_DEVELOPMENT,,DEVELOPMENT_OR_PRIOR_SEAL,1,2024-09-16,2024-10-01,1
CONTROL_UNEXPLAINED_SURGE_CONTROL_LLY_19980406,LLY,1998-04-06,59478,HIGH,,V19_V20_DEVELOPMENT,,DEVELOPMENT_OR_PRIOR_SEAL,1,1998-03-27,1998-04-11,0
CONTROL_UNEXPLAINED_SURGE_CONTROL_LLY_19990113,LLY,1999-01-13,59478,HIGH,,V19_V20_DEVELOPMENT,,DEVELOPMENT_OR_PRIOR_SEAL,1,1999-01-03,1999-01-18,0
CONTROL_UNEXPLAINED_SURGE_CONTROL_LMFA_20200610,LMFA,2020-06-10,1640384,HIGH,,V19_V20_DEVELOPMENT,,DEVELOPMENT_OR_PRIOR_SEAL,1,2020-05-31,2020-06-15,1
CONTROL_UNEXPLAINED_SURGE_CONTROL_LMFA_20211015,LMFA,2021-10-15,1640384,HIGH,,V19_V20_DEVELOPMENT,,DEVELOPMENT_OR_PRIOR_SEAL,1,2021-10-05,2021-10-20,1
CONTROL_UNEXPLAINED_SURGE_CONTROL_LNG_19951110,LNG,1995-11-10,3570,HIGH,,V19_V20_DEVELOPMENT,,DEVELOPMENT_OR_PRIOR_SEAL,1,1995-10-31,1995-11-15,0
CONTROL_UNEXPLAINED_SURGE_CONTROL_LNG_19960807,LNG,1996-08-07,3570,HIGH,,V19_V20_DEVELOPMENT,,DEVELOPMENT_OR_PRIOR_SEAL,1,1996-07-28,1996-08-12,0
CONTROL_UNEXPLAINED_SURGE_CONTROL_LUV_19951102,LUV,1995-11-02,92380,HIGH,,V19_V20_DEVELOPMENT,,DEVELOPMENT_OR_PRIOR_SEAL,1,1995-10-23,1995-11-07,0
CONTROL_UNEXPLAINED_SURGE_CONTROL_LUV_19960125,LUV,1996-01-25,92380,HIGH,,V19_V20_DEVELOPMENT,,DEVELOPMENT_OR_PRIOR_SEAL,1,1996-01-15,1996-01-30,0
CONTROL_UNEXPLAINED_SURGE_CONTROL_META_20121114,META,2012-11-14,1326801,HIGH,,V19_V20_DEVELOPMENT,,DEVELOPMENT_OR_PRIOR_SEAL,1,2012-11-04,2012-11-19,1
CONTROL_UNEXPLAINED_SURGE_CONTROL_META_20260122,META,2026-01-22,1326801,HIGH,,V19_V20_DEVELOPMENT,,DEVELOPMENT_OR_PRIOR_SEAL,1,2026-01-12,2026-01-27,0
CONTROL_UNEXPLAINED_SURGE_CONTROL_MGTI_20020213,MGTI,2002-02-13,1001601,HIGH,,V19_V20_DEVELOPMENT,,DEVELOPMENT_OR_PRIOR_SEAL,1,2002-02-03,2002-02-18,0
CONTROL_UNEXPLAINED_SURGE_CONTROL_MGTI_20021009,MGTI,2002-10-09,1001601,HIGH,,V19_V20_DEVELOPMENT,,DEVELOPMENT_OR_PRIOR_SEAL,1,2002-09-29,2002-10-14,0
CONTROL_UNEXPLAINED_SURGE_CONTROL_MO_20030521,MO,2003-05-21,764180,HIGH,,V19_V20_DEVELOPMENT,,DEVELOPMENT_OR_PRIOR_SEAL,1,2003-05-11,2003-05-26,1
CONTROL_UNEXPLAINED_SURGE_CONTROL_NNVC_20070130,NNVC,2007-01-30,1379006,HIGH,,V19_V20_DEVELOPMENT,,DEVELOPMENT_OR_PRIOR_SEAL,1,2007-01-20,2007-02-04,1
CONTROL_UNEXPLAINED_SURGE_CONTROL_NNVC_20080208,NNVC,2008-02-08,1379006,HIGH,,V19_V20_DEVELOPMENT,,DEVELOPMENT_OR_PRIOR_SEAL,1,2008-01-29,2008-02-13,1
CONTROL_UNEXPLAINED_SURGE_CONTROL_NOTV_19991108,NOTV,1999-11-08,720154,HIGH,,V19_V20_DEVELOPMENT,,DEVELOPMENT_OR_PRIOR_SEAL,1,1999-10-29,1999-11-13,0
CONTROL_UNEXPLAINED_SURGE_CONTROL_NOTV_20000209,NOTV,2000-02-09,720154,HIGH,,V19_V20_DEVELOPMENT,,DEVELOPMENT_OR_PRIOR_SEAL,1,2000-01-30,2000-02-14,0
CONTROL_UNEXPLAINED_SURGE_CONTROL_NTAP_19960802,NTAP,1996-08-02,1002047,HIGH,,V19_V20_DEVELOPMENT,,DEVELOPMENT_OR_PRIOR_SEAL,1,1996-07-23,1996-08-07,0
CONTROL_UNEXPLAINED_SURGE_CONTROL_NTAP_19980706,NTAP,1998-07-06,1002047,HIGH,,V19_V20_DEVELOPMENT,,DEVELOPMENT_OR_PRIOR_SEAL,1,1998-06-26,1998-07-11,0
CONTROL_UNEXPLAINED_SURGE_CONTROL_NVAX_19980625,NVAX,1998-06-25,1000694,HIGH,,V19_V20_DEVELOPMENT,,DEVELOPMENT_OR_PRIOR_SEAL,1,1998-06-15,1998-06-30,0
CONTROL_UNEXPLAINED_SURGE_CONTROL_NVAX_19991022,NVAX,1999-10-22,1000694,HIGH,,V19_V20_DEVELOPMENT,,DEVELOPMENT_OR_PRIOR_SEAL,1,1999-10-12,1999-10-27,0
CONTROL_UNEXPLAINED_SURGE_CONTROL_NVDA_19991026,NVDA,1999-10-26,1045810,HIGH,,V19_V20_DEVELOPMENT,,DEVELOPMENT_OR_PRIOR_SEAL,1,1999-10-16,1999-10-31,0
CONTROL_UNEXPLAINED_SURGE_CONTROL_NVDA_20000210,NVDA,2000-02-10,1045810,HIGH,,V19_V20_DEVELOPMENT,,DEVELOPMENT_OR_PRIOR_SEAL,1,2000-01-31,2000-02-15,0
CONTROL_UNEXPLAINED_SURGE_CONTROL_OCX_20160923,OCX,2016-09-23,,UNRESOLVED,,V19_V20_DEVELOPMENT,,DEVELOPMENT_OR_PRIOR_SEAL,1,2016-09-13,2016-09-28,1
CONTROL_UNEXPLAINED_SURGE_CONTROL_OCX_20161110,OCX,2016-11-10,,UNRESOLVED,,V19_V20_DEVELOPMENT,,DEVELOPMENT_OR_PRIOR_SEAL,1,2016-10-31,2016-11-15,1
CONTROL_UNEXPLAINED_SURGE_CONTROL_ON_20011221,ON,2001-12-21,1097864,HIGH,,V19_V20_DEVELOPMENT,,DEVELOPMENT_OR_PRIOR_SEAL,1,2001-12-11,2001-12-26,0
CONTROL_UNEXPLAINED_SURGE_CONTROL_ON_20031118,ON,2003-11-18,1097864,HIGH,,V19_V20_DEVELOPMENT,,DEVELOPMENT_OR_PRIOR_SEAL,1,2003-11-08,2003-11-23,1
CONTROL_UNEXPLAINED_SURGE_CONTROL_OST_20230821,OST,2023-08-21,1803407,HIGH,,V19_V20_DEVELOPMENT,,DEVELOPMENT_OR_PRIOR_SEAL,1,2023-08-11,2023-08-26,1
CONTROL_UNEXPLAINED_SURGE_CONTROL_OST_20241030,OST,2024-10-30,1803407,HIGH,,V19_V20_DEVELOPMENT,,DEVELOPMENT_OR_PRIOR_SEAL,1,2024-10-20,2024-11-04,1
CONTROL_UNEXPLAINED_SURGE_CONTROL_PCG_20000412,PCG,2000-04-12,1004980,HIGH,,V19_V20_DEVELOPMENT,,DEVELOPMENT_OR_PRIOR_SEAL,1,2000-04-02,2000-04-17,0
CONTROL_UNEXPLAINED_SURGE_CONTROL_PCG_20010125,PCG,2001-01-25,1004980,HIGH,,V19_V20_DEVELOPMENT,,DEVELOPMENT_OR_PRIOR_SEAL,1,2001-01-15,2001-01-30,0
CONTROL_UNEXPLAINED_SURGE_CONTROL_PFE_19980416,PFE,1998-04-16,78003,HIGH,,V19_V20_DEVELOPMENT,,DEVELOPMENT_OR_PRIOR_SEAL,1,1998-04-06,1998-04-21,0
CONTROL_UNEXPLAINED_SURGE_CONTROL_PFE_19981014,PFE,1998-10-14,78003,HIGH,,V19_V20_DEVELOPMENT,,DEVELOPMENT_OR_PRIOR_SEAL,1,1998-10-04,1998-10-19,0
CONTROL_UNEXPLAINED_SURGE_CONTROL_PHBI_20091028,PHBI,2009-10-28,1435181,HIGH,,V19_V20_DEVELOPMENT,,DEVELOPMENT_OR_PRIOR_SEAL,1,2009-10-18,2009-11-02,1
CONTROL_UNEXPLAINED_SURGE_CONTROL_PHBI_20101028,PHBI,2010-10-28,1435181,HIGH,,V19_V20_DEVELOPMENT,,DEVELOPMENT_OR_PRIOR_SEAL,1,2010-10-18,2010-11-02,1
CONTROL_UNEXPLAINED_SURGE_CONTROL_PLPL_19981020,PLPL,1998-10-20,1317880,LOW,,V19_V20_DEVELOPMENT,,DEVELOPMENT_OR_PRIOR_SEAL,1,1998-10-10,1998-10-25,0
CONTROL_UNEXPLAINED_SURGE_CONTROL_PLPL_20041116,PLPL,2004-11-16,1317880,MEDIUM,,V19_V20_DEVELOPMENT,,DEVELOPMENT_OR_PRIOR_SEAL,1,2004-11-06,2004-11-21,1
CONTROL_UNEXPLAINED_SURGE_CONTROL_PLUG_20010103,PLUG,2001-01-03,1093691,HIGH,,V19_V20_DEVELOPMENT,,DEVELOPMENT_OR_PRIOR_SEAL,1,2000-12-24,2001-01-08,0
CONTROL_UNEXPLAINED_SURGE_CONTROL_PLUG_20010921,PLUG,2001-09-21,1093691,HIGH,,V19_V20_DEVELOPMENT,,DEVELOPMENT_OR_PRIOR_SEAL,1,2001-09-11,2001-09-26,0
CONTROL_UNEXPLAINED_SURGE_CONTROL_PWDY_20140714,PWDY,2014-07-14,1435617,HIGH,,V19_V20_DEVELOPMENT,,DEVELOPMENT_OR_PRIOR_SEAL,1,2014-07-04,2014-07-19,1
CONTROL_UNEXPLAINED_SURGE_CONTROL_PWDY_20161010,PWDY,2016-10-10,1435617,HIGH,,V19_V20_DEVELOPMENT,,DEVELOPMENT_OR_PRIOR_SEAL,1,2016-09-30,2016-10-15,1
CONTROL_UNEXPLAINED_SURGE_CONTROL_RFIL_19950914,RFIL,1995-09-14,740664,HIGH,,V19_V20_DEVELOPMENT,,DEVELOPMENT_OR_PRIOR_SEAL,1,1995-09-04,1995-09-19,0
CONTROL_UNEXPLAINED_SURGE_CONTROL_RFIL_19980403,RFIL,1998-04-03,740664,HIGH,,V19_V20_DEVELOPMENT,,DEVELOPMENT_OR_PRIOR_SEAL,1,1998-03-24,1998-04-08,0
CONTROL_UNEXPLAINED_SURGE_CONTROL_RMSL_20100305,RMSL,2010-03-05,1412126,HIGH,,V19_V20_DEVELOPMENT,,DEVELOPMENT_OR_PRIOR_SEAL,1,2010-02-23,2010-03-10,1
CONTROL_UNEXPLAINED_SURGE_CONTROL_RMSL_20100512,RMSL,2010-05-12,1412126,HIGH,,V19_V20_DEVELOPMENT,,DEVELOPMENT_OR_PRIOR_SEAL,1,2010-05-02,2010-05-17,1
CONTROL_UNEXPLAINED_SURGE_CONTROL_ROKU_20240819,ROKU,2024-08-19,1428439,HIGH,,V19_V20_DEVELOPMENT,,DEVELOPMENT_OR_PRIOR_SEAL,1,2024-08-09,2024-08-24,1
CONTROL_UNEXPLAINED_SURGE_CONTROL_ROKU_20260612,ROKU,2026-06-12,1428439,HIGH,,V19_V20_DEVELOPMENT,,DEVELOPMENT_OR_PRIOR_SEAL,1,2026-06-02,2026-06-17,0
CONTROL_UNEXPLAINED_SURGE_CONTROL_SBFM_20100505,SBFM,2010-05-05,1402328,HIGH,,V19_V20_DEVELOPMENT,,DEVELOPMENT_OR_PRIOR_SEAL,1,2010-04-25,2010-05-10,1
CONTROL_UNEXPLAINED_SURGE_CONTROL_SBFM_20150212,SBFM,2015-02-12,1402328,HIGH,,V19_V20_DEVELOPMENT,,DEVELOPMENT_OR_PRIOR_SEAL,1,2015-02-02,2015-02-17,1
CONTROL_UNEXPLAINED_SURGE_CONTROL_SGMO_20001222,SGMO,2000-12-22,1001233,HIGH,,V19_V20_DEVELOPMENT,,DEVELOPMENT_OR_PRIOR_SEAL,1,2000-12-12,2000-12-27,0
CONTROL_UNEXPLAINED_SURGE_CONTROL_SGMO_20010411,SGMO,2001-04-11,1001233,HIGH,,V19_V20_DEVELOPMENT,,DEVELOPMENT_OR_PRIOR_SEAL,1,2001-04-01,2001-04-16,0
CONTROL_UNEXPLAINED_SURGE_CONTROL_SNAP_20200319,SNAP,2020-03-19,1564408,HIGH,,V19_V20_DEVELOPMENT,,DEVELOPMENT_OR_PRIOR_SEAL,1,2020-03-09,2020-03-24,0
CONTROL_UNEXPLAINED_SURGE_CONTROL_SNAP_20231130,SNAP,2023-11-30,1564408,HIGH,,V19_V20_DEVELOPMENT,,DEVELOPMENT_OR_PRIOR_SEAL,1,2023-11-20,2023-12-05,1
CONTROL_UNEXPLAINED_SURGE_CONTROL_TLSS_20141230,TLSS,2014-12-30,1463208,HIGH,,V19_V20_DEVELOPMENT,,DEVELOPMENT_OR_PRIOR_SEAL,1,2014-12-20,2015-01-04,1
CONTROL_UNEXPLAINED_SURGE_CONTROL_TLSS_20151005,TLSS,2015-10-05,1463208,HIGH,,V19_V20_DEVELOPMENT,,DEVELOPMENT_OR_PRIOR_SEAL,1,2015-09-25,2015-10-10,1
CONTROL_UNEXPLAINED_SURGE_CONTROL_TMGI_20140609,TMGI,2014-06-09,1434601,HIGH,,V19_V20_DEVELOPMENT,,DEVELOPMENT_OR_PRIOR_SEAL,1,2014-05-30,2014-06-14,1
CONTROL_UNEXPLAINED_SURGE_CONTROL_TMGI_20150223,TMGI,2015-02-23,1434601,HIGH,,V19_V20_DEVELOPMENT,,DEVELOPMENT_OR_PRIOR_SEAL,1,2015-02-13,2015-02-28,1
CONTROL_UNEXPLAINED_SURGE_CONTROL_TMUS_20081126,TMUS,2008-11-26,1283699,HIGH,,V19_V20_DEVELOPMENT,,DEVELOPMENT_OR_PRIOR_SEAL,1,2008-11-16,2008-12-01,1
CONTROL_UNEXPLAINED_SURGE_CONTROL_TMUS_20131213,TMUS,2013-12-13,1283699,HIGH,,V19_V20_DEVELOPMENT,,DEVELOPMENT_OR_PRIOR_SEAL,1,2013-12-03,2013-12-18,1
CONTROL_UNEXPLAINED_SURGE_CONTROL_TSLA_20120117,TSLA,2012-01-17,1318605,HIGH,,V19_V20_DEVELOPMENT,,DEVELOPMENT_OR_PRIOR_SEAL,1,2012-01-07,2012-01-22,1
CONTROL_UNEXPLAINED_SURGE_CONTROL_TSLA_20160217,TSLA,2016-02-17,1318605,HIGH,,V19_V20_DEVELOPMENT,,DEVELOPMENT_OR_PRIOR_SEAL,1,2016-02-07,2016-02-22,1
CONTROL_UNEXPLAINED_SURGE_CONTROL_ULTA_20100304,ULTA,2010-03-04,1403568,HIGH,,V19_V20_DEVELOPMENT,,DEVELOPMENT_OR_PRIOR_SEAL,1,2010-02-22,2010-03-09,1
CONTROL_UNEXPLAINED_SURGE_CONTROL_ULTA_20201109,ULTA,2020-11-09,1403568,HIGH,,V19_V20_DEVELOPMENT,,DEVELOPMENT_OR_PRIOR_SEAL,1,2020-10-30,2020-11-14,1
CONTROL_UNEXPLAINED_SURGE_CONTROL_UPS_20001019,UPS,2000-10-19,1090727,HIGH,,V19_V20_DEVELOPMENT,,DEVELOPMENT_OR_PRIOR_SEAL,1,2000-10-09,2000-10-24,0
CONTROL_UNEXPLAINED_SURGE_CONTROL_UPS_20090316,UPS,2009-03-16,1090727,HIGH,,V19_V20_DEVELOPMENT,,DEVELOPMENT_OR_PRIOR_SEAL,1,2009-03-06,2009-03-21,1
CONTROL_UNEXPLAINED_SURGE_CONTROL_VEEV_20140822,VEEV,2014-08-22,1393052,HIGH,,V19_V20_DEVELOPMENT,,DEVELOPMENT_OR_PRIOR_SEAL,1,2014-08-12,2014-08-27,1
CONTROL_UNEXPLAINED_SURGE_CONTROL_VEEV_20200318,VEEV,2020-03-18,1393052,HIGH,,V19_V20_DEVELOPMENT,,DEVELOPMENT_OR_PRIOR_SEAL,1,2020-03-08,2020-03-23,0
CONTROL_UNEXPLAINED_SURGE_CONTROL_VISL_20130422,VISL,2013-04-22,1565228,HIGH,,V19_V20_DEVELOPMENT,,DEVELOPMENT_OR_PRIOR_SEAL,1,2013-04-12,2013-04-27,1
CONTROL_UNEXPLAINED_SURGE_CONTROL_VISL_20140303,VISL,2014-03-03,1565228,HIGH,,V19_V20_DEVELOPMENT,,DEVELOPMENT_OR_PRIOR_SEAL,1,2014-02-21,2014-03-08,1
CONTROL_UNEXPLAINED_SURGE_CONTROL_VUZI_20111011,VUZI,2011-10-11,1463972,HIGH,,V19_V20_DEVELOPMENT,,DEVELOPMENT_OR_PRIOR_SEAL,1,2011-10-01,2011-10-16,1
CONTROL_UNEXPLAINED_SURGE_CONTROL_VUZI_20120711,VUZI,2012-07-11,1463972,HIGH,,V19_V20_DEVELOPMENT,,DEVELOPMENT_OR_PRIOR_SEAL,1,2012-07-01,2012-07-16,1
CONTROL_UNEXPLAINED_SURGE_CONTROL_WDC_19960725,WDC,1996-07-25,106040,HIGH,,V19_V20_DEVELOPMENT,,DEVELOPMENT_OR_PRIOR_SEAL,1,1996-07-15,1996-07-30,0
CONTROL_UNEXPLAINED_SURGE_CONTROL_WDC_19981023,WDC,1998-10-23,106040,HIGH,,V19_V20_DEVELOPMENT,,DEVELOPMENT_OR_PRIOR_SEAL,1,1998-10-13,1998-10-28,0
CONTROL_UNEXPLAINED_SURGE_CONTROL_WMB_20001226,WMB,2000-12-26,107263,HIGH,,V19_V20_DEVELOPMENT,,DEVELOPMENT_OR_PRIOR_SEAL,1,2000-12-16,2000-12-31,0
CONTROL_UNEXPLAINED_SURGE_CONTROL_WMB_20110809,WMB,2011-08-09,107263,HIGH,,V19_V20_DEVELOPMENT,,DEVELOPMENT_OR_PRIOR_SEAL,1,2011-07-30,2011-08-14,1
CONTROL_UNEXPLAINED_SURGE_CONTROL_WOLF_19950809,WOLF,1995-08-09,895419,HIGH,,V19_V20_DEVELOPMENT,,DEVELOPMENT_OR_PRIOR_SEAL,1,1995-07-30,1995-08-14,0
CONTROL_UNEXPLAINED_SURGE_CONTROL_WOLF_19991029,WOLF,1999-10-29,895419,HIGH,,V19_V20_DEVELOPMENT,,DEVELOPMENT_OR_PRIOR_SEAL,1,1999-10-19,1999-11-03,0
CONTROL_UNEXPLAINED_SURGE_CONTROL_WYNN_20031120,WYNN,2003-11-20,1174922,HIGH,,V19_V20_DEVELOPMENT,,DEVELOPMENT_OR_PRIOR_SEAL,1,2003-11-10,2003-11-25,1
CONTROL_UNEXPLAINED_SURGE_CONTROL_WYNN_20040923,WYNN,2004-09-23,1174922,HIGH,,V19_V20_DEVELOPMENT,,DEVELOPMENT_OR_PRIOR_SEAL,1,2004-09-13,2004-09-28,1
CONTROL_UNEXPLAINED_SURGE_CONTROL_W_20190904,W,2019-09-04,1616707,HIGH,,V19_V20_DEVELOPMENT,,DEVELOPMENT_OR_PRIOR_SEAL,1,2019-08-25,2019-09-09,0
CONTROL_UNEXPLAINED_SURGE_CONTROL_W_20200320,W,2020-03-20,1616707,HIGH,,V19_V20_DEVELOPMENT,,DEVELOPMENT_OR_PRIOR_SEAL,1,2020-03-10,2020-03-25,0
CONTROL_UNEXPLAINED_SURGE_CONTROL_XPL_20090520,XPL,2009-05-20,917225,HIGH,,V19_V20_DEVELOPMENT,,DEVELOPMENT_OR_PRIOR_SEAL,1,2009-05-10,2009-05-25,1
CONTROL_UNEXPLAINED_SURGE_CONTROL_XPL_20120106,XPL,2012-01-06,917225,HIGH,,V19_V20_DEVELOPMENT,,DEVELOPMENT_OR_PRIOR_SEAL,1,2011-12-27,2012-01-11,1
CONTROL_UNEXPLAINED_SURGE_CONTROL_YELP_20120829,YELP,2012-08-29,1345016,HIGH,,V19_V20_DEVELOPMENT,,DEVELOPMENT_OR_PRIOR_SEAL,1,2012-08-19,2012-09-03,1
CONTROL_UNEXPLAINED_SURGE_CONTROL_YELP_20150507,YELP,2015-05-07,1345016,HIGH,,V19_V20_DEVELOPMENT,,DEVELOPMENT_OR_PRIOR_SEAL,1,2015-04-27,2015-05-12,1
COSTELLO_PWDY,PWDY,2019-07-18,1435617,HIGH,,V19_V20_DEVELOPMENT,,DEVELOPMENT_OR_PRIOR_SEAL,1,2019-07-08,2019-07-23,0
COSTELLO_RMSL,RMSL,2020-01-22,1412126,HIGH,,V19_V20_DEVELOPMENT,,DEVELOPMENT_OR_PRIOR_SEAL,1,2020-01-12,2020-01-27,0
FILING_PROXY_AACG_20250801_6K,AACG,2025-08-01,1420529,HIGH,,V19_V20_DEVELOPMENT,,DEVELOPMENT_OR_PRIOR_SEAL,1,2025-07-22,2025-08-06,0
FILING_PROXY_AACG_20251203_6K,AACG,2025-12-03,1420529,HIGH,,V19_V20_DEVELOPMENT,,DEVELOPMENT_OR_PRIOR_SEAL,1,2025-11-23,2025-12-08,0
FILING_PROXY_AAL_20241024_10Q,AAL,2024-10-24,6201,HIGH,,V19_V20_DEVELOPMENT,,DEVELOPMENT_OR_PRIOR_SEAL,1,2024-10-14,2024-10-29,1
FILING_PROXY_AAL_20250611_8K,AAL,2025-06-11,6201,HIGH,,V19_V20_DEVELOPMENT,,DEVELOPMENT_OR_PRIOR_SEAL,1,2025-06-01,2025-06-16,1
FILING_PROXY_AAL_20251023_8K,AAL,2025-10-23,6201,HIGH,,V19_V20_DEVELOPMENT,,DEVELOPMENT_OR_PRIOR_SEAL,1,2025-10-13,2025-10-28,0
FILING_PROXY_AAPL_20250131_10Q,AAPL,2025-01-31,320193,HIGH,,V19_V20_DEVELOPMENT,,DEVELOPMENT_OR_PRIOR_SEAL,1,2025-01-21,2025-02-05,1
FILING_PROXY_AAP_20241114_10Q,AAP,2024-11-14,1158449,HIGH,,V19_V20_DEVELOPMENT,,DEVELOPMENT_OR_PRIOR_SEAL,1,2024-11-04,2024-11-19,1
FILING_PROXY_AAP_20250522_8K,AAP,2025-05-22,1158449,HIGH,,V19_V20_DEVELOPMENT,,DEVELOPMENT_OR_PRIOR_SEAL,1,2025-05-12,2025-05-27,1
FILING_PROXY_AARD_20250812_8K,AARD,2025-08-12,1774857,HIGH,,V19_V20_DEVELOPMENT,,DEVELOPMENT_OR_PRIOR_SEAL,1,2025-08-02,2025-08-17,0
FILING_PROXY_AARD_20251210_8K,AARD,2025-12-10,1774857,HIGH,,V19_V20_DEVELOPMENT,,DEVELOPMENT_OR_PRIOR_SEAL,1,2025-11-30,2025-12-15,0
FILING_PROXY_AAT_20241101_10Q,AAT,2024-11-01,1500217,HIGH,,V19_V20_DEVELOPMENT,,DEVELOPMENT_OR_PRIOR_SEAL,1,2024-10-22,2024-11-06,1
FILING_PROXY_AA_20250220_10K,AA,2025-02-20,1675149,HIGH,,V19_V20_DEVELOPMENT,,DEVELOPMENT_OR_PRIOR_SEAL,1,2025-02-10,2025-02-25,1
FILING_PROXY_AA_20250716_8K,AA,2025-07-16,1675149,HIGH,,V19_V20_DEVELOPMENT,,DEVELOPMENT_OR_PRIOR_SEAL,1,2025-07-06,2025-07-21,0
FILING_PROXY_ABBV_20251031_8K,ABBV,2025-10-31,1551152,HIGH,,V19_V20_DEVELOPMENT,,DEVELOPMENT_OR_PRIOR_SEAL,1,2025-10-21,2025-11-05,0
FILING_PROXY_ABR_20250221_10K,ABR,2025-02-21,1253986,HIGH,,V19_V20_DEVELOPMENT,,DEVELOPMENT_OR_PRIOR_SEAL,1,2025-02-11,2025-02-26,1
FILING_PROXY_ABR_20251216_8K,ABR,2025-12-16,1253986,HIGH,,V19_V20_DEVELOPMENT,,DEVELOPMENT_OR_PRIOR_SEAL,1,2025-12-06,2025-12-21,0
FILING_PROXY_ABTC_20241113_10Q,ABTC,2024-11-13,1755953,HIGH,,V19_V20_DEVELOPMENT,,DEVELOPMENT_OR_PRIOR_SEAL,1,2024-11-03,2024-11-18,1
FILING_PROXY_ABTC_20250613_8K,ABTC,2025-06-13,1755953,HIGH,,V19_V20_DEVELOPMENT,,DEVELOPMENT_OR_PRIOR_SEAL,1,2025-06-03,2025-06-18,1
FILING_PROXY_ABTC_20251114_8K,ABTC,2025-11-14,1755953,HIGH,,V19_V20_DEVELOPMENT,,DEVELOPMENT_OR_PRIOR_SEAL,1,2025-11-04,2025-11-19,0
FILING_PROXY_ABTS_20250813_6K,ABTS,2025-08-13,1864055,HIGH,,V19_V20_DEVELOPMENT,,DEVELOPMENT_OR_PRIOR_SEAL,1,2025-08-03,2025-08-18,0
FILING_PROXY_ABTS_20251231_6K,ABTS,2025-12-31,1864055,HIGH,,V19_V20_DEVELOPMENT,,DEVELOPMENT_OR_PRIOR_SEAL,1,2025-12-21,2026-01-05,0
FILING_PROXY_ABT_20251212_8K,ABT,2025-12-12,1800,HIGH,,V19_V20_DEVELOPMENT,,DEVELOPMENT_OR_PRIOR_SEAL,1,2025-12-02,2025-12-17,0
FILING_PROXY_ABVC_20241114_10Q,ABVC,2024-11-14,1173313,HIGH,,V19_V20_DEVELOPMENT,,DEVELOPMENT_OR_PRIOR_SEAL,1,2024-11-04,2024-11-19,1
FILING_PROXY_ABVC_20251103_8K,ABVC,2025-11-03,1173313,HIGH,,V19_V20_DEVELOPMENT,,DEVELOPMENT_OR_PRIOR_SEAL,1,2025-10-24,2025-11-08,0
FILING_PROXY_ABVEF_20251215_6K,ABVEF,2025-12-15,1979484,HIGH,,V19_V20_DEVELOPMENT,,DEVELOPMENT_OR_PRIOR_SEAL,1,2025-12-05,2025-12-20,0
FILING_PROXY_ABX_20250808_8K,ABX,2025-08-08,1814287,HIGH,,V19_V20_DEVELOPMENT,,DEVELOPMENT_OR_PRIOR_SEAL,1,2025-07-29,2025-08-13,0
FILING_PROXY_ABX_20251229_8K,ABX,2025-12-29,1814287,HIGH,,V19_V20_DEVELOPMENT,,DEVELOPMENT_OR_PRIOR_SEAL,1,2025-12-19,2026-01-03,0
FILING_PROXY_ACET_20250306_10K,ACET,2025-03-06,1720580,HIGH,,V19_V20_DEVELOPMENT,,DEVELOPMENT_OR_PRIOR_SEAL,1,2025-02-24,2025-03-11,1
FILING_PROXY_ACET_20250807_8K,ACET,2025-08-07,1720580,HIGH,,V19_V20_DEVELOPMENT,,DEVELOPMENT_OR_PRIOR_SEAL,1,2025-07-28,2025-08-12,0
FILING_PROXY_ACHV_20250627_8K,ACHV,2025-06-27,949858,HIGH,,V19_V20_DEVELOPMENT,,DEVELOPMENT_OR_PRIOR_SEAL,1,2025-06-17,2025-07-02,1
FILING_PROXY_ACHV_20251106_8K,ACHV,2025-11-06,949858,HIGH,,V19_V20_DEVELOPMENT,,DEVELOPMENT_OR_PRIOR_SEAL,1,2025-10-27,2025-11-11,0
FILING_PROXY_ACLS_20251104_8K,ACLS,2025-11-04,1113232,HIGH,,V19_V20_DEVELOPMENT,,DEVELOPMENT_OR_PRIOR_SEAL,1,2025-10-25,2025-11-09,0
FILING_PROXY_ACMR_20250630_8K,ACMR,2025-06-30,1680062,HIGH,,V19_V20_DEVELOPMENT,,DEVELOPMENT_OR_PRIOR_SEAL,1,2025-06-20,2025-07-05,1
FILING_PROXY_ACNB_20250314_10K,ACNB,2025-03-14,715579,HIGH,,V19_V20_DEVELOPMENT,,DEVELOPMENT_OR_PRIOR_SEAL,1,2025-03-04,2025-03-19,1
FILING_PROXY_ACN_20241219_10Q,ACN,2024-12-19,1467373,HIGH,,V19_V20_DEVELOPMENT,,DEVELOPMENT_OR_PRIOR_SEAL,1,2024-12-09,2024-12-24,1
FILING_PROXY_ACN_20250620_8K,ACN,2025-06-20,1467373,HIGH,,V19_V20_DEVELOPMENT,,DEVELOPMENT_OR_PRIOR_SEAL,1,2025-06-10,2025-06-25,1
FILING_PROXY_ACON_20241114_10Q,ACON,2024-11-14,1635077,HIGH,,V19_V20_DEVELOPMENT,,DEVELOPMENT_OR_PRIOR_SEAL,1,2024-11-04,2024-11-19,1
FILING_PROXY_ACON_20250423_8K,ACON,2025-04-23,1635077,HIGH,,V19_V20_DEVELOPMENT,,DEVELOPMENT_OR_PRIOR_SEAL,1,2025-04-13,2025-04-28,1
FILING_PROXY_ACON_20251014_8K,ACON,2025-10-14,1635077,HIGH,,V19_V20_DEVELOPMENT,,DEVELOPMENT_OR_PRIOR_SEAL,1,2025-10-04,2025-10-19,0
FILING_PROXY_ACRV_20241113_10Q,ACRV,2024-11-13,1781174,HIGH,,V19_V20_DEVELOPMENT,,DEVELOPMENT_OR_PRIOR_SEAL,1,2024-11-03,2024-11-18,1
FILING_PROXY_ACRV_20250613_8K,ACRV,2025-06-13,1781174,HIGH,,V19_V20_DEVELOPMENT,,DEVELOPMENT_OR_PRIOR_SEAL,1,2025-06-03,2025-06-18,1
FILING_PROXY_ACRV_20251113_8K,ACRV,2025-11-13,1781174,HIGH,,V19_V20_DEVELOPMENT,,DEVELOPMENT_OR_PRIOR_SEAL,1,2025-11-03,2025-11-18,0
FILING_PROXY_ACTG_20241112_10Q,ACTG,2024-11-12,934549,HIGH,,V19_V20_DEVELOPMENT,,DEVELOPMENT_OR_PRIOR_SEAL,1,2024-11-02,2024-11-17,1
FILING_PROXY_ACTG_20251105_8K,ACTG,2025-11-05,934549,HIGH,,V19_V20_DEVELOPMENT,,DEVELOPMENT_OR_PRIOR_SEAL,1,2025-10-26,2025-11-10,0
FILING_PROXY_ACTU_20250626_8K,ACTU,2025-06-26,1652935,HIGH,,V19_V20_DEVELOPMENT,,DEVELOPMENT_OR_PRIOR_SEAL,1,2025-06-16,2025-07-01,1
FILING_PROXY_ACXP_20241112_10Q,ACXP,2024-11-12,1736243,HIGH,,V19_V20_DEVELOPMENT,,DEVELOPMENT_OR_PRIOR_SEAL,1,2024-11-02,2024-11-17,1
FILING_PROXY_ACXP_20250513_8K,ACXP,2025-05-13,1736243,HIGH,,V19_V20_DEVELOPMENT,,DEVELOPMENT_OR_PRIOR_SEAL,1,2025-05-03,2025-05-18,1
FILING_PROXY_ADBE_20250113_10K,ADBE,2025-01-13,796343,HIGH,,V19_V20_DEVELOPMENT,,DEVELOPMENT_OR_PRIOR_SEAL,1,2025-01-03,2025-01-18,1
FILING_PROXY_ADBE_20250612_8K,ADBE,2025-06-12,796343,HIGH,,V19_V20_DEVELOPMENT,,DEVELOPMENT_OR_PRIOR_SEAL,1,2025-06-02,2025-06-17,1
FILING_PROXY_ADCT_20241107_10Q,ADCT,2024-11-07,1771910,HIGH,,V19_V20_DEVELOPMENT,,DEVELOPMENT_OR_PRIOR_SEAL,1,2024-10-28,2024-11-12,1
FILING_PROXY_ADCT_20250612_8K,ADCT,2025-06-12,1771910,HIGH,,V19_V20_DEVELOPMENT,,DEVELOPMENT_OR_PRIOR_SEAL,1,2025-06-02,2025-06-17,1
FILING_PROXY_ADCT_20251205_8K,ADCT,2025-12-05,1771910,HIGH,,V19_V20_DEVELOPMENT,,DEVELOPMENT_OR_PRIOR_SEAL,1,2025-11-25,2025-12-10,0
FILING_PROXY_ADGM_20250327_10K,ADGM,2025-03-27,2006986,HIGH,,V19_V20_DEVELOPMENT,,DEVELOPMENT_OR_PRIOR_SEAL,1,2025-03-17,2025-04-01,1
FILING_PROXY_ADGM_20250813_8K,ADGM,2025-08-13,2006986,HIGH,,V19_V20_DEVELOPMENT,,DEVELOPMENT_OR_PRIOR_SEAL,1,2025-08-03,2025-08-18,0
FILING_PROXY_ADIL_20250304_10K,ADIL,2025-03-04,1513525,HIGH,,V19_V20_DEVELOPMENT,,DEVELOPMENT_OR_PRIOR_SEAL,1,2025-02-22,2025-03-09,1
FILING_PROXY_ADIL_20250801_8K,ADIL,2025-08-01,1513525,HIGH,,V19_V20_DEVELOPMENT,,DEVELOPMENT_OR_PRIOR_SEAL,1,2025-07-22,2025-08-06,0
FILING_PROXY_ADI_20250616_8K,ADI,2025-06-16,6281,HIGH,,V19_V20_DEVELOPMENT,,DEVELOPMENT_OR_PRIOR_SEAL,1,2025-06-06,2025-06-21,1
FILING_PROXY_ADI_20251125_8K,ADI,2025-11-25,6281,HIGH,,V19_V20_DEVELOPMENT,,DEVELOPMENT_OR_PRIOR_SEAL,1,2025-11-15,2025-11-30,0
FILING_PROXY_ADM_20250514_8K,ADM,2025-05-14,7084,HIGH,,V19_V20_DEVELOPMENT,,DEVELOPMENT_OR_PRIOR_SEAL,1,2025-05-04,2025-05-19,1
FILING_PROXY_ADM_20251104_8K,ADM,2025-11-04,7084,HIGH,,V19_V20_DEVELOPMENT,,DEVELOPMENT_OR_PRIOR_SEAL,1,2025-10-25,2025-11-09,0
FILING_PROXY_ADSE_20250512_6K,ADSE,2025-05-12,1879248,HIGH,,V19_V20_DEVELOPMENT,,DEVELOPMENT_OR_PRIOR_SEAL,1,2025-05-02,2025-05-17,1
FILING_PROXY_ADSE_20251120_6K,ADSE,2025-11-20,1879248,HIGH,,V19_V20_DEVELOPMENT,,DEVELOPMENT_OR_PRIOR_SEAL,1,2025-11-10,2025-11-25,0
FILING_PROXY_ADSK_20250306_10K,ADSK,2025-03-06,769397,HIGH,,V19_V20_DEVELOPMENT,,DEVELOPMENT_OR_PRIOR_SEAL,1,2025-02-24,2025-03-11,1
FILING_PROXY_ADSK_20250714_8K,ADSK,2025-07-14,769397,HIGH,,V19_V20_DEVELOPMENT,,DEVELOPMENT_OR_PRIOR_SEAL,1,2025-07-04,2025-07-19,0
FILING_PROXY_ADSK_20251125_8K,ADSK,2025-11-25,769397,HIGH,,V19_V20_DEVELOPMENT,,DEVELOPMENT_OR_PRIOR_SEAL,1,2025-11-15,2025-11-30,0
FILING_PROXY_ADTX_20241118_10Q,ADTX,2024-11-18,1726711,HIGH,,V19_V20_DEVELOPMENT,,DEVELOPMENT_OR_PRIOR_SEAL,1,2024-11-08,2024-11-23,1
FILING_PROXY_ADTX_20250724_8K,ADTX,2025-07-24,1726711,HIGH,,V19_V20_DEVELOPMENT,,DEVELOPMENT_OR_PRIOR_SEAL,1,2025-07-14,2025-07-29,0
FILING_PROXY_ADTX_20251205_8K,ADTX,2025-12-05,1726711,HIGH,,V19_V20_DEVELOPMENT,,DEVELOPMENT_OR_PRIOR_SEAL,1,2025-11-25,2025-12-10,0
FILING_PROXY_ADUR_20250707_6K,ADUR,2025-07-07,1863934,HIGH,,V19_V20_DEVELOPMENT,,DEVELOPMENT_OR_PRIOR_SEAL,1,2025-06-27,2025-07-12,0
FILING_PROXY_ADVB_20251230_8K,ADVB,2025-12-30,1941029,HIGH,,V19_V20_DEVELOPMENT,,DEVELOPMENT_OR_PRIOR_SEAL,1,2025-12-20,2026-01-04,0
FILING_PROXY_ADV_20250611_8K,ADV,2025-06-11,1776661,HIGH,,V19_V20_DEVELOPMENT,,DEVELOPMENT_OR_PRIOR_SEAL,1,2025-06-01,2025-06-16,1
FILING_PROXY_AEHL_20250806_6K,AEHL,2025-08-06,1470683,HIGH,,V19_V20_DEVELOPMENT,,DEVELOPMENT_OR_PRIOR_SEAL,1,2025-07-27,2025-08-11,0
FILING_PROXY_AEI_20241114_10Q,AEI,2024-11-14,1750106,HIGH,,V19_V20_DEVELOPMENT,,DEVELOPMENT_OR_PRIOR_SEAL,1,2024-11-04,2024-11-19,1
FILING_PROXY_AEI_20250723_8K,AEI,2025-07-23,1750106,HIGH,,V19_V20_DEVELOPMENT,,DEVELOPMENT_OR_PRIOR_SEAL,1,2025-07-13,2025-07-28,0
FILING_PROXY_AEI_20251204_8K,AEI,2025-12-04,1750106,HIGH,,V19_V20_DEVELOPMENT,,DEVELOPMENT_OR_PRIOR_SEAL,1,2025-11-24,2025-12-09,0
FILING_PROXY_AEMD_20250212_10Q,AEMD,2025-02-12,882291,HIGH,,V19_V20_DEVELOPMENT,,DEVELOPMENT_OR_PRIOR_SEAL,1,2025-02-02,2025-02-17,1
FILING_PROXY_AEMD_20250627_8K,AEMD,2025-06-27,882291,HIGH,,V19_V20_DEVELOPMENT,,DEVELOPMENT_OR_PRIOR_SEAL,1,2025-06-17,2025-07-02,1
FILING_PROXY_AEP_20250730_8K,AEP,2025-07-30,4904,HIGH,,V19_V20_DEVELOPMENT,,DEVELOPMENT_OR_PRIOR_SEAL,1,2025-07-20,2025-08-04,0
FILING_PROXY_AERT_20250214_10Q,AERT,2025-02-14,1853044,HIGH,,V19_V20_DEVELOPMENT,,DEVELOPMENT_OR_PRIOR_SEAL,1,2025-02-04,2025-02-19,1
FILING_PROXY_AERT_20250703_8K,AERT,2025-07-03,1853044,HIGH,,V19_V20_DEVELOPMENT,,DEVELOPMENT_OR_PRIOR_SEAL,1,2025-06-23,2025-07-08,0
FILING_PROXY_AERT_20251110_8K,AERT,2025-11-10,1853044,HIGH,,V19_V20_DEVELOPMENT,,DEVELOPMENT_OR_PRIOR_SEAL,1,2025-10-31,2025-11-15,0
FILING_PROXY_AEYE_20241107_10Q,AEYE,2024-11-07,1362190,HIGH,,V19_V20_DEVELOPMENT,,DEVELOPMENT_OR_PRIOR_SEAL,1,2024-10-28,2024-11-12,1
FILING_PROXY_AEYE_20251104_8K,AEYE,2025-11-04,1362190,HIGH,,V19_V20_DEVELOPMENT,,DEVELOPMENT_OR_PRIOR_SEAL,1,2025-10-25,2025-11-09,0
FILING_PROXY_AFGE_20251205_8K,AFGE,2025-12-05,1042046,HIGH,,V19_V20_DEVELOPMENT,,DEVELOPMENT_OR_PRIOR_SEAL,1,2025-11-25,2025-12-10,0
FILING_PROXY_AFJK_20250328_10K,AFJK,2025-03-28,1979005,HIGH,,V19_V20_DEVELOPMENT,,DEVELOPMENT_OR_PRIOR_SEAL,1,2025-03-18,2025-04-02,1
FILING_PROXY_AFJK_20251208_8K,AFJK,2025-12-08,1979005,HIGH,,V19_V20_DEVELOPMENT,,DEVELOPMENT_OR_PRIOR_SEAL,1,2025-11-28,2025-12-13,0
FILING_PROXY_AFRM_20250206_10Q,AFRM,2025-02-06,1820953,HIGH,,V19_V20_DEVELOPMENT,,DEVELOPMENT_OR_PRIOR_SEAL,1,2025-01-27,2025-02-11,1
FILING_PROXY_AFRM_20251218_8K,AFRM,2025-12-18,1820953,HIGH,,V19_V20_DEVELOPMENT,,DEVELOPMENT_OR_PRIOR_SEAL,1,2025-12-08,2025-12-23,0
FILING_PROXY_AGEN_20241112_10Q,AGEN,2024-11-12,1098972,HIGH,,V19_V20_DEVELOPMENT,,DEVELOPMENT_OR_PRIOR_SEAL,1,2024-11-02,2024-11-17,1
FILING_PROXY_AGEN_20250620_8K,AGEN,2025-06-20,1098972,HIGH,,V19_V20_DEVELOPMENT,,DEVELOPMENT_OR_PRIOR_SEAL,1,2025-06-10,2025-06-25,1
FILING_PROXY_AGMH_20250731_6K,AGMH,2025-07-31,1705402,HIGH,,V19_V20_DEVELOPMENT,,DEVELOPMENT_OR_PRIOR_SEAL,1,2025-07-21,2025-08-05,0
FILING_PROXY_AGMH_20251219_6K,AGMH,2025-12-19,1705402,HIGH,,V19_V20_DEVELOPMENT,,DEVELOPMENT_OR_PRIOR_SEAL,1,2025-12-09,2025-12-24,0
FILING_PROXY_AGNCP_20250721_8K,AGNCP,2025-07-21,1423689,HIGH,,V19_V20_DEVELOPMENT,,DEVELOPMENT_OR_PRIOR_SEAL,1,2025-07-11,2025-07-26,0
FILING_PROXY_AGNT_20250220_10K,AGNT,2025-02-20,1495932,HIGH,,V19_V20_DEVELOPMENT,,DEVELOPMENT_OR_PRIOR_SEAL,1,2025-02-10,2025-02-25,1
FILING_PROXY_AGO_20251107_8K,AGO,2025-11-07,1273813,HIGH,,V19_V20_DEVELOPMENT,,DEVELOPMENT_OR_PRIOR_SEAL,1,2025-10-28,2025-11-12,0
FILING_PROXY_AGPU_20250814_8K,AGPU,2025-08-14,1446159,HIGH,,V19_V20_DEVELOPMENT,,DEVELOPMENT_OR_PRIOR_SEAL,1,2025-08-04,2025-08-19,0
FILING_PROXY_AHCO_20250225_10K,AHCO,2025-02-25,1725255,HIGH,,V19_V20_DEVELOPMENT,,DEVELOPMENT_OR_PRIOR_SEAL,1,2025-02-15,2025-03-02,1
FILING_PROXY_AHCO_20251104_8K,AHCO,2025-11-04,1725255,HIGH,,V19_V20_DEVELOPMENT,,DEVELOPMENT_OR_PRIOR_SEAL,1,2025-10-25,2025-11-09,0
FILING_PROXY_AHG_20241108_6K,AHG,2024-11-08,1702318,HIGH,,V19_V20_DEVELOPMENT,,DEVELOPMENT_OR_PRIOR_SEAL,1,2024-10-29,2024-11-13,1
FILING_PROXY_AHG_20250501_6K,AHG,2025-05-01,1702318,HIGH,,V19_V20_DEVELOPMENT,,DEVELOPMENT_OR_PRIOR_SEAL,1,2025-04-21,2025-05-06,1
FILING_PROXY_AIFA_20241114_10Q,AIFA,2024-11-14,1708341,HIGH,,V19_V20_DEVELOPMENT,,DEVELOPMENT_OR_PRIOR_SEAL,1,2024-11-04,2024-11-19,1
FILING_PROXY_AIFA_20250630_8K,AIFA,2025-06-30,1708341,HIGH,,V19_V20_DEVELOPMENT,,DEVELOPMENT_OR_PRIOR_SEAL,1,2025-06-20,2025-07-05,1
FILING_PROXY_AIFA_20251120_8K,AIFA,2025-11-20,1708341,HIGH,,V19_V20_DEVELOPMENT,,DEVELOPMENT_OR_PRIOR_SEAL,1,2025-11-10,2025-11-25,0
FILING_PROXY_AIFF_20241114_10Q,AIFF,2024-11-14,803578,HIGH,,V19_V20_DEVELOPMENT,,DEVELOPMENT_OR_PRIOR_SEAL,1,2024-11-04,2024-11-19,1
FILING_PROXY_AIFF_20251219_8K,AIFF,2025-12-19,803578,HIGH,,V19_V20_DEVELOPMENT,,DEVELOPMENT_OR_PRIOR_SEAL,1,2025-12-09,2025-12-24,0
FILING_PROXY_AIFU_20250707_6K,AIFU,2025-07-07,1413855,HIGH,,V19_V20_DEVELOPMENT,,DEVELOPMENT_OR_PRIOR_SEAL,1,2025-06-27,2025-07-12,0
FILING_PROXY_AIFU_20251229_6K,AIFU,2025-12-29,1413855,HIGH,,V19_V20_DEVELOPMENT,,DEVELOPMENT_OR_PRIOR_SEAL,1,2025-12-19,2026-01-03,0
FILING_PROXY_AIIO_20250825_6K,AIIO,2025-08-25,1932737,HIGH,,V19_V20_DEVELOPMENT,,DEVELOPMENT_OR_PRIOR_SEAL,1,2025-08-15,2025-08-30,0
FILING_PROXY_AIIO_20251231_6K,AIIO,2025-12-31,1932737,HIGH,,V19_V20_DEVELOPMENT,,DEVELOPMENT_OR_PRIOR_SEAL,1,2025-12-21,2026-01-05,0
FILING_PROXY_AIMD_20250813_8K,AIMD,2025-08-13,1014763,HIGH,,V19_V20_DEVELOPMENT,,DEVELOPMENT_OR_PRIOR_SEAL,1,2025-08-03,2025-08-18,0
FILING_PROXY_AIMD_20251231_8K,AIMD,2025-12-31,1014763,HIGH,,V19_V20_DEVELOPMENT,,DEVELOPMENT_OR_PRIOR_SEAL,1,2025-12-21,2026-01-05,0
FILING_PROXY_AIOS_20250707_6K,AIOS,2025-07-07,1603993,HIGH,,V19_V20_DEVELOPMENT,,DEVELOPMENT_OR_PRIOR_SEAL,1,2025-06-27,2025-07-12,0
FILING_PROXY_AIOS_20251229_6K,AIOS,2025-12-29,1603993,HIGH,,V19_V20_DEVELOPMENT,,DEVELOPMENT_OR_PRIOR_SEAL,1,2025-12-19,2026-01-03,0
FILING_PROXY_AIP_20250218_10K,AIP,2025-02-18,1667011,HIGH,,V19_V20_DEVELOPMENT,,DEVELOPMENT_OR_PRIOR_SEAL,1,2025-02-08,2025-02-23,1
FILING_PROXY_AIP_20250805_8K,AIP,2025-08-05,1667011,HIGH,,V19_V20_DEVELOPMENT,,DEVELOPMENT_OR_PRIOR_SEAL,1,2025-07-26,2025-08-10,0
FILING_PROXY_AIP_20251211_8K,AIP,2025-12-11,1667011,HIGH,,V19_V20_DEVELOPMENT,,DEVELOPMENT_OR_PRIOR_SEAL,1,2025-12-01,2025-12-16,0
FILING_PROXY_AIRE_20250402_10K,AIRE,2025-04-02,1859199,HIGH,,V19_V20_DEVELOPMENT,,DEVELOPMENT_OR_PRIOR_SEAL,1,2025-03-23,2025-04-07,1
FILING_PROXY_AIRE_20250822_8K,AIRE,2025-08-22,1859199,HIGH,,V19_V20_DEVELOPMENT,,DEVELOPMENT_OR_PRIOR_SEAL,1,2025-08-12,2025-08-27,0
FILING_PROXY_AIRJ_20241113_10Q,AIRJ,2024-11-13,1855474,HIGH,,V19_V20_DEVELOPMENT,,DEVELOPMENT_OR_PRIOR_SEAL,1,2024-11-03,2024-11-18,1
FILING_PROXY_AIRT_20250818_8K,AIRT,2025-08-18,353184,HIGH,,V19_V20_DEVELOPMENT,,DEVELOPMENT_OR_PRIOR_SEAL,1,2025-08-08,2025-08-23,0
FILING_PROXY_AIRT_20251218_8K,AIRT,2025-12-18,353184,HIGH,,V19_V20_DEVELOPMENT,,DEVELOPMENT_OR_PRIOR_SEAL,1,2025-12-08,2025-12-23,0
FILING_PROXY_AIXC_20250728_8K,AIXC,2025-07-28,1460702,HIGH,,V19_V20_DEVELOPMENT,,DEVELOPMENT_OR_PRIOR_SEAL,1,2025-07-18,2025-08-02,0
FILING_PROXY_AIXC_20251216_8K,AIXC,2025-12-16,1460702,HIGH,,V19_V20_DEVELOPMENT,,DEVELOPMENT_OR_PRIOR_SEAL,1,2025-12-06,2025-12-21,0
FILING_PROXY_AIXI_20250708_6K,AIXI,2025-07-08,1935172,HIGH,,V19_V20_DEVELOPMENT,,DEVELOPMENT_OR_PRIOR_SEAL,1,2025-06-28,2025-07-13,0
FILING_PROXY_AIXI_20251231_6K,AIXI,2025-12-31,1935172,HIGH,,V19_V20_DEVELOPMENT,,DEVELOPMENT_OR_PRIOR_SEAL,1,2025-12-21,2026-01-05,0
FILING_PROXY_AKAN_20250808_6K,AKAN,2025-08-08,1888014,HIGH,,V19_V20_DEVELOPMENT,,DEVELOPMENT_OR_PRIOR_SEAL,1,2025-07-29,2025-08-13,0
FILING_PROXY_AKBA_20241107_10Q,AKBA,2024-11-07,1517022,HIGH,,V19_V20_DEVELOPMENT,,DEVELOPMENT_OR_PRIOR_SEAL,1,2024-10-28,2024-11-12,1
FILING_PROXY_AKBA_20251201_8K,AKBA,2025-12-01,1517022,HIGH,,V19_V20_DEVELOPMENT,,DEVELOPMENT_OR_PRIOR_SEAL,1,2025-11-21,2025-12-06,0
FILING_PROXY_AKTX_20250415_10K,AKTX,2025-04-15,1541157,HIGH,,V19_V20_DEVELOPMENT,,DEVELOPMENT_OR_PRIOR_SEAL,1,2025-04-05,2025-04-20,1
FILING_PROXY_AKTX_20250819_8K,AKTX,2025-08-19,1541157,HIGH,,V19_V20_DEVELOPMENT,,DEVELOPMENT_OR_PRIOR_SEAL,1,2025-08-09,2025-08-24,0
FILING_PROXY_AKTX_20251217_8K,AKTX,2025-12-17,1541157,HIGH,,V19_V20_DEVELOPMENT,,DEVELOPMENT_OR_PRIOR_SEAL,1,2025-12-07,2025-12-22,0
FILING_PROXY_ALAB_20241105_10Q,ALAB,2024-11-05,1736297,HIGH,,V19_V20_DEVELOPMENT,,DEVELOPMENT_OR_PRIOR_SEAL,1,2024-10-26,2024-11-10,1
FILING_PROXY_ALAB_20250610_8K,ALAB,2025-06-10,1736297,HIGH,,V19_V20_DEVELOPMENT,,DEVELOPMENT_OR_PRIOR_SEAL,1,2025-05-31,2025-06-15,1
FILING_PROXY_ALAB_20251104_8K,ALAB,2025-11-04,1736297,HIGH,,V19_V20_DEVELOPMENT,,DEVELOPMENT_OR_PRIOR_SEAL,1,2025-10-25,2025-11-09,0
FILING_PROXY_ALAR_20250807_6K,ALAR,2025-08-07,1725332,HIGH,,V19_V20_DEVELOPMENT,,DEVELOPMENT_OR_PRIOR_SEAL,1,2025-07-28,2025-08-12,0
FILING_PROXY_ALB_20250812_8K,ALB,2025-08-12,915913,HIGH,,V19_V20_DEVELOPMENT,,DEVELOPMENT_OR_PRIOR_SEAL,1,2025-08-02,2025-08-17,0
FILING_PROXY_ALDX_20250228_10K,ALDX,2025-02-28,1341235,HIGH,,V19_V20_DEVELOPMENT,,DEVELOPMENT_OR_PRIOR_SEAL,1,2025-02-18,2025-03-05,1
FILING_PROXY_ALDX_20250819_8K,ALDX,2025-08-19,1341235,HIGH,,V19_V20_DEVELOPMENT,,DEVELOPMENT_OR_PRIOR_SEAL,1,2025-08-09,2025-08-24,0
FILING_PROXY_ALEC_20250226_10K,ALEC,2025-02-26,1653087,HIGH,,V19_V20_DEVELOPMENT,,DEVELOPMENT_OR_PRIOR_SEAL,1,2025-02-16,2025-03-03,1
FILING_PROXY_ALEC_20251212_8K,ALEC,2025-12-12,1653087,HIGH,,V19_V20_DEVELOPMENT,,DEVELOPMENT_OR_PRIOR_SEAL,1,2025-12-02,2025-12-17,0
FILING_PROXY_ALF_20250611_8K,ALF,2025-06-11,2010930,HIGH,,V19_V20_DEVELOPMENT,,DEVELOPMENT_OR_PRIOR_SEAL,1,2025-06-01,2025-06-16,1
FILING_PROXY_ALGM_20241101_10Q,ALGM,2024-11-01,866291,HIGH,,V19_V20_DEVELOPMENT,,DEVELOPMENT_OR_PRIOR_SEAL,1,2024-10-22,2024-11-06,1
FILING_PROXY_ALIT_20250227_10K,ALIT,2025-02-27,1809104,HIGH,,V19_V20_DEVELOPMENT,,DEVELOPMENT_OR_PRIOR_SEAL,1,2025-02-17,2025-03-04,1
FILING_PROXY_ALIT_20250805_8K,ALIT,2025-08-05,1809104,HIGH,,V19_V20_DEVELOPMENT,,DEVELOPMENT_OR_PRIOR_SEAL,1,2025-07-26,2025-08-10,0
FILING_PROXY_ALIT_20251218_8K,ALIT,2025-12-18,1809104,HIGH,,V19_V20_DEVELOPMENT,,DEVELOPMENT_OR_PRIOR_SEAL,1,2025-12-08,2025-12-23,0
FILING_PROXY_ALLR_20250716_8K,ALLR,2025-07-16,1860657,HIGH,,V19_V20_DEVELOPMENT,,DEVELOPMENT_OR_PRIOR_SEAL,1,2025-07-06,2025-07-21,0
FILING_PROXY_ALLR_20251223_8K,ALLR,2025-12-23,1860657,HIGH,,V19_V20_DEVELOPMENT,,DEVELOPMENT_OR_PRIOR_SEAL,1,2025-12-13,2025-12-28,0
FILING_PROXY_ALLY_20250219_10K,ALLY,2025-02-19,40729,HIGH,,V19_V20_DEVELOPMENT,,DEVELOPMENT_OR_PRIOR_SEAL,1,2025-02-09,2025-02-24,1
FILING_PROXY_ALLY_20250731_8K,ALLY,2025-07-31,40729,HIGH,,V19_V20_DEVELOPMENT,,DEVELOPMENT_OR_PRIOR_SEAL,1,2025-07-21,2025-08-05,0
FILING_PROXY_ALL_20250224_10K,ALL,2025-02-24,899051,HIGH,,V19_V20_DEVELOPMENT,,DEVELOPMENT_OR_PRIOR_SEAL,1,2025-02-14,2025-03-01,1
FILING_PROXY_ALL_20250730_8K,ALL,2025-07-30,899051,HIGH,,V19_V20_DEVELOPMENT,,DEVELOPMENT_OR_PRIOR_SEAL,1,2025-07-20,2025-08-04,0
FILING_PROXY_ALMU_20251112_8K,ALMU,2025-11-12,1828805,HIGH,,V19_V20_DEVELOPMENT,,DEVELOPMENT_OR_PRIOR_SEAL,1,2025-11-02,2025-11-17,0
FILING_PROXY_ALNY_20250213_10K,ALNY,2025-02-13,1178670,HIGH,,V19_V20_DEVELOPMENT,,DEVELOPMENT_OR_PRIOR_SEAL,1,2025-02-03,2025-02-18,1
FILING_PROXY_ALNY_20250731_8K,ALNY,2025-07-31,1178670,HIGH,,V19_V20_DEVELOPMENT,,DEVELOPMENT_OR_PRIOR_SEAL,1,2025-07-21,2025-08-05,0
FILING_PROXY_ALOT_20241212_10Q,ALOT,2024-12-12,8146,HIGH,,V19_V20_DEVELOPMENT,,DEVELOPMENT_OR_PRIOR_SEAL,1,2024-12-02,2024-12-17,1
FILING_PROXY_ALOT_20250804_8K,ALOT,2025-08-04,8146,HIGH,,V19_V20_DEVELOPMENT,,DEVELOPMENT_OR_PRIOR_SEAL,1,2025-07-25,2025-08-09,0
FILING_PROXY_ALOT_20251210_8K,ALOT,2025-12-10,8146,HIGH,,V19_V20_DEVELOPMENT,,DEVELOPMENT_OR_PRIOR_SEAL,1,2025-11-30,2025-12-15,0
FILING_PROXY_ALP_20250725_6K,ALP,2025-07-25,1095435,HIGH,,V19_V20_DEVELOPMENT,,DEVELOPMENT_OR_PRIOR_SEAL,1,2025-07-15,2025-07-30,0
FILING_PROXY_ALTG_20250702_8K,ALTG,2025-07-02,1759824,HIGH,,V19_V20_DEVELOPMENT,,DEVELOPMENT_OR_PRIOR_SEAL,1,2025-06-22,2025-07-07,0
FILING_PROXY_ALTG_20251106_8K,ALTG,2025-11-06,1759824,HIGH,,V19_V20_DEVELOPMENT,,DEVELOPMENT_OR_PRIOR_SEAL,1,2025-10-27,2025-11-11,0
FILING_PROXY_ALTI_20250811_8K,ALTI,2025-08-11,1838615,HIGH,,V19_V20_DEVELOPMENT,,DEVELOPMENT_OR_PRIOR_SEAL,1,2025-08-01,2025-08-16,0
FILING_PROXY_ALTO_20241108_10Q,ALTO,2024-11-08,778164,HIGH,,V19_V20_DEVELOPMENT,,DEVELOPMENT_OR_PRIOR_SEAL,1,2024-10-29,2024-11-13,1
FILING_PROXY_ALTO_20250627_8K,ALTO,2025-06-27,778164,HIGH,,V19_V20_DEVELOPMENT,,DEVELOPMENT_OR_PRIOR_SEAL,1,2025-06-17,2025-07-02,1
FILING_PROXY_ALT_20250812_8K,ALT,2025-08-12,1326190,HIGH,,V19_V20_DEVELOPMENT,,DEVELOPMENT_OR_PRIOR_SEAL,1,2025-08-02,2025-08-17,0
FILING_PROXY_ALT_20251219_8K,ALT,2025-12-19,1326190,HIGH,,V19_V20_DEVELOPMENT,,DEVELOPMENT_OR_PRIOR_SEAL,1,2025-12-09,2025-12-24,0
FILING_PROXY_ALXO_20241107_10Q,ALXO,2024-11-07,1810182,HIGH,,V19_V20_DEVELOPMENT,,DEVELOPMENT_OR_PRIOR_SEAL,1,2024-10-28,2024-11-12,1
FILING_PROXY_ALXO_20250612_8K,ALXO,2025-06-12,1810182,HIGH,,V19_V20_DEVELOPMENT,,DEVELOPMENT_OR_PRIOR_SEAL,1,2025-06-02,2025-06-17,1
FILING_PROXY_AMAT_20251113_8K,AMAT,2025-11-13,6951,HIGH,,V19_V20_DEVELOPMENT,,DEVELOPMENT_OR_PRIOR_SEAL,1,2025-11-03,2025-11-18,0
FILING_PROXY_AMBA_20241206_10Q,AMBA,2024-12-06,1280263,HIGH,,V19_V20_DEVELOPMENT,,DEVELOPMENT_OR_PRIOR_SEAL,1,2024-11-26,2024-12-11,1
FILING_PROXY_AMBA_20250606_8K,AMBA,2025-06-06,1280263,HIGH,,V19_V20_DEVELOPMENT,,DEVELOPMENT_OR_PRIOR_SEAL,1,2025-05-27,2025-06-11,1
FILING_PROXY_AMBA_20251125_8K,AMBA,2025-11-25,1280263,HIGH,,V19_V20_DEVELOPMENT,,DEVELOPMENT_OR_PRIOR_SEAL,1,2025-11-15,2025-11-30,0
FILING_PROXY_AMBR_20251217_6K,AMBR,2025-12-17,1697818,HIGH,,V19_V20_DEVELOPMENT,,DEVELOPMENT_OR_PRIOR_SEAL,1,2025-12-07,2025-12-22,0
FILING_PROXY_AMCI_20241119_10Q,AMCI,2024-11-19,1937891,HIGH,,V19_V20_DEVELOPMENT,,DEVELOPMENT_OR_PRIOR_SEAL,1,2024-11-09,2024-11-24,1
FILING_PROXY_AMCI_20251216_8K,AMCI,2025-12-16,1937891,HIGH,,V19_V20_DEVELOPMENT,,DEVELOPMENT_OR_PRIOR_SEAL,1,2025-12-06,2025-12-21,0
FILING_PROXY_AMC_20250811_8K,AMC,2025-08-11,1411579,HIGH,,V19_V20_DEVELOPMENT,,DEVELOPMENT_OR_PRIOR_SEAL,1,2025-08-01,2025-08-16,0
FILING_PROXY_AMC_20251222_8K,AMC,2025-12-22,1411579,HIGH,,V19_V20_DEVELOPMENT,,DEVELOPMENT_OR_PRIOR_SEAL,1,2025-12-12,2025-12-27,0
FILING_PROXY_AMD_20250805_8K,AMD,2025-08-05,2488,HIGH,,V19_V20_DEVELOPMENT,,DEVELOPMENT_OR_PRIOR_SEAL,1,2025-07-26,2025-08-10,0
FILING_PROXY_AMD_20251215_8K,AMD,2025-12-15,2488,HIGH,,V19_V20_DEVELOPMENT,,DEVELOPMENT_OR_PRIOR_SEAL,1,2025-12-05,2025-12-20,0
FILING_PROXY_AME_20241031_10Q,AME,2024-10-31,1037868,HIGH,,V19_V20_DEVELOPMENT,,DEVELOPMENT_OR_PRIOR_SEAL,1,2024-10-21,2024-11-05,1
FILING_PROXY_AME_20250508_8K,AME,2025-05-08,1037868,HIGH,,V19_V20_DEVELOPMENT,,DEVELOPMENT_OR_PRIOR_SEAL,1,2025-04-28,2025-05-13,1
FILING_PROXY_AMGN_20250527_8K,AMGN,2025-05-27,318154,HIGH,,V19_V20_DEVELOPMENT,,DEVELOPMENT_OR_PRIOR_SEAL,1,2025-05-17,2025-06-01,1
FILING_PROXY_AMGN_20251104_8K,AMGN,2025-11-04,318154,HIGH,,V19_V20_DEVELOPMENT,,DEVELOPMENT_OR_PRIOR_SEAL,1,2025-10-25,2025-11-09,0
FILING_PROXY_AMIX_20250213_10Q,AMIX,2025-02-13,1617867,HIGH,,V19_V20_DEVELOPMENT,,DEVELOPMENT_OR_PRIOR_SEAL,1,2025-02-03,2025-02-18,1
FILING_PROXY_AMIX_20250722_8K,AMIX,2025-07-22,1617867,HIGH,,V19_V20_DEVELOPMENT,,DEVELOPMENT_OR_PRIOR_SEAL,1,2025-07-12,2025-07-27,0
FILING_PROXY_AMKR_20250701_8K,AMKR,2025-07-01,1047127,HIGH,,V19_V20_DEVELOPMENT,,DEVELOPMENT_OR_PRIOR_SEAL,1,2025-06-21,2025-07-06,0
FILING_PROXY_AMKR_20251103_8K,AMKR,2025-11-03,1047127,HIGH,,V19_V20_DEVELOPMENT,,DEVELOPMENT_OR_PRIOR_SEAL,1,2025-10-24,2025-11-08,0
FILING_PROXY_AMOD_20250415_10K,AMOD,2025-04-15,1862463,HIGH,,V19_V20_DEVELOPMENT,,DEVELOPMENT_OR_PRIOR_SEAL,1,2025-04-05,2025-04-20,1
FILING_PROXY_AMOD_20251231_8K,AMOD,2025-12-31,1862463,HIGH,,V19_V20_DEVELOPMENT,,DEVELOPMENT_OR_PRIOR_SEAL,1,2025-12-21,2026-01-05,0
FILING_PROXY_AMPH_20241107_10Q,AMPH,2024-11-07,1297184,HIGH,,V19_V20_DEVELOPMENT,,DEVELOPMENT_OR_PRIOR_SEAL,1,2024-10-28,2024-11-12,1
FILING_PROXY_AMPH_20251106_8K,AMPH,2025-11-06,1297184,HIGH,,V19_V20_DEVELOPMENT,,DEVELOPMENT_OR_PRIOR_SEAL,1,2025-10-27,2025-11-11,0
FILING_PROXY_AMPX_20250320_10K,AMPX,2025-03-20,1899287,HIGH,,V19_V20_DEVELOPMENT,,DEVELOPMENT_OR_PRIOR_SEAL,1,2025-03-10,2025-03-25,1
FILING_PROXY_AMPX_20250807_8K,AMPX,2025-08-07,1899287,HIGH,,V19_V20_DEVELOPMENT,,DEVELOPMENT_OR_PRIOR_SEAL,1,2025-07-28,2025-08-12,0
FILING_PROXY_AMPX_20251222_8K,AMPX,2025-12-22,1899287,HIGH,,V19_V20_DEVELOPMENT,,DEVELOPMENT_OR_PRIOR_SEAL,1,2025-12-12,2025-12-27,0
FILING_PROXY_AMP_20250502_8K,AMP,2025-05-02,820027,HIGH,,V19_V20_DEVELOPMENT,,DEVELOPMENT_OR_PRIOR_SEAL,1,2025-04-22,2025-05-07,1
FILING_PROXY_AMST_20250207_10Q,AMST,2025-02-07,1807166,HIGH,,V19_V20_DEVELOPMENT,,DEVELOPMENT_OR_PRIOR_SEAL,1,2025-01-28,2025-02-12,1
FILING_PROXY_AMST_20250626_8K,AMST,2025-06-26,1807166,HIGH,,V19_V20_DEVELOPMENT,,DEVELOPMENT_OR_PRIOR_SEAL,1,2025-06-16,2025-07-01,1
FILING_PROXY_AMST_20251030_8K,AMST,2025-10-30,1807166,HIGH,,V19_V20_DEVELOPMENT,,DEVELOPMENT_OR_PRIOR_SEAL,1,2025-10-20,2025-11-04,0
FILING_PROXY_AMS_20250404_10K,AMS,2025-04-04,744825,HIGH,,V19_V20_DEVELOPMENT,,DEVELOPMENT_OR_PRIOR_SEAL,1,2025-03-25,2025-04-09,1
FILING_PROXY_AMS_20250813_8K,AMS,2025-08-13,744825,HIGH,,V19_V20_DEVELOPMENT,,DEVELOPMENT_OR_PRIOR_SEAL,1,2025-08-03,2025-08-18,0
FILING_PROXY_AMS_20251216_8K,AMS,2025-12-16,744825,HIGH,,V19_V20_DEVELOPMENT,,DEVELOPMENT_OR_PRIOR_SEAL,1,2025-12-06,2025-12-21,0
FILING_PROXY_AMTD_20250820_6K,AMTD,2025-08-20,1769731,HIGH,,V19_V20_DEVELOPMENT,,DEVELOPMENT_OR_PRIOR_SEAL,1,2025-08-10,2025-08-25,0
FILING_PROXY_AMTD_20251230_6K,AMTD,2025-12-30,1769731,HIGH,,V19_V20_DEVELOPMENT,,DEVELOPMENT_OR_PRIOR_SEAL,1,2025-12-20,2026-01-04,0
FILING_PROXY_AMTX_20251106_8K,AMTX,2025-11-06,738214,HIGH,,V19_V20_DEVELOPMENT,,DEVELOPMENT_OR_PRIOR_SEAL,1,2025-10-27,2025-11-11,0
FILING_PROXY_AMT_20250225_10K,AMT,2025-02-25,1053507,HIGH,,V19_V20_DEVELOPMENT,,DEVELOPMENT_OR_PRIOR_SEAL,1,2025-02-15,2025-03-02,1
FILING_PROXY_AMT_20250729_8K,AMT,2025-07-29,1053507,HIGH,,V19_V20_DEVELOPMENT,,DEVELOPMENT_OR_PRIOR_SEAL,1,2025-07-19,2025-08-03,0
FILING_PROXY_AMZN_20241101_10Q,AMZN,2024-11-01,1018724,HIGH,,V19_V20_DEVELOPMENT,,DEVELOPMENT_OR_PRIOR_SEAL,1,2024-10-22,2024-11-06,1
FILING_PROXY_ANET_20250616_8K,ANET,2025-06-16,1596532,HIGH,,V19_V20_DEVELOPMENT,,DEVELOPMENT_OR_PRIOR_SEAL,1,2025-06-06,2025-06-21,1
FILING_PROXY_ANET_20251104_8K,ANET,2025-11-04,1596532,HIGH,,V19_V20_DEVELOPMENT,,DEVELOPMENT_OR_PRIOR_SEAL,1,2025-10-25,2025-11-09,0
FILING_PROXY_ANGH_20250808_6K,ANGH,2025-08-08,1871983,HIGH,,V19_V20_DEVELOPMENT,,DEVELOPMENT_OR_PRIOR_SEAL,1,2025-07-29,2025-08-13,0
FILING_PROXY_ANGH_20251230_6K,ANGH,2025-12-30,1871983,HIGH,,V19_V20_DEVELOPMENT,,DEVELOPMENT_OR_PRIOR_SEAL,1,2025-12-20,2026-01-04,0
FILING_PROXY_ANIK_20250624_8K,ANIK,2025-06-24,898437,HIGH,,V19_V20_DEVELOPMENT,,DEVELOPMENT_OR_PRIOR_SEAL,1,2025-06-14,2025-06-29,1
FILING_PROXY_ANIK_20251105_8K,ANIK,2025-11-05,898437,HIGH,,V19_V20_DEVELOPMENT,,DEVELOPMENT_OR_PRIOR_SEAL,1,2025-10-26,2025-11-10,0
FILING_PROXY_ANIP_20250228_10K,ANIP,2025-02-28,1023024,HIGH,,V19_V20_DEVELOPMENT,,DEVELOPMENT_OR_PRIOR_SEAL,1,2025-02-18,2025-03-05,1
FILING_PROXY_ANIP_20250729_8K,ANIP,2025-07-29,1023024,HIGH,,V19_V20_DEVELOPMENT,,DEVELOPMENT_OR_PRIOR_SEAL,1,2025-07-19,2025-08-03,0
FILING_PROXY_ANL_20251229_6K,ANL,2025-12-29,1944552,HIGH,,V19_V20_DEVELOPMENT,,DEVELOPMENT_OR_PRIOR_SEAL,1,2025-12-19,2026-01-03,0
FILING_PROXY_ANSC_20251112_8K,ANSC,2025-11-12,1854149,HIGH,,V19_V20_DEVELOPMENT,,DEVELOPMENT_OR_PRIOR_SEAL,1,2025-11-02,2025-11-17,0
FILING_PROXY_ANTA_20251125_6K,ANTA,2025-11-25,2044255,HIGH,,V19_V20_DEVELOPMENT,,DEVELOPMENT_OR_PRIOR_SEAL,1,2025-11-15,2025-11-30,0
FILING_PROXY_ANVS_20250623_8K,ANVS,2025-06-23,1477845,HIGH,,V19_V20_DEVELOPMENT,,DEVELOPMENT_OR_PRIOR_SEAL,1,2025-06-13,2025-06-28,1
FILING_PROXY_ANVS_20251113_8K,ANVS,2025-11-13,1477845,HIGH,,V19_V20_DEVELOPMENT,,DEVELOPMENT_OR_PRIOR_SEAL,1,2025-11-03,2025-11-18,0
FILING_PROXY_ANY_20250328_10K,ANY,2025-03-28,1591956,HIGH,,V19_V20_DEVELOPMENT,,DEVELOPMENT_OR_PRIOR_SEAL,1,2025-03-18,2025-04-02,1
FILING_PROXY_ANY_20250806_8K,ANY,2025-08-06,1591956,HIGH,,V19_V20_DEVELOPMENT,,DEVELOPMENT_OR_PRIOR_SEAL,1,2025-07-27,2025-08-11,0
FILING_PROXY_APD_20250206_10Q,APD,2025-02-06,2969,HIGH,,V19_V20_DEVELOPMENT,,DEVELOPMENT_OR_PRIOR_SEAL,1,2025-01-27,2025-02-11,1
FILING_PROXY_APEI_20241112_10Q,APEI,2024-11-12,1201792,HIGH,,V19_V20_DEVELOPMENT,,DEVELOPMENT_OR_PRIOR_SEAL,1,2024-11-02,2024-11-17,1
FILING_PROXY_APEI_20250623_8K,APEI,2025-06-23,1201792,HIGH,,V19_V20_DEVELOPMENT,,DEVELOPMENT_OR_PRIOR_SEAL,1,2025-06-13,2025-06-28,1
FILING_PROXY_APEI_20251110_8K,APEI,2025-11-10,1201792,HIGH,,V19_V20_DEVELOPMENT,,DEVELOPMENT_OR_PRIOR_SEAL,1,2025-10-31,2025-11-15,0
FILING_PROXY_APLM_20250725_6K,APLM,2025-07-25,1944885,HIGH,,V19_V20_DEVELOPMENT,,DEVELOPMENT_OR_PRIOR_SEAL,1,2025-07-15,2025-07-30,0
FILING_PROXY_APO_20250224_10K,APO,2025-02-24,1858681,HIGH,,V19_V20_DEVELOPMENT,,DEVELOPMENT_OR_PRIOR_SEAL,1,2025-02-14,2025-03-01,1
FILING_PROXY_APPF_20250206_10K,APPF,2025-02-06,1433195,HIGH,,V19_V20_DEVELOPMENT,,DEVELOPMENT_OR_PRIOR_SEAL,1,2025-01-27,2025-02-11,1
FILING_PROXY_APPN_20241107_10Q,APPN,2024-11-07,1441683,HIGH,,V19_V20_DEVELOPMENT,,DEVELOPMENT_OR_PRIOR_SEAL,1,2024-10-28,2024-11-12,1
FILING_PROXY_APPN_20251106_8K,APPN,2025-11-06,1441683,HIGH,,V19_V20_DEVELOPMENT,,DEVELOPMENT_OR_PRIOR_SEAL,1,2025-10-27,2025-11-11,0
FILING_PROXY_APP_20250227_10K,APP,2025-02-27,1751008,HIGH,,V19_V20_DEVELOPMENT,,DEVELOPMENT_OR_PRIOR_SEAL,1,2025-02-17,2025-03-04,1
FILING_PROXY_APP_20250701_8K,APP,2025-07-01,1751008,HIGH,,V19_V20_DEVELOPMENT,,DEVELOPMENT_OR_PRIOR_SEAL,1,2025-06-21,2025-07-06,0
FILING_PROXY_APP_20251105_8K,APP,2025-11-05,1751008,HIGH,,V19_V20_DEVELOPMENT,,DEVELOPMENT_OR_PRIOR_SEAL,1,2025-10-26,2025-11-10,0
FILING_PROXY_APRE_20241107_10Q,APRE,2024-11-07,1781983,HIGH,,V19_V20_DEVELOPMENT,,DEVELOPMENT_OR_PRIOR_SEAL,1,2024-10-28,2024-11-12,1
FILING_PROXY_APRE_20251209_8K,APRE,2025-12-09,1781983,HIGH,,V19_V20_DEVELOPMENT,,DEVELOPMENT_OR_PRIOR_SEAL,1,2025-11-29,2025-12-14,0
FILING_PROXY_APTV_20250731_8K,APTV,2025-07-31,1521332,HIGH,,V19_V20_DEVELOPMENT,,DEVELOPMENT_OR_PRIOR_SEAL,1,2025-07-21,2025-08-05,0
FILING_PROXY_APWC_20250814_6K,APWC,2025-08-14,1026980,HIGH,,V19_V20_DEVELOPMENT,,DEVELOPMENT_OR_PRIOR_SEAL,1,2025-08-04,2025-08-19,0
FILING_PROXY_APYX_20250813_8K,APYX,2025-08-13,719135,HIGH,,V19_V20_DEVELOPMENT,,DEVELOPMENT_OR_PRIOR_SEAL,1,2025-08-03,2025-08-18,0
FILING_PROXY_AP_20250317_10K,AP,2025-03-17,6176,HIGH,,V19_V20_DEVELOPMENT,,DEVELOPMENT_OR_PRIOR_SEAL,1,2025-03-07,2025-03-22,1
FILING_PROXY_AP_20250812_8K,AP,2025-08-12,6176,HIGH,,V19_V20_DEVELOPMENT,,DEVELOPMENT_OR_PRIOR_SEAL,1,2025-08-02,2025-08-17,0
FILING_PROXY_AP_20251211_8K,AP,2025-12-11,6176,HIGH,,V19_V20_DEVELOPMENT,,DEVELOPMENT_OR_PRIOR_SEAL,1,2025-12-01,2025-12-16,0
FILING_PROXY_AQB_20251028_8K,AQB,2025-10-28,1603978,HIGH,,V19_V20_DEVELOPMENT,,DEVELOPMENT_OR_PRIOR_SEAL,1,2025-10-18,2025-11-02,0
FILING_PROXY_AQMS_20241114_10Q,AQMS,2024-11-14,1621832,HIGH,,V19_V20_DEVELOPMENT,,DEVELOPMENT_OR_PRIOR_SEAL,1,2024-11-04,2024-11-19,1
FILING_PROXY_AQNB_20250703_6K,AQNB,2025-07-03,1174169,HIGH,,V19_V20_DEVELOPMENT,,DEVELOPMENT_OR_PRIOR_SEAL,1,2025-06-23,2025-07-08,0
FILING_PROXY_ARAI_20251208_8K,ARAI,2025-12-08,1818274,HIGH,,V19_V20_DEVELOPMENT,,DEVELOPMENT_OR_PRIOR_SEAL,1,2025-11-28,2025-12-13,0
FILING_PROXY_ARAY_20251231_8K,ARAY,2025-12-31,1138723,HIGH,,V19_V20_DEVELOPMENT,,DEVELOPMENT_OR_PRIOR_SEAL,1,2025-12-21,2026-01-05,0
FILING_PROXY_ARBB_20241105_6K,ARBB,2024-11-05,1930179,HIGH,,V19_V20_DEVELOPMENT,,DEVELOPMENT_OR_PRIOR_SEAL,1,2024-10-26,2024-11-10,1
FILING_PROXY_ARBE_20250815_6K,ARBE,2025-08-15,1861841,HIGH,,V19_V20_DEVELOPMENT,,DEVELOPMENT_OR_PRIOR_SEAL,1,2025-08-05,2025-08-20,0
FILING_PROXY_ARBE_20251230_6K,ARBE,2025-12-30,1861841,HIGH,,V19_V20_DEVELOPMENT,,DEVELOPMENT_OR_PRIOR_SEAL,1,2025-12-20,2026-01-04,0
FILING_PROXY_AREC_20241119_10Q,AREC,2024-11-19,1590715,HIGH,,V19_V20_DEVELOPMENT,,DEVELOPMENT_OR_PRIOR_SEAL,1,2024-11-09,2024-11-24,1
FILING_PROXY_AREC_20251121_8K,AREC,2025-11-21,1590715,HIGH,,V19_V20_DEVELOPMENT,,DEVELOPMENT_OR_PRIOR_SEAL,1,2025-11-11,2025-11-26,0
FILING_PROXY_ARGX_20250731_6K,ARGX,2025-07-31,1697862,HIGH,,V19_V20_DEVELOPMENT,,DEVELOPMENT_OR_PRIOR_SEAL,1,2025-07-21,2025-08-05,0
FILING_PROXY_ARGX_20251215_6K,ARGX,2025-12-15,1697862,HIGH,,V19_V20_DEVELOPMENT,,DEVELOPMENT_OR_PRIOR_SEAL,1,2025-12-05,2025-12-20,0
FILING_PROXY_ARIS_20250812_6K,ARIS,2025-08-12,1964504,HIGH,,V19_V20_DEVELOPMENT,,DEVELOPMENT_OR_PRIOR_SEAL,1,2025-08-02,2025-08-17,0
FILING_PROXY_ARKO_20251219_8K,ARKO,2025-12-19,1823794,HIGH,,V19_V20_DEVELOPMENT,,DEVELOPMENT_OR_PRIOR_SEAL,1,2025-12-09,2025-12-24,0
FILING_PROXY_ARKR_20250211_10Q,ARKR,2025-02-11,779544,HIGH,,V19_V20_DEVELOPMENT,,DEVELOPMENT_OR_PRIOR_SEAL,1,2025-02-01,2025-02-16,1
FILING_PROXY_ARKR_20250811_8K,ARKR,2025-08-11,779544,HIGH,,V19_V20_DEVELOPMENT,,DEVELOPMENT_OR_PRIOR_SEAL,1,2025-08-01,2025-08-16,0
FILING_PROXY_ARKR_20251215_8K,ARKR,2025-12-15,779544,HIGH,,V19_V20_DEVELOPMENT,,DEVELOPMENT_OR_PRIOR_SEAL,1,2025-12-05,2025-12-20,0
FILING_PROXY_ARLO_20241107_10Q,ARLO,2024-11-07,1736946,HIGH,,V19_V20_DEVELOPMENT,,DEVELOPMENT_OR_PRIOR_SEAL,1,2024-10-28,2024-11-12,1
FILING_PROXY_ARLO_20251106_8K,ARLO,2025-11-06,1736946,HIGH,,V19_V20_DEVELOPMENT,,DEVELOPMENT_OR_PRIOR_SEAL,1,2025-10-27,2025-11-11,0
FILING_PROXY_ARL_20250320_10K,ARL,2025-03-20,1102238,HIGH,,V19_V20_DEVELOPMENT,,DEVELOPMENT_OR_PRIOR_SEAL,1,2025-03-10,2025-03-25,1
FILING_PROXY_ARL_20250807_8K,ARL,2025-08-07,1102238,HIGH,,V19_V20_DEVELOPMENT,,DEVELOPMENT_OR_PRIOR_SEAL,1,2025-07-28,2025-08-12,0
FILING_PROXY_ARL_20251212_8K,ARL,2025-12-12,1102238,HIGH,,V19_V20_DEVELOPMENT,,DEVELOPMENT_OR_PRIOR_SEAL,1,2025-12-02,2025-12-17,0
FILING_PROXY_ARM_20250507_6K,ARM,2025-05-07,1973239,HIGH,,V19_V20_DEVELOPMENT,,DEVELOPMENT_OR_PRIOR_SEAL,1,2025-04-27,2025-05-12,1
FILING_PROXY_ARM_20251105_6K,ARM,2025-11-05,1973239,HIGH,,V19_V20_DEVELOPMENT,,DEVELOPMENT_OR_PRIOR_SEAL,1,2025-10-26,2025-11-10,0
FILING_PROXY_ARQQ_20250522_6K,ARQQ,2025-05-22,1859690,HIGH,,V19_V20_DEVELOPMENT,,DEVELOPMENT_OR_PRIOR_SEAL,1,2025-05-12,2025-05-27,1
FILING_PROXY_ARQQ_20251209_6K,ARQQ,2025-12-09,1859690,HIGH,,V19_V20_DEVELOPMENT,,DEVELOPMENT_OR_PRIOR_SEAL,1,2025-11-29,2025-12-14,0
FILING_PROXY_ARQ_20250305_10K,ARQ,2025-03-05,1515156,HIGH,,V19_V20_DEVELOPMENT,,DEVELOPMENT_OR_PRIOR_SEAL,1,2025-02-23,2025-03-10,1
FILING_PROXY_ARQ_20250811_8K,ARQ,2025-08-11,1515156,HIGH,,V19_V20_DEVELOPMENT,,DEVELOPMENT_OR_PRIOR_SEAL,1,2025-08-01,2025-08-16,0
FILING_PROXY_ARQ_20251211_8K,ARQ,2025-12-11,1515156,HIGH,,V19_V20_DEVELOPMENT,,DEVELOPMENT_OR_PRIOR_SEAL,1,2025-12-01,2025-12-16,0
FILING_PROXY_ARTL_20250303_10K,ARTL,2025-03-03,1621221,HIGH,,V19_V20_DEVELOPMENT,,DEVELOPMENT_OR_PRIOR_SEAL,1,2025-02-21,2025-03-08,1
FILING_PROXY_ARTL_20250718_8K,ARTL,2025-07-18,1621221,HIGH,,V19_V20_DEVELOPMENT,,DEVELOPMENT_OR_PRIOR_SEAL,1,2025-07-08,2025-07-23,0
FILING_PROXY_ARTL_20251125_8K,ARTL,2025-11-25,1621221,HIGH,,V19_V20_DEVELOPMENT,,DEVELOPMENT_OR_PRIOR_SEAL,1,2025-11-15,2025-11-30,0
FILING_PROXY_ARW_20251030_8K,ARW,2025-10-30,7536,HIGH,,V19_V20_DEVELOPMENT,,DEVELOPMENT_OR_PRIOR_SEAL,1,2025-10-20,2025-11-04,0
FILING_PROXY_ASBP_20250618_8K,ASBP,2025-06-18,1847345,HIGH,,V19_V20_DEVELOPMENT,,DEVELOPMENT_OR_PRIOR_SEAL,1,2025-06-08,2025-06-23,1
FILING_PROXY_ASIC_20251218_8K,ASIC,2025-12-18,2040491,HIGH,,V19_V20_DEVELOPMENT,,DEVELOPMENT_OR_PRIOR_SEAL,1,2025-12-08,2025-12-23,0
FILING_PROXY_ASMB_20250320_10K,ASMB,2025-03-20,1426800,HIGH,,V19_V20_DEVELOPMENT,,DEVELOPMENT_OR_PRIOR_SEAL,1,2025-03-10,2025-03-25,1
FILING_PROXY_ASMB_20251208_8K,ASMB,2025-12-08,1426800,HIGH,,V19_V20_DEVELOPMENT,,DEVELOPMENT_OR_PRIOR_SEAL,1,2025-11-28,2025-12-13,0
FILING_PROXY_ASML_20251015_6K,ASML,2025-10-15,937966,HIGH,,V19_V20_DEVELOPMENT,,DEVELOPMENT_OR_PRIOR_SEAL,1,2025-10-05,2025-10-20,0
FILING_PROXY_ASND_20250813_6K,ASND,2025-08-13,1612042,HIGH,,V19_V20_DEVELOPMENT,,DEVELOPMENT_OR_PRIOR_SEAL,1,2025-08-03,2025-08-18,0
FILING_PROXY_ASNS_20250324_10K,ASNS,2025-03-24,1141284,HIGH,,V19_V20_DEVELOPMENT,,DEVELOPMENT_OR_PRIOR_SEAL,1,2025-03-14,2025-03-29,1
FILING_PROXY_ASNS_20250821_8K,ASNS,2025-08-21,1141284,HIGH,,V19_V20_DEVELOPMENT,,DEVELOPMENT_OR_PRIOR_SEAL,1,2025-08-11,2025-08-26,0
FILING_PROXY_ASNS_20251219_8K,ASNS,2025-12-19,1141284,HIGH,,V19_V20_DEVELOPMENT,,DEVELOPMENT_OR_PRIOR_SEAL,1,2025-12-09,2025-12-24,0
FILING_PROXY_ASO_20251209_8K,ASO,2025-12-09,1817358,HIGH,,V19_V20_DEVELOPMENT,,DEVELOPMENT_OR_PRIOR_SEAL,1,2025-11-29,2025-12-14,0
FILING_PROXY_ASPN_20250227_10K,ASPN,2025-02-27,1145986,HIGH,,V19_V20_DEVELOPMENT,,DEVELOPMENT_OR_PRIOR_SEAL,1,2025-02-17,2025-03-04,1
FILING_PROXY_ASPN_20250807_8K,ASPN,2025-08-07,1145986,HIGH,,V19_V20_DEVELOPMENT,,DEVELOPMENT_OR_PRIOR_SEAL,1,2025-07-28,2025-08-12,0
FILING_PROXY_ASPN_20251218_8K,ASPN,2025-12-18,1145986,HIGH,,V19_V20_DEVELOPMENT,,DEVELOPMENT_OR_PRIOR_SEAL,1,2025-12-08,2025-12-23,0
FILING_PROXY_ASST_20250703_8K,ASST,2025-07-03,1920406,HIGH,,V19_V20_DEVELOPMENT,,DEVELOPMENT_OR_PRIOR_SEAL,1,2025-06-23,2025-07-08,0
FILING_PROXY_ASTC_20250818_8K,ASTC,2025-08-18,1001907,HIGH,,V19_V20_DEVELOPMENT,,DEVELOPMENT_OR_PRIOR_SEAL,1,2025-08-08,2025-08-23,0
FILING_PROXY_ASTC_20251217_8K,ASTC,2025-12-17,1001907,HIGH,,V19_V20_DEVELOPMENT,,DEVELOPMENT_OR_PRIOR_SEAL,1,2025-12-07,2025-12-22,0
FILING_PROXY_ASTI_20251231_8K,ASTI,2025-12-31,1350102,HIGH,,V19_V20_DEVELOPMENT,,DEVELOPMENT_OR_PRIOR_SEAL,1,2025-12-21,2026-01-05,0
FILING_PROXY_ASYS_20250205_10Q,ASYS,2025-02-05,720500,HIGH,,V19_V20_DEVELOPMENT,,DEVELOPMENT_OR_PRIOR_SEAL,1,2025-01-26,2025-02-10,1
FILING_PROXY_ASYS_20250806_8K,ASYS,2025-08-06,720500,HIGH,,V19_V20_DEVELOPMENT,,DEVELOPMENT_OR_PRIOR_SEAL,1,2025-07-27,2025-08-11,0
FILING_PROXY_AS_20250530_6K,AS,2025-05-30,1988894,HIGH,,V19_V20_DEVELOPMENT,,DEVELOPMENT_OR_PRIOR_SEAL,1,2025-05-20,2025-06-04,1
FILING_PROXY_ATCX_20241227_6K,ATCX,2024-12-27,1684688,HIGH,,V19_V20_DEVELOPMENT,,DEVELOPMENT_OR_PRIOR_SEAL,1,2024-12-17,2025-01-01,1
FILING_PROXY_ATCX_20251204_6K,ATCX,2025-12-04,1684688,HIGH,,V19_V20_DEVELOPMENT,,DEVELOPMENT_OR_PRIOR_SEAL,1,2025-11-24,2025-12-09,0
FILING_PROXY_ATER_20250814_8K,ATER,2025-08-14,1757715,HIGH,,V19_V20_DEVELOPMENT,,DEVELOPMENT_OR_PRIOR_SEAL,1,2025-08-04,2025-08-19,0
FILING_PROXY_ATGL_20251219_6K,ATGL,2025-12-19,1967621,HIGH,,V19_V20_DEVELOPMENT,,DEVELOPMENT_OR_PRIOR_SEAL,1,2025-12-09,2025-12-24,0
FILING_PROXY_ATHM_20251106_6K,ATHM,2025-11-06,1527636,HIGH,,V19_V20_DEVELOPMENT,,DEVELOPMENT_OR_PRIOR_SEAL,1,2025-10-27,2025-11-11,0
FILING_PROXY_ATHR_20251222_8K,ATHR,2025-12-22,2026353,HIGH,,V19_V20_DEVELOPMENT,,DEVELOPMENT_OR_PRIOR_SEAL,1,2025-12-12,2025-12-27,0
FILING_PROXY_ATI_20250221_10K,ATI,2025-02-21,1018963,HIGH,,V19_V20_DEVELOPMENT,,DEVELOPMENT_OR_PRIOR_SEAL,1,2025-02-11,2025-02-26,1
FILING_PROXY_ATLC_20250513_8K,ATLC,2025-05-13,1464343,HIGH,,V19_V20_DEVELOPMENT,,DEVELOPMENT_OR_PRIOR_SEAL,1,2025-05-03,2025-05-18,1
FILING_PROXY_ATLC_20250917_8K,ATLC,2025-09-17,1464343,HIGH,,V19_V20_DEVELOPMENT,,DEVELOPMENT_OR_PRIOR_SEAL,1,2025-09-07,2025-09-22,0
FILING_PROXY_ATLX_20241108_10Q,ATLX,2024-11-08,1540684,HIGH,,V19_V20_DEVELOPMENT,,DEVELOPMENT_OR_PRIOR_SEAL,1,2024-10-29,2024-11-13,1
FILING_PROXY_ATLX_20250530_8K,ATLX,2025-05-30,1540684,HIGH,,V19_V20_DEVELOPMENT,,DEVELOPMENT_OR_PRIOR_SEAL,1,2025-05-20,2025-06-04,1
FILING_PROXY_ATLX_20251212_8K,ATLX,2025-12-12,1540684,HIGH,,V19_V20_DEVELOPMENT,,DEVELOPMENT_OR_PRIOR_SEAL,1,2025-12-02,2025-12-17,0
FILING_PROXY_ATNI_20241112_10Q,ATNI,2024-11-12,879585,HIGH,,V19_V20_DEVELOPMENT,,DEVELOPMENT_OR_PRIOR_SEAL,1,2024-11-02,2024-11-17,1
FILING_PROXY_ATNI_20250620_8K,ATNI,2025-06-20,879585,HIGH,,V19_V20_DEVELOPMENT,,DEVELOPMENT_OR_PRIOR_SEAL,1,2025-06-10,2025-06-25,1
FILING_PROXY_ATNI_20251106_8K,ATNI,2025-11-06,879585,HIGH,,V19_V20_DEVELOPMENT,,DEVELOPMENT_OR_PRIOR_SEAL,1,2025-10-27,2025-11-11,0
FILING_PROXY_ATOM_20241029_10Q,ATOM,2024-10-29,1420520,HIGH,,V19_V20_DEVELOPMENT,,DEVELOPMENT_OR_PRIOR_SEAL,1,2024-10-19,2024-11-03,1
FILING_PROXY_ATOM_20250516_8K,ATOM,2025-05-16,1420520,HIGH,,V19_V20_DEVELOPMENT,,DEVELOPMENT_OR_PRIOR_SEAL,1,2025-05-06,2025-05-21,1
FILING_PROXY_ATOS_20241112_10Q,ATOS,2024-11-12,1488039,HIGH,,V19_V20_DEVELOPMENT,,DEVELOPMENT_OR_PRIOR_SEAL,1,2024-11-02,2024-11-17,1
FILING_PROXY_ATOS_20250513_8K,ATOS,2025-05-13,1488039,HIGH,,V19_V20_DEVELOPMENT,,DEVELOPMENT_OR_PRIOR_SEAL,1,2025-05-03,2025-05-18,1
FILING_PROXY_ATOS_20251204_8K,ATOS,2025-12-04,1488039,HIGH,,V19_V20_DEVELOPMENT,,DEVELOPMENT_OR_PRIOR_SEAL,1,2025-11-24,2025-12-09,0
FILING_PROXY_ATPC_20241114_10Q,ATPC,2024-11-14,1713210,HIGH,,V19_V20_DEVELOPMENT,,DEVELOPMENT_OR_PRIOR_SEAL,1,2024-11-04,2024-11-19,1
FILING_PROXY_ATXG_20250214_10Q,ATXG,2025-02-14,1650101,HIGH,,V19_V20_DEVELOPMENT,,DEVELOPMENT_OR_PRIOR_SEAL,1,2025-02-04,2025-02-19,1
FILING_PROXY_ATXG_20250811_8K,ATXG,2025-08-11,1650101,HIGH,,V19_V20_DEVELOPMENT,,DEVELOPMENT_OR_PRIOR_SEAL,1,2025-08-01,2025-08-16,0
FILING_PROXY_ATXG_20251217_8K,ATXG,2025-12-17,1650101,HIGH,,V19_V20_DEVELOPMENT,,DEVELOPMENT_OR_PRIOR_SEAL,1,2025-12-07,2025-12-22,0
FILING_PROXY_ATYR_20250313_10K,ATYR,2025-03-13,1339970,HIGH,,V19_V20_DEVELOPMENT,,DEVELOPMENT_OR_PRIOR_SEAL,1,2025-03-03,2025-03-18,1
FILING_PROXY_ATYR_20250807_8K,ATYR,2025-08-07,1339970,HIGH,,V19_V20_DEVELOPMENT,,DEVELOPMENT_OR_PRIOR_SEAL,1,2025-07-28,2025-08-12,0
FILING_PROXY_AUC_20240614_10Q,AUC,2024-06-14,1755058,HIGH,,V19_V20_DEVELOPMENT,,DEVELOPMENT_OR_PRIOR_SEAL,1,2024-06-04,2024-06-19,1
FILING_PROXY_AUC_20250226_8K,AUC,2025-02-26,1755058,HIGH,,V19_V20_DEVELOPMENT,,DEVELOPMENT_OR_PRIOR_SEAL,1,2025-02-16,2025-03-03,1
FILING_PROXY_AUC_20251015_6K,AUC,2025-10-15,1755058,HIGH,,V19_V20_DEVELOPMENT,,DEVELOPMENT_OR_PRIOR_SEAL,1,2025-10-05,2025-10-20,0
FILING_PROXY_AUID_20250626_8K,AUID,2025-06-26,1534154,HIGH,,V19_V20_DEVELOPMENT,,DEVELOPMENT_OR_PRIOR_SEAL,1,2025-06-16,2025-07-01,1
FILING_PROXY_AUID_20251124_8K,AUID,2025-11-24,1534154,HIGH,,V19_V20_DEVELOPMENT,,DEVELOPMENT_OR_PRIOR_SEAL,1,2025-11-14,2025-11-29,0
FILING_PROXY_AUPH_20250227_10K,AUPH,2025-02-27,1600620,HIGH,,V19_V20_DEVELOPMENT,,DEVELOPMENT_OR_PRIOR_SEAL,1,2025-02-17,2025-03-04,1
FILING_PROXY_AUPH_20250630_8K,AUPH,2025-06-30,1600620,HIGH,,V19_V20_DEVELOPMENT,,DEVELOPMENT_OR_PRIOR_SEAL,1,2025-06-20,2025-07-05,1
FILING_PROXY_AURE_20250815_6K,AURE,2025-08-15,1765850,HIGH,,V19_V20_DEVELOPMENT,,DEVELOPMENT_OR_PRIOR_SEAL,1,2025-08-05,2025-08-20,0
FILING_PROXY_AUTL_20241112_10Q,AUTL,2024-11-12,1730463,HIGH,,V19_V20_DEVELOPMENT,,DEVELOPMENT_OR_PRIOR_SEAL,1,2024-11-02,2024-11-17,1
FILING_PROXY_AUTL_20250627_8K,AUTL,2025-06-27,1730463,HIGH,,V19_V20_DEVELOPMENT,,DEVELOPMENT_OR_PRIOR_SEAL,1,2025-06-17,2025-07-02,1
FILING_PROXY_AUTL_20251202_8K,AUTL,2025-12-02,1730463,HIGH,,V19_V20_DEVELOPMENT,,DEVELOPMENT_OR_PRIOR_SEAL,1,2025-11-22,2025-12-07,0
FILING_PROXY_AUUD_20250305_10K,AUUD,2025-03-05,1554818,HIGH,,V19_V20_DEVELOPMENT,,DEVELOPMENT_OR_PRIOR_SEAL,1,2025-02-23,2025-03-10,1
FILING_PROXY_AUUD_20250805_8K,AUUD,2025-08-05,1554818,HIGH,,V19_V20_DEVELOPMENT,,DEVELOPMENT_OR_PRIOR_SEAL,1,2025-07-26,2025-08-10,0
FILING_PROXY_AU_20250801_6K,AU,2025-08-01,1973832,HIGH,,V19_V20_DEVELOPMENT,,DEVELOPMENT_OR_PRIOR_SEAL,1,2025-07-22,2025-08-06,0
FILING_PROXY_AU_20251223_6K,AU,2025-12-23,1973832,HIGH,,V19_V20_DEVELOPMENT,,DEVELOPMENT_OR_PRIOR_SEAL,1,2025-12-13,2025-12-28,0
FILING_PROXY_AVBP_20250702_8K,AVBP,2025-07-02,1868279,HIGH,,V19_V20_DEVELOPMENT,,DEVELOPMENT_OR_PRIOR_SEAL,1,2025-06-22,2025-07-07,0
FILING_PROXY_AVBP_20251110_8K,AVBP,2025-11-10,1868279,HIGH,,V19_V20_DEVELOPMENT,,DEVELOPMENT_OR_PRIOR_SEAL,1,2025-10-31,2025-11-15,0
FILING_PROXY_AVX_20250606_8K,AVX,2025-06-06,1826397,HIGH,,V19_V20_DEVELOPMENT,,DEVELOPMENT_OR_PRIOR_SEAL,1,2025-05-27,2025-06-11,1
FILING_PROXY_AVX_20251120_8K,AVX,2025-11-20,1826397,HIGH,,V19_V20_DEVELOPMENT,,DEVELOPMENT_OR_PRIOR_SEAL,1,2025-11-10,2025-11-25,0
FILING_PROXY_AWRE_20250616_8K,AWRE,2025-06-16,1015739,HIGH,,V19_V20_DEVELOPMENT,,DEVELOPMENT_OR_PRIOR_SEAL,1,2025-06-06,2025-06-21,1
FILING_PROXY_AWRE_20251029_8K,AWRE,2025-10-29,1015739,HIGH,,V19_V20_DEVELOPMENT,,DEVELOPMENT_OR_PRIOR_SEAL,1,2025-10-19,2025-11-03,0
FILING_PROXY_AWX_20241108_10Q,AWX,2024-11-08,1061069,HIGH,,V19_V20_DEVELOPMENT,,DEVELOPMENT_OR_PRIOR_SEAL,1,2024-10-29,2024-11-13,1
FILING_PROXY_AWX_20250508_8K,AWX,2025-05-08,1061069,HIGH,,V19_V20_DEVELOPMENT,,DEVELOPMENT_OR_PRIOR_SEAL,1,2025-04-28,2025-05-13,1
FILING_PROXY_AXGN_20250805_8K,AXGN,2025-08-05,805928,HIGH,,V19_V20_DEVELOPMENT,,DEVELOPMENT_OR_PRIOR_SEAL,1,2025-07-26,2025-08-10,0
FILING_PROXY_AXGN_20251205_8K,AXGN,2025-12-05,805928,HIGH,,V19_V20_DEVELOPMENT,,DEVELOPMENT_OR_PRIOR_SEAL,1,2025-11-25,2025-12-10,0
FILING_PROXY_AXON_20251218_8K,AXON,2025-12-18,1069183,HIGH,,V19_V20_DEVELOPMENT,,DEVELOPMENT_OR_PRIOR_SEAL,1,2025-12-08,2025-12-23,0
FILING_PROXY_AXSM_20250218_10K,AXSM,2025-02-18,1579428,HIGH,,V19_V20_DEVELOPMENT,,DEVELOPMENT_OR_PRIOR_SEAL,1,2025-02-08,2025-02-23,1
FILING_PROXY_AXSM_20251231_8K,AXSM,2025-12-31,1579428,HIGH,,V19_V20_DEVELOPMENT,,DEVELOPMENT_OR_PRIOR_SEAL,1,2025-12-21,2026-01-05,0
FILING_PROXY_AYI_20250403_8K,AYI,2025-04-03,1144215,HIGH,,V19_V20_DEVELOPMENT,,DEVELOPMENT_OR_PRIOR_SEAL,1,2025-03-24,2025-04-08,1
FILING_PROXY_AZIO_20241114_10Q,AZIO,2024-11-14,1563568,HIGH,,V19_V20_DEVELOPMENT,,DEVELOPMENT_OR_PRIOR_SEAL,1,2024-11-04,2024-11-19,1
FILING_PROXY_AZIO_20251230_8K,AZIO,2025-12-30,1563568,HIGH,,V19_V20_DEVELOPMENT,,DEVELOPMENT_OR_PRIOR_SEAL,1,2025-12-20,2026-01-04,0
FILING_PROXY_AZO_20241220_10Q,AZO,2024-12-20,866787,HIGH,,V19_V20_DEVELOPMENT,,DEVELOPMENT_OR_PRIOR_SEAL,1,2024-12-10,2024-12-25,1
FILING_PROXY_AZO_20251219_8K,AZO,2025-12-19,866787,HIGH,,V19_V20_DEVELOPMENT,,DEVELOPMENT_OR_PRIOR_SEAL,1,2025-12-09,2025-12-24,0
FILING_PROXY_AZTA_20250210_10Q,AZTA,2025-02-10,933974,HIGH,,V19_V20_DEVELOPMENT,,DEVELOPMENT_OR_PRIOR_SEAL,1,2025-01-31,2025-02-15,1
FILING_PROXY_AZTA_20250805_8K,AZTA,2025-08-05,933974,HIGH,,V19_V20_DEVELOPMENT,,DEVELOPMENT_OR_PRIOR_SEAL,1,2025-07-26,2025-08-10,0
FILING_PROXY_AZTA_20251229_8K,AZTA,2025-12-29,933974,HIGH,,V19_V20_DEVELOPMENT,,DEVELOPMENT_OR_PRIOR_SEAL,1,2025-12-19,2026-01-03,0
FILING_PROXY_AZ_20250813_6K,AZ,2025-08-13,1866030,HIGH,,V19_V20_DEVELOPMENT,,DEVELOPMENT_OR_PRIOR_SEAL,1,2025-08-03,2025-08-18,0
FILING_PROXY_AZ_20251216_6K,AZ,2025-12-16,1866030,HIGH,,V19_V20_DEVELOPMENT,,DEVELOPMENT_OR_PRIOR_SEAL,1,2025-12-06,2025-12-21,0
FILING_PROXY_A_20250303_10Q,A,2025-03-03,1090872,HIGH,,V19_V20_DEVELOPMENT,,DEVELOPMENT_OR_PRIOR_SEAL,1,2025-02-21,2025-03-08,1
FILING_PROXY_A_20250715_8K,A,2025-07-15,1090872,HIGH,,V19_V20_DEVELOPMENT,,DEVELOPMENT_OR_PRIOR_SEAL,1,2025-07-05,2025-07-20,0
FILING_PROXY_A_20251124_8K,A,2025-11-24,1090872,HIGH,,V19_V20_DEVELOPMENT,,DEVELOPMENT_OR_PRIOR_SEAL,1,2025-11-14,2025-11-29,0
FILING_PROXY_BAER_20250314_10K,BAER,2025-03-14,1941536,HIGH,,V19_V20_DEVELOPMENT,,DEVELOPMENT_OR_PRIOR_SEAL,1,2025-03-04,2025-03-19,1
FILING_PROXY_BAER_20250811_8K,BAER,2025-08-11,1941536,HIGH,,V19_V20_DEVELOPMENT,,DEVELOPMENT_OR_PRIOR_SEAL,1,2025-08-01,2025-08-16,0
FILING_PROXY_BAK_20250829_6K,BAK,2025-08-29,1071438,HIGH,,V19_V20_DEVELOPMENT,,DEVELOPMENT_OR_PRIOR_SEAL,1,2025-08-19,2025-09-03,0
FILING_PROXY_BALL_20250220_10K,BALL,2025-02-20,9389,HIGH,,V19_V20_DEVELOPMENT,,DEVELOPMENT_OR_PRIOR_SEAL,1,2025-02-10,2025-02-25,1
FILING_PROXY_BALL_20251210_8K,BALL,2025-12-10,9389,HIGH,,V19_V20_DEVELOPMENT,,DEVELOPMENT_OR_PRIOR_SEAL,1,2025-11-30,2025-12-15,0
FILING_PROXY_BAND_20250220_10K,BAND,2025-02-20,1514416,HIGH,,V19_V20_DEVELOPMENT,,DEVELOPMENT_OR_PRIOR_SEAL,1,2025-02-10,2025-02-25,1
FILING_PROXY_BAND_20250729_8K,BAND,2025-07-29,1514416,HIGH,,V19_V20_DEVELOPMENT,,DEVELOPMENT_OR_PRIOR_SEAL,1,2025-07-19,2025-08-03,0
FILING_PROXY_BAND_20251205_8K,BAND,2025-12-05,1514416,HIGH,,V19_V20_DEVELOPMENT,,DEVELOPMENT_OR_PRIOR_SEAL,1,2025-11-25,2025-12-10,0
FILING_PROXY_BANL_20250603_6K,BANL,2025-06-03,1914805,HIGH,,V19_V20_DEVELOPMENT,,DEVELOPMENT_OR_PRIOR_SEAL,1,2025-05-24,2025-06-08,1
FILING_PROXY_BAOS_20250723_6K,BAOS,2025-07-23,1811216,HIGH,,V19_V20_DEVELOPMENT,,DEVELOPMENT_OR_PRIOR_SEAL,1,2025-07-13,2025-07-28,0
FILING_PROXY_BAOS_20251128_6K,BAOS,2025-11-28,1811216,HIGH,,V19_V20_DEVELOPMENT,,DEVELOPMENT_OR_PRIOR_SEAL,1,2025-11-18,2025-12-03,0
FILING_PROXY_BARK_20250205_10Q,BARK,2025-02-05,1819574,HIGH,,V19_V20_DEVELOPMENT,,DEVELOPMENT_OR_PRIOR_SEAL,1,2025-01-26,2025-02-10,1
FILING_PROXY_BARK_20250807_8K,BARK,2025-08-07,1819574,HIGH,,V19_V20_DEVELOPMENT,,DEVELOPMENT_OR_PRIOR_SEAL,1,2025-07-28,2025-08-12,0
FILING_PROXY_BATRK_20251105_8K,BATRK,2025-11-05,1958140,HIGH,,V19_V20_DEVELOPMENT,,DEVELOPMENT_OR_PRIOR_SEAL,1,2025-10-26,2025-11-10,0
FILING_PROXY_BAX_20250221_10K,BAX,2025-02-21,10456,HIGH,,V19_V20_DEVELOPMENT,,DEVELOPMENT_OR_PRIOR_SEAL,1,2025-02-11,2025-02-26,1
FILING_PROXY_BAX_20250731_8K,BAX,2025-07-31,10456,HIGH,,V19_V20_DEVELOPMENT,,DEVELOPMENT_OR_PRIOR_SEAL,1,2025-07-21,2025-08-05,0
FILING_PROXY_BA_20250203_10K,BA,2025-02-03,12927,HIGH,,V19_V20_DEVELOPMENT,,DEVELOPMENT_OR_PRIOR_SEAL,1,2025-01-24,2025-02-08,1
FILING_PROXY_BBAI_20250717_8K,BBAI,2025-07-17,1836981,HIGH,,V19_V20_DEVELOPMENT,,DEVELOPMENT_OR_PRIOR_SEAL,1,2025-07-07,2025-07-22,0
FILING_PROXY_BBAI_20251201_8K,BBAI,2025-12-01,1836981,HIGH,,V19_V20_DEVELOPMENT,,DEVELOPMENT_OR_PRIOR_SEAL,1,2025-11-21,2025-12-06,0
FILING_PROXY_BBBY_20250225_10K,BBBY,2025-02-25,1130713,HIGH,,V19_V20_DEVELOPMENT,,DEVELOPMENT_OR_PRIOR_SEAL,1,2025-02-15,2025-03-02,1
FILING_PROXY_BBBY_20250728_8K,BBBY,2025-07-28,1130713,HIGH,,V19_V20_DEVELOPMENT,,DEVELOPMENT_OR_PRIOR_SEAL,1,2025-07-18,2025-08-02,0
FILING_PROXY_BBBY_20251202_8K,BBBY,2025-12-02,1130713,HIGH,,V19_V20_DEVELOPMENT,,DEVELOPMENT_OR_PRIOR_SEAL,1,2025-11-22,2025-12-07,0
FILING_PROXY_BBCP_20250904_8K,BBCP,2025-09-04,1703956,HIGH,,V19_V20_DEVELOPMENT,,DEVELOPMENT_OR_PRIOR_SEAL,1,2025-08-25,2025-09-09,0
FILING_PROXY_BBGI_20250626_8K,BBGI,2025-06-26,1099160,HIGH,,V19_V20_DEVELOPMENT,,DEVELOPMENT_OR_PRIOR_SEAL,1,2025-06-16,2025-07-01,1
FILING_PROXY_BBGI_20251113_8K,BBGI,2025-11-13,1099160,HIGH,,V19_V20_DEVELOPMENT,,DEVELOPMENT_OR_PRIOR_SEAL,1,2025-11-03,2025-11-18,0
FILING_PROXY_BBLG_20250411_8K,BBLG,2025-04-11,1419554,HIGH,,V19_V20_DEVELOPMENT,,DEVELOPMENT_OR_PRIOR_SEAL,1,2025-04-01,2025-04-16,1
FILING_PROXY_BBSI_20251105_8K,BBSI,2025-11-05,902791,HIGH,,V19_V20_DEVELOPMENT,,DEVELOPMENT_OR_PRIOR_SEAL,1,2025-10-26,2025-11-10,0
FILING_PROXY_BBUC_20250703_6K,BBUC,2025-07-03,1871130,HIGH,,V19_V20_DEVELOPMENT,,DEVELOPMENT_OR_PRIOR_SEAL,1,2025-06-23,2025-07-08,0
FILING_PROXY_BBUC_20251128_6K,BBUC,2025-11-28,1871130,HIGH,,V19_V20_DEVELOPMENT,,DEVELOPMENT_OR_PRIOR_SEAL,1,2025-11-18,2025-12-03,0
FILING_PROXY_BBWI_20251120_8K,BBWI,2025-11-20,701985,HIGH,,V19_V20_DEVELOPMENT,,DEVELOPMENT_OR_PRIOR_SEAL,1,2025-11-10,2025-11-25,0
FILING_PROXY_BBY_20250711_8K,BBY,2025-07-11,764478,HIGH,,V19_V20_DEVELOPMENT,,DEVELOPMENT_OR_PRIOR_SEAL,1,2025-07-01,2025-07-16,0
FILING_PROXY_BB_20250625_8K,BB,2025-06-25,1070235,HIGH,,V19_V20_DEVELOPMENT,,DEVELOPMENT_OR_PRIOR_SEAL,1,2025-06-15,2025-06-30,1
FILING_PROXY_BB_20251218_8K,BB,2025-12-18,1070235,HIGH,,V19_V20_DEVELOPMENT,,DEVELOPMENT_OR_PRIOR_SEAL,1,2025-12-08,2025-12-23,0
FILING_PROXY_BCAB_20251231_8K,BCAB,2025-12-31,1826892,HIGH,,V19_V20_DEVELOPMENT,,DEVELOPMENT_OR_PRIOR_SEAL,1,2025-12-21,2026-01-05,0
FILING_PROXY_BCC_20250220_10K,BCC,2025-02-20,1328581,HIGH,,V19_V20_DEVELOPMENT,,DEVELOPMENT_OR_PRIOR_SEAL,1,2025-02-10,2025-02-25,1
FILING_PROXY_BCG_20241114_10Q,BCG,2024-11-14,1953984,HIGH,,V19_V20_DEVELOPMENT,,DEVELOPMENT_OR_PRIOR_SEAL,1,2024-11-04,2024-11-19,1
FILING_PROXY_BCG_20251201_8K,BCG,2025-12-01,1953984,HIGH,,V19_V20_DEVELOPMENT,,DEVELOPMENT_OR_PRIOR_SEAL,1,2025-11-21,2025-12-06,0
FILING_PROXY_BDMD_20251205_6K,BDMD,2025-12-05,1982444,HIGH,,V19_V20_DEVELOPMENT,,DEVELOPMENT_OR_PRIOR_SEAL,1,2025-11-25,2025-12-10,0
FILING_PROXY_BDRX_20250818_6K,BDRX,2025-08-18,1643918,HIGH,,V19_V20_DEVELOPMENT,,DEVELOPMENT_OR_PRIOR_SEAL,1,2025-08-08,2025-08-23,0
FILING_PROXY_BDRX_20251218_6K,BDRX,2025-12-18,1643918,HIGH,,V19_V20_DEVELOPMENT,,DEVELOPMENT_OR_PRIOR_SEAL,1,2025-12-08,2025-12-23,0
FILING_PROXY_BDX_20250206_10Q,BDX,2025-02-06,10795,HIGH,,V19_V20_DEVELOPMENT,,DEVELOPMENT_OR_PRIOR_SEAL,1,2025-01-27,2025-02-11,1
FILING_PROXY_BDX_20250714_8K,BDX,2025-07-14,10795,HIGH,,V19_V20_DEVELOPMENT,,DEVELOPMENT_OR_PRIOR_SEAL,1,2025-07-04,2025-07-19,0
FILING_PROXY_BEAT_20250313_10K,BEAT,2025-03-13,1779372,HIGH,,V19_V20_DEVELOPMENT,,DEVELOPMENT_OR_PRIOR_SEAL,1,2025-03-03,2025-03-18,1
FILING_PROXY_BEEM_20241114_10Q,BEEM,2024-11-14,1398805,HIGH,,V19_V20_DEVELOPMENT,,DEVELOPMENT_OR_PRIOR_SEAL,1,2024-11-04,2024-11-19,1
FILING_PROXY_BEEM_20250702_8K,BEEM,2025-07-02,1398805,HIGH,,V19_V20_DEVELOPMENT,,DEVELOPMENT_OR_PRIOR_SEAL,1,2025-06-22,2025-07-07,0
FILING_PROXY_BEEM_20251114_8K,BEEM,2025-11-14,1398805,HIGH,,V19_V20_DEVELOPMENT,,DEVELOPMENT_OR_PRIOR_SEAL,1,2025-11-04,2025-11-19,0
FILING_PROXY_BEEP_20250311_10K,BEEP,2025-03-11,1847874,HIGH,,V19_V20_DEVELOPMENT,,DEVELOPMENT_OR_PRIOR_SEAL,1,2025-03-01,2025-03-16,1
FILING_PROXY_BEEP_20250821_8K,BEEP,2025-08-21,1847874,HIGH,,V19_V20_DEVELOPMENT,,DEVELOPMENT_OR_PRIOR_SEAL,1,2025-08-11,2025-08-26,0
FILING_PROXY_BENF_20250214_10Q,BENF,2025-02-14,1775734,HIGH,,V19_V20_DEVELOPMENT,,DEVELOPMENT_OR_PRIOR_SEAL,1,2025-02-04,2025-02-19,1
FILING_PROXY_BENF_20250805_8K,BENF,2025-08-05,1775734,HIGH,,V19_V20_DEVELOPMENT,,DEVELOPMENT_OR_PRIOR_SEAL,1,2025-07-26,2025-08-10,0
FILING_PROXY_BENF_20251217_8K,BENF,2025-12-17,1775734,HIGH,,V19_V20_DEVELOPMENT,,DEVELOPMENT_OR_PRIOR_SEAL,1,2025-12-07,2025-12-22,0
FILING_PROXY_BEN_20250131_10Q,BEN,2025-01-31,38777,HIGH,,V19_V20_DEVELOPMENT,,DEVELOPMENT_OR_PRIOR_SEAL,1,2025-01-21,2025-02-05,1
FILING_PROXY_BEPC_20250801_6K,BEPC,2025-08-01,1791863,HIGH,,V19_V20_DEVELOPMENT,,DEVELOPMENT_OR_PRIOR_SEAL,1,2025-07-22,2025-08-06,0
FILING_PROXY_BEPC_20251215_6K,BEPC,2025-12-15,1791863,HIGH,,V19_V20_DEVELOPMENT,,DEVELOPMENT_OR_PRIOR_SEAL,1,2025-12-05,2025-12-20,0
FILING_PROXY_BETR_20250319_10K,BETR,2025-03-19,1835856,HIGH,,V19_V20_DEVELOPMENT,,DEVELOPMENT_OR_PRIOR_SEAL,1,2025-03-09,2025-03-24,1
FILING_PROXY_BETR_20250807_8K,BETR,2025-08-07,1835856,HIGH,,V19_V20_DEVELOPMENT,,DEVELOPMENT_OR_PRIOR_SEAL,1,2025-07-28,2025-08-12,0
FILING_PROXY_BF-A_20251204_8K,BF-A,2025-12-04,14693,HIGH,,V19_V20_DEVELOPMENT,,DEVELOPMENT_OR_PRIOR_SEAL,1,2025-11-24,2025-12-09,0
FILING_PROXY_BFLY_20241101_10Q,BFLY,2024-11-01,1804176,HIGH,,V19_V20_DEVELOPMENT,,DEVELOPMENT_OR_PRIOR_SEAL,1,2024-10-22,2024-11-06,1
FILING_PROXY_BFLY_20251118_8K,BFLY,2025-11-18,1804176,HIGH,,V19_V20_DEVELOPMENT,,DEVELOPMENT_OR_PRIOR_SEAL,1,2025-11-08,2025-11-23,0
FILING_PROXY_BFRI_20250701_8K,BFRI,2025-07-01,1858685,HIGH,,V19_V20_DEVELOPMENT,,DEVELOPMENT_OR_PRIOR_SEAL,1,2025-06-21,2025-07-06,0
FILING_PROXY_BGDE_20250328_10K,BGDE,2025-03-28,1218683,HIGH,,V19_V20_DEVELOPMENT,,DEVELOPMENT_OR_PRIOR_SEAL,1,2025-03-18,2025-04-02,1
FILING_PROXY_BGDE_20250812_8K,BGDE,2025-08-12,1218683,HIGH,,V19_V20_DEVELOPMENT,,DEVELOPMENT_OR_PRIOR_SEAL,1,2025-08-02,2025-08-17,0
FILING_PROXY_BGDE_20251230_8K,BGDE,2025-12-30,1218683,HIGH,,V19_V20_DEVELOPMENT,,DEVELOPMENT_OR_PRIOR_SEAL,1,2025-12-20,2026-01-04,0
FILING_PROXY_BGMS_20241112_10Q,BGMS,2024-11-12,1130166,HIGH,,V19_V20_DEVELOPMENT,,DEVELOPMENT_OR_PRIOR_SEAL,1,2024-11-02,2024-11-17,1
FILING_PROXY_BGMS_20250716_8K,BGMS,2025-07-16,1130166,HIGH,,V19_V20_DEVELOPMENT,,DEVELOPMENT_OR_PRIOR_SEAL,1,2025-07-06,2025-07-21,0
FILING_PROXY_BGM_20251222_6K,BGM,2025-12-22,1779578,HIGH,,V19_V20_DEVELOPMENT,,DEVELOPMENT_OR_PRIOR_SEAL,1,2025-12-12,2025-12-27,0
FILING_PROXY_BGS_20250225_10K,BGS,2025-02-25,1278027,HIGH,,V19_V20_DEVELOPMENT,,DEVELOPMENT_OR_PRIOR_SEAL,1,2025-02-15,2025-03-02,1
FILING_PROXY_BGS_20250701_8K,BGS,2025-07-01,1278027,HIGH,,V19_V20_DEVELOPMENT,,DEVELOPMENT_OR_PRIOR_SEAL,1,2025-06-21,2025-07-06,0
FILING_PROXY_BGS_20251105_8K,BGS,2025-11-05,1278027,HIGH,,V19_V20_DEVELOPMENT,,DEVELOPMENT_OR_PRIOR_SEAL,1,2025-10-26,2025-11-10,0
FILING_PROXY_BHP_20251209_6K,BHP,2025-12-09,811809,HIGH,,V19_V20_DEVELOPMENT,,DEVELOPMENT_OR_PRIOR_SEAL,1,2025-11-29,2025-12-14,0
FILING_PROXY_BHST_20251218_6K,BHST,2025-12-18,1723464,HIGH,,V19_V20_DEVELOPMENT,,DEVELOPMENT_OR_PRIOR_SEAL,1,2025-12-08,2025-12-23,0
FILING_PROXY_BIAF_20250331_10K,BIAF,2025-03-31,1712762,HIGH,,V19_V20_DEVELOPMENT,,DEVELOPMENT_OR_PRIOR_SEAL,1,2025-03-21,2025-04-05,1
FILING_PROXY_BIAF_20250818_8K,BIAF,2025-08-18,1712762,HIGH,,V19_V20_DEVELOPMENT,,DEVELOPMENT_OR_PRIOR_SEAL,1,2025-08-08,2025-08-23,0
FILING_PROXY_BIAF_20251222_8K,BIAF,2025-12-22,1712762,HIGH,,V19_V20_DEVELOPMENT,,DEVELOPMENT_OR_PRIOR_SEAL,1,2025-12-12,2025-12-27,0
FILING_PROXY_BIOX_20250902_6K,BIOX,2025-09-02,1769484,HIGH,,V19_V20_DEVELOPMENT,,DEVELOPMENT_OR_PRIOR_SEAL,1,2025-08-23,2025-09-07,0
FILING_PROXY_BIRD_20251106_8K,BIRD,2025-11-06,1653909,HIGH,,V19_V20_DEVELOPMENT,,DEVELOPMENT_OR_PRIOR_SEAL,1,2025-10-27,2025-11-11,0
FILING_PROXY_BIRK_20251218_6K,BIRK,2025-12-18,1977102,HIGH,,V19_V20_DEVELOPMENT,,DEVELOPMENT_OR_PRIOR_SEAL,1,2025-12-08,2025-12-23,0
FILING_PROXY_BIVI_20250211_10Q,BIVI,2025-02-11,1580149,HIGH,,V19_V20_DEVELOPMENT,,DEVELOPMENT_OR_PRIOR_SEAL,1,2025-02-01,2025-02-16,1
FILING_PROXY_BIVI_20250627_8K,BIVI,2025-06-27,1580149,HIGH,,V19_V20_DEVELOPMENT,,DEVELOPMENT_OR_PRIOR_SEAL,1,2025-06-17,2025-07-02,1
FILING_PROXY_BIVI_20251113_8K,BIVI,2025-11-13,1580149,HIGH,,V19_V20_DEVELOPMENT,,DEVELOPMENT_OR_PRIOR_SEAL,1,2025-11-03,2025-11-18,0
FILING_PROXY_BIYA_20251223_6K,BIYA,2025-12-23,1944712,HIGH,,V19_V20_DEVELOPMENT,,DEVELOPMENT_OR_PRIOR_SEAL,1,2025-12-13,2025-12-28,0
FILING_PROXY_BJDX_20250331_10K,BJDX,2025-03-31,1704287,HIGH,,V19_V20_DEVELOPMENT,,DEVELOPMENT_OR_PRIOR_SEAL,1,2025-03-21,2025-04-05,1
FILING_PROXY_BJDX_20250815_8K,BJDX,2025-08-15,1704287,HIGH,,V19_V20_DEVELOPMENT,,DEVELOPMENT_OR_PRIOR_SEAL,1,2025-08-05,2025-08-20,0
FILING_PROXY_BJRI_20241104_10Q,BJRI,2024-11-04,1013488,HIGH,,V19_V20_DEVELOPMENT,,DEVELOPMENT_OR_PRIOR_SEAL,1,2024-10-25,2024-11-09,1
FILING_PROXY_BJRI_20250618_8K,BJRI,2025-06-18,1013488,HIGH,,V19_V20_DEVELOPMENT,,DEVELOPMENT_OR_PRIOR_SEAL,1,2025-06-08,2025-06-23,1
FILING_PROXY_BJRI_20251117_8K,BJRI,2025-11-17,1013488,HIGH,,V19_V20_DEVELOPMENT,,DEVELOPMENT_OR_PRIOR_SEAL,1,2025-11-07,2025-11-22,0
FILING_PROXY_BJ_20250620_8K,BJ,2025-06-20,1531152,HIGH,,V19_V20_DEVELOPMENT,,DEVELOPMENT_OR_PRIOR_SEAL,1,2025-06-10,2025-06-25,1
FILING_PROXY_BJ_20251121_8K,BJ,2025-11-21,1531152,HIGH,,V19_V20_DEVELOPMENT,,DEVELOPMENT_OR_PRIOR_SEAL,1,2025-11-11,2025-11-26,0
FILING_PROXY_BKD_20250219_10K,BKD,2025-02-19,1332349,HIGH,,V19_V20_DEVELOPMENT,,DEVELOPMENT_OR_PRIOR_SEAL,1,2025-02-09,2025-02-24,1
FILING_PROXY_BKD_20251118_8K,BKD,2025-11-18,1332349,HIGH,,V19_V20_DEVELOPMENT,,DEVELOPMENT_OR_PRIOR_SEAL,1,2025-11-08,2025-11-23,0
FILING_PROXY_BKKT_20250320_10K,BKKT,2025-03-20,1820302,HIGH,,V19_V20_DEVELOPMENT,,DEVELOPMENT_OR_PRIOR_SEAL,1,2025-03-10,2025-03-25,1
FILING_PROXY_BKKT_20251215_8K,BKKT,2025-12-15,1820302,HIGH,,V19_V20_DEVELOPMENT,,DEVELOPMENT_OR_PRIOR_SEAL,1,2025-12-05,2025-12-20,0
FILING_PROXY_BKSY_20250807_8K,BKSY,2025-08-07,1753539,HIGH,,V19_V20_DEVELOPMENT,,DEVELOPMENT_OR_PRIOR_SEAL,1,2025-07-28,2025-08-12,0
FILING_PROXY_BKYI_20241114_10Q,BKYI,2024-11-14,1019034,HIGH,,V19_V20_DEVELOPMENT,,DEVELOPMENT_OR_PRIOR_SEAL,1,2024-11-04,2024-11-19,1
FILING_PROXY_BLBD_20250205_10Q,BLBD,2025-02-05,1589526,HIGH,,V19_V20_DEVELOPMENT,,DEVELOPMENT_OR_PRIOR_SEAL,1,2025-01-26,2025-02-10,1
FILING_PROXY_BLBD_20250807_8K,BLBD,2025-08-07,1589526,HIGH,,V19_V20_DEVELOPMENT,,DEVELOPMENT_OR_PRIOR_SEAL,1,2025-07-28,2025-08-12,0
FILING_PROXY_BLK_20241106_10Q,BLK,2024-11-06,2012383,HIGH,,V19_V20_DEVELOPMENT,,DEVELOPMENT_OR_PRIOR_SEAL,1,2024-10-27,2024-11-11,1
FILING_PROXY_BLK_20251014_8K,BLK,2025-10-14,2012383,HIGH,,V19_V20_DEVELOPMENT,,DEVELOPMENT_OR_PRIOR_SEAL,1,2025-10-04,2025-10-19,0
FILING_PROXY_BLNE_20250415_10K,BLNE,2025-04-15,1534708,HIGH,,V19_V20_DEVELOPMENT,,DEVELOPMENT_OR_PRIOR_SEAL,1,2025-04-05,2025-04-20,1
FILING_PROXY_BLNE_20250828_8K,BLNE,2025-08-28,1534708,HIGH,,V19_V20_DEVELOPMENT,,DEVELOPMENT_OR_PRIOR_SEAL,1,2025-08-18,2025-09-02,0
FILING_PROXY_BLNK_20251212_8K,BLNK,2025-12-12,1429764,HIGH,,V19_V20_DEVELOPMENT,,DEVELOPMENT_OR_PRIOR_SEAL,1,2025-12-02,2025-12-17,0
FILING_PROXY_BL_20250221_10K,BL,2025-02-21,1666134,HIGH,,V19_V20_DEVELOPMENT,,DEVELOPMENT_OR_PRIOR_SEAL,1,2025-02-11,2025-02-26,1
FILING_PROXY_BL_20250805_8K,BL,2025-08-05,1666134,HIGH,,V19_V20_DEVELOPMENT,,DEVELOPMENT_OR_PRIOR_SEAL,1,2025-07-26,2025-08-10,0
FILING_PROXY_BMEA_20250620_8K,BMEA,2025-06-20,1840439,HIGH,,V19_V20_DEVELOPMENT,,DEVELOPMENT_OR_PRIOR_SEAL,1,2025-06-10,2025-06-25,1
FILING_PROXY_BMEA_20251104_8K,BMEA,2025-11-04,1840439,HIGH,,V19_V20_DEVELOPMENT,,DEVELOPMENT_OR_PRIOR_SEAL,1,2025-10-25,2025-11-09,0
FILING_PROXY_BMGL_20251201_6K,BMGL,2025-12-01,2004489,HIGH,,V19_V20_DEVELOPMENT,,DEVELOPMENT_OR_PRIOR_SEAL,1,2025-11-21,2025-12-06,0
FILING_PROXY_BMR_20250821_6K,BMR,2025-08-21,1899005,HIGH,,V19_V20_DEVELOPMENT,,DEVELOPMENT_OR_PRIOR_SEAL,1,2025-08-11,2025-08-26,0
FILING_PROXY_BMR_20251230_6K,BMR,2025-12-30,1899005,HIGH,,V19_V20_DEVELOPMENT,,DEVELOPMENT_OR_PRIOR_SEAL,1,2025-12-20,2026-01-04,0
FILING_PROXY_BMY_20241031_10Q,BMY,2024-10-31,14272,HIGH,,V19_V20_DEVELOPMENT,,DEVELOPMENT_OR_PRIOR_SEAL,1,2024-10-21,2024-11-05,1
FILING_PROXY_BNAI_20250331_10K,BNAI,2025-03-31,1838163,HIGH,,V19_V20_DEVELOPMENT,,DEVELOPMENT_OR_PRIOR_SEAL,1,2025-03-21,2025-04-05,1
FILING_PROXY_BNAI_20250827_8K,BNAI,2025-08-27,1838163,HIGH,,V19_V20_DEVELOPMENT,,DEVELOPMENT_OR_PRIOR_SEAL,1,2025-08-17,2025-09-01,0
FILING_PROXY_BNC_20250327_10K,BNC,2025-03-27,1482541,HIGH,,V19_V20_DEVELOPMENT,,DEVELOPMENT_OR_PRIOR_SEAL,1,2025-03-17,2025-04-01,1
FILING_PROXY_BNC_20250825_8K,BNC,2025-08-25,1482541,HIGH,,V19_V20_DEVELOPMENT,,DEVELOPMENT_OR_PRIOR_SEAL,1,2025-08-15,2025-08-30,0
FILING_PROXY_BNGO_20241114_10Q,BNGO,2024-11-14,1411690,HIGH,,V19_V20_DEVELOPMENT,,DEVELOPMENT_OR_PRIOR_SEAL,1,2024-11-04,2024-11-19,1
FILING_PROXY_BNGO_20250613_8K,BNGO,2025-06-13,1411690,HIGH,,V19_V20_DEVELOPMENT,,DEVELOPMENT_OR_PRIOR_SEAL,1,2025-06-03,2025-06-18,1
FILING_PROXY_BNKK_20250829_8K,BNKK,2025-08-29,1760903,HIGH,,V19_V20_DEVELOPMENT,,DEVELOPMENT_OR_PRIOR_SEAL,1,2025-08-19,2025-09-03,0
FILING_PROXY_BNKK_20251229_8K,BNKK,2025-12-29,1760903,HIGH,,V19_V20_DEVELOPMENT,,DEVELOPMENT_OR_PRIOR_SEAL,1,2025-12-19,2026-01-03,0
FILING_PROXY_BNR_20250606_6K,BNR,2025-06-06,1792267,HIGH,,V19_V20_DEVELOPMENT,,DEVELOPMENT_OR_PRIOR_SEAL,1,2025-05-27,2025-06-11,1
FILING_PROXY_BNR_20251223_6K,BNR,2025-12-23,1792267,HIGH,,V19_V20_DEVELOPMENT,,DEVELOPMENT_OR_PRIOR_SEAL,1,2025-12-13,2025-12-28,0
FILING_PROXY_BNTC_20250214_10Q,BNTC,2025-02-14,1808898,HIGH,,V19_V20_DEVELOPMENT,,DEVELOPMENT_OR_PRIOR_SEAL,1,2025-02-04,2025-02-19,1
FILING_PROXY_BNTC_20250709_8K,BNTC,2025-07-09,1808898,HIGH,,V19_V20_DEVELOPMENT,,DEVELOPMENT_OR_PRIOR_SEAL,1,2025-06-29,2025-07-14,0
FILING_PROXY_BNTC_20251202_8K,BNTC,2025-12-02,1808898,HIGH,,V19_V20_DEVELOPMENT,,DEVELOPMENT_OR_PRIOR_SEAL,1,2025-11-22,2025-12-07,0
FILING_PROXY_BNY_20250715_8K,BNY,2025-07-15,1390777,HIGH,,V19_V20_DEVELOPMENT,,DEVELOPMENT_OR_PRIOR_SEAL,1,2025-07-05,2025-07-20,0
FILING_PROXY_BNZI_20250709_8K,BNZI,2025-07-09,1826011,HIGH,,V19_V20_DEVELOPMENT,,DEVELOPMENT_OR_PRIOR_SEAL,1,2025-06-29,2025-07-14,0
FILING_PROXY_BODI_20241112_10Q,BODI,2024-11-12,1826889,HIGH,,V19_V20_DEVELOPMENT,,DEVELOPMENT_OR_PRIOR_SEAL,1,2024-11-02,2024-11-17,1
FILING_PROXY_BODI_20250606_8K,BODI,2025-06-06,1826889,HIGH,,V19_V20_DEVELOPMENT,,DEVELOPMENT_OR_PRIOR_SEAL,1,2025-05-27,2025-06-11,1
FILING_PROXY_BODI_20251110_8K,BODI,2025-11-10,1826889,HIGH,,V19_V20_DEVELOPMENT,,DEVELOPMENT_OR_PRIOR_SEAL,1,2025-10-31,2025-11-15,0
FILING_PROXY_BOH_20251027_8K,BOH,2025-10-27,46195,HIGH,,V19_V20_DEVELOPMENT,,DEVELOPMENT_OR_PRIOR_SEAL,1,2025-10-17,2025-11-01,0
FILING_PROXY_BOLD_20250623_8K,BOLD,2025-06-23,1782303,HIGH,,V19_V20_DEVELOPMENT,,DEVELOPMENT_OR_PRIOR_SEAL,1,2025-06-13,2025-06-28,1
FILING_PROXY_BOLD_20251105_8K,BOLD,2025-11-05,1782303,HIGH,,V19_V20_DEVELOPMENT,,DEVELOPMENT_OR_PRIOR_SEAL,1,2025-10-26,2025-11-10,0
FILING_PROXY_BOXL_20250328_10K,BOXL,2025-03-28,1624512,HIGH,,V19_V20_DEVELOPMENT,,DEVELOPMENT_OR_PRIOR_SEAL,1,2025-03-18,2025-04-02,1
FILING_PROXY_BOXL_20251229_8K,BOXL,2025-12-29,1624512,HIGH,,V19_V20_DEVELOPMENT,,DEVELOPMENT_OR_PRIOR_SEAL,1,2025-12-19,2026-01-03,0
FILING_PROXY_BRCC_20250303_10K,BRCC,2025-03-03,1891101,HIGH,,V19_V20_DEVELOPMENT,,DEVELOPMENT_OR_PRIOR_SEAL,1,2025-02-21,2025-03-08,1
FILING_PROXY_BRCC_20250716_8K,BRCC,2025-07-16,1891101,HIGH,,V19_V20_DEVELOPMENT,,DEVELOPMENT_OR_PRIOR_SEAL,1,2025-07-06,2025-07-21,0
FILING_PROXY_BRCC_20251113_8K,BRCC,2025-11-13,1891101,HIGH,,V19_V20_DEVELOPMENT,,DEVELOPMENT_OR_PRIOR_SEAL,1,2025-11-03,2025-11-18,0
FILING_PROXY_BRFH_20241024_10Q,BRFH,2024-10-24,1487197,HIGH,,V19_V20_DEVELOPMENT,,DEVELOPMENT_OR_PRIOR_SEAL,1,2024-10-14,2024-10-29,1
FILING_PROXY_BRFH_20250625_8K,BRFH,2025-06-25,1487197,HIGH,,V19_V20_DEVELOPMENT,,DEVELOPMENT_OR_PRIOR_SEAL,1,2025-06-15,2025-06-30,1
FILING_PROXY_BRK-B_20250224_10K,BRK-B,2025-02-24,1067983,HIGH,,V19_V20_DEVELOPMENT,,DEVELOPMENT_OR_PRIOR_SEAL,1,2025-02-14,2025-03-01,1
FILING_PROXY_BRK-B_20250804_8K,BRK-B,2025-08-04,1067983,HIGH,,V19_V20_DEVELOPMENT,,DEVELOPMENT_OR_PRIOR_SEAL,1,2025-07-25,2025-08-09,0
FILING_PROXY_BRLS_20241114_10Q,BRLS,2024-11-14,1852973,HIGH,,V19_V20_DEVELOPMENT,,DEVELOPMENT_OR_PRIOR_SEAL,1,2024-11-04,2024-11-19,1
FILING_PROXY_BRLS_20250528_8K,BRLS,2025-05-28,1852973,HIGH,,V19_V20_DEVELOPMENT,,DEVELOPMENT_OR_PRIOR_SEAL,1,2025-05-18,2025-06-02,1
FILING_PROXY_BRNS_20250807_8K,BRNS,2025-08-07,1828185,HIGH,,V19_V20_DEVELOPMENT,,DEVELOPMENT_OR_PRIOR_SEAL,1,2025-07-28,2025-08-12,0
FILING_PROXY_BRNS_20251210_8K,BRNS,2025-12-10,1828185,HIGH,,V19_V20_DEVELOPMENT,,DEVELOPMENT_OR_PRIOR_SEAL,1,2025-11-30,2025-12-15,0
FILING_PROXY_BROS_20250530_8K,BROS,2025-05-30,1866581,HIGH,,V19_V20_DEVELOPMENT,,DEVELOPMENT_OR_PRIOR_SEAL,1,2025-05-20,2025-06-04,1
FILING_PROXY_BROS_20251105_8K,BROS,2025-11-05,1866581,HIGH,,V19_V20_DEVELOPMENT,,DEVELOPMENT_OR_PRIOR_SEAL,1,2025-10-26,2025-11-10,0
FILING_PROXY_BRTX_20241112_10Q,BRTX,2024-11-12,1505497,HIGH,,V19_V20_DEVELOPMENT,,DEVELOPMENT_OR_PRIOR_SEAL,1,2024-11-02,2024-11-17,1
FILING_PROXY_BRTX_20250613_8K,BRTX,2025-06-13,1505497,HIGH,,V19_V20_DEVELOPMENT,,DEVELOPMENT_OR_PRIOR_SEAL,1,2025-06-03,2025-06-18,1
FILING_PROXY_BRTX_20251112_8K,BRTX,2025-11-12,1505497,HIGH,,V19_V20_DEVELOPMENT,,DEVELOPMENT_OR_PRIOR_SEAL,1,2025-11-02,2025-11-17,0
FILING_PROXY_BR_20241105_10Q,BR,2024-11-05,1383312,HIGH,,V19_V20_DEVELOPMENT,,DEVELOPMENT_OR_PRIOR_SEAL,1,2024-10-26,2024-11-10,1
FILING_PROXY_BR_20251114_8K,BR,2025-11-14,1383312,HIGH,,V19_V20_DEVELOPMENT,,DEVELOPMENT_OR_PRIOR_SEAL,1,2025-11-04,2025-11-19,0
FILING_PROXY_BSVN_20241105_10Q,BSVN,2024-11-05,1746129,HIGH,,V19_V20_DEVELOPMENT,,DEVELOPMENT_OR_PRIOR_SEAL,1,2024-10-26,2024-11-10,1
FILING_PROXY_BSVN_20250519_8K,BSVN,2025-05-19,1746129,HIGH,,V19_V20_DEVELOPMENT,,DEVELOPMENT_OR_PRIOR_SEAL,1,2025-05-09,2025-05-24,1
FILING_PROXY_BSVN_20251015_8K,BSVN,2025-10-15,1746129,HIGH,,V19_V20_DEVELOPMENT,,DEVELOPMENT_OR_PRIOR_SEAL,1,2025-10-05,2025-10-20,0
FILING_PROXY_BTAI_20250815_8K,BTAI,2025-08-15,1720893,HIGH,,V19_V20_DEVELOPMENT,,DEVELOPMENT_OR_PRIOR_SEAL,1,2025-08-05,2025-08-20,0
FILING_PROXY_BTAI_20251215_8K,BTAI,2025-12-15,1720893,HIGH,,V19_V20_DEVELOPMENT,,DEVELOPMENT_OR_PRIOR_SEAL,1,2025-12-05,2025-12-20,0
FILING_PROXY_BTBT_20250314_10K,BTBT,2025-03-14,1710350,HIGH,,V19_V20_DEVELOPMENT,,DEVELOPMENT_OR_PRIOR_SEAL,1,2025-03-04,2025-03-19,1
FILING_PROXY_BTBT_20250808_8K,BTBT,2025-08-08,1710350,HIGH,,V19_V20_DEVELOPMENT,,DEVELOPMENT_OR_PRIOR_SEAL,1,2025-07-29,2025-08-13,0
FILING_PROXY_BTCS_20241113_10Q,BTCS,2024-11-13,1436229,HIGH,,V19_V20_DEVELOPMENT,,DEVELOPMENT_OR_PRIOR_SEAL,1,2024-11-03,2024-11-18,1
FILING_PROXY_BTCT_20241114_10Q,BTCT,2024-11-14,1796514,HIGH,,V19_V20_DEVELOPMENT,,DEVELOPMENT_OR_PRIOR_SEAL,1,2024-11-04,2024-11-19,1
FILING_PROXY_BTMD_20241112_10Q,BTMD,2024-11-12,1819253,HIGH,,V19_V20_DEVELOPMENT,,DEVELOPMENT_OR_PRIOR_SEAL,1,2024-11-02,2024-11-17,1
FILING_PROXY_BTMD_20250609_8K,BTMD,2025-06-09,1819253,HIGH,,V19_V20_DEVELOPMENT,,DEVELOPMENT_OR_PRIOR_SEAL,1,2025-05-30,2025-06-14,1
FILING_PROXY_BTMD_20251105_8K,BTMD,2025-11-05,1819253,HIGH,,V19_V20_DEVELOPMENT,,DEVELOPMENT_OR_PRIOR_SEAL,1,2025-10-26,2025-11-10,0
FILING_PROXY_BTOG_20250418_6K,BTOG,2025-04-18,1735556,HIGH,,V19_V20_DEVELOPMENT,,DEVELOPMENT_OR_PRIOR_SEAL,1,2025-04-08,2025-04-23,1
FILING_PROXY_BURL_20250613_8K,BURL,2025-06-13,1579298,HIGH,,V19_V20_DEVELOPMENT,,DEVELOPMENT_OR_PRIOR_SEAL,1,2025-06-03,2025-06-18,1
FILING_PROXY_BURL_20251125_8K,BURL,2025-11-25,1579298,HIGH,,V19_V20_DEVELOPMENT,,DEVELOPMENT_OR_PRIOR_SEAL,1,2025-11-15,2025-11-30,0
FILING_PROXY_BVC_20251230_6K,BVC,2025-12-30,1785680,HIGH,,V19_V20_DEVELOPMENT,,DEVELOPMENT_OR_PRIOR_SEAL,1,2025-12-20,2026-01-04,0
FILING_PROXY_BVS_20241105_10Q,BVS,2024-11-05,1665988,HIGH,,V19_V20_DEVELOPMENT,,DEVELOPMENT_OR_PRIOR_SEAL,1,2024-10-26,2024-11-10,1
FILING_PROXY_BWEN_20250605_8K,BWEN,2025-06-05,1120370,HIGH,,V19_V20_DEVELOPMENT,,DEVELOPMENT_OR_PRIOR_SEAL,1,2025-05-26,2025-06-10,1
FILING_PROXY_BWFG_20250521_8K,BWFG,2025-05-21,1505732,HIGH,,V19_V20_DEVELOPMENT,,DEVELOPMENT_OR_PRIOR_SEAL,1,2025-05-11,2025-05-26,1
FILING_PROXY_BWFG_20251023_8K,BWFG,2025-10-23,1505732,HIGH,,V19_V20_DEVELOPMENT,,DEVELOPMENT_OR_PRIOR_SEAL,1,2025-10-13,2025-10-28,0
FILING_PROXY_BXC_20250218_10K,BXC,2025-02-18,1301787,HIGH,,V19_V20_DEVELOPMENT,,DEVELOPMENT_OR_PRIOR_SEAL,1,2025-02-08,2025-02-23,1
FILING_PROXY_BXP_20250227_10K,BXP,2025-02-27,1037540,HIGH,,V19_V20_DEVELOPMENT,,DEVELOPMENT_OR_PRIOR_SEAL,1,2025-02-17,2025-03-04,1
FILING_PROXY_BXP_20250730_8K,BXP,2025-07-30,1037540,HIGH,,V19_V20_DEVELOPMENT,,DEVELOPMENT_OR_PRIOR_SEAL,1,2025-07-20,2025-08-04,0
FILING_PROXY_BX_20241101_10Q,BX,2024-11-01,1393818,HIGH,,V19_V20_DEVELOPMENT,,DEVELOPMENT_OR_PRIOR_SEAL,1,2024-10-22,2024-11-06,1
FILING_PROXY_BYAH_20251230_6K,BYAH,2025-12-30,1986247,HIGH,,V19_V20_DEVELOPMENT,,DEVELOPMENT_OR_PRIOR_SEAL,1,2025-12-20,2026-01-04,0
FILING_PROXY_BYRN_20250207_10K,BYRN,2025-02-07,1354866,HIGH,,V19_V20_DEVELOPMENT,,DEVELOPMENT_OR_PRIOR_SEAL,1,2025-01-28,2025-02-12,1
FILING_PROXY_BYRN_20251208_8K,BYRN,2025-12-08,1354866,HIGH,,V19_V20_DEVELOPMENT,,DEVELOPMENT_OR_PRIOR_SEAL,1,2025-11-28,2025-12-13,0
FILING_PROXY_BYSI_20250327_10K,BYSI,2025-03-27,1677940,HIGH,,V19_V20_DEVELOPMENT,,DEVELOPMENT_OR_PRIOR_SEAL,1,2025-03-17,2025-04-01,1
FILING_PROXY_BYSI_20251215_8K,BYSI,2025-12-15,1677940,HIGH,,V19_V20_DEVELOPMENT,,DEVELOPMENT_OR_PRIOR_SEAL,1,2025-12-05,2025-12-20,0
FILING_PROXY_BZAI_20251204_8K,BZAI,2025-12-04,1871638,HIGH,,V19_V20_DEVELOPMENT,,DEVELOPMENT_OR_PRIOR_SEAL,1,2025-11-24,2025-12-09,0
FILING_PROXY_BZH_20250130_10Q,BZH,2025-01-30,915840,HIGH,,V19_V20_DEVELOPMENT,,DEVELOPMENT_OR_PRIOR_SEAL,1,2025-01-20,2025-02-04,1
FILING_PROXY_B_20250507_6K,B,2025-05-07,756894,HIGH,,V19_V20_DEVELOPMENT,,DEVELOPMENT_OR_PRIOR_SEAL,1,2025-04-27,2025-05-12,1
FILING_PROXY_B_20251110_6K,B,2025-11-10,756894,HIGH,,V19_V20_DEVELOPMENT,,DEVELOPMENT_OR_PRIOR_SEAL,1,2025-10-31,2025-11-15,0
FILING_PROXY_CABA_20250612_8K,CABA,2025-06-12,1759138,HIGH,,V19_V20_DEVELOPMENT,,DEVELOPMENT_OR_PRIOR_SEAL,1,2025-06-02,2025-06-17,1
FILING_PROXY_CABA_20251110_8K,CABA,2025-11-10,1759138,HIGH,,V19_V20_DEVELOPMENT,,DEVELOPMENT_OR_PRIOR_SEAL,1,2025-10-31,2025-11-15,0
FILING_PROXY_CABO_20250228_10K,CABO,2025-02-28,1632127,HIGH,,V19_V20_DEVELOPMENT,,DEVELOPMENT_OR_PRIOR_SEAL,1,2025-02-18,2025-03-05,1
FILING_PROXY_CABO_20250731_8K,CABO,2025-07-31,1632127,HIGH,,V19_V20_DEVELOPMENT,,DEVELOPMENT_OR_PRIOR_SEAL,1,2025-07-21,2025-08-05,0
FILING_PROXY_CAH_20250612_8K,CAH,2025-06-12,721371,HIGH,,V19_V20_DEVELOPMENT,,DEVELOPMENT_OR_PRIOR_SEAL,1,2025-06-02,2025-06-17,1
FILING_PROXY_CALC_20250627_8K,CALC,2025-06-27,1534133,HIGH,,V19_V20_DEVELOPMENT,,DEVELOPMENT_OR_PRIOR_SEAL,1,2025-06-17,2025-07-02,1
FILING_PROXY_CALC_20251112_8K,CALC,2025-11-12,1534133,HIGH,,V19_V20_DEVELOPMENT,,DEVELOPMENT_OR_PRIOR_SEAL,1,2025-11-02,2025-11-17,0
FILING_PROXY_CAMT_20251110_6K,CAMT,2025-11-10,1109138,HIGH,,V19_V20_DEVELOPMENT,,DEVELOPMENT_OR_PRIOR_SEAL,1,2025-10-31,2025-11-15,0
FILING_PROXY_CANG_20251229_6K,CANG,2025-12-29,1725123,HIGH,,V19_V20_DEVELOPMENT,,DEVELOPMENT_OR_PRIOR_SEAL,1,2025-12-19,2026-01-03,0
FILING_PROXY_CAN_20250814_6K,CAN,2025-08-14,1780652,HIGH,,V19_V20_DEVELOPMENT,,DEVELOPMENT_OR_PRIOR_SEAL,1,2025-08-04,2025-08-19,0
FILING_PROXY_CAPR_20250711_8K,CAPR,2025-07-11,1133869,HIGH,,V19_V20_DEVELOPMENT,,DEVELOPMENT_OR_PRIOR_SEAL,1,2025-07-01,2025-07-16,0
FILING_PROXY_CAPR_20251205_8K,CAPR,2025-12-05,1133869,HIGH,,V19_V20_DEVELOPMENT,,DEVELOPMENT_OR_PRIOR_SEAL,1,2025-11-25,2025-12-10,0
FILING_PROXY_CARD_20250814_6K,CARD,2025-08-14,927971,HIGH,,V19_V20_DEVELOPMENT,,DEVELOPMENT_OR_PRIOR_SEAL,1,2025-08-04,2025-08-19,0
FILING_PROXY_CARD_20251215_6K,CARD,2025-12-15,927971,HIGH,,V19_V20_DEVELOPMENT,,DEVELOPMENT_OR_PRIOR_SEAL,1,2025-12-05,2025-12-20,0
FILING_PROXY_CART_20251125_8K,CART,2025-11-25,1579091,HIGH,,V19_V20_DEVELOPMENT,,DEVELOPMENT_OR_PRIOR_SEAL,1,2025-11-15,2025-11-30,0
FILING_PROXY_CAR_20250609_8K,CAR,2025-06-09,723612,HIGH,,V19_V20_DEVELOPMENT,,DEVELOPMENT_OR_PRIOR_SEAL,1,2025-05-30,2025-06-14,1
FILING_PROXY_CAR_20251027_8K,CAR,2025-10-27,723612,HIGH,,V19_V20_DEVELOPMENT,,DEVELOPMENT_OR_PRIOR_SEAL,1,2025-10-17,2025-11-01,0
FILING_PROXY_CASY_20241209_10Q,CASY,2024-12-09,726958,HIGH,,V19_V20_DEVELOPMENT,,DEVELOPMENT_OR_PRIOR_SEAL,1,2024-11-29,2024-12-14,1
FILING_PROXY_CASY_20250609_8K,CASY,2025-06-09,726958,HIGH,,V19_V20_DEVELOPMENT,,DEVELOPMENT_OR_PRIOR_SEAL,1,2025-05-30,2025-06-14,1
FILING_PROXY_CASY_20251209_8K,CASY,2025-12-09,726958,HIGH,,V19_V20_DEVELOPMENT,,DEVELOPMENT_OR_PRIOR_SEAL,1,2025-11-29,2025-12-14,0
FILING_PROXY_CAT_20241106_10Q,CAT,2024-11-06,18230,HIGH,,V19_V20_DEVELOPMENT,,DEVELOPMENT_OR_PRIOR_SEAL,1,2024-10-27,2024-11-11,1
FILING_PROXY_CAT_20251029_8K,CAT,2025-10-29,18230,HIGH,,V19_V20_DEVELOPMENT,,DEVELOPMENT_OR_PRIOR_SEAL,1,2025-10-19,2025-11-03,0
FILING_PROXY_CBAT_20250317_10K,CBAT,2025-03-17,1117171,HIGH,,V19_V20_DEVELOPMENT,,DEVELOPMENT_OR_PRIOR_SEAL,1,2025-03-07,2025-03-22,1
FILING_PROXY_CBAT_20250818_8K,CBAT,2025-08-18,1117171,HIGH,,V19_V20_DEVELOPMENT,,DEVELOPMENT_OR_PRIOR_SEAL,1,2025-08-08,2025-08-23,0
FILING_PROXY_CBNK_20250728_8K,CBNK,2025-07-28,1419536,HIGH,,V19_V20_DEVELOPMENT,,DEVELOPMENT_OR_PRIOR_SEAL,1,2025-07-18,2025-08-02,0
FILING_PROXY_CBNK_20251231_8K,CBNK,2025-12-31,1419536,HIGH,,V19_V20_DEVELOPMENT,,DEVELOPMENT_OR_PRIOR_SEAL,1,2025-12-21,2026-01-05,0
FILING_PROXY_CBOE_20251031_8K,CBOE,2025-10-31,1374310,HIGH,,V19_V20_DEVELOPMENT,,DEVELOPMENT_OR_PRIOR_SEAL,1,2025-10-21,2025-11-05,0
FILING_PROXY_CBRL_20241204_10Q,CBRL,2024-12-04,1067294,HIGH,,V19_V20_DEVELOPMENT,,DEVELOPMENT_OR_PRIOR_SEAL,1,2024-11-24,2024-12-09,1
FILING_PROXY_CBU_20251112_8K,CBU,2025-11-12,723188,HIGH,,V19_V20_DEVELOPMENT,,DEVELOPMENT_OR_PRIOR_SEAL,1,2025-11-02,2025-11-17,0
FILING_PROXY_CCBG_20241104_10Q,CCBG,2024-11-04,726601,HIGH,,V19_V20_DEVELOPMENT,,DEVELOPMENT_OR_PRIOR_SEAL,1,2024-10-25,2024-11-09,1
FILING_PROXY_CCB_20250604_8K,CCB,2025-06-04,1437958,HIGH,,V19_V20_DEVELOPMENT,,DEVELOPMENT_OR_PRIOR_SEAL,1,2025-05-25,2025-06-09,1
FILING_PROXY_CCB_20251029_8K,CCB,2025-10-29,1437958,HIGH,,V19_V20_DEVELOPMENT,,DEVELOPMENT_OR_PRIOR_SEAL,1,2025-10-19,2025-11-03,0
FILING_PROXY_CCEC_20250808_6K,CCEC,2025-08-08,1392326,HIGH,,V19_V20_DEVELOPMENT,,DEVELOPMENT_OR_PRIOR_SEAL,1,2025-07-29,2025-08-13,0
FILING_PROXY_CCEC_20251212_6K,CCEC,2025-12-12,1392326,HIGH,,V19_V20_DEVELOPMENT,,DEVELOPMENT_OR_PRIOR_SEAL,1,2025-12-02,2025-12-17,0
FILING_PROXY_CCG_20250718_6K,CCG,2025-07-18,1965473,HIGH,,V19_V20_DEVELOPMENT,,DEVELOPMENT_OR_PRIOR_SEAL,1,2025-07-08,2025-07-23,0
FILING_PROXY_CCG_20251204_6K,CCG,2025-12-04,1965473,HIGH,,V19_V20_DEVELOPMENT,,DEVELOPMENT_OR_PRIOR_SEAL,1,2025-11-24,2025-12-09,0
FILING_PROXY_CCJ_20250627_6K,CCJ,2025-06-27,1009001,HIGH,,V19_V20_DEVELOPMENT,,DEVELOPMENT_OR_PRIOR_SEAL,1,2025-06-17,2025-07-02,1
FILING_PROXY_CCJ_20251105_6K,CCJ,2025-11-05,1009001,HIGH,,V19_V20_DEVELOPMENT,,DEVELOPMENT_OR_PRIOR_SEAL,1,2025-10-26,2025-11-10,0
FILING_PROXY_CCK_20251124_8K,CCK,2025-11-24,1219601,HIGH,,V19_V20_DEVELOPMENT,,DEVELOPMENT_OR_PRIOR_SEAL,1,2025-11-14,2025-11-29,0
FILING_PROXY_CCL_20250325_10Q,CCL,2025-03-25,815097,HIGH,,V19_V20_DEVELOPMENT,,DEVELOPMENT_OR_PRIOR_SEAL,1,2025-03-15,2025-03-30,1
FILING_PROXY_CCL_20251219_8K,CCL,2025-12-19,815097,HIGH,,V19_V20_DEVELOPMENT,,DEVELOPMENT_OR_PRIOR_SEAL,1,2025-12-09,2025-12-24,0
FILING_PROXY_CCO_20250224_10K,CCO,2025-02-24,1334978,HIGH,,V19_V20_DEVELOPMENT,,DEVELOPMENT_OR_PRIOR_SEAL,1,2025-02-14,2025-03-01,1
FILING_PROXY_CCO_20250805_8K,CCO,2025-08-05,1334978,HIGH,,V19_V20_DEVELOPMENT,,DEVELOPMENT_OR_PRIOR_SEAL,1,2025-07-26,2025-08-10,0
FILING_PROXY_CCO_20251219_8K,CCO,2025-12-19,1334978,HIGH,,V19_V20_DEVELOPMENT,,DEVELOPMENT_OR_PRIOR_SEAL,1,2025-12-09,2025-12-24,0
FILING_PROXY_CCSI_20241108_10Q,CCSI,2024-11-08,1866633,HIGH,,V19_V20_DEVELOPMENT,,DEVELOPMENT_OR_PRIOR_SEAL,1,2024-10-29,2024-11-13,1
FILING_PROXY_CCSI_20250611_8K,CCSI,2025-06-11,1866633,HIGH,,V19_V20_DEVELOPMENT,,DEVELOPMENT_OR_PRIOR_SEAL,1,2025-06-01,2025-06-16,1
FILING_PROXY_CCS_20241024_10Q,CCS,2024-10-24,1576940,HIGH,,V19_V20_DEVELOPMENT,,DEVELOPMENT_OR_PRIOR_SEAL,1,2024-10-14,2024-10-29,1
FILING_PROXY_CCS_20250508_8K,CCS,2025-05-08,1576940,HIGH,,V19_V20_DEVELOPMENT,,DEVELOPMENT_OR_PRIOR_SEAL,1,2025-04-28,2025-05-13,1
FILING_PROXY_CCS_20251022_8K,CCS,2025-10-22,1576940,HIGH,,V19_V20_DEVELOPMENT,,DEVELOPMENT_OR_PRIOR_SEAL,1,2025-10-12,2025-10-27,0
FILING_PROXY_CCTG_20241227_6K,CCTG,2024-12-27,1931717,HIGH,,V19_V20_DEVELOPMENT,,DEVELOPMENT_OR_PRIOR_SEAL,1,2024-12-17,2025-01-01,1
FILING_PROXY_CCTG_20251223_6K,CCTG,2025-12-23,1931717,HIGH,,V19_V20_DEVELOPMENT,,DEVELOPMENT_OR_PRIOR_SEAL,1,2025-12-13,2025-12-28,0
FILING_PROXY_CCU_20251204_6K,CCU,2025-12-04,888746,HIGH,,V19_V20_DEVELOPMENT,,DEVELOPMENT_OR_PRIOR_SEAL,1,2025-11-24,2025-12-09,0
FILING_PROXY_CDE_20241106_10Q,CDE,2024-11-06,215466,HIGH,,V19_V20_DEVELOPMENT,,DEVELOPMENT_OR_PRIOR_SEAL,1,2024-10-27,2024-11-11,1
FILING_PROXY_CDIO_20241113_10Q,CDIO,2024-11-13,1870144,HIGH,,V19_V20_DEVELOPMENT,,DEVELOPMENT_OR_PRIOR_SEAL,1,2024-11-03,2024-11-18,1
FILING_PROXY_CDIO_20251015_8K,CDIO,2025-10-15,1870144,HIGH,,V19_V20_DEVELOPMENT,,DEVELOPMENT_OR_PRIOR_SEAL,1,2025-10-05,2025-10-20,0
FILING_PROXY_CDRE_20241106_10Q,CDRE,2024-11-06,1860543,HIGH,,V19_V20_DEVELOPMENT,,DEVELOPMENT_OR_PRIOR_SEAL,1,2024-10-27,2024-11-11,1
FILING_PROXY_CDRE_20251104_8K,CDRE,2025-11-04,1860543,HIGH,,V19_V20_DEVELOPMENT,,DEVELOPMENT_OR_PRIOR_SEAL,1,2025-10-25,2025-11-09,0
FILING_PROXY_CDTG_20250515_6K,CDTG,2025-05-15,1793895,HIGH,,V19_V20_DEVELOPMENT,,DEVELOPMENT_OR_PRIOR_SEAL,1,2025-05-05,2025-05-20,1
FILING_PROXY_CDTG_20251223_6K,CDTG,2025-12-23,1793895,HIGH,,V19_V20_DEVELOPMENT,,DEVELOPMENT_OR_PRIOR_SEAL,1,2025-12-13,2025-12-28,0
FILING_PROXY_CDT_20250328_10K,CDT,2025-03-28,1896212,HIGH,,V19_V20_DEVELOPMENT,,DEVELOPMENT_OR_PRIOR_SEAL,1,2025-03-18,2025-04-02,1
FILING_PROXY_CDT_20250814_8K,CDT,2025-08-14,1896212,HIGH,,V19_V20_DEVELOPMENT,,DEVELOPMENT_OR_PRIOR_SEAL,1,2025-08-04,2025-08-19,0
FILING_PROXY_CDT_20251212_8K,CDT,2025-12-12,1896212,HIGH,,V19_V20_DEVELOPMENT,,DEVELOPMENT_OR_PRIOR_SEAL,1,2025-12-02,2025-12-17,0
FILING_PROXY_CDW_20250221_10K,CDW,2025-02-21,1402057,HIGH,,V19_V20_DEVELOPMENT,,DEVELOPMENT_OR_PRIOR_SEAL,1,2025-02-11,2025-02-26,1
FILING_PROXY_CDW_20250806_8K,CDW,2025-08-06,1402057,HIGH,,V19_V20_DEVELOPMENT,,DEVELOPMENT_OR_PRIOR_SEAL,1,2025-07-27,2025-08-11,0
FILING_PROXY_CD_20250821_6K,CD,2025-08-21,1527762,HIGH,,V19_V20_DEVELOPMENT,,DEVELOPMENT_OR_PRIOR_SEAL,1,2025-08-11,2025-08-26,0
FILING_PROXY_CD_20251222_6K,CD,2025-12-22,1527762,HIGH,,V19_V20_DEVELOPMENT,,DEVELOPMENT_OR_PRIOR_SEAL,1,2025-12-12,2025-12-27,0
FILING_PROXY_CEG_20250218_10K,CEG,2025-02-18,1868275,HIGH,,V19_V20_DEVELOPMENT,,DEVELOPMENT_OR_PRIOR_SEAL,1,2025-02-08,2025-02-23,1
FILING_PROXY_CELC_20241114_10Q,CELC,2024-11-14,1603454,HIGH,,V19_V20_DEVELOPMENT,,DEVELOPMENT_OR_PRIOR_SEAL,1,2024-11-04,2024-11-19,1
FILING_PROXY_CELC_20251117_8K,CELC,2025-11-17,1603454,HIGH,,V19_V20_DEVELOPMENT,,DEVELOPMENT_OR_PRIOR_SEAL,1,2025-11-07,2025-11-22,0
FILING_PROXY_CELH_20251110_8K,CELH,2025-11-10,1341766,HIGH,,V19_V20_DEVELOPMENT,,DEVELOPMENT_OR_PRIOR_SEAL,1,2025-10-31,2025-11-15,0
FILING_PROXY_CELU_20250818_8K,CELU,2025-08-18,1752828,HIGH,,V19_V20_DEVELOPMENT,,DEVELOPMENT_OR_PRIOR_SEAL,1,2025-08-08,2025-08-23,0
FILING_PROXY_CELU_20251223_8K,CELU,2025-12-23,1752828,HIGH,,V19_V20_DEVELOPMENT,,DEVELOPMENT_OR_PRIOR_SEAL,1,2025-12-13,2025-12-28,0
FILING_PROXY_CELZ_20241108_10Q,CELZ,2024-11-08,1187953,HIGH,,V19_V20_DEVELOPMENT,,DEVELOPMENT_OR_PRIOR_SEAL,1,2024-10-29,2024-11-13,1
FILING_PROXY_CELZ_20250506_8K,CELZ,2025-05-06,1187953,HIGH,,V19_V20_DEVELOPMENT,,DEVELOPMENT_OR_PRIOR_SEAL,1,2025-04-26,2025-05-11,1
FILING_PROXY_CELZ_20251231_8K,CELZ,2025-12-31,1187953,HIGH,,V19_V20_DEVELOPMENT,,DEVELOPMENT_OR_PRIOR_SEAL,1,2025-12-21,2026-01-05,0
FILING_PROXY_CENT_20250206_10Q,CENT,2025-02-06,887733,HIGH,,V19_V20_DEVELOPMENT,,DEVELOPMENT_OR_PRIOR_SEAL,1,2025-01-27,2025-02-11,1
FILING_PROXY_CENT_20250711_8K,CENT,2025-07-11,887733,HIGH,,V19_V20_DEVELOPMENT,,DEVELOPMENT_OR_PRIOR_SEAL,1,2025-07-01,2025-07-16,0
FILING_PROXY_CENT_20251124_8K,CENT,2025-11-24,887733,HIGH,,V19_V20_DEVELOPMENT,,DEVELOPMENT_OR_PRIOR_SEAL,1,2025-11-14,2025-11-29,0
FILING_PROXY_CETX_20250609_8K,CETX,2025-06-09,1435064,HIGH,,V19_V20_DEVELOPMENT,,DEVELOPMENT_OR_PRIOR_SEAL,1,2025-05-30,2025-06-14,1
FILING_PROXY_CE_20250221_10K,CE,2025-02-21,1306830,HIGH,,V19_V20_DEVELOPMENT,,DEVELOPMENT_OR_PRIOR_SEAL,1,2025-02-11,2025-02-26,1
FILING_PROXY_CE_20251217_8K,CE,2025-12-17,1306830,HIGH,,V19_V20_DEVELOPMENT,,DEVELOPMENT_OR_PRIOR_SEAL,1,2025-12-07,2025-12-22,0
FILING_PROXY_CFBK_20251218_8K,CFBK,2025-12-18,1070680,HIGH,,V19_V20_DEVELOPMENT,,DEVELOPMENT_OR_PRIOR_SEAL,1,2025-12-08,2025-12-23,0
FILING_PROXY_CFG_20251015_8K,CFG,2025-10-15,759944,HIGH,,V19_V20_DEVELOPMENT,,DEVELOPMENT_OR_PRIOR_SEAL,1,2025-10-05,2025-10-20,0
FILING_PROXY_CF_20250220_10K,CF,2025-02-20,1324404,HIGH,,V19_V20_DEVELOPMENT,,DEVELOPMENT_OR_PRIOR_SEAL,1,2025-02-10,2025-02-25,1
FILING_PROXY_CGC_20250207_10Q,CGC,2025-02-07,1737927,HIGH,,V19_V20_DEVELOPMENT,,DEVELOPMENT_OR_PRIOR_SEAL,1,2025-01-28,2025-02-12,1
FILING_PROXY_CGC_20250808_8K,CGC,2025-08-08,1737927,HIGH,,V19_V20_DEVELOPMENT,,DEVELOPMENT_OR_PRIOR_SEAL,1,2025-07-29,2025-08-13,0
FILING_PROXY_CGC_20251215_8K,CGC,2025-12-15,1737927,HIGH,,V19_V20_DEVELOPMENT,,DEVELOPMENT_OR_PRIOR_SEAL,1,2025-12-05,2025-12-20,0
FILING_PROXY_CGON_20251126_8K,CGON,2025-11-26,1991792,HIGH,,V19_V20_DEVELOPMENT,,DEVELOPMENT_OR_PRIOR_SEAL,1,2025-11-16,2025-12-01,0
FILING_PROXY_CGTL_20251231_6K,CGTL,2025-12-31,1967822,HIGH,,V19_V20_DEVELOPMENT,,DEVELOPMENT_OR_PRIOR_SEAL,1,2025-12-21,2026-01-05,0
FILING_PROXY_CGTX_20250320_10K,CGTX,2025-03-20,1455365,HIGH,,V19_V20_DEVELOPMENT,,DEVELOPMENT_OR_PRIOR_SEAL,1,2025-03-10,2025-03-25,1
FILING_PROXY_CGTX_20250807_8K,CGTX,2025-08-07,1455365,HIGH,,V19_V20_DEVELOPMENT,,DEVELOPMENT_OR_PRIOR_SEAL,1,2025-07-28,2025-08-12,0
FILING_PROXY_CGTX_20251218_8K,CGTX,2025-12-18,1455365,HIGH,,V19_V20_DEVELOPMENT,,DEVELOPMENT_OR_PRIOR_SEAL,1,2025-12-08,2025-12-23,0
FILING_PROXY_CG_20250806_8K,CG,2025-08-06,1527166,HIGH,,V19_V20_DEVELOPMENT,,DEVELOPMENT_OR_PRIOR_SEAL,1,2025-07-27,2025-08-11,0
FILING_PROXY_CHAI_20250829_6K,CHAI,2025-08-29,1649009,HIGH,,V19_V20_DEVELOPMENT,,DEVELOPMENT_OR_PRIOR_SEAL,1,2025-08-19,2025-09-03,0
FILING_PROXY_CHAI_20251231_6K,CHAI,2025-12-31,1649009,HIGH,,V19_V20_DEVELOPMENT,,DEVELOPMENT_OR_PRIOR_SEAL,1,2025-12-21,2026-01-05,0
FILING_PROXY_CHDN_20250423_8K,CHDN,2025-04-23,20212,HIGH,,V19_V20_DEVELOPMENT,,DEVELOPMENT_OR_PRIOR_SEAL,1,2025-04-13,2025-04-28,1
FILING_PROXY_CHDN_20251022_8K,CHDN,2025-10-22,20212,HIGH,,V19_V20_DEVELOPMENT,,DEVELOPMENT_OR_PRIOR_SEAL,1,2025-10-12,2025-10-27,0
FILING_PROXY_CHGA_20251230_8K,CHGA,2025-12-30,1630212,HIGH,,V19_V20_DEVELOPMENT,,DEVELOPMENT_OR_PRIOR_SEAL,1,2025-12-20,2026-01-04,0
FILING_PROXY_CHGG_20250224_10K,CHGG,2025-02-24,1364954,HIGH,,V19_V20_DEVELOPMENT,,DEVELOPMENT_OR_PRIOR_SEAL,1,2025-02-14,2025-03-01,1
FILING_PROXY_CHGG_20250805_8K,CHGG,2025-08-05,1364954,HIGH,,V19_V20_DEVELOPMENT,,DEVELOPMENT_OR_PRIOR_SEAL,1,2025-07-26,2025-08-10,0
FILING_PROXY_CHGG_20251229_8K,CHGG,2025-12-29,1364954,HIGH,,V19_V20_DEVELOPMENT,,DEVELOPMENT_OR_PRIOR_SEAL,1,2025-12-19,2026-01-03,0
FILING_PROXY_CHNR_20250610_6K,CHNR,2025-06-10,793628,HIGH,,V19_V20_DEVELOPMENT,,DEVELOPMENT_OR_PRIOR_SEAL,1,2025-05-31,2025-06-15,1
FILING_PROXY_CHRN_20250303_10K,CHRN,2025-03-03,1549084,HIGH,,V19_V20_DEVELOPMENT,,DEVELOPMENT_OR_PRIOR_SEAL,1,2025-02-21,2025-03-08,1
FILING_PROXY_CHRN_20251229_8K,CHRN,2025-12-29,1549084,HIGH,,V19_V20_DEVELOPMENT,,DEVELOPMENT_OR_PRIOR_SEAL,1,2025-12-19,2026-01-03,0
FILING_PROXY_CHRW_20251029_8K,CHRW,2025-10-29,1043277,HIGH,,V19_V20_DEVELOPMENT,,DEVELOPMENT_OR_PRIOR_SEAL,1,2025-10-19,2025-11-03,0
FILING_PROXY_CHR_20200511_10Q,CHR,2020-05-11,1738758,HIGH,,V19_V20_DEVELOPMENT,,DEVELOPMENT_OR_PRIOR_SEAL,1,2020-05-01,2020-05-16,0
FILING_PROXY_CHR_20250730_6K,CHR,2025-07-30,1738758,HIGH,,V19_V20_DEVELOPMENT,,DEVELOPMENT_OR_PRIOR_SEAL,1,2025-07-20,2025-08-04,0
FILING_PROXY_CHR_20251219_6K,CHR,2025-12-19,1738758,HIGH,,V19_V20_DEVELOPMENT,,DEVELOPMENT_OR_PRIOR_SEAL,1,2025-12-09,2025-12-24,0
FILING_PROXY_CHSN_20250822_6K,CHSN,2025-08-22,1825349,HIGH,,V19_V20_DEVELOPMENT,,DEVELOPMENT_OR_PRIOR_SEAL,1,2025-08-12,2025-08-27,0
FILING_PROXY_CHSN_20251223_6K,CHSN,2025-12-23,1825349,HIGH,,V19_V20_DEVELOPMENT,,DEVELOPMENT_OR_PRIOR_SEAL,1,2025-12-13,2025-12-28,0
FILING_PROXY_CIA_20241107_10Q,CIA,2024-11-07,24090,HIGH,,V19_V20_DEVELOPMENT,,DEVELOPMENT_OR_PRIOR_SEAL,1,2024-10-28,2024-11-12,1
FILING_PROXY_CIA_20250620_8K,CIA,2025-06-20,24090,HIGH,,V19_V20_DEVELOPMENT,,DEVELOPMENT_OR_PRIOR_SEAL,1,2025-06-10,2025-06-25,1
FILING_PROXY_CIA_20251107_8K,CIA,2025-11-07,24090,HIGH,,V19_V20_DEVELOPMENT,,DEVELOPMENT_OR_PRIOR_SEAL,1,2025-10-28,2025-11-12,0
FILING_PROXY_CIGL_20251202_6K,CIGL,2025-12-02,2001794,HIGH,,V19_V20_DEVELOPMENT,,DEVELOPMENT_OR_PRIOR_SEAL,1,2025-11-22,2025-12-07,0
FILING_PROXY_CIIT_20251215_8K,CIIT,2025-12-15,1557798,HIGH,,V19_V20_DEVELOPMENT,,DEVELOPMENT_OR_PRIOR_SEAL,1,2025-12-05,2025-12-20,0
FILING_PROXY_CING_20250327_10K,CING,2025-03-27,1862150,HIGH,,V19_V20_DEVELOPMENT,,DEVELOPMENT_OR_PRIOR_SEAL,1,2025-03-17,2025-04-01,1
FILING_PROXY_CING_20250815_8K,CING,2025-08-15,1862150,HIGH,,V19_V20_DEVELOPMENT,,DEVELOPMENT_OR_PRIOR_SEAL,1,2025-08-05,2025-08-20,0
FILING_PROXY_CISO_20250805_8K,CISO,2025-08-05,1777319,HIGH,,V19_V20_DEVELOPMENT,,DEVELOPMENT_OR_PRIOR_SEAL,1,2025-07-26,2025-08-10,0
FILING_PROXY_CISO_20251229_8K,CISO,2025-12-29,1777319,HIGH,,V19_V20_DEVELOPMENT,,DEVELOPMENT_OR_PRIOR_SEAL,1,2025-12-19,2026-01-03,0
FILING_PROXY_CISS_20251219_6K,CISS,2025-12-19,1951067,HIGH,,V19_V20_DEVELOPMENT,,DEVELOPMENT_OR_PRIOR_SEAL,1,2025-12-09,2025-12-24,0
FILING_PROXY_CI_20241031_10Q,CI,2024-10-31,1739940,HIGH,,V19_V20_DEVELOPMENT,,DEVELOPMENT_OR_PRIOR_SEAL,1,2024-10-21,2024-11-05,1
FILING_PROXY_CJMB_20251231_8K,CJMB,2025-12-31,2032545,HIGH,,V19_V20_DEVELOPMENT,,DEVELOPMENT_OR_PRIOR_SEAL,1,2025-12-21,2026-01-05,0
FILING_PROXY_CLFD_20250207_10Q,CLFD,2025-02-07,796505,HIGH,,V19_V20_DEVELOPMENT,,DEVELOPMENT_OR_PRIOR_SEAL,1,2025-01-28,2025-02-12,1
FILING_PROXY_CLFD_20250806_8K,CLFD,2025-08-06,796505,HIGH,,V19_V20_DEVELOPMENT,,DEVELOPMENT_OR_PRIOR_SEAL,1,2025-07-27,2025-08-11,0
FILING_PROXY_CLFD_20251212_8K,CLFD,2025-12-12,796505,HIGH,,V19_V20_DEVELOPMENT,,DEVELOPMENT_OR_PRIOR_SEAL,1,2025-12-02,2025-12-17,0
FILING_PROXY_CLGN_20250820_6K,CLGN,2025-08-20,1631487,HIGH,,V19_V20_DEVELOPMENT,,DEVELOPMENT_OR_PRIOR_SEAL,1,2025-08-10,2025-08-25,0
FILING_PROXY_CLIK_20250715_6K,CLIK,2025-07-15,2020027,HIGH,,V19_V20_DEVELOPMENT,,DEVELOPMENT_OR_PRIOR_SEAL,1,2025-07-05,2025-07-20,0
FILING_PROXY_CLIK_20251117_6K,CLIK,2025-11-17,2020027,HIGH,,V19_V20_DEVELOPMENT,,DEVELOPMENT_OR_PRIOR_SEAL,1,2025-11-07,2025-11-22,0
FILING_PROXY_CLLS_20250804_6K,CLLS,2025-08-04,1627281,HIGH,,V19_V20_DEVELOPMENT,,DEVELOPMENT_OR_PRIOR_SEAL,1,2025-07-25,2025-08-09,0
FILING_PROXY_CLOV_20250303_10K,CLOV,2025-03-03,1801170,HIGH,,V19_V20_DEVELOPMENT,,DEVELOPMENT_OR_PRIOR_SEAL,1,2025-02-21,2025-03-08,1
FILING_PROXY_CLOV_20250811_8K,CLOV,2025-08-11,1801170,HIGH,,V19_V20_DEVELOPMENT,,DEVELOPMENT_OR_PRIOR_SEAL,1,2025-08-01,2025-08-16,0
FILING_PROXY_CLOV_20251210_8K,CLOV,2025-12-10,1801170,HIGH,,V19_V20_DEVELOPMENT,,DEVELOPMENT_OR_PRIOR_SEAL,1,2025-11-30,2025-12-15,0
FILING_PROXY_CLRO_20241114_10Q,CLRO,2024-11-14,840715,HIGH,,V19_V20_DEVELOPMENT,,DEVELOPMENT_OR_PRIOR_SEAL,1,2024-11-04,2024-11-19,1
FILING_PROXY_CLRO_20251230_8K,CLRO,2025-12-30,840715,HIGH,,V19_V20_DEVELOPMENT,,DEVELOPMENT_OR_PRIOR_SEAL,1,2025-12-20,2026-01-04,0
FILING_PROXY_CLSK_20241203_10K,CLSK,2024-12-03,827876,HIGH,,V19_V20_DEVELOPMENT,,DEVELOPMENT_OR_PRIOR_SEAL,1,2024-11-23,2024-12-08,1
FILING_PROXY_CLSK_20251125_8K,CLSK,2025-11-25,827876,HIGH,,V19_V20_DEVELOPMENT,,DEVELOPMENT_OR_PRIOR_SEAL,1,2025-11-15,2025-11-30,0
FILING_PROXY_CLS_20250303_10K,CLS,2025-03-03,1030894,HIGH,,V19_V20_DEVELOPMENT,,DEVELOPMENT_OR_PRIOR_SEAL,1,2025-02-21,2025-03-08,1
FILING_PROXY_CLS_20251205_8K,CLS,2025-12-05,1030894,HIGH,,V19_V20_DEVELOPMENT,,DEVELOPMENT_OR_PRIOR_SEAL,1,2025-11-25,2025-12-10,0
FILING_PROXY_CLWT_20251230_6K,CLWT,2025-12-30,1026662,HIGH,,V19_V20_DEVELOPMENT,,DEVELOPMENT_OR_PRIOR_SEAL,1,2025-12-20,2026-01-04,0
FILING_PROXY_CMCO_20250210_10Q,CMCO,2025-02-10,1005229,HIGH,,V19_V20_DEVELOPMENT,,DEVELOPMENT_OR_PRIOR_SEAL,1,2025-01-31,2025-02-15,1
FILING_PROXY_CMCO_20251030_8K,CMCO,2025-10-30,1005229,HIGH,,V19_V20_DEVELOPMENT,,DEVELOPMENT_OR_PRIOR_SEAL,1,2025-10-20,2025-11-04,0
FILING_PROXY_CMCT_20250813_8K,CMCT,2025-08-13,908311,HIGH,,V19_V20_DEVELOPMENT,,DEVELOPMENT_OR_PRIOR_SEAL,1,2025-08-03,2025-08-18,0
FILING_PROXY_CMC_20250106_10Q,CMC,2025-01-06,22444,HIGH,,V19_V20_DEVELOPMENT,,DEVELOPMENT_OR_PRIOR_SEAL,1,2024-12-27,2025-01-11,1
FILING_PROXY_CMG_20250205_10K,CMG,2025-02-05,1058090,HIGH,,V19_V20_DEVELOPMENT,,DEVELOPMENT_OR_PRIOR_SEAL,1,2025-01-26,2025-02-10,1
FILING_PROXY_CMG_20250723_8K,CMG,2025-07-23,1058090,HIGH,,V19_V20_DEVELOPMENT,,DEVELOPMENT_OR_PRIOR_SEAL,1,2025-07-13,2025-07-28,0
FILING_PROXY_CMI_20241105_10Q,CMI,2024-11-05,26172,HIGH,,V19_V20_DEVELOPMENT,,DEVELOPMENT_OR_PRIOR_SEAL,1,2024-10-26,2024-11-10,1
FILING_PROXY_CMI_20251106_8K,CMI,2025-11-06,26172,HIGH,,V19_V20_DEVELOPMENT,,DEVELOPMENT_OR_PRIOR_SEAL,1,2025-10-27,2025-11-11,0
FILING_PROXY_CMMB_20230511_10Q,CMMB,2023-05-11,1534248,HIGH,,V19_V20_DEVELOPMENT,,DEVELOPMENT_OR_PRIOR_SEAL,1,2023-05-01,2023-05-16,1
FILING_PROXY_CMMB_20251121_6K,CMMB,2025-11-21,1534248,HIGH,,V19_V20_DEVELOPMENT,,DEVELOPMENT_OR_PRIOR_SEAL,1,2025-11-11,2025-11-26,0
FILING_PROXY_CMND_20250807_6K,CMND,2025-08-07,1892500,HIGH,,V19_V20_DEVELOPMENT,,DEVELOPMENT_OR_PRIOR_SEAL,1,2025-07-28,2025-08-12,0
FILING_PROXY_CMND_20251231_6K,CMND,2025-12-31,1892500,HIGH,,V19_V20_DEVELOPMENT,,DEVELOPMENT_OR_PRIOR_SEAL,1,2025-12-21,2026-01-05,0
FILING_PROXY_CMPS_20241031_10Q,CMPS,2024-10-31,1816590,HIGH,,V19_V20_DEVELOPMENT,,DEVELOPMENT_OR_PRIOR_SEAL,1,2024-10-21,2024-11-05,1
FILING_PROXY_CMP_20250210_10Q,CMP,2025-02-10,1227654,HIGH,,V19_V20_DEVELOPMENT,,DEVELOPMENT_OR_PRIOR_SEAL,1,2025-01-31,2025-02-15,1
FILING_PROXY_CMP_20250811_8K,CMP,2025-08-11,1227654,HIGH,,V19_V20_DEVELOPMENT,,DEVELOPMENT_OR_PRIOR_SEAL,1,2025-08-01,2025-08-16,0
FILING_PROXY_CMRC_20250227_10K,CMRC,2025-02-27,1626450,HIGH,,V19_V20_DEVELOPMENT,,DEVELOPMENT_OR_PRIOR_SEAL,1,2025-02-17,2025-03-04,1
FILING_PROXY_CMRC_20251106_8K,CMRC,2025-11-06,1626450,HIGH,,V19_V20_DEVELOPMENT,,DEVELOPMENT_OR_PRIOR_SEAL,1,2025-10-27,2025-11-11,0
FILING_PROXY_CMTL_20250312_10Q,CMTL,2025-03-12,23197,HIGH,,V19_V20_DEVELOPMENT,,DEVELOPMENT_OR_PRIOR_SEAL,1,2025-03-02,2025-03-17,1
FILING_PROXY_CMTL_20250722_8K,CMTL,2025-07-22,23197,HIGH,,V19_V20_DEVELOPMENT,,DEVELOPMENT_OR_PRIOR_SEAL,1,2025-07-12,2025-07-27,0
FILING_PROXY_CNCK_20250804_6K,CNCK,2025-08-04,1913847,HIGH,,V19_V20_DEVELOPMENT,,DEVELOPMENT_OR_PRIOR_SEAL,1,2025-07-25,2025-08-09,0
FILING_PROXY_CNCK_20251202_6K,CNCK,2025-12-02,1913847,HIGH,,V19_V20_DEVELOPMENT,,DEVELOPMENT_OR_PRIOR_SEAL,1,2025-11-22,2025-12-07,0
FILING_PROXY_CNC_20250701_8K,CNC,2025-07-01,1071739,HIGH,,V19_V20_DEVELOPMENT,,DEVELOPMENT_OR_PRIOR_SEAL,1,2025-06-21,2025-07-06,0
FILING_PROXY_CNC_20251110_8K,CNC,2025-11-10,1071739,HIGH,,V19_V20_DEVELOPMENT,,DEVELOPMENT_OR_PRIOR_SEAL,1,2025-10-31,2025-11-15,0
FILING_PROXY_CNDT_20250219_10K,CNDT,2025-02-19,1677703,HIGH,,V19_V20_DEVELOPMENT,,DEVELOPMENT_OR_PRIOR_SEAL,1,2025-02-09,2025-02-24,1
FILING_PROXY_CNDT_20250626_8K,CNDT,2025-06-26,1677703,HIGH,,V19_V20_DEVELOPMENT,,DEVELOPMENT_OR_PRIOR_SEAL,1,2025-06-16,2025-07-01,1
FILING_PROXY_CNET_20241119_10Q,CNET,2024-11-19,1376321,HIGH,,V19_V20_DEVELOPMENT,,DEVELOPMENT_OR_PRIOR_SEAL,1,2024-11-09,2024-11-24,1
FILING_PROXY_CNET_20250610_8K,CNET,2025-06-10,1376321,HIGH,,V19_V20_DEVELOPMENT,,DEVELOPMENT_OR_PRIOR_SEAL,1,2025-05-31,2025-06-15,1
FILING_PROXY_CNEY_20250519_6K,CNEY,2025-05-19,1780785,HIGH,,V19_V20_DEVELOPMENT,,DEVELOPMENT_OR_PRIOR_SEAL,1,2025-05-09,2025-05-24,1
FILING_PROXY_CNEY_20250929_6K,CNEY,2025-09-29,1780785,HIGH,,V19_V20_DEVELOPMENT,,DEVELOPMENT_OR_PRIOR_SEAL,1,2025-09-19,2025-10-04,0
FILING_PROXY_CNF_20250514_6K,CNF,2025-05-14,1733868,HIGH,,V19_V20_DEVELOPMENT,,DEVELOPMENT_OR_PRIOR_SEAL,1,2025-05-04,2025-05-19,1
FILING_PROXY_CNH_20241112_10Q,CNH,2024-11-12,1567094,HIGH,,V19_V20_DEVELOPMENT,,DEVELOPMENT_OR_PRIOR_SEAL,1,2024-11-02,2024-11-17,1
FILING_PROXY_CNH_20250512_8K,CNH,2025-05-12,1567094,HIGH,,V19_V20_DEVELOPMENT,,DEVELOPMENT_OR_PRIOR_SEAL,1,2025-05-02,2025-05-17,1
FILING_PROXY_CNH_20251107_8K,CNH,2025-11-07,1567094,HIGH,,V19_V20_DEVELOPMENT,,DEVELOPMENT_OR_PRIOR_SEAL,1,2025-10-28,2025-11-12,0
FILING_PROXY_CNI_20250606_6K,CNI,2025-06-06,16868,HIGH,,V19_V20_DEVELOPMENT,,DEVELOPMENT_OR_PRIOR_SEAL,1,2025-05-27,2025-06-11,1
FILING_PROXY_CNMD_20250730_8K,CNMD,2025-07-30,816956,HIGH,,V19_V20_DEVELOPMENT,,DEVELOPMENT_OR_PRIOR_SEAL,1,2025-07-20,2025-08-04,0
FILING_PROXY_CNMD_20251205_8K,CNMD,2025-12-05,816956,HIGH,,V19_V20_DEVELOPMENT,,DEVELOPMENT_OR_PRIOR_SEAL,1,2025-11-25,2025-12-10,0
FILING_PROXY_CNOBP_20251212_8K,CNOBP,2025-12-12,712771,HIGH,,V19_V20_DEVELOPMENT,,DEVELOPMENT_OR_PRIOR_SEAL,1,2025-12-02,2025-12-17,0
FILING_PROXY_CNS_20251016_8K,CNS,2025-10-16,1284812,HIGH,,V19_V20_DEVELOPMENT,,DEVELOPMENT_OR_PRIOR_SEAL,1,2025-10-06,2025-10-21,0
FILING_PROXY_CNTN_20250807_8K,CNTN,2025-08-07,1861657,HIGH,,V19_V20_DEVELOPMENT,,DEVELOPMENT_OR_PRIOR_SEAL,1,2025-07-28,2025-08-12,0
FILING_PROXY_CNTX_20241106_10Q,CNTX,2024-11-06,1842952,HIGH,,V19_V20_DEVELOPMENT,,DEVELOPMENT_OR_PRIOR_SEAL,1,2024-10-27,2024-11-11,1
FILING_PROXY_CNTX_20250612_8K,CNTX,2025-06-12,1842952,HIGH,,V19_V20_DEVELOPMENT,,DEVELOPMENT_OR_PRIOR_SEAL,1,2025-06-02,2025-06-17,1
FILING_PROXY_CNTX_20251105_8K,CNTX,2025-11-05,1842952,HIGH,,V19_V20_DEVELOPMENT,,DEVELOPMENT_OR_PRIOR_SEAL,1,2025-10-26,2025-11-10,0
FILING_PROXY_COCO_20241030_10Q,COCO,2024-10-30,1482981,HIGH,,V19_V20_DEVELOPMENT,,DEVELOPMENT_OR_PRIOR_SEAL,1,2024-10-20,2024-11-04,1
FILING_PROXY_COCO_20250613_8K,COCO,2025-06-13,1482981,HIGH,,V19_V20_DEVELOPMENT,,DEVELOPMENT_OR_PRIOR_SEAL,1,2025-06-03,2025-06-18,1
FILING_PROXY_COCP_20250814_8K,COCP,2025-08-14,1412486,HIGH,,V19_V20_DEVELOPMENT,,DEVELOPMENT_OR_PRIOR_SEAL,1,2025-08-04,2025-08-19,0
FILING_PROXY_COCP_20251218_8K,COCP,2025-12-18,1412486,HIGH,,V19_V20_DEVELOPMENT,,DEVELOPMENT_OR_PRIOR_SEAL,1,2025-12-08,2025-12-23,0
FILING_PROXY_CODX_20250327_10K,CODX,2025-03-27,1692415,HIGH,,V19_V20_DEVELOPMENT,,DEVELOPMENT_OR_PRIOR_SEAL,1,2025-03-17,2025-04-01,1
FILING_PROXY_CODX_20250814_8K,CODX,2025-08-14,1692415,HIGH,,V19_V20_DEVELOPMENT,,DEVELOPMENT_OR_PRIOR_SEAL,1,2025-08-04,2025-08-19,0
FILING_PROXY_CODX_20251230_8K,CODX,2025-12-30,1692415,HIGH,,V19_V20_DEVELOPMENT,,DEVELOPMENT_OR_PRIOR_SEAL,1,2025-12-20,2026-01-04,0
FILING_PROXY_COF_20250220_10K,COF,2025-02-20,927628,HIGH,,V19_V20_DEVELOPMENT,,DEVELOPMENT_OR_PRIOR_SEAL,1,2025-02-10,2025-02-25,1
FILING_PROXY_COGT_20250225_10K,COGT,2025-02-25,1622229,HIGH,,V19_V20_DEVELOPMENT,,DEVELOPMENT_OR_PRIOR_SEAL,1,2025-02-15,2025-03-02,1
FILING_PROXY_COGT_20250805_8K,COGT,2025-08-05,1622229,HIGH,,V19_V20_DEVELOPMENT,,DEVELOPMENT_OR_PRIOR_SEAL,1,2025-07-26,2025-08-10,0
FILING_PROXY_COGT_20251208_8K,COGT,2025-12-08,1622229,HIGH,,V19_V20_DEVELOPMENT,,DEVELOPMENT_OR_PRIOR_SEAL,1,2025-11-28,2025-12-13,0
FILING_PROXY_COHN_20250312_10K,COHN,2025-03-12,1270436,HIGH,,V19_V20_DEVELOPMENT,,DEVELOPMENT_OR_PRIOR_SEAL,1,2025-03-02,2025-03-17,1
FILING_PROXY_COHN_20250731_8K,COHN,2025-07-31,1270436,HIGH,,V19_V20_DEVELOPMENT,,DEVELOPMENT_OR_PRIOR_SEAL,1,2025-07-21,2025-08-05,0
FILING_PROXY_COHN_20251222_8K,COHN,2025-12-22,1270436,HIGH,,V19_V20_DEVELOPMENT,,DEVELOPMENT_OR_PRIOR_SEAL,1,2025-12-12,2025-12-27,0
FILING_PROXY_COHR_20250205_10Q,COHR,2025-02-05,820318,HIGH,,V19_V20_DEVELOPMENT,,DEVELOPMENT_OR_PRIOR_SEAL,1,2025-01-26,2025-02-10,1
FILING_PROXY_COIN_20250213_10K,COIN,2025-02-13,1679788,HIGH,,V19_V20_DEVELOPMENT,,DEVELOPMENT_OR_PRIOR_SEAL,1,2025-02-03,2025-02-18,1
FILING_PROXY_COIN_20250815_8K,COIN,2025-08-15,1679788,HIGH,,V19_V20_DEVELOPMENT,,DEVELOPMENT_OR_PRIOR_SEAL,1,2025-08-05,2025-08-20,0
FILING_PROXY_COLB_20250902_8K,COLB,2025-09-02,887343,HIGH,,V19_V20_DEVELOPMENT,,DEVELOPMENT_OR_PRIOR_SEAL,1,2025-08-23,2025-09-07,0
FILING_PROXY_COLD_20250227_10K,COLD,2025-02-27,1455863,HIGH,,V19_V20_DEVELOPMENT,,DEVELOPMENT_OR_PRIOR_SEAL,1,2025-02-17,2025-03-04,1
FILING_PROXY_COLD_20251222_8K,COLD,2025-12-22,1455863,HIGH,,V19_V20_DEVELOPMENT,,DEVELOPMENT_OR_PRIOR_SEAL,1,2025-12-12,2025-12-27,0
FILING_PROXY_CON_20251110_8K,CON,2025-11-10,2014596,HIGH,,V19_V20_DEVELOPMENT,,DEVELOPMENT_OR_PRIOR_SEAL,1,2025-10-31,2025-11-15,0
FILING_PROXY_COOK_20241107_10Q,COOK,2024-11-07,1857853,HIGH,,V19_V20_DEVELOPMENT,,DEVELOPMENT_OR_PRIOR_SEAL,1,2024-10-28,2024-11-12,1
FILING_PROXY_COOK_20251203_8K,COOK,2025-12-03,1857853,HIGH,,V19_V20_DEVELOPMENT,,DEVELOPMENT_OR_PRIOR_SEAL,1,2025-11-23,2025-12-08,0
FILING_PROXY_COOT_20250610_8K,COOT,2025-06-10,1959994,HIGH,,V19_V20_DEVELOPMENT,,DEVELOPMENT_OR_PRIOR_SEAL,1,2025-05-31,2025-06-15,1
FILING_PROXY_COOT_20251105_6K,COOT,2025-11-05,1959994,HIGH,,V19_V20_DEVELOPMENT,,DEVELOPMENT_OR_PRIOR_SEAL,1,2025-10-26,2025-11-10,0
FILING_PROXY_COP_20250218_10K,COP,2025-02-18,1163165,HIGH,,V19_V20_DEVELOPMENT,,DEVELOPMENT_OR_PRIOR_SEAL,1,2025-02-08,2025-02-23,1
FILING_PROXY_COP_20251106_8K,COP,2025-11-06,1163165,HIGH,,V19_V20_DEVELOPMENT,,DEVELOPMENT_OR_PRIOR_SEAL,1,2025-10-27,2025-11-11,0
FILING_PROXY_CORZ_20250527_8K,CORZ,2025-05-27,1839341,HIGH,,V19_V20_DEVELOPMENT,,DEVELOPMENT_OR_PRIOR_SEAL,1,2025-05-17,2025-06-01,1
FILING_PROXY_CORZ_20251031_8K,CORZ,2025-10-31,1839341,HIGH,,V19_V20_DEVELOPMENT,,DEVELOPMENT_OR_PRIOR_SEAL,1,2025-10-21,2025-11-05,0
FILING_PROXY_COR_20250205_10Q,COR,2025-02-05,1140859,HIGH,,V19_V20_DEVELOPMENT,,DEVELOPMENT_OR_PRIOR_SEAL,1,2025-01-26,2025-02-10,1
FILING_PROXY_COR_20250806_8K,COR,2025-08-06,1140859,HIGH,,V19_V20_DEVELOPMENT,,DEVELOPMENT_OR_PRIOR_SEAL,1,2025-07-27,2025-08-11,0
FILING_PROXY_COSM_20250811_8K,COSM,2025-08-11,1474167,HIGH,,V19_V20_DEVELOPMENT,,DEVELOPMENT_OR_PRIOR_SEAL,1,2025-08-01,2025-08-16,0
FILING_PROXY_COTY_20251222_8K,COTY,2025-12-22,1024305,HIGH,,V19_V20_DEVELOPMENT,,DEVELOPMENT_OR_PRIOR_SEAL,1,2025-12-12,2025-12-27,0
FILING_PROXY_COYA_20251217_8K,COYA,2025-12-17,1835022,HIGH,,V19_V20_DEVELOPMENT,,DEVELOPMENT_OR_PRIOR_SEAL,1,2025-12-07,2025-12-22,0
FILING_PROXY_CPAC_20250722_6K,CPAC,2025-07-22,1221029,HIGH,,V19_V20_DEVELOPMENT,,DEVELOPMENT_OR_PRIOR_SEAL,1,2025-07-12,2025-07-27,0
FILING_PROXY_CPAC_20251216_6K,CPAC,2025-12-16,1221029,HIGH,,V19_V20_DEVELOPMENT,,DEVELOPMENT_OR_PRIOR_SEAL,1,2025-12-06,2025-12-21,0
FILING_PROXY_CPAY_20241108_10Q,CPAY,2024-11-08,1175454,HIGH,,V19_V20_DEVELOPMENT,,DEVELOPMENT_OR_PRIOR_SEAL,1,2024-10-29,2024-11-13,1
FILING_PROXY_CPAY_20250616_8K,CPAY,2025-06-16,1175454,HIGH,,V19_V20_DEVELOPMENT,,DEVELOPMENT_OR_PRIOR_SEAL,1,2025-06-06,2025-06-21,1
FILING_PROXY_CPBI_20240621_10K,CPBI,2024-06-21,1979332,HIGH,,V19_V20_DEVELOPMENT,,DEVELOPMENT_OR_PRIOR_SEAL,1,2024-06-11,2024-06-26,1
FILING_PROXY_CPB_20250305_10Q,CPB,2025-03-05,16732,HIGH,,V19_V20_DEVELOPMENT,,DEVELOPMENT_OR_PRIOR_SEAL,1,2025-02-23,2025-03-10,1
FILING_PROXY_CPB_20251215_8K,CPB,2025-12-15,16732,HIGH,,V19_V20_DEVELOPMENT,,DEVELOPMENT_OR_PRIOR_SEAL,1,2025-12-05,2025-12-20,0
FILING_PROXY_CPNG_20250225_10K,CPNG,2025-02-25,1834584,HIGH,,V19_V20_DEVELOPMENT,,DEVELOPMENT_OR_PRIOR_SEAL,1,2025-02-15,2025-03-02,1
FILING_PROXY_CPNG_20250805_8K,CPNG,2025-08-05,1834584,HIGH,,V19_V20_DEVELOPMENT,,DEVELOPMENT_OR_PRIOR_SEAL,1,2025-07-26,2025-08-10,0
FILING_PROXY_CPOP_20250709_6K,CPOP,2025-07-09,1807389,HIGH,,V19_V20_DEVELOPMENT,,DEVELOPMENT_OR_PRIOR_SEAL,1,2025-06-29,2025-07-14,0
FILING_PROXY_CPRI_20241107_10Q,CPRI,2024-11-07,1530721,HIGH,,V19_V20_DEVELOPMENT,,DEVELOPMENT_OR_PRIOR_SEAL,1,2024-10-28,2024-11-12,1
FILING_PROXY_CPRI_20250528_8K,CPRI,2025-05-28,1530721,HIGH,,V19_V20_DEVELOPMENT,,DEVELOPMENT_OR_PRIOR_SEAL,1,2025-05-18,2025-06-02,1
FILING_PROXY_CPRI_20251202_8K,CPRI,2025-12-02,1530721,HIGH,,V19_V20_DEVELOPMENT,,DEVELOPMENT_OR_PRIOR_SEAL,1,2025-11-22,2025-12-07,0
FILING_PROXY_CPSH_20251217_8K,CPSH,2025-12-17,814676,HIGH,,V19_V20_DEVELOPMENT,,DEVELOPMENT_OR_PRIOR_SEAL,1,2025-12-07,2025-12-22,0
FILING_PROXY_CPSS_20250728_8K,CPSS,2025-07-28,889609,HIGH,,V19_V20_DEVELOPMENT,,DEVELOPMENT_OR_PRIOR_SEAL,1,2025-07-18,2025-08-02,0
FILING_PROXY_CRBP_20250311_10K,CRBP,2025-03-11,1595097,HIGH,,V19_V20_DEVELOPMENT,,DEVELOPMENT_OR_PRIOR_SEAL,1,2025-03-01,2025-03-16,1
FILING_PROXY_CRBP_20250805_8K,CRBP,2025-08-05,1595097,HIGH,,V19_V20_DEVELOPMENT,,DEVELOPMENT_OR_PRIOR_SEAL,1,2025-07-26,2025-08-10,0
FILING_PROXY_CRD-B_20250303_10K,CRD-B,2025-03-03,25475,HIGH,,V19_V20_DEVELOPMENT,,DEVELOPMENT_OR_PRIOR_SEAL,1,2025-02-21,2025-03-08,1
FILING_PROXY_CRD-B_20251208_8K,CRD-B,2025-12-08,25475,HIGH,,V19_V20_DEVELOPMENT,,DEVELOPMENT_OR_PRIOR_SEAL,1,2025-11-28,2025-12-13,0
FILING_PROXY_CRDF_20250626_8K,CRDF,2025-06-26,1213037,HIGH,,V19_V20_DEVELOPMENT,,DEVELOPMENT_OR_PRIOR_SEAL,1,2025-06-16,2025-07-01,1
FILING_PROXY_CRDF_20251106_8K,CRDF,2025-11-06,1213037,HIGH,,V19_V20_DEVELOPMENT,,DEVELOPMENT_OR_PRIOR_SEAL,1,2025-10-27,2025-11-11,0
FILING_PROXY_CRDL_20250722_6K,CRDL,2025-07-22,1702123,HIGH,,V19_V20_DEVELOPMENT,,DEVELOPMENT_OR_PRIOR_SEAL,1,2025-07-12,2025-07-27,0
FILING_PROXY_CRDL_20251201_6K,CRDL,2025-12-01,1702123,HIGH,,V19_V20_DEVELOPMENT,,DEVELOPMENT_OR_PRIOR_SEAL,1,2025-11-21,2025-12-06,0
FILING_PROXY_CRDO_20241203_10Q,CRDO,2024-12-03,1807794,HIGH,,V19_V20_DEVELOPMENT,,DEVELOPMENT_OR_PRIOR_SEAL,1,2024-11-23,2024-12-08,1
FILING_PROXY_CRESY_20250711_6K,CRESY,2025-07-11,1034957,HIGH,,V19_V20_DEVELOPMENT,,DEVELOPMENT_OR_PRIOR_SEAL,1,2025-07-01,2025-07-16,0
FILING_PROXY_CREX_20250314_10K,CREX,2025-03-14,1356093,HIGH,,V19_V20_DEVELOPMENT,,DEVELOPMENT_OR_PRIOR_SEAL,1,2025-03-04,2025-03-19,1
FILING_PROXY_CRH_20250806_8K,CRH,2025-08-06,849395,HIGH,,V19_V20_DEVELOPMENT,,DEVELOPMENT_OR_PRIOR_SEAL,1,2025-07-27,2025-08-11,0
FILING_PROXY_CRH_20251205_8K,CRH,2025-12-05,849395,HIGH,,V19_V20_DEVELOPMENT,,DEVELOPMENT_OR_PRIOR_SEAL,1,2025-11-25,2025-12-10,0
FILING_PROXY_CRIS_20241114_10Q,CRIS,2024-11-14,1108205,HIGH,,V19_V20_DEVELOPMENT,,DEVELOPMENT_OR_PRIOR_SEAL,1,2024-11-04,2024-11-19,1
FILING_PROXY_CRK_20241031_10Q,CRK,2024-10-31,23194,HIGH,,V19_V20_DEVELOPMENT,,DEVELOPMENT_OR_PRIOR_SEAL,1,2024-10-21,2024-11-05,1
FILING_PROXY_CRK_20250603_8K,CRK,2025-06-03,23194,HIGH,,V19_V20_DEVELOPMENT,,DEVELOPMENT_OR_PRIOR_SEAL,1,2025-05-24,2025-06-08,1
FILING_PROXY_CRK_20251103_8K,CRK,2025-11-03,23194,HIGH,,V19_V20_DEVELOPMENT,,DEVELOPMENT_OR_PRIOR_SEAL,1,2025-10-24,2025-11-08,0
FILING_PROXY_CRL_20241106_10Q,CRL,2024-11-06,1100682,HIGH,,V19_V20_DEVELOPMENT,,DEVELOPMENT_OR_PRIOR_SEAL,1,2024-10-27,2024-11-11,1
FILING_PROXY_CRL_20251203_8K,CRL,2025-12-03,1100682,HIGH,,V19_V20_DEVELOPMENT,,DEVELOPMENT_OR_PRIOR_SEAL,1,2025-11-23,2025-12-08,0
FILING_PROXY_CRML_20251231_6K,CRML,2025-12-31,1951089,HIGH,,V19_V20_DEVELOPMENT,,DEVELOPMENT_OR_PRIOR_SEAL,1,2025-12-21,2026-01-05,0
FILING_PROXY_CRMT_20251223_8K,CRMT,2025-12-23,799850,HIGH,,V19_V20_DEVELOPMENT,,DEVELOPMENT_OR_PRIOR_SEAL,1,2025-12-13,2025-12-28,0
FILING_PROXY_CRM_20250305_10K,CRM,2025-03-05,1108524,HIGH,,V19_V20_DEVELOPMENT,,DEVELOPMENT_OR_PRIOR_SEAL,1,2025-02-23,2025-03-10,1
FILING_PROXY_CRM_20250709_8K,CRM,2025-07-09,1108524,HIGH,,V19_V20_DEVELOPMENT,,DEVELOPMENT_OR_PRIOR_SEAL,1,2025-06-29,2025-07-14,0
FILING_PROXY_CRNC_20250806_8K,CRNC,2025-08-06,1768267,HIGH,,V19_V20_DEVELOPMENT,,DEVELOPMENT_OR_PRIOR_SEAL,1,2025-07-27,2025-08-11,0
FILING_PROXY_CRNC_20251229_8K,CRNC,2025-12-29,1768267,HIGH,,V19_V20_DEVELOPMENT,,DEVELOPMENT_OR_PRIOR_SEAL,1,2025-12-19,2026-01-03,0
FILING_PROXY_CRON_20250227_10K,CRON,2025-02-27,1656472,HIGH,,V19_V20_DEVELOPMENT,,DEVELOPMENT_OR_PRIOR_SEAL,1,2025-02-17,2025-03-04,1
FILING_PROXY_CRON_20250807_8K,CRON,2025-08-07,1656472,HIGH,,V19_V20_DEVELOPMENT,,DEVELOPMENT_OR_PRIOR_SEAL,1,2025-07-28,2025-08-12,0
FILING_PROXY_CRSR_20250226_10K,CRSR,2025-02-26,1743759,HIGH,,V19_V20_DEVELOPMENT,,DEVELOPMENT_OR_PRIOR_SEAL,1,2025-02-16,2025-03-03,1
FILING_PROXY_CRSR_20250702_8K,CRSR,2025-07-02,1743759,HIGH,,V19_V20_DEVELOPMENT,,DEVELOPMENT_OR_PRIOR_SEAL,1,2025-06-22,2025-07-07,0
FILING_PROXY_CRSR_20251120_8K,CRSR,2025-11-20,1743759,HIGH,,V19_V20_DEVELOPMENT,,DEVELOPMENT_OR_PRIOR_SEAL,1,2025-11-10,2025-11-25,0
FILING_PROXY_CRS_20241024_10Q,CRS,2024-10-24,17843,HIGH,,V19_V20_DEVELOPMENT,,DEVELOPMENT_OR_PRIOR_SEAL,1,2024-10-14,2024-10-29,1
FILING_PROXY_CRS_20250429_8K,CRS,2025-04-29,17843,HIGH,,V19_V20_DEVELOPMENT,,DEVELOPMENT_OR_PRIOR_SEAL,1,2025-04-19,2025-05-04,1
FILING_PROXY_CRVL_20241107_10Q,CRVL,2024-11-07,874866,HIGH,,V19_V20_DEVELOPMENT,,DEVELOPMENT_OR_PRIOR_SEAL,1,2024-10-28,2024-11-12,1
FILING_PROXY_CRVL_20251104_8K,CRVL,2025-11-04,874866,HIGH,,V19_V20_DEVELOPMENT,,DEVELOPMENT_OR_PRIOR_SEAL,1,2025-10-25,2025-11-09,0
FILING_PROXY_CRVO_20250317_10K,CRVO,2025-03-17,1053691,HIGH,,V19_V20_DEVELOPMENT,,DEVELOPMENT_OR_PRIOR_SEAL,1,2025-03-07,2025-03-22,1
FILING_PROXY_CRVO_20250805_8K,CRVO,2025-08-05,1053691,HIGH,,V19_V20_DEVELOPMENT,,DEVELOPMENT_OR_PRIOR_SEAL,1,2025-07-26,2025-08-10,0
FILING_PROXY_CRVO_20251205_8K,CRVO,2025-12-05,1053691,HIGH,,V19_V20_DEVELOPMENT,,DEVELOPMENT_OR_PRIOR_SEAL,1,2025-11-25,2025-12-10,0
FILING_PROXY_CRWD_20250310_10K,CRWD,2025-03-10,1535527,HIGH,,V19_V20_DEVELOPMENT,,DEVELOPMENT_OR_PRIOR_SEAL,1,2025-02-28,2025-03-15,1
FILING_PROXY_CRWD_20250827_8K,CRWD,2025-08-27,1535527,HIGH,,V19_V20_DEVELOPMENT,,DEVELOPMENT_OR_PRIOR_SEAL,1,2025-08-17,2025-09-01,0
FILING_PROXY_CSAI_20250813_8K,CSAI,2025-08-13,1709628,HIGH,,V19_V20_DEVELOPMENT,,DEVELOPMENT_OR_PRIOR_SEAL,1,2025-08-03,2025-08-18,0
FILING_PROXY_CSAI_20251218_8K,CSAI,2025-12-18,1709628,HIGH,,V19_V20_DEVELOPMENT,,DEVELOPMENT_OR_PRIOR_SEAL,1,2025-12-08,2025-12-23,0
FILING_PROXY_CSCO_20250813_8K,CSCO,2025-08-13,858877,HIGH,,V19_V20_DEVELOPMENT,,DEVELOPMENT_OR_PRIOR_SEAL,1,2025-08-03,2025-08-18,0
FILING_PROXY_CSL_20241025_10Q,CSL,2024-10-25,790051,HIGH,,V19_V20_DEVELOPMENT,,DEVELOPMENT_OR_PRIOR_SEAL,1,2024-10-15,2024-10-30,1
FILING_PROXY_CSTE_20250806_6K,CSTE,2025-08-06,1504379,HIGH,,V19_V20_DEVELOPMENT,,DEVELOPMENT_OR_PRIOR_SEAL,1,2025-07-27,2025-08-11,0
FILING_PROXY_CSTL_20241104_10Q,CSTL,2024-11-04,1447362,HIGH,,V19_V20_DEVELOPMENT,,DEVELOPMENT_OR_PRIOR_SEAL,1,2024-10-25,2024-11-09,1
FILING_PROXY_CSTL_20251103_8K,CSTL,2025-11-03,1447362,HIGH,,V19_V20_DEVELOPMENT,,DEVELOPMENT_OR_PRIOR_SEAL,1,2025-10-24,2025-11-08,0
FILING_PROXY_CSX_20241017_10Q,CSX,2024-10-17,277948,HIGH,,V19_V20_DEVELOPMENT,,DEVELOPMENT_OR_PRIOR_SEAL,1,2024-10-07,2024-10-22,1
FILING_PROXY_CTAS_20250108_10Q,CTAS,2025-01-08,723254,HIGH,,V19_V20_DEVELOPMENT,,DEVELOPMENT_OR_PRIOR_SEAL,1,2024-12-29,2025-01-13,1
FILING_PROXY_CTAS_20250717_8K,CTAS,2025-07-17,723254,HIGH,,V19_V20_DEVELOPMENT,,DEVELOPMENT_OR_PRIOR_SEAL,1,2025-07-07,2025-07-22,0
FILING_PROXY_CTEV_20250226_10K,CTEV,2025-02-26,1793229,HIGH,,V19_V20_DEVELOPMENT,,DEVELOPMENT_OR_PRIOR_SEAL,1,2025-02-16,2025-03-03,1
FILING_PROXY_CTEV_20250806_8K,CTEV,2025-08-06,1793229,HIGH,,V19_V20_DEVELOPMENT,,DEVELOPMENT_OR_PRIOR_SEAL,1,2025-07-27,2025-08-11,0
FILING_PROXY_CTEV_20251229_8K,CTEV,2025-12-29,1793229,HIGH,,V19_V20_DEVELOPMENT,,DEVELOPMENT_OR_PRIOR_SEAL,1,2025-12-19,2026-01-03,0
FILING_PROXY_CTNT_20251113_8K,CTNT,2025-11-13,1951667,HIGH,,V19_V20_DEVELOPMENT,,DEVELOPMENT_OR_PRIOR_SEAL,1,2025-11-03,2025-11-18,0
FILING_PROXY_CTOR_20250214_10Q,CTOR,2025-02-14,1851484,HIGH,,V19_V20_DEVELOPMENT,,DEVELOPMENT_OR_PRIOR_SEAL,1,2025-02-04,2025-02-19,1
FILING_PROXY_CTOR_20250818_8K,CTOR,2025-08-18,1851484,HIGH,,V19_V20_DEVELOPMENT,,DEVELOPMENT_OR_PRIOR_SEAL,1,2025-08-08,2025-08-23,0
FILING_PROXY_CTOR_20251223_8K,CTOR,2025-12-23,1851484,HIGH,,V19_V20_DEVELOPMENT,,DEVELOPMENT_OR_PRIOR_SEAL,1,2025-12-13,2025-12-28,0
FILING_PROXY_CTRI_20250811_8K,CTRI,2025-08-11,1981599,HIGH,,V19_V20_DEVELOPMENT,,DEVELOPMENT_OR_PRIOR_SEAL,1,2025-08-01,2025-08-16,0
FILING_PROXY_CTSH_20241031_10Q,CTSH,2024-10-31,1058290,HIGH,,V19_V20_DEVELOPMENT,,DEVELOPMENT_OR_PRIOR_SEAL,1,2024-10-21,2024-11-05,1
FILING_PROXY_CTSO_20241107_10Q,CTSO,2024-11-07,1175151,HIGH,,V19_V20_DEVELOPMENT,,DEVELOPMENT_OR_PRIOR_SEAL,1,2024-10-28,2024-11-12,1
FILING_PROXY_CTSO_20250702_8K,CTSO,2025-07-02,1175151,HIGH,,V19_V20_DEVELOPMENT,,DEVELOPMENT_OR_PRIOR_SEAL,1,2025-06-22,2025-07-07,0
FILING_PROXY_CTSO_20251113_8K,CTSO,2025-11-13,1175151,HIGH,,V19_V20_DEVELOPMENT,,DEVELOPMENT_OR_PRIOR_SEAL,1,2025-11-03,2025-11-18,0
FILING_PROXY_CTVA_20241107_10Q,CTVA,2024-11-07,1755672,HIGH,,V19_V20_DEVELOPMENT,,DEVELOPMENT_OR_PRIOR_SEAL,1,2024-10-28,2024-11-12,1
FILING_PROXY_CTVA_20250507_8K,CTVA,2025-05-07,1755672,HIGH,,V19_V20_DEVELOPMENT,,DEVELOPMENT_OR_PRIOR_SEAL,1,2025-04-27,2025-05-12,1
FILING_PROXY_CTXR_20250214_10Q,CTXR,2025-02-14,1506251,HIGH,,V19_V20_DEVELOPMENT,,DEVELOPMENT_OR_PRIOR_SEAL,1,2025-02-04,2025-02-19,1
FILING_PROXY_CUE_20250331_10K,CUE,2025-03-31,1645460,HIGH,,V19_V20_DEVELOPMENT,,DEVELOPMENT_OR_PRIOR_SEAL,1,2025-03-21,2025-04-05,1
FILING_PROXY_CUE_20251219_8K,CUE,2025-12-19,1645460,HIGH,,V19_V20_DEVELOPMENT,,DEVELOPMENT_OR_PRIOR_SEAL,1,2025-12-09,2025-12-24,0
FILING_PROXY_CUPR_20251209_6K,CUPR,2025-12-09,1995704,HIGH,,V19_V20_DEVELOPMENT,,DEVELOPMENT_OR_PRIOR_SEAL,1,2025-11-29,2025-12-14,0
FILING_PROXY_CURI_20250703_8K,CURI,2025-07-03,1776909,HIGH,,V19_V20_DEVELOPMENT,,DEVELOPMENT_OR_PRIOR_SEAL,1,2025-06-23,2025-07-08,0
FILING_PROXY_CURI_20251112_8K,CURI,2025-11-12,1776909,HIGH,,V19_V20_DEVELOPMENT,,DEVELOPMENT_OR_PRIOR_SEAL,1,2025-11-02,2025-11-17,0
FILING_PROXY_CURR_20241119_10Q,CURR,2024-11-19,1862935,HIGH,,V19_V20_DEVELOPMENT,,DEVELOPMENT_OR_PRIOR_SEAL,1,2024-11-09,2024-11-24,1
FILING_PROXY_CURR_20250808_6K,CURR,2025-08-08,1862935,HIGH,,V19_V20_DEVELOPMENT,,DEVELOPMENT_OR_PRIOR_SEAL,1,2025-07-29,2025-08-13,0
FILING_PROXY_CURR_20251212_6K,CURR,2025-12-12,1862935,HIGH,,V19_V20_DEVELOPMENT,,DEVELOPMENT_OR_PRIOR_SEAL,1,2025-12-02,2025-12-17,0
FILING_PROXY_CVCO_20250522_8K,CVCO,2025-05-22,278166,HIGH,,V19_V20_DEVELOPMENT,,DEVELOPMENT_OR_PRIOR_SEAL,1,2025-05-12,2025-05-27,1
FILING_PROXY_CVCO_20251031_8K,CVCO,2025-10-31,278166,HIGH,,V19_V20_DEVELOPMENT,,DEVELOPMENT_OR_PRIOR_SEAL,1,2025-10-21,2025-11-05,0
FILING_PROXY_CVGI_20250630_8K,CVGI,2025-06-30,1290900,HIGH,,V19_V20_DEVELOPMENT,,DEVELOPMENT_OR_PRIOR_SEAL,1,2025-06-20,2025-07-05,1
FILING_PROXY_CVNA_20241030_10Q,CVNA,2024-10-30,1690820,HIGH,,V19_V20_DEVELOPMENT,,DEVELOPMENT_OR_PRIOR_SEAL,1,2024-10-20,2024-11-04,1
FILING_PROXY_CVNA_20250507_8K,CVNA,2025-05-07,1690820,HIGH,,V19_V20_DEVELOPMENT,,DEVELOPMENT_OR_PRIOR_SEAL,1,2025-04-27,2025-05-12,1
FILING_PROXY_CVNA_20251029_8K,CVNA,2025-10-29,1690820,HIGH,,V19_V20_DEVELOPMENT,,DEVELOPMENT_OR_PRIOR_SEAL,1,2025-10-19,2025-11-03,0
FILING_PROXY_CVRX_20241101_10Q,CVRX,2024-11-01,1235912,HIGH,,V19_V20_DEVELOPMENT,,DEVELOPMENT_OR_PRIOR_SEAL,1,2024-10-22,2024-11-06,1
FILING_PROXY_CVS_20250212_10K,CVS,2025-02-12,64803,HIGH,,V19_V20_DEVELOPMENT,,DEVELOPMENT_OR_PRIOR_SEAL,1,2025-02-02,2025-02-17,1
FILING_PROXY_CVS_20250731_8K,CVS,2025-07-31,64803,HIGH,,V19_V20_DEVELOPMENT,,DEVELOPMENT_OR_PRIOR_SEAL,1,2025-07-21,2025-08-05,0
FILING_PROXY_CVS_20251209_8K,CVS,2025-12-09,64803,HIGH,,V19_V20_DEVELOPMENT,,DEVELOPMENT_OR_PRIOR_SEAL,1,2025-11-29,2025-12-14,0
FILING_PROXY_CVU_20241113_10Q,CVU,2024-11-13,889348,HIGH,,V19_V20_DEVELOPMENT,,DEVELOPMENT_OR_PRIOR_SEAL,1,2024-11-03,2024-11-18,1
FILING_PROXY_CVU_20250728_8K,CVU,2025-07-28,889348,HIGH,,V19_V20_DEVELOPMENT,,DEVELOPMENT_OR_PRIOR_SEAL,1,2025-07-18,2025-08-02,0
FILING_PROXY_CVU_20251212_8K,CVU,2025-12-12,889348,HIGH,,V19_V20_DEVELOPMENT,,DEVELOPMENT_OR_PRIOR_SEAL,1,2025-12-02,2025-12-17,0
FILING_PROXY_CVV_20241113_10Q,CVV,2024-11-13,766792,HIGH,,V19_V20_DEVELOPMENT,,DEVELOPMENT_OR_PRIOR_SEAL,1,2024-11-03,2024-11-18,1
FILING_PROXY_CVV_20250513_8K,CVV,2025-05-13,766792,HIGH,,V19_V20_DEVELOPMENT,,DEVELOPMENT_OR_PRIOR_SEAL,1,2025-05-03,2025-05-18,1
FILING_PROXY_CVV_20251110_8K,CVV,2025-11-10,766792,HIGH,,V19_V20_DEVELOPMENT,,DEVELOPMENT_OR_PRIOR_SEAL,1,2025-10-31,2025-11-15,0
FILING_PROXY_CV_20251229_8K,CV,2025-12-29,1378325,HIGH,,V19_V20_DEVELOPMENT,,DEVELOPMENT_OR_PRIOR_SEAL,1,2025-12-19,2026-01-03,0
FILING_PROXY_CWD_20250331_10K,CWD,2025-03-31,1627282,HIGH,,V19_V20_DEVELOPMENT,,DEVELOPMENT_OR_PRIOR_SEAL,1,2025-03-21,2025-04-05,1
FILING_PROXY_CWD_20251216_8K,CWD,2025-12-16,1627282,HIGH,,V19_V20_DEVELOPMENT,,DEVELOPMENT_OR_PRIOR_SEAL,1,2025-12-06,2025-12-21,0
FILING_PROXY_CW_20251121_8K,CW,2025-11-21,26324,HIGH,,V19_V20_DEVELOPMENT,,DEVELOPMENT_OR_PRIOR_SEAL,1,2025-11-11,2025-11-26,0
FILING_PROXY_CXAI_20250811_8K,CXAI,2025-08-11,1820875,HIGH,,V19_V20_DEVELOPMENT,,DEVELOPMENT_OR_PRIOR_SEAL,1,2025-08-01,2025-08-16,0
FILING_PROXY_CXT_20250527_8K,CXT,2025-05-27,25445,HIGH,,V19_V20_DEVELOPMENT,,DEVELOPMENT_OR_PRIOR_SEAL,1,2025-05-17,2025-06-01,1
FILING_PROXY_CYCU_20250417_10K,CYCU,2025-04-17,1868419,HIGH,,V19_V20_DEVELOPMENT,,DEVELOPMENT_OR_PRIOR_SEAL,1,2025-04-07,2025-04-22,1
FILING_PROXY_CYCU_20250828_8K,CYCU,2025-08-28,1868419,HIGH,,V19_V20_DEVELOPMENT,,DEVELOPMENT_OR_PRIOR_SEAL,1,2025-08-18,2025-09-02,0
FILING_PROXY_CYCU_20251230_8K,CYCU,2025-12-30,1868419,HIGH,,V19_V20_DEVELOPMENT,,DEVELOPMENT_OR_PRIOR_SEAL,1,2025-12-20,2026-01-04,0
FILING_PROXY_CYN_20250306_10K,CYN,2025-03-06,1874097,HIGH,,V19_V20_DEVELOPMENT,,DEVELOPMENT_OR_PRIOR_SEAL,1,2025-02-24,2025-03-11,1
FILING_PROXY_CYN_20250807_8K,CYN,2025-08-07,1874097,HIGH,,V19_V20_DEVELOPMENT,,DEVELOPMENT_OR_PRIOR_SEAL,1,2025-07-28,2025-08-12,0
FILING_PROXY_CYTK_20250227_10K,CYTK,2025-02-27,1061983,HIGH,,V19_V20_DEVELOPMENT,,DEVELOPMENT_OR_PRIOR_SEAL,1,2025-02-17,2025-03-04,1
FILING_PROXY_CYTK_20251219_8K,CYTK,2025-12-19,1061983,HIGH,,V19_V20_DEVELOPMENT,,DEVELOPMENT_OR_PRIOR_SEAL,1,2025-12-09,2025-12-24,0
FILING_PROXY_CZFS_20250730_8K,CZFS,2025-07-30,739421,HIGH,,V19_V20_DEVELOPMENT,,DEVELOPMENT_OR_PRIOR_SEAL,1,2025-07-20,2025-08-04,0
FILING_PROXY_CZFS_20251217_8K,CZFS,2025-12-17,739421,HIGH,,V19_V20_DEVELOPMENT,,DEVELOPMENT_OR_PRIOR_SEAL,1,2025-12-07,2025-12-22,0
FILING_PROXY_CZR_20250225_10K,CZR,2025-02-25,1590895,HIGH,,V19_V20_DEVELOPMENT,,DEVELOPMENT_OR_PRIOR_SEAL,1,2025-02-15,2025-03-02,1
FILING_PROXY_CZR_20250729_8K,CZR,2025-07-29,1590895,HIGH,,V19_V20_DEVELOPMENT,,DEVELOPMENT_OR_PRIOR_SEAL,1,2025-07-19,2025-08-03,0
FILING_PROXY_CZWI_20241105_10Q,CZWI,2024-11-05,1367859,HIGH,,V19_V20_DEVELOPMENT,,DEVELOPMENT_OR_PRIOR_SEAL,1,2024-10-26,2024-11-10,1
FILING_PROXY_DAIC_20251218_8K,DAIC,2025-12-18,2033770,HIGH,,V19_V20_DEVELOPMENT,,DEVELOPMENT_OR_PRIOR_SEAL,1,2025-12-08,2025-12-23,0
FILING_PROXY_DAL_20250710_8K,DAL,2025-07-10,27904,HIGH,,V19_V20_DEVELOPMENT,,DEVELOPMENT_OR_PRIOR_SEAL,1,2025-06-30,2025-07-15,0
FILING_PROXY_DARE_20241114_10Q,DARE,2024-11-14,1401914,HIGH,,V19_V20_DEVELOPMENT,,DEVELOPMENT_OR_PRIOR_SEAL,1,2024-11-04,2024-11-19,1
FILING_PROXY_DARE_20250725_8K,DARE,2025-07-25,1401914,HIGH,,V19_V20_DEVELOPMENT,,DEVELOPMENT_OR_PRIOR_SEAL,1,2025-07-15,2025-07-30,0
FILING_PROXY_DARE_20251201_8K,DARE,2025-12-01,1401914,HIGH,,V19_V20_DEVELOPMENT,,DEVELOPMENT_OR_PRIOR_SEAL,1,2025-11-21,2025-12-06,0
FILING_PROXY_DAR_20250225_10K,DAR,2025-02-25,916540,HIGH,,V19_V20_DEVELOPMENT,,DEVELOPMENT_OR_PRIOR_SEAL,1,2025-02-15,2025-03-02,1
FILING_PROXY_DASH_20250214_10K,DASH,2025-02-14,1792789,HIGH,,V19_V20_DEVELOPMENT,,DEVELOPMENT_OR_PRIOR_SEAL,1,2025-02-04,2025-02-19,1
FILING_PROXY_DASH_20251105_8K,DASH,2025-11-05,1792789,HIGH,,V19_V20_DEVELOPMENT,,DEVELOPMENT_OR_PRIOR_SEAL,1,2025-10-26,2025-11-10,0
FILING_PROXY_DAVA_20250708_6K,DAVA,2025-07-08,1656081,HIGH,,V19_V20_DEVELOPMENT,,DEVELOPMENT_OR_PRIOR_SEAL,1,2025-06-28,2025-07-13,0
FILING_PROXY_DBD_20241107_10Q,DBD,2024-11-07,28823,HIGH,,V19_V20_DEVELOPMENT,,DEVELOPMENT_OR_PRIOR_SEAL,1,2024-10-28,2024-11-12,1
FILING_PROXY_DBRG_20250221_10K,DBRG,2025-02-21,1679688,HIGH,,V19_V20_DEVELOPMENT,,DEVELOPMENT_OR_PRIOR_SEAL,1,2025-02-11,2025-02-26,1
FILING_PROXY_DBRG_20251230_8K,DBRG,2025-12-30,1679688,HIGH,,V19_V20_DEVELOPMENT,,DEVELOPMENT_OR_PRIOR_SEAL,1,2025-12-20,2026-01-04,0
FILING_PROXY_DBX_20250221_10K,DBX,2025-02-21,1467623,HIGH,,V19_V20_DEVELOPMENT,,DEVELOPMENT_OR_PRIOR_SEAL,1,2025-02-11,2025-02-26,1
FILING_PROXY_DBX_20251210_8K,DBX,2025-12-10,1467623,HIGH,,V19_V20_DEVELOPMENT,,DEVELOPMENT_OR_PRIOR_SEAL,1,2025-11-30,2025-12-15,0
FILING_PROXY_DCH_20250214_10K,DCH,2025-02-14,1062231,HIGH,,V19_V20_DEVELOPMENT,,DEVELOPMENT_OR_PRIOR_SEAL,1,2025-02-04,2025-02-19,1
FILING_PROXY_DCH_20251107_8K,DCH,2025-11-07,1062231,HIGH,,V19_V20_DEVELOPMENT,,DEVELOPMENT_OR_PRIOR_SEAL,1,2025-10-28,2025-11-12,0
FILING_PROXY_DCOM_20250724_8K,DCOM,2025-07-24,846617,HIGH,,V19_V20_DEVELOPMENT,,DEVELOPMENT_OR_PRIOR_SEAL,1,2025-07-14,2025-07-29,0
FILING_PROXY_DCOY_20250818_8K,DCOY,2025-08-18,1615219,HIGH,,V19_V20_DEVELOPMENT,,DEVELOPMENT_OR_PRIOR_SEAL,1,2025-08-08,2025-08-23,0
FILING_PROXY_DCOY_20251219_8K,DCOY,2025-12-19,1615219,HIGH,,V19_V20_DEVELOPMENT,,DEVELOPMENT_OR_PRIOR_SEAL,1,2025-12-09,2025-12-24,0
FILING_PROXY_DCX_20251223_6K,DCX,2025-12-23,1957413,HIGH,,V19_V20_DEVELOPMENT,,DEVELOPMENT_OR_PRIOR_SEAL,1,2025-12-13,2025-12-28,0
FILING_PROXY_DD_20250805_8K,DD,2025-08-05,1666700,HIGH,,V19_V20_DEVELOPMENT,,DEVELOPMENT_OR_PRIOR_SEAL,1,2025-07-26,2025-08-10,0
FILING_PROXY_DELL_20241210_10Q,DELL,2024-12-10,1571996,HIGH,,V19_V20_DEVELOPMENT,,DEVELOPMENT_OR_PRIOR_SEAL,1,2024-11-30,2024-12-15,1
FILING_PROXY_DELL_20251125_8K,DELL,2025-11-25,1571996,HIGH,,V19_V20_DEVELOPMENT,,DEVELOPMENT_OR_PRIOR_SEAL,1,2025-11-15,2025-11-30,0
FILING_PROXY_DERM_20250714_8K,DERM,2025-07-14,1867066,HIGH,,V19_V20_DEVELOPMENT,,DEVELOPMENT_OR_PRIOR_SEAL,1,2025-07-04,2025-07-19,0
FILING_PROXY_DERM_20251112_8K,DERM,2025-11-12,1867066,HIGH,,V19_V20_DEVELOPMENT,,DEVELOPMENT_OR_PRIOR_SEAL,1,2025-11-02,2025-11-17,0
FILING_PROXY_DEVSF_20250416_10Q,DEVSF,2025-04-16,1854480,HIGH,,V19_V20_DEVELOPMENT,,DEVELOPMENT_OR_PRIOR_SEAL,1,2025-04-06,2025-04-21,1
FILING_PROXY_DEVSF_20250825_8K,DEVSF,2025-08-25,1854480,HIGH,,V19_V20_DEVELOPMENT,,DEVELOPMENT_OR_PRIOR_SEAL,1,2025-08-15,2025-08-30,0
FILING_PROXY_DFLI_20250331_10K,DFLI,2025-03-31,1847986,HIGH,,V19_V20_DEVELOPMENT,,DEVELOPMENT_OR_PRIOR_SEAL,1,2025-03-21,2025-04-05,1
FILING_PROXY_DFLI_20250814_8K,DFLI,2025-08-14,1847986,HIGH,,V19_V20_DEVELOPMENT,,DEVELOPMENT_OR_PRIOR_SEAL,1,2025-08-04,2025-08-19,0
FILING_PROXY_DFLI_20251218_8K,DFLI,2025-12-18,1847986,HIGH,,V19_V20_DEVELOPMENT,,DEVELOPMENT_OR_PRIOR_SEAL,1,2025-12-08,2025-12-23,0
FILING_PROXY_DFNS_20250829_8K,DFNS,2025-08-29,1787518,HIGH,,V19_V20_DEVELOPMENT,,DEVELOPMENT_OR_PRIOR_SEAL,1,2025-08-19,2025-09-03,0
FILING_PROXY_DFSC_20250813_6K,DFSC,2025-08-13,1889823,HIGH,,V19_V20_DEVELOPMENT,,DEVELOPMENT_OR_PRIOR_SEAL,1,2025-08-03,2025-08-18,0
FILING_PROXY_DFSC_20251230_6K,DFSC,2025-12-30,1889823,HIGH,,V19_V20_DEVELOPMENT,,DEVELOPMENT_OR_PRIOR_SEAL,1,2025-12-20,2026-01-04,0
FILING_PROXY_DGICB_20250310_10K,DGICB,2025-03-10,800457,HIGH,,V19_V20_DEVELOPMENT,,DEVELOPMENT_OR_PRIOR_SEAL,1,2025-02-28,2025-03-15,1
FILING_PROXY_DGICB_20250724_8K,DGICB,2025-07-24,800457,HIGH,,V19_V20_DEVELOPMENT,,DEVELOPMENT_OR_PRIOR_SEAL,1,2025-07-14,2025-07-29,0
FILING_PROXY_DGICB_20251222_8K,DGICB,2025-12-22,800457,HIGH,,V19_V20_DEVELOPMENT,,DEVELOPMENT_OR_PRIOR_SEAL,1,2025-12-12,2025-12-27,0
FILING_PROXY_DGNX_20250728_6K,DGNX,2025-07-28,2010499,HIGH,,V19_V20_DEVELOPMENT,,DEVELOPMENT_OR_PRIOR_SEAL,1,2025-07-18,2025-08-02,0
FILING_PROXY_DGNX_20251209_6K,DGNX,2025-12-09,2010499,HIGH,,V19_V20_DEVELOPMENT,,DEVELOPMENT_OR_PRIOR_SEAL,1,2025-11-29,2025-12-14,0
FILING_PROXY_DG_20241205_10Q,DG,2024-12-05,29534,HIGH,,V19_V20_DEVELOPMENT,,DEVELOPMENT_OR_PRIOR_SEAL,1,2024-11-25,2024-12-10,1
FILING_PROXY_DG_20250716_8K,DG,2025-07-16,29534,HIGH,,V19_V20_DEVELOPMENT,,DEVELOPMENT_OR_PRIOR_SEAL,1,2025-07-06,2025-07-21,0
FILING_PROXY_DHI_20251028_8K,DHI,2025-10-28,882184,HIGH,,V19_V20_DEVELOPMENT,,DEVELOPMENT_OR_PRIOR_SEAL,1,2025-10-18,2025-11-02,0
FILING_PROXY_DHR_20241022_10Q,DHR,2024-10-22,313616,HIGH,,V19_V20_DEVELOPMENT,,DEVELOPMENT_OR_PRIOR_SEAL,1,2024-10-12,2024-10-27,1
FILING_PROXY_DIOD_20241107_10Q,DIOD,2024-11-07,29002,HIGH,,V19_V20_DEVELOPMENT,,DEVELOPMENT_OR_PRIOR_SEAL,1,2024-10-28,2024-11-12,1
FILING_PROXY_DIOD_20250606_8K,DIOD,2025-06-06,29002,HIGH,,V19_V20_DEVELOPMENT,,DEVELOPMENT_OR_PRIOR_SEAL,1,2025-05-27,2025-06-11,1
FILING_PROXY_DIS_20250205_10Q,DIS,2025-02-05,1744489,HIGH,,V19_V20_DEVELOPMENT,,DEVELOPMENT_OR_PRIOR_SEAL,1,2025-01-26,2025-02-10,1
FILING_PROXY_DIS_20250806_8K,DIS,2025-08-06,1744489,HIGH,,V19_V20_DEVELOPMENT,,DEVELOPMENT_OR_PRIOR_SEAL,1,2025-07-27,2025-08-11,0
FILING_PROXY_DJT_20250214_10K,DJT,2025-02-14,1849635,HIGH,,V19_V20_DEVELOPMENT,,DEVELOPMENT_OR_PRIOR_SEAL,1,2025-02-04,2025-02-19,1
FILING_PROXY_DJT_20250826_8K,DJT,2025-08-26,1849635,HIGH,,V19_V20_DEVELOPMENT,,DEVELOPMENT_OR_PRIOR_SEAL,1,2025-08-16,2025-08-31,0
FILING_PROXY_DKNG_20251107_8K,DKNG,2025-11-07,1883685,HIGH,,V19_V20_DEVELOPMENT,,DEVELOPMENT_OR_PRIOR_SEAL,1,2025-10-28,2025-11-12,0
FILING_PROXY_DKS_20241127_10Q,DKS,2024-11-27,1089063,HIGH,,V19_V20_DEVELOPMENT,,DEVELOPMENT_OR_PRIOR_SEAL,1,2024-11-17,2024-12-02,1
FILING_PROXY_DKS_20251125_8K,DKS,2025-11-25,1089063,HIGH,,V19_V20_DEVELOPMENT,,DEVELOPMENT_OR_PRIOR_SEAL,1,2025-11-15,2025-11-30,0
FILING_PROXY_DLPN_20241114_10Q,DLPN,2024-11-14,1282224,HIGH,,V19_V20_DEVELOPMENT,,DEVELOPMENT_OR_PRIOR_SEAL,1,2024-11-04,2024-11-19,1
FILING_PROXY_DLPN_20250513_8K,DLPN,2025-05-13,1282224,HIGH,,V19_V20_DEVELOPMENT,,DEVELOPMENT_OR_PRIOR_SEAL,1,2025-05-03,2025-05-18,1
FILING_PROXY_DLPN_20251112_8K,DLPN,2025-11-12,1282224,HIGH,,V19_V20_DEVELOPMENT,,DEVELOPMENT_OR_PRIOR_SEAL,1,2025-11-02,2025-11-17,0
FILING_PROXY_DLTH_20250324_10K,DLTH,2025-03-24,1649744,HIGH,,V19_V20_DEVELOPMENT,,DEVELOPMENT_OR_PRIOR_SEAL,1,2025-03-14,2025-03-29,1
FILING_PROXY_DLTH_20250722_8K,DLTH,2025-07-22,1649744,HIGH,,V19_V20_DEVELOPMENT,,DEVELOPMENT_OR_PRIOR_SEAL,1,2025-07-12,2025-07-27,0
FILING_PROXY_DLTH_20251216_8K,DLTH,2025-12-16,1649744,HIGH,,V19_V20_DEVELOPMENT,,DEVELOPMENT_OR_PRIOR_SEAL,1,2025-12-06,2025-12-21,0
FILING_PROXY_DLXY_20251230_6K,DLXY,2025-12-30,2025218,HIGH,,V19_V20_DEVELOPMENT,,DEVELOPMENT_OR_PRIOR_SEAL,1,2025-12-20,2026-01-04,0
FILING_PROXY_DMRC_20241114_10Q,DMRC,2024-11-14,1438231,HIGH,,V19_V20_DEVELOPMENT,,DEVELOPMENT_OR_PRIOR_SEAL,1,2024-11-04,2024-11-19,1
FILING_PROXY_DOCS_20250206_10Q,DOCS,2025-02-06,1516513,HIGH,,V19_V20_DEVELOPMENT,,DEVELOPMENT_OR_PRIOR_SEAL,1,2025-01-27,2025-02-11,1
FILING_PROXY_DOCS_20250815_8K,DOCS,2025-08-15,1516513,HIGH,,V19_V20_DEVELOPMENT,,DEVELOPMENT_OR_PRIOR_SEAL,1,2025-08-05,2025-08-20,0
FILING_PROXY_DOCU_20241206_10Q,DOCU,2024-12-06,1261333,HIGH,,V19_V20_DEVELOPMENT,,DEVELOPMENT_OR_PRIOR_SEAL,1,2024-11-26,2024-12-11,1
FILING_PROXY_DOCU_20250605_8K,DOCU,2025-06-05,1261333,HIGH,,V19_V20_DEVELOPMENT,,DEVELOPMENT_OR_PRIOR_SEAL,1,2025-05-26,2025-06-10,1
FILING_PROXY_DOGZ_20240517_6K,DOGZ,2024-05-17,1707303,HIGH,,V19_V20_DEVELOPMENT,,DEVELOPMENT_OR_PRIOR_SEAL,1,2024-05-07,2024-05-22,1
FILING_PROXY_DOMO_20241210_10Q,DOMO,2024-12-10,1505952,HIGH,,V19_V20_DEVELOPMENT,,DEVELOPMENT_OR_PRIOR_SEAL,1,2024-11-30,2024-12-15,1
FILING_PROXY_DOO_20250529_6K,DOO,2025-05-29,1748797,HIGH,,V19_V20_DEVELOPMENT,,DEVELOPMENT_OR_PRIOR_SEAL,1,2025-05-19,2025-06-03,1
FILING_PROXY_DOO_20251219_6K,DOO,2025-12-19,1748797,HIGH,,V19_V20_DEVELOPMENT,,DEVELOPMENT_OR_PRIOR_SEAL,1,2025-12-09,2025-12-24,0
FILING_PROXY_DOV_20241024_10Q,DOV,2024-10-24,29905,HIGH,,V19_V20_DEVELOPMENT,,DEVELOPMENT_OR_PRIOR_SEAL,1,2024-10-14,2024-10-29,1
FILING_PROXY_DOW_20251023_8K,DOW,2025-10-23,1751788,HIGH,,V19_V20_DEVELOPMENT,,DEVELOPMENT_OR_PRIOR_SEAL,1,2025-10-13,2025-10-28,0
FILING_PROXY_DPU_20250424_6K,DPU,2025-04-24,1938865,HIGH,,V19_V20_DEVELOPMENT,,DEVELOPMENT_OR_PRIOR_SEAL,1,2025-04-14,2025-04-29,1
FILING_PROXY_DPU_20251009_6K,DPU,2025-10-09,1938865,HIGH,,V19_V20_DEVELOPMENT,,DEVELOPMENT_OR_PRIOR_SEAL,1,2025-09-29,2025-10-14,0
FILING_PROXY_DPZ_20250224_10K,DPZ,2025-02-24,1286681,HIGH,,V19_V20_DEVELOPMENT,,DEVELOPMENT_OR_PRIOR_SEAL,1,2025-02-14,2025-03-01,1
FILING_PROXY_DPZ_20251125_8K,DPZ,2025-11-25,1286681,HIGH,,V19_V20_DEVELOPMENT,,DEVELOPMENT_OR_PRIOR_SEAL,1,2025-11-15,2025-11-30,0
FILING_PROXY_DQ_20250429_6K,DQ,2025-04-29,1477641,HIGH,,V19_V20_DEVELOPMENT,,DEVELOPMENT_OR_PRIOR_SEAL,1,2025-04-19,2025-05-04,1
FILING_PROXY_DRH_20250807_8K,DRH,2025-08-07,1298946,HIGH,,V19_V20_DEVELOPMENT,,DEVELOPMENT_OR_PRIOR_SEAL,1,2025-07-28,2025-08-12,0
FILING_PROXY_DSGN_20250612_8K,DSGN,2025-06-12,1807120,HIGH,,V19_V20_DEVELOPMENT,,DEVELOPMENT_OR_PRIOR_SEAL,1,2025-06-02,2025-06-17,1
FILING_PROXY_DSWL_20250618_6K,DSWL,2025-06-18,946936,HIGH,,V19_V20_DEVELOPMENT,,DEVELOPMENT_OR_PRIOR_SEAL,1,2025-06-08,2025-06-23,1
FILING_PROXY_DSWL_20251120_6K,DSWL,2025-11-20,946936,HIGH,,V19_V20_DEVELOPMENT,,DEVELOPMENT_OR_PRIOR_SEAL,1,2025-11-10,2025-11-25,0
FILING_PROXY_DSY_20250623_6K,DSY,2025-06-23,1999297,HIGH,,V19_V20_DEVELOPMENT,,DEVELOPMENT_OR_PRIOR_SEAL,1,2025-06-13,2025-06-28,1
FILING_PROXY_DSY_20251030_6K,DSY,2025-10-30,1999297,HIGH,,V19_V20_DEVELOPMENT,,DEVELOPMENT_OR_PRIOR_SEAL,1,2025-10-20,2025-11-04,0
FILING_PROXY_DTM_20241029_10Q,DTM,2024-10-29,1842022,HIGH,,V19_V20_DEVELOPMENT,,DEVELOPMENT_OR_PRIOR_SEAL,1,2024-10-19,2024-11-03,1
FILING_PROXY_DTM_20251030_8K,DTM,2025-10-30,1842022,HIGH,,V19_V20_DEVELOPMENT,,DEVELOPMENT_OR_PRIOR_SEAL,1,2025-10-20,2025-11-04,0
FILING_PROXY_DTSQ_20251222_8K,DTSQ,2025-12-22,2017950,HIGH,,V19_V20_DEVELOPMENT,,DEVELOPMENT_OR_PRIOR_SEAL,1,2025-12-12,2025-12-27,0
FILING_PROXY_DT_20250130_10Q,DT,2025-01-30,1773383,HIGH,,V19_V20_DEVELOPMENT,,DEVELOPMENT_OR_PRIOR_SEAL,1,2025-01-20,2025-02-04,1
FILING_PROXY_DT_20250708_8K,DT,2025-07-08,1773383,HIGH,,V19_V20_DEVELOPMENT,,DEVELOPMENT_OR_PRIOR_SEAL,1,2025-06-28,2025-07-13,0
FILING_PROXY_DT_20251105_8K,DT,2025-11-05,1773383,HIGH,,V19_V20_DEVELOPMENT,,DEVELOPMENT_OR_PRIOR_SEAL,1,2025-10-26,2025-11-10,0
FILING_PROXY_DUO_20250829_6K,DUO,2025-08-29,1750593,HIGH,,V19_V20_DEVELOPMENT,,DEVELOPMENT_OR_PRIOR_SEAL,1,2025-08-19,2025-09-03,0
FILING_PROXY_DUO_20251229_6K,DUO,2025-12-29,1750593,HIGH,,V19_V20_DEVELOPMENT,,DEVELOPMENT_OR_PRIOR_SEAL,1,2025-12-19,2026-01-03,0
FILING_PROXY_DVA_20250213_10K,DVA,2025-02-13,927066,HIGH,,V19_V20_DEVELOPMENT,,DEVELOPMENT_OR_PRIOR_SEAL,1,2025-02-03,2025-02-18,1
FILING_PROXY_DVLT_20250812_8K,DVLT,2025-08-12,1682149,HIGH,,V19_V20_DEVELOPMENT,,DEVELOPMENT_OR_PRIOR_SEAL,1,2025-08-02,2025-08-17,0
FILING_PROXY_DVLT_20251212_8K,DVLT,2025-12-12,1682149,HIGH,,V19_V20_DEVELOPMENT,,DEVELOPMENT_OR_PRIOR_SEAL,1,2025-12-02,2025-12-17,0
FILING_PROXY_DVN_20241106_10Q,DVN,2024-11-06,1090012,HIGH,,V19_V20_DEVELOPMENT,,DEVELOPMENT_OR_PRIOR_SEAL,1,2024-10-27,2024-11-11,1
FILING_PROXY_DVN_20250606_8K,DVN,2025-06-06,1090012,HIGH,,V19_V20_DEVELOPMENT,,DEVELOPMENT_OR_PRIOR_SEAL,1,2025-05-27,2025-06-11,1
FILING_PROXY_DVN_20251105_8K,DVN,2025-11-05,1090012,HIGH,,V19_V20_DEVELOPMENT,,DEVELOPMENT_OR_PRIOR_SEAL,1,2025-10-26,2025-11-10,0
FILING_PROXY_DV_20250611_8K,DV,2025-06-11,1819928,HIGH,,V19_V20_DEVELOPMENT,,DEVELOPMENT_OR_PRIOR_SEAL,1,2025-06-01,2025-06-16,1
FILING_PROXY_DWSN_20250620_8K,DWSN,2025-06-20,799165,HIGH,,V19_V20_DEVELOPMENT,,DEVELOPMENT_OR_PRIOR_SEAL,1,2025-06-10,2025-06-25,1
FILING_PROXY_DXCM_20250730_8K,DXCM,2025-07-30,1093557,HIGH,,V19_V20_DEVELOPMENT,,DEVELOPMENT_OR_PRIOR_SEAL,1,2025-07-20,2025-08-04,0
FILING_PROXY_DXC_20250205_10Q,DXC,2025-02-05,1688568,HIGH,,V19_V20_DEVELOPMENT,,DEVELOPMENT_OR_PRIOR_SEAL,1,2025-01-26,2025-02-10,1
FILING_PROXY_DXC_20251209_8K,DXC,2025-12-09,1688568,HIGH,,V19_V20_DEVELOPMENT,,DEVELOPMENT_OR_PRIOR_SEAL,1,2025-11-29,2025-12-14,0
FILING_PROXY_DXST_20251112_6K,DXST,2025-11-12,1958133,HIGH,,V19_V20_DEVELOPMENT,,DEVELOPMENT_OR_PRIOR_SEAL,1,2025-11-02,2025-11-17,0
FILING_PROXY_DYAI_20250813_8K,DYAI,2025-08-13,1213809,HIGH,,V19_V20_DEVELOPMENT,,DEVELOPMENT_OR_PRIOR_SEAL,1,2025-08-03,2025-08-18,0
FILING_PROXY_DYAI_20251229_8K,DYAI,2025-12-29,1213809,HIGH,,V19_V20_DEVELOPMENT,,DEVELOPMENT_OR_PRIOR_SEAL,1,2025-12-19,2026-01-03,0
FILING_PROXY_DY_20250820_8K,DY,2025-08-20,67215,HIGH,,V19_V20_DEVELOPMENT,,DEVELOPMENT_OR_PRIOR_SEAL,1,2025-08-10,2025-08-25,0
FILING_PROXY_EAF_20250214_10K,EAF,2025-02-14,931148,HIGH,,V19_V20_DEVELOPMENT,,DEVELOPMENT_OR_PRIOR_SEAL,1,2025-02-04,2025-02-19,1
FILING_PROXY_EAF_20250725_8K,EAF,2025-07-25,931148,HIGH,,V19_V20_DEVELOPMENT,,DEVELOPMENT_OR_PRIOR_SEAL,1,2025-07-15,2025-07-30,0
FILING_PROXY_EBAY_20250227_10K,EBAY,2025-02-27,1065088,HIGH,,V19_V20_DEVELOPMENT,,DEVELOPMENT_OR_PRIOR_SEAL,1,2025-02-17,2025-03-04,1
FILING_PROXY_EBAY_20251106_8K,EBAY,2025-11-06,1065088,HIGH,,V19_V20_DEVELOPMENT,,DEVELOPMENT_OR_PRIOR_SEAL,1,2025-10-27,2025-11-11,0
FILING_PROXY_EBF_20250107_10Q,EBF,2025-01-07,33002,HIGH,,V19_V20_DEVELOPMENT,,DEVELOPMENT_OR_PRIOR_SEAL,1,2024-12-28,2025-01-12,1
FILING_PROXY_EBF_20251222_8K,EBF,2025-12-22,33002,HIGH,,V19_V20_DEVELOPMENT,,DEVELOPMENT_OR_PRIOR_SEAL,1,2025-12-12,2025-12-27,0
FILING_PROXY_EBON_20240823_6K,EBON,2024-08-23,1799290,HIGH,,V19_V20_DEVELOPMENT,,DEVELOPMENT_OR_PRIOR_SEAL,1,2024-08-13,2024-08-28,1
FILING_PROXY_EBON_20250815_6K,EBON,2025-08-15,1799290,HIGH,,V19_V20_DEVELOPMENT,,DEVELOPMENT_OR_PRIOR_SEAL,1,2025-08-05,2025-08-20,0
FILING_PROXY_EBS_20250304_10K,EBS,2025-03-04,1367644,HIGH,,V19_V20_DEVELOPMENT,,DEVELOPMENT_OR_PRIOR_SEAL,1,2025-02-22,2025-03-09,1
FILING_PROXY_EBS_20250806_8K,EBS,2025-08-06,1367644,HIGH,,V19_V20_DEVELOPMENT,,DEVELOPMENT_OR_PRIOR_SEAL,1,2025-07-27,2025-08-11,0
FILING_PROXY_ECL_20241031_10Q,ECL,2024-10-31,31462,HIGH,,V19_V20_DEVELOPMENT,,DEVELOPMENT_OR_PRIOR_SEAL,1,2024-10-21,2024-11-05,1
FILING_PROXY_ECOR_20241113_10Q,ECOR,2024-11-13,1560258,HIGH,,V19_V20_DEVELOPMENT,,DEVELOPMENT_OR_PRIOR_SEAL,1,2024-11-03,2024-11-18,1
FILING_PROXY_EDBL_20250401_10K,EDBL,2025-04-01,1809750,HIGH,,V19_V20_DEVELOPMENT,,DEVELOPMENT_OR_PRIOR_SEAL,1,2025-03-22,2025-04-06,1
FILING_PROXY_EDBL_20250814_8K,EDBL,2025-08-14,1809750,HIGH,,V19_V20_DEVELOPMENT,,DEVELOPMENT_OR_PRIOR_SEAL,1,2025-08-04,2025-08-19,0
FILING_PROXY_EDRY_20250703_6K,EDRY,2025-07-03,1731388,HIGH,,V19_V20_DEVELOPMENT,,DEVELOPMENT_OR_PRIOR_SEAL,1,2025-06-23,2025-07-08,0
FILING_PROXY_EDSA_20250214_10Q,EDSA,2025-02-14,1540159,HIGH,,V19_V20_DEVELOPMENT,,DEVELOPMENT_OR_PRIOR_SEAL,1,2025-02-04,2025-02-19,1
FILING_PROXY_EDSA_20250808_8K,EDSA,2025-08-08,1540159,HIGH,,V19_V20_DEVELOPMENT,,DEVELOPMENT_OR_PRIOR_SEAL,1,2025-07-29,2025-08-13,0
FILING_PROXY_EDSA_20251212_8K,EDSA,2025-12-12,1540159,HIGH,,V19_V20_DEVELOPMENT,,DEVELOPMENT_OR_PRIOR_SEAL,1,2025-12-02,2025-12-17,0
FILING_PROXY_EDU_20250711_6K,EDU,2025-07-11,1372920,HIGH,,V19_V20_DEVELOPMENT,,DEVELOPMENT_OR_PRIOR_SEAL,1,2025-07-01,2025-07-16,0
FILING_PROXY_ED_20251124_8K,ED,2025-11-24,1047862,HIGH,,V19_V20_DEVELOPMENT,,DEVELOPMENT_OR_PRIOR_SEAL,1,2025-11-14,2025-11-29,0
FILING_PROXY_EEFT_20241104_10Q,EEFT,2024-11-04,1029199,HIGH,,V19_V20_DEVELOPMENT,,DEVELOPMENT_OR_PRIOR_SEAL,1,2024-10-25,2024-11-09,1
FILING_PROXY_EEFT_20251023_8K,EEFT,2025-10-23,1029199,HIGH,,V19_V20_DEVELOPMENT,,DEVELOPMENT_OR_PRIOR_SEAL,1,2025-10-13,2025-10-28,0
FILING_PROXY_EEIQ_20250530_6K,EEIQ,2025-05-30,1781397,HIGH,,V19_V20_DEVELOPMENT,,DEVELOPMENT_OR_PRIOR_SEAL,1,2025-05-20,2025-06-04,1
FILING_PROXY_EFSCP_20250512_8K,EFSCP,2025-05-12,1025835,HIGH,,V19_V20_DEVELOPMENT,,DEVELOPMENT_OR_PRIOR_SEAL,1,2025-05-02,2025-05-17,1
FILING_PROXY_EGAN_20251211_8K,EGAN,2025-12-11,1066194,HIGH,,V19_V20_DEVELOPMENT,,DEVELOPMENT_OR_PRIOR_SEAL,1,2025-12-01,2025-12-16,0
FILING_PROXY_EGHT_20250205_10Q,EGHT,2025-02-05,1023731,HIGH,,V19_V20_DEVELOPMENT,,DEVELOPMENT_OR_PRIOR_SEAL,1,2025-01-26,2025-02-10,1
FILING_PROXY_EGHT_20250605_8K,EGHT,2025-06-05,1023731,HIGH,,V19_V20_DEVELOPMENT,,DEVELOPMENT_OR_PRIOR_SEAL,1,2025-05-26,2025-06-10,1
FILING_PROXY_EGHT_20251104_8K,EGHT,2025-11-04,1023731,HIGH,,V19_V20_DEVELOPMENT,,DEVELOPMENT_OR_PRIOR_SEAL,1,2025-10-25,2025-11-09,0
FILING_PROXY_EHGO_20250804_6K,EHGO,2025-08-04,1879754,HIGH,,V19_V20_DEVELOPMENT,,DEVELOPMENT_OR_PRIOR_SEAL,1,2025-07-25,2025-08-09,0
FILING_PROXY_EHTH_20250227_10K,EHTH,2025-02-27,1333493,HIGH,,V19_V20_DEVELOPMENT,,DEVELOPMENT_OR_PRIOR_SEAL,1,2025-02-17,2025-03-04,1
FILING_PROXY_EHTH_20250806_8K,EHTH,2025-08-06,1333493,HIGH,,V19_V20_DEVELOPMENT,,DEVELOPMENT_OR_PRIOR_SEAL,1,2025-07-27,2025-08-11,0
FILING_PROXY_EHTH_20251218_8K,EHTH,2025-12-18,1333493,HIGH,,V19_V20_DEVELOPMENT,,DEVELOPMENT_OR_PRIOR_SEAL,1,2025-12-08,2025-12-23,0
FILING_PROXY_EH_20250527_6K,EH,2025-05-27,1759783,HIGH,,V19_V20_DEVELOPMENT,,DEVELOPMENT_OR_PRIOR_SEAL,1,2025-05-17,2025-06-01,1
FILING_PROXY_EH_20251126_6K,EH,2025-11-26,1759783,HIGH,,V19_V20_DEVELOPMENT,,DEVELOPMENT_OR_PRIOR_SEAL,1,2025-11-16,2025-12-01,0
FILING_PROXY_EIX_20250227_10K,EIX,2025-02-27,827052,HIGH,,V19_V20_DEVELOPMENT,,DEVELOPMENT_OR_PRIOR_SEAL,1,2025-02-17,2025-03-04,1
FILING_PROXY_EIX_20250801_8K,EIX,2025-08-01,827052,HIGH,,V19_V20_DEVELOPMENT,,DEVELOPMENT_OR_PRIOR_SEAL,1,2025-07-22,2025-08-06,0
FILING_PROXY_ELAN_20250807_8K,ELAN,2025-08-07,1739104,HIGH,,V19_V20_DEVELOPMENT,,DEVELOPMENT_OR_PRIOR_SEAL,1,2025-07-28,2025-08-12,0
FILING_PROXY_ELAN_20251209_8K,ELAN,2025-12-09,1739104,HIGH,,V19_V20_DEVELOPMENT,,DEVELOPMENT_OR_PRIOR_SEAL,1,2025-11-29,2025-12-14,0
FILING_PROXY_ELF_20241107_10Q,ELF,2024-11-07,1600033,HIGH,,V19_V20_DEVELOPMENT,,DEVELOPMENT_OR_PRIOR_SEAL,1,2024-10-28,2024-11-12,1
FILING_PROXY_ELF_20250528_8K,ELF,2025-05-28,1600033,HIGH,,V19_V20_DEVELOPMENT,,DEVELOPMENT_OR_PRIOR_SEAL,1,2025-05-18,2025-06-02,1
FILING_PROXY_ELF_20251105_8K,ELF,2025-11-05,1600033,HIGH,,V19_V20_DEVELOPMENT,,DEVELOPMENT_OR_PRIOR_SEAL,1,2025-10-26,2025-11-10,0
FILING_PROXY_ELME_20241105_10Q,ELME,2024-11-05,104894,HIGH,,V19_V20_DEVELOPMENT,,DEVELOPMENT_OR_PRIOR_SEAL,1,2024-10-26,2024-11-10,1
FILING_PROXY_ELME_20251126_8K,ELME,2025-11-26,104894,HIGH,,V19_V20_DEVELOPMENT,,DEVELOPMENT_OR_PRIOR_SEAL,1,2025-11-16,2025-12-01,0
FILING_PROXY_ELPW_20250804_6K,ELPW,2025-08-04,2015691,HIGH,,V19_V20_DEVELOPMENT,,DEVELOPMENT_OR_PRIOR_SEAL,1,2025-07-25,2025-08-09,0
FILING_PROXY_ELPW_20251229_6K,ELPW,2025-12-29,2015691,HIGH,,V19_V20_DEVELOPMENT,,DEVELOPMENT_OR_PRIOR_SEAL,1,2025-12-19,2026-01-03,0
FILING_PROXY_ELTX_20241113_10Q,ELTX,2024-11-13,1601485,HIGH,,V19_V20_DEVELOPMENT,,DEVELOPMENT_OR_PRIOR_SEAL,1,2024-11-03,2024-11-18,1
FILING_PROXY_ELTX_20250604_8K,ELTX,2025-06-04,1601485,HIGH,,V19_V20_DEVELOPMENT,,DEVELOPMENT_OR_PRIOR_SEAL,1,2025-05-25,2025-06-09,1
FILING_PROXY_ELTX_20251113_8K,ELTX,2025-11-13,1601485,HIGH,,V19_V20_DEVELOPMENT,,DEVELOPMENT_OR_PRIOR_SEAL,1,2025-11-03,2025-11-18,0
FILING_PROXY_ELVA_20250715_6K,ELVA,2025-07-15,1844450,HIGH,,V19_V20_DEVELOPMENT,,DEVELOPMENT_OR_PRIOR_SEAL,1,2025-07-05,2025-07-20,0
FILING_PROXY_ELVA_20251112_6K,ELVA,2025-11-12,1844450,HIGH,,V19_V20_DEVELOPMENT,,DEVELOPMENT_OR_PRIOR_SEAL,1,2025-11-02,2025-11-17,0
FILING_PROXY_ELV_20251210_8K,ELV,2025-12-10,1156039,HIGH,,V19_V20_DEVELOPMENT,,DEVELOPMENT_OR_PRIOR_SEAL,1,2025-11-30,2025-12-15,0
FILING_PROXY_EML_20241105_10Q,EML,2024-11-05,31107,HIGH,,V19_V20_DEVELOPMENT,,DEVELOPMENT_OR_PRIOR_SEAL,1,2024-10-26,2024-11-10,1
FILING_PROXY_EML_20250528_8K,EML,2025-05-28,31107,HIGH,,V19_V20_DEVELOPMENT,,DEVELOPMENT_OR_PRIOR_SEAL,1,2025-05-18,2025-06-02,1
FILING_PROXY_EMR_20251120_8K,EMR,2025-11-20,32604,HIGH,,V19_V20_DEVELOPMENT,,DEVELOPMENT_OR_PRIOR_SEAL,1,2025-11-10,2025-11-25,0
FILING_PROXY_ENB_20250214_10K,ENB,2025-02-14,895728,HIGH,,V19_V20_DEVELOPMENT,,DEVELOPMENT_OR_PRIOR_SEAL,1,2025-02-04,2025-02-19,1
FILING_PROXY_ENGN_20250310_10Q,ENGN,2025-03-10,1980845,HIGH,,V19_V20_DEVELOPMENT,,DEVELOPMENT_OR_PRIOR_SEAL,1,2025-02-28,2025-03-15,1
FILING_PROXY_ENGN_20250708_8K,ENGN,2025-07-08,1980845,HIGH,,V19_V20_DEVELOPMENT,,DEVELOPMENT_OR_PRIOR_SEAL,1,2025-06-28,2025-07-13,0
FILING_PROXY_ENLV_20251218_6K,ENLV,2025-12-18,1596812,HIGH,,V19_V20_DEVELOPMENT,,DEVELOPMENT_OR_PRIOR_SEAL,1,2025-12-08,2025-12-23,0
FILING_PROXY_ENOV_20250226_10K,ENOV,2025-02-26,1420800,HIGH,,V19_V20_DEVELOPMENT,,DEVELOPMENT_OR_PRIOR_SEAL,1,2025-02-16,2025-03-03,1
FILING_PROXY_ENPH_20250210_10K,ENPH,2025-02-10,1463101,HIGH,,V19_V20_DEVELOPMENT,,DEVELOPMENT_OR_PRIOR_SEAL,1,2025-01-31,2025-02-15,1
FILING_PROXY_ENPH_20250630_8K,ENPH,2025-06-30,1463101,HIGH,,V19_V20_DEVELOPMENT,,DEVELOPMENT_OR_PRIOR_SEAL,1,2025-06-20,2025-07-05,1
FILING_PROXY_ENSC_20250605_8K,ENSC,2025-06-05,1716947,HIGH,,V19_V20_DEVELOPMENT,,DEVELOPMENT_OR_PRIOR_SEAL,1,2025-05-26,2025-06-10,1
FILING_PROXY_ENTG_20241104_10Q,ENTG,2024-11-04,1101302,HIGH,,V19_V20_DEVELOPMENT,,DEVELOPMENT_OR_PRIOR_SEAL,1,2024-10-25,2024-11-09,1
FILING_PROXY_ENTG_20251030_8K,ENTG,2025-10-30,1101302,HIGH,,V19_V20_DEVELOPMENT,,DEVELOPMENT_OR_PRIOR_SEAL,1,2025-10-20,2025-11-04,0
FILING_PROXY_ENTX_20241108_10Q,ENTX,2024-11-08,1638097,HIGH,,V19_V20_DEVELOPMENT,,DEVELOPMENT_OR_PRIOR_SEAL,1,2024-10-29,2024-11-13,1
FILING_PROXY_ENTX_20250509_8K,ENTX,2025-05-09,1638097,HIGH,,V19_V20_DEVELOPMENT,,DEVELOPMENT_OR_PRIOR_SEAL,1,2025-04-29,2025-05-14,1
FILING_PROXY_ENTX_20251114_8K,ENTX,2025-11-14,1638097,HIGH,,V19_V20_DEVELOPMENT,,DEVELOPMENT_OR_PRIOR_SEAL,1,2025-11-04,2025-11-19,0
FILING_PROXY_ENVB_20250328_10K,ENVB,2025-03-28,890821,HIGH,,V19_V20_DEVELOPMENT,,DEVELOPMENT_OR_PRIOR_SEAL,1,2025-03-18,2025-04-02,1
FILING_PROXY_ENVB_20250814_8K,ENVB,2025-08-14,890821,HIGH,,V19_V20_DEVELOPMENT,,DEVELOPMENT_OR_PRIOR_SEAL,1,2025-08-04,2025-08-19,0
FILING_PROXY_ENVB_20251212_8K,ENVB,2025-12-12,890821,HIGH,,V19_V20_DEVELOPMENT,,DEVELOPMENT_OR_PRIOR_SEAL,1,2025-12-02,2025-12-17,0
FILING_PROXY_EOG_20250227_10K,EOG,2025-02-27,821189,HIGH,,V19_V20_DEVELOPMENT,,DEVELOPMENT_OR_PRIOR_SEAL,1,2025-02-17,2025-03-04,1
FILING_PROXY_EOLS_20241106_10Q,EOLS,2024-11-06,1570562,HIGH,,V19_V20_DEVELOPMENT,,DEVELOPMENT_OR_PRIOR_SEAL,1,2024-10-27,2024-11-11,1
FILING_PROXY_EOLS_20250606_8K,EOLS,2025-06-06,1570562,HIGH,,V19_V20_DEVELOPMENT,,DEVELOPMENT_OR_PRIOR_SEAL,1,2025-05-27,2025-06-11,1
FILING_PROXY_EOLS_20251105_8K,EOLS,2025-11-05,1570562,HIGH,,V19_V20_DEVELOPMENT,,DEVELOPMENT_OR_PRIOR_SEAL,1,2025-10-26,2025-11-10,0
FILING_PROXY_EPC_20250507_8K,EPC,2025-05-07,1096752,HIGH,,V19_V20_DEVELOPMENT,,DEVELOPMENT_OR_PRIOR_SEAL,1,2025-04-27,2025-05-12,1
FILING_PROXY_EPSM_20251205_6K,EPSM,2025-12-05,1883437,HIGH,,V19_V20_DEVELOPMENT,,DEVELOPMENT_OR_PRIOR_SEAL,1,2025-11-25,2025-12-10,0
FILING_PROXY_EQIX_20250730_8K,EQIX,2025-07-30,1101239,HIGH,,V19_V20_DEVELOPMENT,,DEVELOPMENT_OR_PRIOR_SEAL,1,2025-07-20,2025-08-04,0
FILING_PROXY_EQT_20250219_10K,EQT,2025-02-19,33213,HIGH,,V19_V20_DEVELOPMENT,,DEVELOPMENT_OR_PRIOR_SEAL,1,2025-02-09,2025-02-24,1
FILING_PROXY_EQ_20241113_10Q,EQ,2024-11-13,1746466,HIGH,,V19_V20_DEVELOPMENT,,DEVELOPMENT_OR_PRIOR_SEAL,1,2024-11-03,2024-11-18,1
FILING_PROXY_EQ_20250613_8K,EQ,2025-06-13,1746466,HIGH,,V19_V20_DEVELOPMENT,,DEVELOPMENT_OR_PRIOR_SEAL,1,2025-06-03,2025-06-18,1
FILING_PROXY_ERNA_20250707_8K,ERNA,2025-07-07,748592,HIGH,,V19_V20_DEVELOPMENT,,DEVELOPMENT_OR_PRIOR_SEAL,1,2025-06-27,2025-07-12,0
FILING_PROXY_ESAB_20250220_10K,ESAB,2025-02-20,1877322,HIGH,,V19_V20_DEVELOPMENT,,DEVELOPMENT_OR_PRIOR_SEAL,1,2025-02-10,2025-02-25,1
FILING_PROXY_ESAB_20250806_8K,ESAB,2025-08-06,1877322,HIGH,,V19_V20_DEVELOPMENT,,DEVELOPMENT_OR_PRIOR_SEAL,1,2025-07-27,2025-08-11,0
FILING_PROXY_ESE_20250507_8K,ESE,2025-05-07,866706,HIGH,,V19_V20_DEVELOPMENT,,DEVELOPMENT_OR_PRIOR_SEAL,1,2025-04-27,2025-05-12,1
FILING_PROXY_ESLA_20250605_8K,ESLA,2025-06-05,1844417,HIGH,,V19_V20_DEVELOPMENT,,DEVELOPMENT_OR_PRIOR_SEAL,1,2025-05-26,2025-06-10,1
FILING_PROXY_ESLA_20251204_8K,ESLA,2025-12-04,1844417,HIGH,,V19_V20_DEVELOPMENT,,DEVELOPMENT_OR_PRIOR_SEAL,1,2025-11-24,2025-12-09,0
FILING_PROXY_ESTC_20241125_10Q,ESTC,2024-11-25,1707753,HIGH,,V19_V20_DEVELOPMENT,,DEVELOPMENT_OR_PRIOR_SEAL,1,2024-11-15,2024-11-30,1
FILING_PROXY_ESTC_20251120_8K,ESTC,2025-11-20,1707753,HIGH,,V19_V20_DEVELOPMENT,,DEVELOPMENT_OR_PRIOR_SEAL,1,2025-11-10,2025-11-25,0
FILING_PROXY_ETR_20250218_10K,ETR,2025-02-18,65984,HIGH,,V19_V20_DEVELOPMENT,,DEVELOPMENT_OR_PRIOR_SEAL,1,2025-02-08,2025-02-23,1
FILING_PROXY_ETR_20250730_8K,ETR,2025-07-30,65984,HIGH,,V19_V20_DEVELOPMENT,,DEVELOPMENT_OR_PRIOR_SEAL,1,2025-07-20,2025-08-04,0
FILING_PROXY_ETSY_20250219_10K,ETSY,2025-02-19,1370637,HIGH,,V19_V20_DEVELOPMENT,,DEVELOPMENT_OR_PRIOR_SEAL,1,2025-02-09,2025-02-24,1
FILING_PROXY_ETSY_20251219_8K,ETSY,2025-12-19,1370637,HIGH,,V19_V20_DEVELOPMENT,,DEVELOPMENT_OR_PRIOR_SEAL,1,2025-12-09,2025-12-24,0
FILING_PROXY_EUDA_20230731_10Q,EUDA,2023-07-31,1847846,HIGH,,V19_V20_DEVELOPMENT,,DEVELOPMENT_OR_PRIOR_SEAL,1,2023-07-21,2023-08-05,1
FILING_PROXY_EUDA_20250828_6K,EUDA,2025-08-28,1847846,HIGH,,V19_V20_DEVELOPMENT,,DEVELOPMENT_OR_PRIOR_SEAL,1,2025-08-18,2025-09-02,0
FILING_PROXY_EUDA_20251230_6K,EUDA,2025-12-30,1847846,HIGH,,V19_V20_DEVELOPMENT,,DEVELOPMENT_OR_PRIOR_SEAL,1,2025-12-20,2026-01-04,0
FILING_PROXY_EU_20250729_8K,EU,2025-07-29,1500881,HIGH,,V19_V20_DEVELOPMENT,,DEVELOPMENT_OR_PRIOR_SEAL,1,2025-07-19,2025-08-03,0
FILING_PROXY_EU_20251202_8K,EU,2025-12-02,1500881,HIGH,,V19_V20_DEVELOPMENT,,DEVELOPMENT_OR_PRIOR_SEAL,1,2025-11-22,2025-12-07,0
FILING_PROXY_EVAX_20250814_6K,EVAX,2025-08-14,1828253,HIGH,,V19_V20_DEVELOPMENT,,DEVELOPMENT_OR_PRIOR_SEAL,1,2025-08-04,2025-08-19,0
FILING_PROXY_EVCM_20250624_8K,EVCM,2025-06-24,1853145,HIGH,,V19_V20_DEVELOPMENT,,DEVELOPMENT_OR_PRIOR_SEAL,1,2025-06-14,2025-06-29,1
FILING_PROXY_EVC_20241107_10Q,EVC,2024-11-07,1109116,HIGH,,V19_V20_DEVELOPMENT,,DEVELOPMENT_OR_PRIOR_SEAL,1,2024-10-28,2024-11-12,1
FILING_PROXY_EVC_20250602_8K,EVC,2025-06-02,1109116,HIGH,,V19_V20_DEVELOPMENT,,DEVELOPMENT_OR_PRIOR_SEAL,1,2025-05-23,2025-06-07,1
FILING_PROXY_EVC_20251104_8K,EVC,2025-11-04,1109116,HIGH,,V19_V20_DEVELOPMENT,,DEVELOPMENT_OR_PRIOR_SEAL,1,2025-10-25,2025-11-09,0
FILING_PROXY_EVGN_20250819_6K,EVGN,2025-08-19,1574565,HIGH,,V19_V20_DEVELOPMENT,,DEVELOPMENT_OR_PRIOR_SEAL,1,2025-08-09,2025-08-24,0
FILING_PROXY_EVGN_20251230_6K,EVGN,2025-12-30,1574565,HIGH,,V19_V20_DEVELOPMENT,,DEVELOPMENT_OR_PRIOR_SEAL,1,2025-12-20,2026-01-04,0
FILING_PROXY_EVGO_20250805_8K,EVGO,2025-08-05,1821159,HIGH,,V19_V20_DEVELOPMENT,,DEVELOPMENT_OR_PRIOR_SEAL,1,2025-07-26,2025-08-10,0
FILING_PROXY_EVH_20250221_10K,EVH,2025-02-21,1628908,HIGH,,V19_V20_DEVELOPMENT,,DEVELOPMENT_OR_PRIOR_SEAL,1,2025-02-11,2025-02-26,1
FILING_PROXY_EVH_20250807_8K,EVH,2025-08-07,1628908,HIGH,,V19_V20_DEVELOPMENT,,DEVELOPMENT_OR_PRIOR_SEAL,1,2025-07-28,2025-08-12,0
FILING_PROXY_EVTL_20250805_6K,EVTL,2025-08-05,1867102,HIGH,,V19_V20_DEVELOPMENT,,DEVELOPMENT_OR_PRIOR_SEAL,1,2025-07-26,2025-08-10,0
FILING_PROXY_EVTL_20251229_6K,EVTL,2025-12-29,1867102,HIGH,,V19_V20_DEVELOPMENT,,DEVELOPMENT_OR_PRIOR_SEAL,1,2025-12-19,2026-01-03,0
FILING_PROXY_EXC_20250731_8K,EXC,2025-07-31,1109357,HIGH,,V19_V20_DEVELOPMENT,,DEVELOPMENT_OR_PRIOR_SEAL,1,2025-07-21,2025-08-05,0
FILING_PROXY_EXFY_20250807_8K,EXFY,2025-08-07,1476840,HIGH,,V19_V20_DEVELOPMENT,,DEVELOPMENT_OR_PRIOR_SEAL,1,2025-07-28,2025-08-12,0
FILING_PROXY_EXFY_20251230_8K,EXFY,2025-12-30,1476840,HIGH,,V19_V20_DEVELOPMENT,,DEVELOPMENT_OR_PRIOR_SEAL,1,2025-12-20,2026-01-04,0
FILING_PROXY_EXOZ_20251212_8K,EXOZ,2025-12-12,2010788,HIGH,,V19_V20_DEVELOPMENT,,DEVELOPMENT_OR_PRIOR_SEAL,1,2025-12-02,2025-12-17,0
FILING_PROXY_EXPE_20241108_10Q,EXPE,2024-11-08,1324424,HIGH,,V19_V20_DEVELOPMENT,,DEVELOPMENT_OR_PRIOR_SEAL,1,2024-10-29,2024-11-13,1
FILING_PROXY_EXPE_20251112_8K,EXPE,2025-11-12,1324424,HIGH,,V19_V20_DEVELOPMENT,,DEVELOPMENT_OR_PRIOR_SEAL,1,2025-11-02,2025-11-17,0
FILING_PROXY_EZGO_20251212_6K,EZGO,2025-12-12,1806904,HIGH,,V19_V20_DEVELOPMENT,,DEVELOPMENT_OR_PRIOR_SEAL,1,2025-12-02,2025-12-17,0
FILING_PROXY_EZRA_20250307_10K,EZRA,2025-03-07,1812727,HIGH,,V19_V20_DEVELOPMENT,,DEVELOPMENT_OR_PRIOR_SEAL,1,2025-02-25,2025-03-12,1
FILING_PROXY_EZRA_20251230_8K,EZRA,2025-12-30,1812727,HIGH,,V19_V20_DEVELOPMENT,,DEVELOPMENT_OR_PRIOR_SEAL,1,2025-12-20,2026-01-04,0
FILING_PROXY_FAF_20250516_8K,FAF,2025-05-16,1472787,HIGH,,V19_V20_DEVELOPMENT,,DEVELOPMENT_OR_PRIOR_SEAL,1,2025-05-06,2025-05-21,1
FILING_PROXY_FAMI_20251209_6K,FAMI,2025-12-09,1701261,HIGH,,V19_V20_DEVELOPMENT,,DEVELOPMENT_OR_PRIOR_SEAL,1,2025-11-29,2025-12-14,0
FILING_PROXY_FANG_20251201_8K,FANG,2025-12-01,1539838,HIGH,,V19_V20_DEVELOPMENT,,DEVELOPMENT_OR_PRIOR_SEAL,1,2025-11-21,2025-12-06,0
FILING_PROXY_FATE_20241112_10Q,FATE,2024-11-12,1434316,HIGH,,V19_V20_DEVELOPMENT,,DEVELOPMENT_OR_PRIOR_SEAL,1,2024-11-02,2024-11-17,1
FILING_PROXY_FATE_20251113_8K,FATE,2025-11-13,1434316,HIGH,,V19_V20_DEVELOPMENT,,DEVELOPMENT_OR_PRIOR_SEAL,1,2025-11-03,2025-11-18,0
FILING_PROXY_FBGL_20251114_6K,FBGL,2025-11-14,1938534,HIGH,,V19_V20_DEVELOPMENT,,DEVELOPMENT_OR_PRIOR_SEAL,1,2025-11-04,2025-11-19,0
FILING_PROXY_FBIN_20241107_10Q,FBIN,2024-11-07,1519751,HIGH,,V19_V20_DEVELOPMENT,,DEVELOPMENT_OR_PRIOR_SEAL,1,2024-10-28,2024-11-12,1
FILING_PROXY_FBIN_20250519_8K,FBIN,2025-05-19,1519751,HIGH,,V19_V20_DEVELOPMENT,,DEVELOPMENT_OR_PRIOR_SEAL,1,2025-05-09,2025-05-24,1
FILING_PROXY_FBLG_20250331_10K,FBLG,2025-03-31,1958777,HIGH,,V19_V20_DEVELOPMENT,,DEVELOPMENT_OR_PRIOR_SEAL,1,2025-03-21,2025-04-05,1
FILING_PROXY_FBLG_20250808_8K,FBLG,2025-08-08,1958777,HIGH,,V19_V20_DEVELOPMENT,,DEVELOPMENT_OR_PRIOR_SEAL,1,2025-07-29,2025-08-13,0
FILING_PROXY_FBRX_20241114_10Q,FBRX,2024-11-14,1419041,HIGH,,V19_V20_DEVELOPMENT,,DEVELOPMENT_OR_PRIOR_SEAL,1,2024-11-04,2024-11-19,1
FILING_PROXY_FBRX_20251114_8K,FBRX,2025-11-14,1419041,HIGH,,V19_V20_DEVELOPMENT,,DEVELOPMENT_OR_PRIOR_SEAL,1,2025-11-04,2025-11-19,0
FILING_PROXY_FBYD_20250403_10K,FBYD,2025-04-03,1937987,HIGH,,V19_V20_DEVELOPMENT,,DEVELOPMENT_OR_PRIOR_SEAL,1,2025-03-24,2025-04-08,1
FILING_PROXY_FBYD_20250815_8K,FBYD,2025-08-15,1937987,HIGH,,V19_V20_DEVELOPMENT,,DEVELOPMENT_OR_PRIOR_SEAL,1,2025-08-05,2025-08-20,0
FILING_PROXY_FBYD_20251215_8K,FBYD,2025-12-15,1937987,HIGH,,V19_V20_DEVELOPMENT,,DEVELOPMENT_OR_PRIOR_SEAL,1,2025-12-05,2025-12-20,0
FILING_PROXY_FCUV_20250228_10K,FCUV,2025-02-28,1590418,HIGH,,V19_V20_DEVELOPMENT,,DEVELOPMENT_OR_PRIOR_SEAL,1,2025-02-18,2025-03-05,1
FILING_PROXY_FCUV_20251223_8K,FCUV,2025-12-23,1590418,HIGH,,V19_V20_DEVELOPMENT,,DEVELOPMENT_OR_PRIOR_SEAL,1,2025-12-13,2025-12-28,0
FILING_PROXY_FCX_20241108_10Q,FCX,2024-11-08,831259,HIGH,,V19_V20_DEVELOPMENT,,DEVELOPMENT_OR_PRIOR_SEAL,1,2024-10-29,2024-11-13,1
FILING_PROXY_FCX_20251118_8K,FCX,2025-11-18,831259,HIGH,,V19_V20_DEVELOPMENT,,DEVELOPMENT_OR_PRIOR_SEAL,1,2025-11-08,2025-11-23,0
FILING_PROXY_FDS_20250623_8K,FDS,2025-06-23,1013237,HIGH,,V19_V20_DEVELOPMENT,,DEVELOPMENT_OR_PRIOR_SEAL,1,2025-06-13,2025-06-28,1
FILING_PROXY_FDX_20250320_10Q,FDX,2025-03-20,1048911,HIGH,,V19_V20_DEVELOPMENT,,DEVELOPMENT_OR_PRIOR_SEAL,1,2025-03-10,2025-03-25,1
FILING_PROXY_FDX_20250730_8K,FDX,2025-07-30,1048911,HIGH,,V19_V20_DEVELOPMENT,,DEVELOPMENT_OR_PRIOR_SEAL,1,2025-07-20,2025-08-04,0
FILING_PROXY_FEAM_20250213_10Q,FEAM,2025-02-13,1888654,HIGH,,V19_V20_DEVELOPMENT,,DEVELOPMENT_OR_PRIOR_SEAL,1,2025-02-03,2025-02-18,1
FILING_PROXY_FEAM_20250807_8K,FEAM,2025-08-07,1888654,HIGH,,V19_V20_DEVELOPMENT,,DEVELOPMENT_OR_PRIOR_SEAL,1,2025-07-28,2025-08-12,0
FILING_PROXY_FEAM_20251208_8K,FEAM,2025-12-08,1888654,HIGH,,V19_V20_DEVELOPMENT,,DEVELOPMENT_OR_PRIOR_SEAL,1,2025-11-28,2025-12-13,0
FILING_PROXY_FEBO_20250429_6K,FEBO,2025-04-29,1957001,HIGH,,V19_V20_DEVELOPMENT,,DEVELOPMENT_OR_PRIOR_SEAL,1,2025-04-19,2025-05-04,1
FILING_PROXY_FEDU_20250203_6K,FEDU,2025-02-03,1709819,HIGH,,V19_V20_DEVELOPMENT,,DEVELOPMENT_OR_PRIOR_SEAL,1,2025-01-24,2025-02-08,1
FILING_PROXY_FEDU_20251202_6K,FEDU,2025-12-02,1709819,HIGH,,V19_V20_DEVELOPMENT,,DEVELOPMENT_OR_PRIOR_SEAL,1,2025-11-22,2025-12-07,0
FILING_PROXY_FEED_20251230_8K,FEED,2025-12-30,1326706,HIGH,,V19_V20_DEVELOPMENT,,DEVELOPMENT_OR_PRIOR_SEAL,1,2025-12-20,2026-01-04,0
FILING_PROXY_FEMY_20250327_10K,FEMY,2025-03-27,1339005,HIGH,,V19_V20_DEVELOPMENT,,DEVELOPMENT_OR_PRIOR_SEAL,1,2025-03-17,2025-04-01,1
FILING_PROXY_FEMY_20250820_8K,FEMY,2025-08-20,1339005,HIGH,,V19_V20_DEVELOPMENT,,DEVELOPMENT_OR_PRIOR_SEAL,1,2025-08-10,2025-08-25,0
FILING_PROXY_FEMY_20251223_8K,FEMY,2025-12-23,1339005,HIGH,,V19_V20_DEVELOPMENT,,DEVELOPMENT_OR_PRIOR_SEAL,1,2025-12-13,2025-12-28,0
FILING_PROXY_FERG_20251209_8K,FERG,2025-12-09,2011641,HIGH,,V19_V20_DEVELOPMENT,,DEVELOPMENT_OR_PRIOR_SEAL,1,2025-11-29,2025-12-14,0
FILING_PROXY_FFAI_20250331_10K,FFAI,2025-03-31,1805521,HIGH,,V19_V20_DEVELOPMENT,,DEVELOPMENT_OR_PRIOR_SEAL,1,2025-03-21,2025-04-05,1
FILING_PROXY_FFAI_20250828_8K,FFAI,2025-08-28,1805521,HIGH,,V19_V20_DEVELOPMENT,,DEVELOPMENT_OR_PRIOR_SEAL,1,2025-08-18,2025-09-02,0
FILING_PROXY_FFAI_20251229_8K,FFAI,2025-12-29,1805521,HIGH,,V19_V20_DEVELOPMENT,,DEVELOPMENT_OR_PRIOR_SEAL,1,2025-12-19,2026-01-03,0
FILING_PROXY_FFIV_20250428_8K,FFIV,2025-04-28,1048695,HIGH,,V19_V20_DEVELOPMENT,,DEVELOPMENT_OR_PRIOR_SEAL,1,2025-04-18,2025-05-03,1
FILING_PROXY_FFIV_20251027_8K,FFIV,2025-10-27,1048695,HIGH,,V19_V20_DEVELOPMENT,,DEVELOPMENT_OR_PRIOR_SEAL,1,2025-10-17,2025-11-01,0
FILING_PROXY_FGBI_20250317_10K,FGBI,2025-03-17,1408534,HIGH,,V19_V20_DEVELOPMENT,,DEVELOPMENT_OR_PRIOR_SEAL,1,2025-03-07,2025-03-22,1
FILING_PROXY_FGBI_20250801_8K,FGBI,2025-08-01,1408534,HIGH,,V19_V20_DEVELOPMENT,,DEVELOPMENT_OR_PRIOR_SEAL,1,2025-07-22,2025-08-06,0
FILING_PROXY_FGBI_20251210_8K,FGBI,2025-12-10,1408534,HIGH,,V19_V20_DEVELOPMENT,,DEVELOPMENT_OR_PRIOR_SEAL,1,2025-11-30,2025-12-15,0
FILING_PROXY_FGI_20241113_10Q,FGI,2024-11-13,1864943,HIGH,,V19_V20_DEVELOPMENT,,DEVELOPMENT_OR_PRIOR_SEAL,1,2024-11-03,2024-11-18,1
FILING_PROXY_FGI_20250528_8K,FGI,2025-05-28,1864943,HIGH,,V19_V20_DEVELOPMENT,,DEVELOPMENT_OR_PRIOR_SEAL,1,2025-05-18,2025-06-02,1
FILING_PROXY_FGL_20250729_6K,FGL,2025-07-29,1989930,HIGH,,V19_V20_DEVELOPMENT,,DEVELOPMENT_OR_PRIOR_SEAL,1,2025-07-19,2025-08-03,0
FILING_PROXY_FGL_20251218_6K,FGL,2025-12-18,1989930,HIGH,,V19_V20_DEVELOPMENT,,DEVELOPMENT_OR_PRIOR_SEAL,1,2025-12-08,2025-12-23,0
FILING_PROXY_FGNX_20251231_8K,FGNX,2025-12-31,1591890,HIGH,,V19_V20_DEVELOPMENT,,DEVELOPMENT_OR_PRIOR_SEAL,1,2025-12-21,2026-01-05,0
FILING_PROXY_FGN_20251218_8K,FGN,2025-12-18,1934850,HIGH,,V19_V20_DEVELOPMENT,,DEVELOPMENT_OR_PRIOR_SEAL,1,2025-12-08,2025-12-23,0
FILING_PROXY_FICO_20241106_10K,FICO,2024-11-06,814547,HIGH,,V19_V20_DEVELOPMENT,,DEVELOPMENT_OR_PRIOR_SEAL,1,2024-10-27,2024-11-11,1
FILING_PROXY_FIEE_20251202_8K,FIEE,2025-12-02,1467761,HIGH,,V19_V20_DEVELOPMENT,,DEVELOPMENT_OR_PRIOR_SEAL,1,2025-11-22,2025-12-07,0
FILING_PROXY_FIRY_20241108_10Q,FIRY,2024-11-08,1801661,HIGH,,V19_V20_DEVELOPMENT,,DEVELOPMENT_OR_PRIOR_SEAL,1,2024-10-29,2024-11-13,1
FILING_PROXY_FIRY_20250807_8K,FIRY,2025-08-07,1801661,HIGH,,V19_V20_DEVELOPMENT,,DEVELOPMENT_OR_PRIOR_SEAL,1,2025-07-28,2025-08-12,0
FILING_PROXY_FIRY_20251230_8K,FIRY,2025-12-30,1801661,HIGH,,V19_V20_DEVELOPMENT,,DEVELOPMENT_OR_PRIOR_SEAL,1,2025-12-20,2026-01-04,0
FILING_PROXY_FISK_20250228_10K,FISK,2025-02-28,1553079,HIGH,,V19_V20_DEVELOPMENT,,DEVELOPMENT_OR_PRIOR_SEAL,1,2025-02-18,2025-03-05,1
FILING_PROXY_FISK_20250723_8K,FISK,2025-07-23,1553079,HIGH,,V19_V20_DEVELOPMENT,,DEVELOPMENT_OR_PRIOR_SEAL,1,2025-07-13,2025-07-28,0
FILING_PROXY_FISK_20251205_8K,FISK,2025-12-05,1553079,HIGH,,V19_V20_DEVELOPMENT,,DEVELOPMENT_OR_PRIOR_SEAL,1,2025-11-25,2025-12-10,0
FILING_PROXY_FISV_20250516_8K,FISV,2025-05-16,798354,HIGH,,V19_V20_DEVELOPMENT,,DEVELOPMENT_OR_PRIOR_SEAL,1,2025-05-06,2025-05-21,1
FILING_PROXY_FIVN_20250221_10K,FIVN,2025-02-21,1288847,HIGH,,V19_V20_DEVELOPMENT,,DEVELOPMENT_OR_PRIOR_SEAL,1,2025-02-11,2025-02-26,1
FILING_PROXY_FIVN_20251217_8K,FIVN,2025-12-17,1288847,HIGH,,V19_V20_DEVELOPMENT,,DEVELOPMENT_OR_PRIOR_SEAL,1,2025-12-07,2025-12-22,0
FILING_PROXY_FLD_20241112_10Q,FLD,2024-11-12,1889123,HIGH,,V19_V20_DEVELOPMENT,,DEVELOPMENT_OR_PRIOR_SEAL,1,2024-11-02,2024-11-17,1
FILING_PROXY_FLD_20250716_8K,FLD,2025-07-16,1889123,HIGH,,V19_V20_DEVELOPMENT,,DEVELOPMENT_OR_PRIOR_SEAL,1,2025-07-06,2025-07-21,0
FILING_PROXY_FLD_20251124_8K,FLD,2025-11-24,1889123,HIGH,,V19_V20_DEVELOPMENT,,DEVELOPMENT_OR_PRIOR_SEAL,1,2025-11-14,2025-11-29,0
FILING_PROXY_FLEX_20250131_10Q,FLEX,2025-01-31,866374,HIGH,,V19_V20_DEVELOPMENT,,DEVELOPMENT_OR_PRIOR_SEAL,1,2025-01-21,2025-02-05,1
FILING_PROXY_FLEX_20250625_8K,FLEX,2025-06-25,866374,HIGH,,V19_V20_DEVELOPMENT,,DEVELOPMENT_OR_PRIOR_SEAL,1,2025-06-15,2025-06-30,1
FILING_PROXY_FLEX_20251113_8K,FLEX,2025-11-13,866374,HIGH,,V19_V20_DEVELOPMENT,,DEVELOPMENT_OR_PRIOR_SEAL,1,2025-11-03,2025-11-18,0
FILING_PROXY_FLNT_20250331_10K,FLNT,2025-03-31,1460329,HIGH,,V19_V20_DEVELOPMENT,,DEVELOPMENT_OR_PRIOR_SEAL,1,2025-03-21,2025-04-05,1
FILING_PROXY_FLNT_20250819_8K,FLNT,2025-08-19,1460329,HIGH,,V19_V20_DEVELOPMENT,,DEVELOPMENT_OR_PRIOR_SEAL,1,2025-08-09,2025-08-24,0
FILING_PROXY_FLNT_20251231_8K,FLNT,2025-12-31,1460329,HIGH,,V19_V20_DEVELOPMENT,,DEVELOPMENT_OR_PRIOR_SEAL,1,2025-12-21,2026-01-05,0
FILING_PROXY_FLOC_20251105_8K,FLOC,2025-11-05,2035149,HIGH,,V19_V20_DEVELOPMENT,,DEVELOPMENT_OR_PRIOR_SEAL,1,2025-10-26,2025-11-10,0
FILING_PROXY_FLO_20241108_10Q,FLO,2024-11-08,1128928,HIGH,,V19_V20_DEVELOPMENT,,DEVELOPMENT_OR_PRIOR_SEAL,1,2024-10-29,2024-11-13,1
FILING_PROXY_FLR_20250218_10K,FLR,2025-02-18,1124198,HIGH,,V19_V20_DEVELOPMENT,,DEVELOPMENT_OR_PRIOR_SEAL,1,2025-02-08,2025-02-23,1
FILING_PROXY_FLUT_20250304_10K,FLUT,2025-03-04,1635327,HIGH,,V19_V20_DEVELOPMENT,,DEVELOPMENT_OR_PRIOR_SEAL,1,2025-02-22,2025-03-09,1
FILING_PROXY_FLUX_20251212_8K,FLUX,2025-12-12,1083743,HIGH,,V19_V20_DEVELOPMENT,,DEVELOPMENT_OR_PRIOR_SEAL,1,2025-12-02,2025-12-17,0
FILING_PROXY_FLXS_20250205_10Q,FLXS,2025-02-05,37472,HIGH,,V19_V20_DEVELOPMENT,,DEVELOPMENT_OR_PRIOR_SEAL,1,2025-01-26,2025-02-10,1
FILING_PROXY_FLXS_20250818_8K,FLXS,2025-08-18,37472,HIGH,,V19_V20_DEVELOPMENT,,DEVELOPMENT_OR_PRIOR_SEAL,1,2025-08-08,2025-08-23,0
FILING_PROXY_FLX_20250522_6K,FLX,2025-05-22,1858724,HIGH,,V19_V20_DEVELOPMENT,,DEVELOPMENT_OR_PRIOR_SEAL,1,2025-05-12,2025-05-27,1
FILING_PROXY_FLYD_20251215_6K,FLYD,2025-12-15,927971,HIGH,,V19_V20_DEVELOPMENT,,DEVELOPMENT_OR_PRIOR_SEAL,1,2025-12-05,2025-12-20,0
FILING_PROXY_FLYU_20251215_6K,FLYU,2025-12-15,927971,HIGH,,V19_V20_DEVELOPMENT,,DEVELOPMENT_OR_PRIOR_SEAL,1,2025-12-05,2025-12-20,0
FILING_PROXY_FMFC_20251231_6K,FMFC,2025-12-31,2024656,HIGH,,V19_V20_DEVELOPMENT,,DEVELOPMENT_OR_PRIOR_SEAL,1,2025-12-21,2026-01-05,0
FILING_PROXY_FMST_20251222_6K,FMST,2025-12-22,1935418,HIGH,,V19_V20_DEVELOPMENT,,DEVELOPMENT_OR_PRIOR_SEAL,1,2025-12-12,2025-12-27,0
FILING_PROXY_FMS_20251210_6K,FMS,2025-12-10,1333141,HIGH,,V19_V20_DEVELOPMENT,,DEVELOPMENT_OR_PRIOR_SEAL,1,2025-11-30,2025-12-15,0
FILING_PROXY_FNGR_20250114_10Q,FNGR,2025-01-14,1602409,HIGH,,V19_V20_DEVELOPMENT,,DEVELOPMENT_OR_PRIOR_SEAL,1,2025-01-04,2025-01-19,1
FILING_PROXY_FNGR_20250814_8K,FNGR,2025-08-14,1602409,HIGH,,V19_V20_DEVELOPMENT,,DEVELOPMENT_OR_PRIOR_SEAL,1,2025-08-04,2025-08-19,0
FILING_PROXY_FNGR_20251215_8K,FNGR,2025-12-15,1602409,HIGH,,V19_V20_DEVELOPMENT,,DEVELOPMENT_OR_PRIOR_SEAL,1,2025-12-05,2025-12-20,0
FILING_PROXY_FNKO_20241107_10Q,FNKO,2024-11-07,1704711,HIGH,,V19_V20_DEVELOPMENT,,DEVELOPMENT_OR_PRIOR_SEAL,1,2024-10-28,2024-11-12,1
FILING_PROXY_FNKO_20250707_8K,FNKO,2025-07-07,1704711,HIGH,,V19_V20_DEVELOPMENT,,DEVELOPMENT_OR_PRIOR_SEAL,1,2025-06-27,2025-07-12,0
FILING_PROXY_FNLC_20250723_8K,FNLC,2025-07-23,765207,HIGH,,V19_V20_DEVELOPMENT,,DEVELOPMENT_OR_PRIOR_SEAL,1,2025-07-13,2025-07-28,0
FILING_PROXY_FNWB_20250725_8K,FNWB,2025-07-25,1556727,HIGH,,V19_V20_DEVELOPMENT,,DEVELOPMENT_OR_PRIOR_SEAL,1,2025-07-15,2025-07-30,0
FILING_PROXY_FOXA_20241104_10Q,FOXA,2024-11-04,1754301,HIGH,,V19_V20_DEVELOPMENT,,DEVELOPMENT_OR_PRIOR_SEAL,1,2024-10-25,2024-11-09,1
FILING_PROXY_FOXA_20250512_8K,FOXA,2025-05-12,1754301,HIGH,,V19_V20_DEVELOPMENT,,DEVELOPMENT_OR_PRIOR_SEAL,1,2025-05-02,2025-05-17,1
FILING_PROXY_FOXX_20250804_8K,FOXX,2025-08-04,2013807,HIGH,,V19_V20_DEVELOPMENT,,DEVELOPMENT_OR_PRIOR_SEAL,1,2025-07-25,2025-08-09,0
FILING_PROXY_FOX_20241104_10Q,FOX,2024-11-04,1754301,HIGH,,V19_V20_DEVELOPMENT,,DEVELOPMENT_OR_PRIOR_SEAL,1,2024-10-25,2024-11-09,1
FILING_PROXY_FOX_20250512_8K,FOX,2025-05-12,1754301,HIGH,,V19_V20_DEVELOPMENT,,DEVELOPMENT_OR_PRIOR_SEAL,1,2025-05-02,2025-05-17,1
FILING_PROXY_FPH_20241018_10Q,FPH,2024-10-18,1574197,HIGH,,V19_V20_DEVELOPMENT,,DEVELOPMENT_OR_PRIOR_SEAL,1,2024-10-08,2024-10-23,1
FILING_PROXY_FPH_20250620_8K,FPH,2025-06-20,1574197,HIGH,,V19_V20_DEVELOPMENT,,DEVELOPMENT_OR_PRIOR_SEAL,1,2025-06-10,2025-06-25,1
FILING_PROXY_FPH_20251029_8K,FPH,2025-10-29,1574197,HIGH,,V19_V20_DEVELOPMENT,,DEVELOPMENT_OR_PRIOR_SEAL,1,2025-10-19,2025-11-03,0
FILING_PROXY_FRAF_20250314_10K,FRAF,2025-03-14,723646,HIGH,,V19_V20_DEVELOPMENT,,DEVELOPMENT_OR_PRIOR_SEAL,1,2025-03-04,2025-03-19,1
FILING_PROXY_FRAF_20250725_8K,FRAF,2025-07-25,723646,HIGH,,V19_V20_DEVELOPMENT,,DEVELOPMENT_OR_PRIOR_SEAL,1,2025-07-15,2025-07-30,0
FILING_PROXY_FRAF_20251212_8K,FRAF,2025-12-12,723646,HIGH,,V19_V20_DEVELOPMENT,,DEVELOPMENT_OR_PRIOR_SEAL,1,2025-12-02,2025-12-17,0
FILING_PROXY_FRD_20250207_10Q,FRD,2025-02-07,39092,HIGH,,V19_V20_DEVELOPMENT,,DEVELOPMENT_OR_PRIOR_SEAL,1,2025-01-28,2025-02-12,1
FILING_PROXY_FRD_20251215_8K,FRD,2025-12-15,39092,HIGH,,V19_V20_DEVELOPMENT,,DEVELOPMENT_OR_PRIOR_SEAL,1,2025-12-05,2025-12-20,0
FILING_PROXY_FRGT_20250414_10K,FRGT,2025-04-14,1687542,HIGH,,V19_V20_DEVELOPMENT,,DEVELOPMENT_OR_PRIOR_SEAL,1,2025-04-04,2025-04-19,1
FILING_PROXY_FRGT_20250821_8K,FRGT,2025-08-21,1687542,HIGH,,V19_V20_DEVELOPMENT,,DEVELOPMENT_OR_PRIOR_SEAL,1,2025-08-11,2025-08-26,0
FILING_PROXY_FRGT_20251219_6K,FRGT,2025-12-19,1687542,HIGH,,V19_V20_DEVELOPMENT,,DEVELOPMENT_OR_PRIOR_SEAL,1,2025-12-09,2025-12-24,0
FILING_PROXY_FRMM_20250331_10K,FRMM,2025-03-31,1690080,HIGH,,V19_V20_DEVELOPMENT,,DEVELOPMENT_OR_PRIOR_SEAL,1,2025-03-21,2025-04-05,1
FILING_PROXY_FRMM_20250825_8K,FRMM,2025-08-25,1690080,HIGH,,V19_V20_DEVELOPMENT,,DEVELOPMENT_OR_PRIOR_SEAL,1,2025-08-15,2025-08-30,0
FILING_PROXY_FROG_20241108_10Q,FROG,2024-11-08,1800667,HIGH,,V19_V20_DEVELOPMENT,,DEVELOPMENT_OR_PRIOR_SEAL,1,2024-10-29,2024-11-13,1
FILING_PROXY_FRO_20250829_6K,FRO,2025-08-29,913290,HIGH,,V19_V20_DEVELOPMENT,,DEVELOPMENT_OR_PRIOR_SEAL,1,2025-08-19,2025-09-03,0
FILING_PROXY_FRPH_20250522_8K,FRPH,2025-05-22,844059,HIGH,,V19_V20_DEVELOPMENT,,DEVELOPMENT_OR_PRIOR_SEAL,1,2025-05-12,2025-05-27,1
FILING_PROXY_FRPH_20251105_8K,FRPH,2025-11-05,844059,HIGH,,V19_V20_DEVELOPMENT,,DEVELOPMENT_OR_PRIOR_SEAL,1,2025-10-26,2025-11-10,0
FILING_PROXY_FRSX_20250826_6K,FRSX,2025-08-26,1691221,HIGH,,V19_V20_DEVELOPMENT,,DEVELOPMENT_OR_PRIOR_SEAL,1,2025-08-16,2025-08-31,0
FILING_PROXY_FRSX_20251229_6K,FRSX,2025-12-29,1691221,HIGH,,V19_V20_DEVELOPMENT,,DEVELOPMENT_OR_PRIOR_SEAL,1,2025-12-19,2026-01-03,0
FILING_PROXY_FSEA_20251114_10Q,FSEA,2025-11-14,1943802,HIGH,,V19_V20_DEVELOPMENT,,DEVELOPMENT_OR_PRIOR_SEAL,1,2025-11-04,2025-11-19,0
FILING_PROXY_FSLR_20241029_10Q,FSLR,2024-10-29,1274494,HIGH,,V19_V20_DEVELOPMENT,,DEVELOPMENT_OR_PRIOR_SEAL,1,2024-10-19,2024-11-03,1
FILING_PROXY_FSLR_20250624_8K,FSLR,2025-06-24,1274494,HIGH,,V19_V20_DEVELOPMENT,,DEVELOPMENT_OR_PRIOR_SEAL,1,2025-06-14,2025-06-29,1
FILING_PROXY_FSLR_20251030_8K,FSLR,2025-10-30,1274494,HIGH,,V19_V20_DEVELOPMENT,,DEVELOPMENT_OR_PRIOR_SEAL,1,2025-10-20,2025-11-04,0
FILING_PROXY_FSTR_20250307_10K,FSTR,2025-03-07,352825,HIGH,,V19_V20_DEVELOPMENT,,DEVELOPMENT_OR_PRIOR_SEAL,1,2025-02-25,2025-03-12,1
FILING_PROXY_FSTR_20250811_8K,FSTR,2025-08-11,352825,HIGH,,V19_V20_DEVELOPMENT,,DEVELOPMENT_OR_PRIOR_SEAL,1,2025-08-01,2025-08-16,0
FILING_PROXY_FSTR_20251215_8K,FSTR,2025-12-15,352825,HIGH,,V19_V20_DEVELOPMENT,,DEVELOPMENT_OR_PRIOR_SEAL,1,2025-12-05,2025-12-20,0
FILING_PROXY_FSUN_20250728_8K,FSUN,2025-07-28,1709442,HIGH,,V19_V20_DEVELOPMENT,,DEVELOPMENT_OR_PRIOR_SEAL,1,2025-07-18,2025-08-02,0
FILING_PROXY_FSUN_20251204_8K,FSUN,2025-12-04,1709442,HIGH,,V19_V20_DEVELOPMENT,,DEVELOPMENT_OR_PRIOR_SEAL,1,2025-11-24,2025-12-09,0
FILING_PROXY_FTAI_20241112_10Q,FTAI,2024-11-12,1590364,HIGH,,V19_V20_DEVELOPMENT,,DEVELOPMENT_OR_PRIOR_SEAL,1,2024-11-02,2024-11-17,1
FILING_PROXY_FTAI_20250624_8K,FTAI,2025-06-24,1590364,HIGH,,V19_V20_DEVELOPMENT,,DEVELOPMENT_OR_PRIOR_SEAL,1,2025-06-14,2025-06-29,1
FILING_PROXY_FTAI_20251027_8K,FTAI,2025-10-27,1590364,HIGH,,V19_V20_DEVELOPMENT,,DEVELOPMENT_OR_PRIOR_SEAL,1,2025-10-17,2025-11-01,0
FILING_PROXY_FTCI_20250331_10K,FTCI,2025-03-31,1828161,HIGH,,V19_V20_DEVELOPMENT,,DEVELOPMENT_OR_PRIOR_SEAL,1,2025-03-21,2025-04-05,1
FILING_PROXY_FTCI_20250805_8K,FTCI,2025-08-05,1828161,HIGH,,V19_V20_DEVELOPMENT,,DEVELOPMENT_OR_PRIOR_SEAL,1,2025-07-26,2025-08-10,0
FILING_PROXY_FTCI_20251215_8K,FTCI,2025-12-15,1828161,HIGH,,V19_V20_DEVELOPMENT,,DEVELOPMENT_OR_PRIOR_SEAL,1,2025-12-05,2025-12-20,0
FILING_PROXY_FTFT_20250731_8K,FTFT,2025-07-31,1066923,HIGH,,V19_V20_DEVELOPMENT,,DEVELOPMENT_OR_PRIOR_SEAL,1,2025-07-21,2025-08-05,0
FILING_PROXY_FTFT_20251217_8K,FTFT,2025-12-17,1066923,HIGH,,V19_V20_DEVELOPMENT,,DEVELOPMENT_OR_PRIOR_SEAL,1,2025-12-07,2025-12-22,0
FILING_PROXY_FTHM_20241112_10Q,FTHM,2024-11-12,1753162,HIGH,,V19_V20_DEVELOPMENT,,DEVELOPMENT_OR_PRIOR_SEAL,1,2024-11-02,2024-11-17,1
FILING_PROXY_FTHM_20250602_8K,FTHM,2025-06-02,1753162,HIGH,,V19_V20_DEVELOPMENT,,DEVELOPMENT_OR_PRIOR_SEAL,1,2025-05-23,2025-06-07,1
FILING_PROXY_FTH_20250328_10K,FTH,2025-03-28,1829802,HIGH,,V19_V20_DEVELOPMENT,,DEVELOPMENT_OR_PRIOR_SEAL,1,2025-03-18,2025-04-02,1
FILING_PROXY_FTH_20250805_8K,FTH,2025-08-05,1829802,HIGH,,V19_V20_DEVELOPMENT,,DEVELOPMENT_OR_PRIOR_SEAL,1,2025-07-26,2025-08-10,0
FILING_PROXY_FTH_20251223_8K,FTH,2025-12-23,1829802,HIGH,,V19_V20_DEVELOPMENT,,DEVELOPMENT_OR_PRIOR_SEAL,1,2025-12-13,2025-12-28,0
FILING_PROXY_FTK_20241107_10Q,FTK,2024-11-07,928054,HIGH,,V19_V20_DEVELOPMENT,,DEVELOPMENT_OR_PRIOR_SEAL,1,2024-10-28,2024-11-12,1
FILING_PROXY_FTK_20250709_8K,FTK,2025-07-09,928054,HIGH,,V19_V20_DEVELOPMENT,,DEVELOPMENT_OR_PRIOR_SEAL,1,2025-06-29,2025-07-14,0
FILING_PROXY_FTLF_20250327_10K,FTLF,2025-03-27,1374328,HIGH,,V19_V20_DEVELOPMENT,,DEVELOPMENT_OR_PRIOR_SEAL,1,2025-03-17,2025-04-01,1
FILING_PROXY_FTLF_20250811_8K,FTLF,2025-08-11,1374328,HIGH,,V19_V20_DEVELOPMENT,,DEVELOPMENT_OR_PRIOR_SEAL,1,2025-08-01,2025-08-16,0
FILING_PROXY_FTLF_20251210_8K,FTLF,2025-12-10,1374328,HIGH,,V19_V20_DEVELOPMENT,,DEVELOPMENT_OR_PRIOR_SEAL,1,2025-11-30,2025-12-15,0
FILING_PROXY_FTNT_20241108_10Q,FTNT,2024-11-08,1262039,HIGH,,V19_V20_DEVELOPMENT,,DEVELOPMENT_OR_PRIOR_SEAL,1,2024-10-29,2024-11-13,1
FILING_PROXY_FTNT_20251105_8K,FTNT,2025-11-05,1262039,HIGH,,V19_V20_DEVELOPMENT,,DEVELOPMENT_OR_PRIOR_SEAL,1,2025-10-26,2025-11-10,0
FILING_PROXY_FTRK_20251211_6K,FTRK,2025-12-11,2027262,HIGH,,V19_V20_DEVELOPMENT,,DEVELOPMENT_OR_PRIOR_SEAL,1,2025-12-01,2025-12-16,0
FILING_PROXY_FULC_20250225_10K,FULC,2025-02-25,1680581,HIGH,,V19_V20_DEVELOPMENT,,DEVELOPMENT_OR_PRIOR_SEAL,1,2025-02-15,2025-03-02,1
FILING_PROXY_FULC_20250729_8K,FULC,2025-07-29,1680581,HIGH,,V19_V20_DEVELOPMENT,,DEVELOPMENT_OR_PRIOR_SEAL,1,2025-07-19,2025-08-03,0
FILING_PROXY_FULC_20251211_8K,FULC,2025-12-11,1680581,HIGH,,V19_V20_DEVELOPMENT,,DEVELOPMENT_OR_PRIOR_SEAL,1,2025-12-01,2025-12-16,0
FILING_PROXY_FULT_20250801_8K,FULT,2025-08-01,700564,HIGH,,V19_V20_DEVELOPMENT,,DEVELOPMENT_OR_PRIOR_SEAL,1,2025-07-22,2025-08-06,0
FILING_PROXY_FULT_20251217_8K,FULT,2025-12-17,700564,HIGH,,V19_V20_DEVELOPMENT,,DEVELOPMENT_OR_PRIOR_SEAL,1,2025-12-07,2025-12-22,0
FILING_PROXY_FUTU_20250529_6K,FUTU,2025-05-29,1754581,HIGH,,V19_V20_DEVELOPMENT,,DEVELOPMENT_OR_PRIOR_SEAL,1,2025-05-19,2025-06-03,1
FILING_PROXY_FUTU_20251118_6K,FUTU,2025-11-18,1754581,HIGH,,V19_V20_DEVELOPMENT,,DEVELOPMENT_OR_PRIOR_SEAL,1,2025-11-08,2025-11-23,0
FILING_PROXY_FWONA_20250227_10K,FWONA,2025-02-27,1560385,HIGH,,V19_V20_DEVELOPMENT,,DEVELOPMENT_OR_PRIOR_SEAL,1,2025-02-17,2025-03-04,1
FILING_PROXY_FWONA_20250807_8K,FWONA,2025-08-07,1560385,HIGH,,V19_V20_DEVELOPMENT,,DEVELOPMENT_OR_PRIOR_SEAL,1,2025-07-28,2025-08-12,0
FILING_PROXY_FWONK_20250227_10K,FWONK,2025-02-27,1560385,HIGH,,V19_V20_DEVELOPMENT,,DEVELOPMENT_OR_PRIOR_SEAL,1,2025-02-17,2025-03-04,1
FILING_PROXY_FWONK_20250807_8K,FWONK,2025-08-07,1560385,HIGH,,V19_V20_DEVELOPMENT,,DEVELOPMENT_OR_PRIOR_SEAL,1,2025-07-28,2025-08-12,0
FILING_PROXY_FWRG_20250311_10K,FWRG,2025-03-11,1789940,HIGH,,V19_V20_DEVELOPMENT,,DEVELOPMENT_OR_PRIOR_SEAL,1,2025-03-01,2025-03-16,1
FILING_PROXY_FWRG_20251229_8K,FWRG,2025-12-29,1789940,HIGH,,V19_V20_DEVELOPMENT,,DEVELOPMENT_OR_PRIOR_SEAL,1,2025-12-19,2026-01-03,0
FILING_PROXY_FXHO_20250822_6K,FXHO,2025-08-22,1789299,HIGH,,V19_V20_DEVELOPMENT,,DEVELOPMENT_OR_PRIOR_SEAL,1,2025-08-12,2025-08-27,0
FILING_PROXY_GALT_20250331_10K,GALT,2025-03-31,1133416,HIGH,,V19_V20_DEVELOPMENT,,DEVELOPMENT_OR_PRIOR_SEAL,1,2025-03-21,2025-04-05,1
FILING_PROXY_GALT_20251219_8K,GALT,2025-12-19,1133416,HIGH,,V19_V20_DEVELOPMENT,,DEVELOPMENT_OR_PRIOR_SEAL,1,2025-12-09,2025-12-24,0
FILING_PROXY_GAME_20250415_10K,GAME,2025-04-15,1714562,HIGH,,V19_V20_DEVELOPMENT,,DEVELOPMENT_OR_PRIOR_SEAL,1,2025-04-05,2025-04-20,1
FILING_PROXY_GAME_20250827_8K,GAME,2025-08-27,1714562,HIGH,,V19_V20_DEVELOPMENT,,DEVELOPMENT_OR_PRIOR_SEAL,1,2025-08-17,2025-09-01,0
FILING_PROXY_GAME_20251231_8K,GAME,2025-12-31,1714562,HIGH,,V19_V20_DEVELOPMENT,,DEVELOPMENT_OR_PRIOR_SEAL,1,2025-12-21,2026-01-05,0
FILING_PROXY_GAUZ_20250813_6K,GAUZ,2025-08-13,1781446,HIGH,,V19_V20_DEVELOPMENT,,DEVELOPMENT_OR_PRIOR_SEAL,1,2025-08-03,2025-08-18,0
FILING_PROXY_GAUZ_20251212_6K,GAUZ,2025-12-12,1781446,HIGH,,V19_V20_DEVELOPMENT,,DEVELOPMENT_OR_PRIOR_SEAL,1,2025-12-02,2025-12-17,0
FILING_PROXY_GCTK_20250814_8K,GCTK,2025-08-14,1506983,HIGH,,V19_V20_DEVELOPMENT,,DEVELOPMENT_OR_PRIOR_SEAL,1,2025-08-04,2025-08-19,0
FILING_PROXY_GCT_20250714_8K,GCT,2025-07-14,1857816,HIGH,,V19_V20_DEVELOPMENT,,DEVELOPMENT_OR_PRIOR_SEAL,1,2025-07-04,2025-07-19,0
FILING_PROXY_GDC_20241114_10Q,GDC,2024-11-14,1641398,HIGH,,V19_V20_DEVELOPMENT,,DEVELOPMENT_OR_PRIOR_SEAL,1,2024-11-04,2024-11-19,1
FILING_PROXY_GDC_20250703_8K,GDC,2025-07-03,1641398,HIGH,,V19_V20_DEVELOPMENT,,DEVELOPMENT_OR_PRIOR_SEAL,1,2025-06-23,2025-07-08,0
FILING_PROXY_GDC_20251223_8K,GDC,2025-12-23,1641398,HIGH,,V19_V20_DEVELOPMENT,,DEVELOPMENT_OR_PRIOR_SEAL,1,2025-12-13,2025-12-28,0
FILING_PROXY_GDHG_20251209_6K,GDHG,2025-12-09,1928340,HIGH,,V19_V20_DEVELOPMENT,,DEVELOPMENT_OR_PRIOR_SEAL,1,2025-11-29,2025-12-14,0
FILING_PROXY_GDS_20250716_6K,GDS,2025-07-16,1526125,HIGH,,V19_V20_DEVELOPMENT,,DEVELOPMENT_OR_PRIOR_SEAL,1,2025-07-06,2025-07-21,0
FILING_PROXY_GDTC_20251208_6K,GDTC,2025-12-08,1873093,HIGH,,V19_V20_DEVELOPMENT,,DEVELOPMENT_OR_PRIOR_SEAL,1,2025-11-28,2025-12-13,0
FILING_PROXY_GDYN_20250731_8K,GDYN,2025-07-31,1743725,HIGH,,V19_V20_DEVELOPMENT,,DEVELOPMENT_OR_PRIOR_SEAL,1,2025-07-21,2025-08-05,0
FILING_PROXY_GD_20250723_8K,GD,2025-07-23,40533,HIGH,,V19_V20_DEVELOPMENT,,DEVELOPMENT_OR_PRIOR_SEAL,1,2025-07-13,2025-07-28,0
FILING_PROXY_GELS_20251209_6K,GELS,2025-12-09,1920092,HIGH,,V19_V20_DEVELOPMENT,,DEVELOPMENT_OR_PRIOR_SEAL,1,2025-11-29,2025-12-14,0
FILING_PROXY_GENK_20251107_8K,GENK,2025-11-07,1891856,HIGH,,V19_V20_DEVELOPMENT,,DEVELOPMENT_OR_PRIOR_SEAL,1,2025-10-28,2025-11-12,0
FILING_PROXY_GEN_20241031_10Q,GEN,2024-10-31,849399,HIGH,,V19_V20_DEVELOPMENT,,DEVELOPMENT_OR_PRIOR_SEAL,1,2024-10-21,2024-11-05,1
FILING_PROXY_GEN_20251107_8K,GEN,2025-11-07,849399,HIGH,,V19_V20_DEVELOPMENT,,DEVELOPMENT_OR_PRIOR_SEAL,1,2025-10-28,2025-11-12,0
FILING_PROXY_GEOS_20241122_10K,GEOS,2024-11-22,1001115,HIGH,,V19_V20_DEVELOPMENT,,DEVELOPMENT_OR_PRIOR_SEAL,1,2024-11-12,2024-11-27,1
FILING_PROXY_GEOS_20250509_8K,GEOS,2025-05-09,1001115,HIGH,,V19_V20_DEVELOPMENT,,DEVELOPMENT_OR_PRIOR_SEAL,1,2025-04-29,2025-05-14,1
FILING_PROXY_GEO_20250228_10K,GEO,2025-02-28,923796,HIGH,,V19_V20_DEVELOPMENT,,DEVELOPMENT_OR_PRIOR_SEAL,1,2025-02-18,2025-03-05,1
FILING_PROXY_GEO_20250806_8K,GEO,2025-08-06,923796,HIGH,,V19_V20_DEVELOPMENT,,DEVELOPMENT_OR_PRIOR_SEAL,1,2025-07-27,2025-08-11,0
FILING_PROXY_GERN_20250227_10K,GERN,2025-02-27,886744,HIGH,,V19_V20_DEVELOPMENT,,DEVELOPMENT_OR_PRIOR_SEAL,1,2025-02-17,2025-03-04,1
FILING_PROXY_GERN_20250806_8K,GERN,2025-08-06,886744,HIGH,,V19_V20_DEVELOPMENT,,DEVELOPMENT_OR_PRIOR_SEAL,1,2025-07-27,2025-08-11,0
FILING_PROXY_GERN_20251216_8K,GERN,2025-12-16,886744,HIGH,,V19_V20_DEVELOPMENT,,DEVELOPMENT_OR_PRIOR_SEAL,1,2025-12-06,2025-12-21,0
FILING_PROXY_GETY_20241107_10Q,GETY,2024-11-07,1898496,HIGH,,V19_V20_DEVELOPMENT,,DEVELOPMENT_OR_PRIOR_SEAL,1,2024-10-28,2024-11-12,1
FILING_PROXY_GEV_20241023_10Q,GEV,2024-10-23,1996810,HIGH,,V19_V20_DEVELOPMENT,,DEVELOPMENT_OR_PRIOR_SEAL,1,2024-10-13,2024-10-28,1
FILING_PROXY_GEV_20250516_8K,GEV,2025-05-16,1996810,HIGH,,V19_V20_DEVELOPMENT,,DEVELOPMENT_OR_PRIOR_SEAL,1,2025-05-06,2025-05-21,1
FILING_PROXY_GEV_20251022_8K,GEV,2025-10-22,1996810,HIGH,,V19_V20_DEVELOPMENT,,DEVELOPMENT_OR_PRIOR_SEAL,1,2025-10-12,2025-10-27,0
FILING_PROXY_GE_20241022_10Q,GE,2024-10-22,40545,HIGH,,V19_V20_DEVELOPMENT,,DEVELOPMENT_OR_PRIOR_SEAL,1,2024-10-12,2024-10-27,1
FILING_PROXY_GFAI_20251219_6K,GFAI,2025-12-19,1804469,HIGH,,V19_V20_DEVELOPMENT,,DEVELOPMENT_OR_PRIOR_SEAL,1,2025-12-09,2025-12-24,0
FILING_PROXY_GGRP_20250213_10Q,GGRP,2025-02-13,1854445,HIGH,,V19_V20_DEVELOPMENT,,DEVELOPMENT_OR_PRIOR_SEAL,1,2025-02-03,2025-02-18,1
FILING_PROXY_GGRP_20250819_8K,GGRP,2025-08-19,1854445,HIGH,,V19_V20_DEVELOPMENT,,DEVELOPMENT_OR_PRIOR_SEAL,1,2025-08-09,2025-08-24,0
FILING_PROXY_GGRP_20251222_8K,GGRP,2025-12-22,1854445,HIGH,,V19_V20_DEVELOPMENT,,DEVELOPMENT_OR_PRIOR_SEAL,1,2025-12-12,2025-12-27,0
FILING_PROXY_GGR_20250602_6K,GGR,2025-06-02,1886190,HIGH,,V19_V20_DEVELOPMENT,,DEVELOPMENT_OR_PRIOR_SEAL,1,2025-05-23,2025-06-07,1
FILING_PROXY_GHC_20250507_8K,GHC,2025-05-07,104889,HIGH,,V19_V20_DEVELOPMENT,,DEVELOPMENT_OR_PRIOR_SEAL,1,2025-04-27,2025-05-12,1
FILING_PROXY_GHM_20250207_10Q,GHM,2025-02-07,716314,HIGH,,V19_V20_DEVELOPMENT,,DEVELOPMENT_OR_PRIOR_SEAL,1,2025-01-28,2025-02-12,1
FILING_PROXY_GHM_20251107_8K,GHM,2025-11-07,716314,HIGH,,V19_V20_DEVELOPMENT,,DEVELOPMENT_OR_PRIOR_SEAL,1,2025-10-28,2025-11-12,0
FILING_PROXY_GH_20250220_10K,GH,2025-02-20,1576280,HIGH,,V19_V20_DEVELOPMENT,,DEVELOPMENT_OR_PRIOR_SEAL,1,2025-02-10,2025-02-25,1
FILING_PROXY_GH_20250620_8K,GH,2025-06-20,1576280,HIGH,,V19_V20_DEVELOPMENT,,DEVELOPMENT_OR_PRIOR_SEAL,1,2025-06-10,2025-06-25,1
FILING_PROXY_GH_20251107_8K,GH,2025-11-07,1576280,HIGH,,V19_V20_DEVELOPMENT,,DEVELOPMENT_OR_PRIOR_SEAL,1,2025-10-28,2025-11-12,0
FILING_PROXY_GIBO_20251231_6K,GIBO,2025-12-31,2034520,HIGH,,V19_V20_DEVELOPMENT,,DEVELOPMENT_OR_PRIOR_SEAL,1,2025-12-21,2026-01-05,0
FILING_PROXY_GILD_20241112_10Q,GILD,2024-11-12,882095,HIGH,,V19_V20_DEVELOPMENT,,DEVELOPMENT_OR_PRIOR_SEAL,1,2024-11-02,2024-11-17,1
FILING_PROXY_GIPR_20250328_10K,GIPR,2025-03-28,1651721,HIGH,,V19_V20_DEVELOPMENT,,DEVELOPMENT_OR_PRIOR_SEAL,1,2025-03-18,2025-04-02,1
FILING_PROXY_GIPR_20250822_8K,GIPR,2025-08-22,1651721,HIGH,,V19_V20_DEVELOPMENT,,DEVELOPMENT_OR_PRIOR_SEAL,1,2025-08-12,2025-08-27,0
FILING_PROXY_GIPR_20251229_8K,GIPR,2025-12-29,1651721,HIGH,,V19_V20_DEVELOPMENT,,DEVELOPMENT_OR_PRIOR_SEAL,1,2025-12-19,2026-01-03,0
FILING_PROXY_GIS_20241218_10Q,GIS,2024-12-18,40704,HIGH,,V19_V20_DEVELOPMENT,,DEVELOPMENT_OR_PRIOR_SEAL,1,2024-12-08,2024-12-23,1
FILING_PROXY_GIS_20250625_8K,GIS,2025-06-25,40704,HIGH,,V19_V20_DEVELOPMENT,,DEVELOPMENT_OR_PRIOR_SEAL,1,2025-06-15,2025-06-30,1
FILING_PROXY_GIS_20251217_8K,GIS,2025-12-17,40704,HIGH,,V19_V20_DEVELOPMENT,,DEVELOPMENT_OR_PRIOR_SEAL,1,2025-12-07,2025-12-22,0
FILING_PROXY_GITS_20241120_10Q,GITS,2024-11-20,1911545,HIGH,,V19_V20_DEVELOPMENT,,DEVELOPMENT_OR_PRIOR_SEAL,1,2024-11-10,2024-11-25,1
FILING_PROXY_GITS_20251231_8K,GITS,2025-12-31,1911545,HIGH,,V19_V20_DEVELOPMENT,,DEVELOPMENT_OR_PRIOR_SEAL,1,2025-12-21,2026-01-05,0
FILING_PROXY_GLBE_20251119_6K,GLBE,2025-11-19,1835963,HIGH,,V19_V20_DEVELOPMENT,,DEVELOPMENT_OR_PRIOR_SEAL,1,2025-11-09,2025-11-24,0
FILING_PROXY_GLBS_20250616_6K,GLBS,2025-06-16,1499780,HIGH,,V19_V20_DEVELOPMENT,,DEVELOPMENT_OR_PRIOR_SEAL,1,2025-06-06,2025-06-21,1
FILING_PROXY_GLBS_20251128_6K,GLBS,2025-11-28,1499780,HIGH,,V19_V20_DEVELOPMENT,,DEVELOPMENT_OR_PRIOR_SEAL,1,2025-11-18,2025-12-03,0
FILING_PROXY_GLE_20250620_6K,GLE,2025-06-20,1908705,HIGH,,V19_V20_DEVELOPMENT,,DEVELOPMENT_OR_PRIOR_SEAL,1,2025-06-10,2025-06-25,1
FILING_PROXY_GLE_20251031_6K,GLE,2025-10-31,1908705,HIGH,,V19_V20_DEVELOPMENT,,DEVELOPMENT_OR_PRIOR_SEAL,1,2025-10-21,2025-11-05,0
FILING_PROXY_GLMD_20250724_6K,GLMD,2025-07-24,1595353,HIGH,,V19_V20_DEVELOPMENT,,DEVELOPMENT_OR_PRIOR_SEAL,1,2025-07-14,2025-07-29,0
FILING_PROXY_GLMD_20251208_6K,GLMD,2025-12-08,1595353,HIGH,,V19_V20_DEVELOPMENT,,DEVELOPMENT_OR_PRIOR_SEAL,1,2025-11-28,2025-12-13,0
FILING_PROXY_GLOB_20251113_6K,GLOB,2025-11-13,1557860,HIGH,,V19_V20_DEVELOPMENT,,DEVELOPMENT_OR_PRIOR_SEAL,1,2025-11-03,2025-11-18,0
FILING_PROXY_GLPI_20250725_8K,GLPI,2025-07-25,1575965,HIGH,,V19_V20_DEVELOPMENT,,DEVELOPMENT_OR_PRIOR_SEAL,1,2025-07-15,2025-07-30,0
FILING_PROXY_GLSI_20241114_10Q,GLSI,2024-11-14,1799788,HIGH,,V19_V20_DEVELOPMENT,,DEVELOPMENT_OR_PRIOR_SEAL,1,2024-11-04,2024-11-19,1
FILING_PROXY_GLW_20251028_8K,GLW,2025-10-28,24741,HIGH,,V19_V20_DEVELOPMENT,,DEVELOPMENT_OR_PRIOR_SEAL,1,2025-10-18,2025-11-02,0
FILING_PROXY_GMED_20241105_10Q,GMED,2024-11-05,1237831,HIGH,,V19_V20_DEVELOPMENT,,DEVELOPMENT_OR_PRIOR_SEAL,1,2024-10-26,2024-11-10,1
FILING_PROXY_GMEX_20250815_6K,GMEX,2025-08-15,1928581,HIGH,,V19_V20_DEVELOPMENT,,DEVELOPMENT_OR_PRIOR_SEAL,1,2025-08-05,2025-08-20,0
FILING_PROXY_GME_20250325_10K,GME,2025-03-25,1326380,HIGH,,V19_V20_DEVELOPMENT,,DEVELOPMENT_OR_PRIOR_SEAL,1,2025-03-15,2025-03-30,1
FILING_PROXY_GME_20251209_8K,GME,2025-12-09,1326380,HIGH,,V19_V20_DEVELOPMENT,,DEVELOPMENT_OR_PRIOR_SEAL,1,2025-11-29,2025-12-14,0
FILING_PROXY_GMM_20250818_6K,GMM,2025-08-18,1913749,HIGH,,V19_V20_DEVELOPMENT,,DEVELOPMENT_OR_PRIOR_SEAL,1,2025-08-08,2025-08-23,0
FILING_PROXY_GM_20250128_10K,GM,2025-01-28,1467858,HIGH,,V19_V20_DEVELOPMENT,,DEVELOPMENT_OR_PRIOR_SEAL,1,2025-01-18,2025-02-02,1
FILING_PROXY_GM_20251021_8K,GM,2025-10-21,1467858,HIGH,,V19_V20_DEVELOPMENT,,DEVELOPMENT_OR_PRIOR_SEAL,1,2025-10-11,2025-10-26,0
FILING_PROXY_GNLN_20250321_10K,GNLN,2025-03-21,1743745,HIGH,,V19_V20_DEVELOPMENT,,DEVELOPMENT_OR_PRIOR_SEAL,1,2025-03-11,2025-03-26,1
FILING_PROXY_GNLN_20250818_8K,GNLN,2025-08-18,1743745,HIGH,,V19_V20_DEVELOPMENT,,DEVELOPMENT_OR_PRIOR_SEAL,1,2025-08-08,2025-08-23,0
FILING_PROXY_GNL_20250227_10K,GNL,2025-02-27,1526113,HIGH,,V19_V20_DEVELOPMENT,,DEVELOPMENT_OR_PRIOR_SEAL,1,2025-02-17,2025-03-04,1
FILING_PROXY_GNPX_20250401_10K,GNPX,2025-04-01,1595248,HIGH,,V19_V20_DEVELOPMENT,,DEVELOPMENT_OR_PRIOR_SEAL,1,2025-03-22,2025-04-06,1
FILING_PROXY_GNPX_20250820_8K,GNPX,2025-08-20,1595248,HIGH,,V19_V20_DEVELOPMENT,,DEVELOPMENT_OR_PRIOR_SEAL,1,2025-08-10,2025-08-25,0
FILING_PROXY_GNPX_20251223_8K,GNPX,2025-12-23,1595248,HIGH,,V19_V20_DEVELOPMENT,,DEVELOPMENT_OR_PRIOR_SEAL,1,2025-12-13,2025-12-28,0
FILING_PROXY_GNTA_20251104_6K,GNTA,2025-11-04,1838716,HIGH,,V19_V20_DEVELOPMENT,,DEVELOPMENT_OR_PRIOR_SEAL,1,2025-10-25,2025-11-09,0
FILING_PROXY_GOOGL_20250205_10K,GOOGL,2025-02-05,1652044,HIGH,,V19_V20_DEVELOPMENT,,DEVELOPMENT_OR_PRIOR_SEAL,1,2025-01-26,2025-02-10,1
FILING_PROXY_GOOG_20250205_10K,GOOG,2025-02-05,1652044,HIGH,,V19_V20_DEVELOPMENT,,DEVELOPMENT_OR_PRIOR_SEAL,1,2025-01-26,2025-02-10,1
FILING_PROXY_GOSS_20241107_10Q,GOSS,2024-11-07,1728117,HIGH,,V19_V20_DEVELOPMENT,,DEVELOPMENT_OR_PRIOR_SEAL,1,2024-10-28,2024-11-12,1
FILING_PROXY_GOSS_20250625_8K,GOSS,2025-06-25,1728117,HIGH,,V19_V20_DEVELOPMENT,,DEVELOPMENT_OR_PRIOR_SEAL,1,2025-06-15,2025-06-30,1
FILING_PROXY_GOSS_20251105_8K,GOSS,2025-11-05,1728117,HIGH,,V19_V20_DEVELOPMENT,,DEVELOPMENT_OR_PRIOR_SEAL,1,2025-10-26,2025-11-10,0
FILING_PROXY_GOVX_20250327_10K,GOVX,2025-03-27,832489,HIGH,,V19_V20_DEVELOPMENT,,DEVELOPMENT_OR_PRIOR_SEAL,1,2025-03-17,2025-04-01,1
FILING_PROXY_GOVX_20251222_8K,GOVX,2025-12-22,832489,HIGH,,V19_V20_DEVELOPMENT,,DEVELOPMENT_OR_PRIOR_SEAL,1,2025-12-12,2025-12-27,0
FILING_PROXY_GPGI_20250305_10K,GPGI,2025-03-05,1823144,HIGH,,V19_V20_DEVELOPMENT,,DEVELOPMENT_OR_PRIOR_SEAL,1,2025-02-23,2025-03-10,1
FILING_PROXY_GPGI_20250807_8K,GPGI,2025-08-07,1823144,HIGH,,V19_V20_DEVELOPMENT,,DEVELOPMENT_OR_PRIOR_SEAL,1,2025-07-28,2025-08-12,0
FILING_PROXY_GPGI_20251229_8K,GPGI,2025-12-29,1823144,HIGH,,V19_V20_DEVELOPMENT,,DEVELOPMENT_OR_PRIOR_SEAL,1,2025-12-19,2026-01-03,0
FILING_PROXY_GPN_20251114_8K,GPN,2025-11-14,1123360,HIGH,,V19_V20_DEVELOPMENT,,DEVELOPMENT_OR_PRIOR_SEAL,1,2025-11-04,2025-11-19,0
FILING_PROXY_GRDX_20250401_10K,GRDX,2025-04-01,1604191,HIGH,,V19_V20_DEVELOPMENT,,DEVELOPMENT_OR_PRIOR_SEAL,1,2025-03-22,2025-04-06,1
FILING_PROXY_GRDX_20251223_8K,GRDX,2025-12-23,1604191,HIGH,,V19_V20_DEVELOPMENT,,DEVELOPMENT_OR_PRIOR_SEAL,1,2025-12-13,2025-12-28,0
FILING_PROXY_GREEL_20250331_10K,GREEL,2025-03-31,1844971,HIGH,,V19_V20_DEVELOPMENT,,DEVELOPMENT_OR_PRIOR_SEAL,1,2025-03-21,2025-04-05,1
FILING_PROXY_GREEL_20251218_8K,GREEL,2025-12-18,1844971,HIGH,,V19_V20_DEVELOPMENT,,DEVELOPMENT_OR_PRIOR_SEAL,1,2025-12-08,2025-12-23,0
FILING_PROXY_GRI_20250314_10K,GRI,2025-03-14,1824293,HIGH,,V19_V20_DEVELOPMENT,,DEVELOPMENT_OR_PRIOR_SEAL,1,2025-03-04,2025-03-19,1
FILING_PROXY_GRI_20250813_8K,GRI,2025-08-13,1824293,HIGH,,V19_V20_DEVELOPMENT,,DEVELOPMENT_OR_PRIOR_SEAL,1,2025-08-03,2025-08-18,0
FILING_PROXY_GRML_20250722_8K,GRML,2025-07-22,1907223,HIGH,,V19_V20_DEVELOPMENT,,DEVELOPMENT_OR_PRIOR_SEAL,1,2025-07-12,2025-07-27,0
FILING_PROXY_GRML_20251208_8K,GRML,2025-12-08,1907223,HIGH,,V19_V20_DEVELOPMENT,,DEVELOPMENT_OR_PRIOR_SEAL,1,2025-11-28,2025-12-13,0
FILING_PROXY_GRMN_20250612_8K,GRMN,2025-06-12,1121788,HIGH,,V19_V20_DEVELOPMENT,,DEVELOPMENT_OR_PRIOR_SEAL,1,2025-06-02,2025-06-17,1
FILING_PROXY_GRND_20250807_8K,GRND,2025-08-07,1820144,HIGH,,V19_V20_DEVELOPMENT,,DEVELOPMENT_OR_PRIOR_SEAL,1,2025-07-28,2025-08-12,0
FILING_PROXY_GRND_20251216_8K,GRND,2025-12-16,1820144,HIGH,,V19_V20_DEVELOPMENT,,DEVELOPMENT_OR_PRIOR_SEAL,1,2025-12-06,2025-12-21,0
FILING_PROXY_GRNQ_20241113_10Q,GRNQ,2024-11-13,1597846,HIGH,,V19_V20_DEVELOPMENT,,DEVELOPMENT_OR_PRIOR_SEAL,1,2024-11-03,2024-11-18,1
FILING_PROXY_GRNQ_20250624_8K,GRNQ,2025-06-24,1597846,HIGH,,V19_V20_DEVELOPMENT,,DEVELOPMENT_OR_PRIOR_SEAL,1,2025-06-14,2025-06-29,1
FILING_PROXY_GRNQ_20251218_8K,GRNQ,2025-12-18,1597846,HIGH,,V19_V20_DEVELOPMENT,,DEVELOPMENT_OR_PRIOR_SEAL,1,2025-12-08,2025-12-23,0
FILING_PROXY_GRNT_20250306_10K,GRNT,2025-03-06,1928446,HIGH,,V19_V20_DEVELOPMENT,,DEVELOPMENT_OR_PRIOR_SEAL,1,2025-02-24,2025-03-11,1
FILING_PROXY_GRNT_20251216_8K,GRNT,2025-12-16,1928446,HIGH,,V19_V20_DEVELOPMENT,,DEVELOPMENT_OR_PRIOR_SEAL,1,2025-12-06,2025-12-21,0
FILING_PROXY_GROV_20241113_10Q,GROV,2024-11-13,1841761,HIGH,,V19_V20_DEVELOPMENT,,DEVELOPMENT_OR_PRIOR_SEAL,1,2024-11-03,2024-11-18,1
FILING_PROXY_GROV_20251113_8K,GROV,2025-11-13,1841761,HIGH,,V19_V20_DEVELOPMENT,,DEVELOPMENT_OR_PRIOR_SEAL,1,2025-11-03,2025-11-18,0
FILING_PROXY_GRRR_20250702_6K,GRRR,2025-07-02,1903145,HIGH,,V19_V20_DEVELOPMENT,,DEVELOPMENT_OR_PRIOR_SEAL,1,2025-06-22,2025-07-07,0
FILING_PROXY_GRSD_20250814_6K,GRSD,2025-08-14,1839799,HIGH,,V19_V20_DEVELOPMENT,,DEVELOPMENT_OR_PRIOR_SEAL,1,2025-08-04,2025-08-19,0
FILING_PROXY_GRSD_20251230_6K,GRSD,2025-12-30,1839799,HIGH,,V19_V20_DEVELOPMENT,,DEVELOPMENT_OR_PRIOR_SEAL,1,2025-12-20,2026-01-04,0
FILING_PROXY_GRWG_20250811_8K,GRWG,2025-08-11,1604868,HIGH,,V19_V20_DEVELOPMENT,,DEVELOPMENT_OR_PRIOR_SEAL,1,2025-08-01,2025-08-16,0
FILING_PROXY_GRWG_20251230_8K,GRWG,2025-12-30,1604868,HIGH,,V19_V20_DEVELOPMENT,,DEVELOPMENT_OR_PRIOR_SEAL,1,2025-12-20,2026-01-04,0
FILING_PROXY_GSAT_20241107_10Q,GSAT,2024-11-07,1366868,HIGH,,V19_V20_DEVELOPMENT,,DEVELOPMENT_OR_PRIOR_SEAL,1,2024-10-28,2024-11-12,1
FILING_PROXY_GSAT_20250521_8K,GSAT,2025-05-21,1366868,HIGH,,V19_V20_DEVELOPMENT,,DEVELOPMENT_OR_PRIOR_SEAL,1,2025-05-11,2025-05-26,1
FILING_PROXY_GSAT_20251106_8K,GSAT,2025-11-06,1366868,HIGH,,V19_V20_DEVELOPMENT,,DEVELOPMENT_OR_PRIOR_SEAL,1,2025-10-27,2025-11-11,0
FILING_PROXY_GSIT_20250603_8K,GSIT,2025-06-03,1126741,HIGH,,V19_V20_DEVELOPMENT,,DEVELOPMENT_OR_PRIOR_SEAL,1,2025-05-24,2025-06-08,1
FILING_PROXY_GSIW_20251202_6K,GSIW,2025-12-02,1954269,HIGH,,V19_V20_DEVELOPMENT,,DEVELOPMENT_OR_PRIOR_SEAL,1,2025-11-22,2025-12-07,0
FILING_PROXY_GSM_20250702_6K,GSM,2025-07-02,1639877,HIGH,,V19_V20_DEVELOPMENT,,DEVELOPMENT_OR_PRIOR_SEAL,1,2025-06-22,2025-07-07,0
FILING_PROXY_GSM_20251105_6K,GSM,2025-11-05,1639877,HIGH,,V19_V20_DEVELOPMENT,,DEVELOPMENT_OR_PRIOR_SEAL,1,2025-10-26,2025-11-10,0
FILING_PROXY_GSUN_20250808_6K,GSUN,2025-08-08,1826376,HIGH,,V19_V20_DEVELOPMENT,,DEVELOPMENT_OR_PRIOR_SEAL,1,2025-07-29,2025-08-13,0
FILING_PROXY_GSUN_20251210_6K,GSUN,2025-12-10,1826376,HIGH,,V19_V20_DEVELOPMENT,,DEVELOPMENT_OR_PRIOR_SEAL,1,2025-11-30,2025-12-15,0
FILING_PROXY_GS_20241104_10Q,GS,2024-11-04,886982,HIGH,,V19_V20_DEVELOPMENT,,DEVELOPMENT_OR_PRIOR_SEAL,1,2024-10-25,2024-11-09,1
FILING_PROXY_GTBP_20250221_10K,GTBP,2025-02-21,109657,HIGH,,V19_V20_DEVELOPMENT,,DEVELOPMENT_OR_PRIOR_SEAL,1,2025-02-11,2025-02-26,1
FILING_PROXY_GTBP_20251126_8K,GTBP,2025-11-26,109657,HIGH,,V19_V20_DEVELOPMENT,,DEVELOPMENT_OR_PRIOR_SEAL,1,2025-11-16,2025-12-01,0
FILING_PROXY_GTLB_20241206_10Q,GTLB,2024-12-06,1653482,HIGH,,V19_V20_DEVELOPMENT,,DEVELOPMENT_OR_PRIOR_SEAL,1,2024-11-26,2024-12-11,1
FILING_PROXY_GTLB_20250623_8K,GTLB,2025-06-23,1653482,HIGH,,V19_V20_DEVELOPMENT,,DEVELOPMENT_OR_PRIOR_SEAL,1,2025-06-13,2025-06-28,1
FILING_PROXY_GTLB_20251202_8K,GTLB,2025-12-02,1653482,HIGH,,V19_V20_DEVELOPMENT,,DEVELOPMENT_OR_PRIOR_SEAL,1,2025-11-22,2025-12-07,0
FILING_PROXY_GTN-A_20250227_10K,GTN-A,2025-02-27,43196,HIGH,,V19_V20_DEVELOPMENT,,DEVELOPMENT_OR_PRIOR_SEAL,1,2025-02-17,2025-03-04,1
FILING_PROXY_GTN-A_20250808_8K,GTN-A,2025-08-08,43196,HIGH,,V19_V20_DEVELOPMENT,,DEVELOPMENT_OR_PRIOR_SEAL,1,2025-07-29,2025-08-13,0
FILING_PROXY_GTN-A_20251218_8K,GTN-A,2025-12-18,43196,HIGH,,V19_V20_DEVELOPMENT,,DEVELOPMENT_OR_PRIOR_SEAL,1,2025-12-08,2025-12-23,0
FILING_PROXY_GTN_20251218_8K,GTN,2025-12-18,43196,HIGH,,V19_V20_DEVELOPMENT,,DEVELOPMENT_OR_PRIOR_SEAL,1,2025-12-08,2025-12-23,0
FILING_PROXY_GT_20250605_8K,GT,2025-06-05,42582,HIGH,,V19_V20_DEVELOPMENT,,DEVELOPMENT_OR_PRIOR_SEAL,1,2025-05-26,2025-06-10,1
FILING_PROXY_GT_20251103_8K,GT,2025-11-03,42582,HIGH,,V19_V20_DEVELOPMENT,,DEVELOPMENT_OR_PRIOR_SEAL,1,2025-10-24,2025-11-08,0
FILING_PROXY_GURE_20250411_10K,GURE,2025-04-11,885462,HIGH,,V19_V20_DEVELOPMENT,,DEVELOPMENT_OR_PRIOR_SEAL,1,2025-04-01,2025-04-16,1
FILING_PROXY_GURE_20251229_8K,GURE,2025-12-29,885462,HIGH,,V19_V20_DEVELOPMENT,,DEVELOPMENT_OR_PRIOR_SEAL,1,2025-12-19,2026-01-03,0
FILING_PROXY_GUTS_20250812_8K,GUTS,2025-08-12,1572616,HIGH,,V19_V20_DEVELOPMENT,,DEVELOPMENT_OR_PRIOR_SEAL,1,2025-08-02,2025-08-17,0
FILING_PROXY_GVHGF_20250103_6K,GVHGF,2025-01-03,1892274,HIGH,,V19_V20_DEVELOPMENT,,DEVELOPMENT_OR_PRIOR_SEAL,1,2024-12-24,2025-01-08,1
FILING_PROXY_GWAV_20250714_8K,GWAV,2025-07-14,1589149,HIGH,,V19_V20_DEVELOPMENT,,DEVELOPMENT_OR_PRIOR_SEAL,1,2025-07-04,2025-07-19,0
FILING_PROXY_GWAV_20251124_8K,GWAV,2025-11-24,1589149,HIGH,,V19_V20_DEVELOPMENT,,DEVELOPMENT_OR_PRIOR_SEAL,1,2025-11-14,2025-11-29,0
FILING_PROXY_GYRE_20241113_10Q,GYRE,2024-11-13,1124105,HIGH,,V19_V20_DEVELOPMENT,,DEVELOPMENT_OR_PRIOR_SEAL,1,2024-11-03,2024-11-18,1
FILING_PROXY_GYRE_20250606_8K,GYRE,2025-06-06,1124105,HIGH,,V19_V20_DEVELOPMENT,,DEVELOPMENT_OR_PRIOR_SEAL,1,2025-05-27,2025-06-11,1
FILING_PROXY_GYRE_20251107_8K,GYRE,2025-11-07,1124105,HIGH,,V19_V20_DEVELOPMENT,,DEVELOPMENT_OR_PRIOR_SEAL,1,2025-10-28,2025-11-12,0
FILING_PROXY_G_20250303_10K,G,2025-03-03,1398659,HIGH,,V19_V20_DEVELOPMENT,,DEVELOPMENT_OR_PRIOR_SEAL,1,2025-02-21,2025-03-08,1
FILING_PROXY_HAIN_20250507_8K,HAIN,2025-05-07,910406,HIGH,,V19_V20_DEVELOPMENT,,DEVELOPMENT_OR_PRIOR_SEAL,1,2025-04-27,2025-05-12,1
FILING_PROXY_HAS_20251023_8K,HAS,2025-10-23,46080,HIGH,,V19_V20_DEVELOPMENT,,DEVELOPMENT_OR_PRIOR_SEAL,1,2025-10-13,2025-10-28,0
FILING_PROXY_HBAN_20250718_8K,HBAN,2025-07-18,49196,HIGH,,V19_V20_DEVELOPMENT,,DEVELOPMENT_OR_PRIOR_SEAL,1,2025-07-08,2025-07-23,0
FILING_PROXY_HBT_20250307_10K,HBT,2025-03-07,775215,HIGH,,V19_V20_DEVELOPMENT,,DEVELOPMENT_OR_PRIOR_SEAL,1,2025-02-25,2025-03-12,1
FILING_PROXY_HCAI_20250806_6K,HCAI,2025-08-06,1958399,HIGH,,V19_V20_DEVELOPMENT,,DEVELOPMENT_OR_PRIOR_SEAL,1,2025-07-27,2025-08-11,0
FILING_PROXY_HCAI_20251222_6K,HCAI,2025-12-22,1958399,HIGH,,V19_V20_DEVELOPMENT,,DEVELOPMENT_OR_PRIOR_SEAL,1,2025-12-12,2025-12-27,0
FILING_PROXY_HCAT_20250226_10K,HCAT,2025-02-26,1636422,HIGH,,V19_V20_DEVELOPMENT,,DEVELOPMENT_OR_PRIOR_SEAL,1,2025-02-16,2025-03-03,1
FILING_PROXY_HCAT_20250710_8K,HCAT,2025-07-10,1636422,HIGH,,V19_V20_DEVELOPMENT,,DEVELOPMENT_OR_PRIOR_SEAL,1,2025-06-30,2025-07-15,0
FILING_PROXY_HCAT_20251202_8K,HCAT,2025-12-02,1636422,HIGH,,V19_V20_DEVELOPMENT,,DEVELOPMENT_OR_PRIOR_SEAL,1,2025-11-22,2025-12-07,0
FILING_PROXY_HCTI_20250801_8K,HCTI,2025-08-01,1839285,HIGH,,V19_V20_DEVELOPMENT,,DEVELOPMENT_OR_PRIOR_SEAL,1,2025-07-22,2025-08-06,0
FILING_PROXY_HCTI_20251210_8K,HCTI,2025-12-10,1839285,HIGH,,V19_V20_DEVELOPMENT,,DEVELOPMENT_OR_PRIOR_SEAL,1,2025-11-30,2025-12-15,0
FILING_PROXY_HCWB_20250328_10K,HCWB,2025-03-28,1828673,HIGH,,V19_V20_DEVELOPMENT,,DEVELOPMENT_OR_PRIOR_SEAL,1,2025-03-18,2025-04-02,1
FILING_PROXY_HCWB_20250819_8K,HCWB,2025-08-19,1828673,HIGH,,V19_V20_DEVELOPMENT,,DEVELOPMENT_OR_PRIOR_SEAL,1,2025-08-09,2025-08-24,0
FILING_PROXY_HCWB_20251231_8K,HCWB,2025-12-31,1828673,HIGH,,V19_V20_DEVELOPMENT,,DEVELOPMENT_OR_PRIOR_SEAL,1,2025-12-21,2026-01-05,0
FILING_PROXY_HDSN_20250730_8K,HDSN,2025-07-30,925528,HIGH,,V19_V20_DEVELOPMENT,,DEVELOPMENT_OR_PRIOR_SEAL,1,2025-07-20,2025-08-04,0
FILING_PROXY_HDSN_20251217_8K,HDSN,2025-12-17,925528,HIGH,,V19_V20_DEVELOPMENT,,DEVELOPMENT_OR_PRIOR_SEAL,1,2025-12-07,2025-12-22,0
FILING_PROXY_HERE_20250731_6K,HERE,2025-07-31,1932770,HIGH,,V19_V20_DEVELOPMENT,,DEVELOPMENT_OR_PRIOR_SEAL,1,2025-07-21,2025-08-05,0
FILING_PROXY_HFFG_20250707_8K,HFFG,2025-07-07,1680873,HIGH,,V19_V20_DEVELOPMENT,,DEVELOPMENT_OR_PRIOR_SEAL,1,2025-06-27,2025-07-12,0
FILING_PROXY_HFFG_20251110_8K,HFFG,2025-11-10,1680873,HIGH,,V19_V20_DEVELOPMENT,,DEVELOPMENT_OR_PRIOR_SEAL,1,2025-10-31,2025-11-15,0
FILING_PROXY_HIHO_20250814_6K,HIHO,2025-08-14,1026785,HIGH,,V19_V20_DEVELOPMENT,,DEVELOPMENT_OR_PRIOR_SEAL,1,2025-08-04,2025-08-19,0
FILING_PROXY_HIHO_20251223_6K,HIHO,2025-12-23,1026785,HIGH,,V19_V20_DEVELOPMENT,,DEVELOPMENT_OR_PRIOR_SEAL,1,2025-12-13,2025-12-28,0
FILING_PROXY_HKIT_20251222_6K,HKIT,2025-12-22,1742341,HIGH,,V19_V20_DEVELOPMENT,,DEVELOPMENT_OR_PRIOR_SEAL,1,2025-12-12,2025-12-27,0
FILING_PROXY_HKPD_20251231_6K,HKPD,2025-12-31,2007702,HIGH,,V19_V20_DEVELOPMENT,,DEVELOPMENT_OR_PRIOR_SEAL,1,2025-12-21,2026-01-05,0
FILING_PROXY_HLIT_20250214_10K,HLIT,2025-02-14,851310,HIGH,,V19_V20_DEVELOPMENT,,DEVELOPMENT_OR_PRIOR_SEAL,1,2025-02-04,2025-02-19,1
FILING_PROXY_HLIT_20250728_8K,HLIT,2025-07-28,851310,HIGH,,V19_V20_DEVELOPMENT,,DEVELOPMENT_OR_PRIOR_SEAL,1,2025-07-18,2025-08-02,0
FILING_PROXY_HNST_20251105_8K,HNST,2025-11-05,1530979,HIGH,,V19_V20_DEVELOPMENT,,DEVELOPMENT_OR_PRIOR_SEAL,1,2025-10-26,2025-11-10,0
FILING_PROXY_HODO_20251229_8K,HODO,2025-12-29,1903595,HIGH,,V19_V20_DEVELOPMENT,,DEVELOPMENT_OR_PRIOR_SEAL,1,2025-12-19,2026-01-03,0
FILING_PROXY_HOOD_20250218_10K,HOOD,2025-02-18,1783879,HIGH,,V19_V20_DEVELOPMENT,,DEVELOPMENT_OR_PRIOR_SEAL,1,2025-02-08,2025-02-23,1
FILING_PROXY_HOOD_20251105_8K,HOOD,2025-11-05,1783879,HIGH,,V19_V20_DEVELOPMENT,,DEVELOPMENT_OR_PRIOR_SEAL,1,2025-10-26,2025-11-10,0
FILING_PROXY_HOWL_20250311_10K,HOWL,2025-03-11,1785530,HIGH,,V19_V20_DEVELOPMENT,,DEVELOPMENT_OR_PRIOR_SEAL,1,2025-03-01,2025-03-16,1
FILING_PROXY_HOWL_20250814_8K,HOWL,2025-08-14,1785530,HIGH,,V19_V20_DEVELOPMENT,,DEVELOPMENT_OR_PRIOR_SEAL,1,2025-08-04,2025-08-19,0
FILING_PROXY_HPAI_20250331_6K,HPAI,2025-03-31,2001699,HIGH,,V19_V20_DEVELOPMENT,,DEVELOPMENT_OR_PRIOR_SEAL,1,2025-03-21,2025-04-05,1
FILING_PROXY_HPAI_20251024_6K,HPAI,2025-10-24,2001699,HIGH,,V19_V20_DEVELOPMENT,,DEVELOPMENT_OR_PRIOR_SEAL,1,2025-10-14,2025-10-29,0
FILING_PROXY_HRMY_20250611_8K,HRMY,2025-06-11,1802665,HIGH,,V19_V20_DEVELOPMENT,,DEVELOPMENT_OR_PRIOR_SEAL,1,2025-06-01,2025-06-16,1
FILING_PROXY_HRMY_20251104_8K,HRMY,2025-11-04,1802665,HIGH,,V19_V20_DEVELOPMENT,,DEVELOPMENT_OR_PRIOR_SEAL,1,2025-10-25,2025-11-09,0
FILING_PROXY_HRTX_20241112_10Q,HRTX,2024-11-12,818033,HIGH,,V19_V20_DEVELOPMENT,,DEVELOPMENT_OR_PRIOR_SEAL,1,2024-11-02,2024-11-17,1
FILING_PROXY_HRTX_20250618_8K,HRTX,2025-06-18,818033,HIGH,,V19_V20_DEVELOPMENT,,DEVELOPMENT_OR_PRIOR_SEAL,1,2025-06-08,2025-06-23,1
FILING_PROXY_HRTX_20251104_8K,HRTX,2025-11-04,818033,HIGH,,V19_V20_DEVELOPMENT,,DEVELOPMENT_OR_PRIOR_SEAL,1,2025-10-25,2025-11-09,0
FILING_PROXY_HSAI_20251229_6K,HSAI,2025-12-29,1861737,HIGH,,V19_V20_DEVELOPMENT,,DEVELOPMENT_OR_PRIOR_SEAL,1,2025-12-19,2026-01-03,0
FILING_PROXY_HSCS_20250804_8K,HSCS,2025-08-04,1468492,HIGH,,V19_V20_DEVELOPMENT,,DEVELOPMENT_OR_PRIOR_SEAL,1,2025-07-25,2025-08-09,0
FILING_PROXY_HST_20250520_8K,HST,2025-05-20,1070750,HIGH,,V19_V20_DEVELOPMENT,,DEVELOPMENT_OR_PRIOR_SEAL,1,2025-05-10,2025-05-25,1
FILING_PROXY_HTCO_20250630_6K,HTCO,2025-06-30,1928948,HIGH,,V19_V20_DEVELOPMENT,,DEVELOPMENT_OR_PRIOR_SEAL,1,2025-06-20,2025-07-05,1
FILING_PROXY_HTCR_20251118_8K,HTCR,2025-11-18,1892322,HIGH,,V19_V20_DEVELOPMENT,,DEVELOPMENT_OR_PRIOR_SEAL,1,2025-11-08,2025-11-23,0
FILING_PROXY_HTZ_20250218_10K,HTZ,2025-02-18,1657853,HIGH,,V19_V20_DEVELOPMENT,,DEVELOPMENT_OR_PRIOR_SEAL,1,2025-02-08,2025-02-23,1
FILING_PROXY_HTZ_20250807_8K,HTZ,2025-08-07,1657853,HIGH,,V19_V20_DEVELOPMENT,,DEVELOPMENT_OR_PRIOR_SEAL,1,2025-07-28,2025-08-12,0
FILING_PROXY_HTZ_20251205_8K,HTZ,2025-12-05,1657853,HIGH,,V19_V20_DEVELOPMENT,,DEVELOPMENT_OR_PRIOR_SEAL,1,2025-11-25,2025-12-10,0
FILING_PROXY_HUBC_20250812_6K,HUBC,2025-08-12,1905660,HIGH,,V19_V20_DEVELOPMENT,,DEVELOPMENT_OR_PRIOR_SEAL,1,2025-08-02,2025-08-17,0
FILING_PROXY_HUBC_20251231_6K,HUBC,2025-12-31,1905660,HIGH,,V19_V20_DEVELOPMENT,,DEVELOPMENT_OR_PRIOR_SEAL,1,2025-12-21,2026-01-05,0
FILING_PROXY_HUBG_20250626_8K,HUBG,2025-06-26,940942,HIGH,,V19_V20_DEVELOPMENT,,DEVELOPMENT_OR_PRIOR_SEAL,1,2025-06-16,2025-07-01,1
FILING_PROXY_HUDI_20240806_6K,HUDI,2024-08-06,1791725,HIGH,,V19_V20_DEVELOPMENT,,DEVELOPMENT_OR_PRIOR_SEAL,1,2024-07-27,2024-08-11,1
FILING_PROXY_HUHU_20251230_6K,HUHU,2025-12-30,1945415,HIGH,,V19_V20_DEVELOPMENT,,DEVELOPMENT_OR_PRIOR_SEAL,1,2025-12-20,2026-01-04,0
FILING_PROXY_HUMA_20251216_8K,HUMA,2025-12-16,1818382,HIGH,,V19_V20_DEVELOPMENT,,DEVELOPMENT_OR_PRIOR_SEAL,1,2025-12-06,2025-12-21,0
FILING_PROXY_HUT_20250303_10K,HUT,2025-03-03,1964789,HIGH,,V19_V20_DEVELOPMENT,,DEVELOPMENT_OR_PRIOR_SEAL,1,2025-02-21,2025-03-08,1
FILING_PROXY_HUT_20250829_8K,HUT,2025-08-29,1964789,HIGH,,V19_V20_DEVELOPMENT,,DEVELOPMENT_OR_PRIOR_SEAL,1,2025-08-19,2025-09-03,0
FILING_PROXY_HUT_20251231_8K,HUT,2025-12-31,1964789,HIGH,,V19_V20_DEVELOPMENT,,DEVELOPMENT_OR_PRIOR_SEAL,1,2025-12-21,2026-01-05,0
FILING_PROXY_HWBK_20241114_10Q,HWBK,2024-11-14,893847,HIGH,,V19_V20_DEVELOPMENT,,DEVELOPMENT_OR_PRIOR_SEAL,1,2024-11-04,2024-11-19,1
FILING_PROXY_HWH_20241106_10Q,HWH,2024-11-06,1897245,HIGH,,V19_V20_DEVELOPMENT,,DEVELOPMENT_OR_PRIOR_SEAL,1,2024-10-27,2024-11-11,1
FILING_PROXY_HWH_20251201_8K,HWH,2025-12-01,1897245,HIGH,,V19_V20_DEVELOPMENT,,DEVELOPMENT_OR_PRIOR_SEAL,1,2025-11-21,2025-12-06,0
FILING_PROXY_HWKN_20250808_8K,HWKN,2025-08-08,46250,HIGH,,V19_V20_DEVELOPMENT,,DEVELOPMENT_OR_PRIOR_SEAL,1,2025-07-29,2025-08-13,0
FILING_PROXY_HXHX_20251230_6K,HXHX,2025-12-30,1936817,HIGH,,V19_V20_DEVELOPMENT,,DEVELOPMENT_OR_PRIOR_SEAL,1,2025-12-20,2026-01-04,0
FILING_PROXY_HYFM_20241107_10Q,HYFM,2024-11-07,1695295,HIGH,,V19_V20_DEVELOPMENT,,DEVELOPMENT_OR_PRIOR_SEAL,1,2024-10-28,2024-11-12,1
FILING_PROXY_HYFM_20250613_8K,HYFM,2025-06-13,1695295,HIGH,,V19_V20_DEVELOPMENT,,DEVELOPMENT_OR_PRIOR_SEAL,1,2025-06-03,2025-06-18,1
FILING_PROXY_HYFM_20251112_8K,HYFM,2025-11-12,1695295,HIGH,,V19_V20_DEVELOPMENT,,DEVELOPMENT_OR_PRIOR_SEAL,1,2025-11-02,2025-11-17,0
FILING_PROXY_HYFT_20251215_6K,HYFT,2025-12-15,1715925,HIGH,,V19_V20_DEVELOPMENT,,DEVELOPMENT_OR_PRIOR_SEAL,1,2025-12-05,2025-12-20,0
FILING_PROXY_HYPD_20241112_10Q,HYPD,2024-11-12,1682639,HIGH,,V19_V20_DEVELOPMENT,,DEVELOPMENT_OR_PRIOR_SEAL,1,2024-11-02,2024-11-17,1
FILING_PROXY_HYPD_20251210_8K,HYPD,2025-12-10,1682639,HIGH,,V19_V20_DEVELOPMENT,,DEVELOPMENT_OR_PRIOR_SEAL,1,2025-11-30,2025-12-15,0
FILING_PROXY_HYPR_20250317_10K,HYPR,2025-03-17,1833769,HIGH,,V19_V20_DEVELOPMENT,,DEVELOPMENT_OR_PRIOR_SEAL,1,2025-03-07,2025-03-22,1
FILING_PROXY_HYPR_20250813_8K,HYPR,2025-08-13,1833769,HIGH,,V19_V20_DEVELOPMENT,,DEVELOPMENT_OR_PRIOR_SEAL,1,2025-08-03,2025-08-18,0
FILING_PROXY_IBG_20250723_6K,IBG,2025-07-23,1924482,HIGH,,V19_V20_DEVELOPMENT,,DEVELOPMENT_OR_PRIOR_SEAL,1,2025-07-13,2025-07-28,0
FILING_PROXY_IBIO_20250624_8K,IBIO,2025-06-24,1420720,HIGH,,V19_V20_DEVELOPMENT,,DEVELOPMENT_OR_PRIOR_SEAL,1,2025-06-14,2025-06-29,1
FILING_PROXY_IBIO_20251121_8K,IBIO,2025-11-21,1420720,HIGH,,V19_V20_DEVELOPMENT,,DEVELOPMENT_OR_PRIOR_SEAL,1,2025-11-11,2025-11-26,0
FILING_PROXY_IBKR_20241107_10Q,IBKR,2024-11-07,1381197,HIGH,,V19_V20_DEVELOPMENT,,DEVELOPMENT_OR_PRIOR_SEAL,1,2024-10-28,2024-11-12,1
FILING_PROXY_IBKR_20250423_8K,IBKR,2025-04-23,1381197,HIGH,,V19_V20_DEVELOPMENT,,DEVELOPMENT_OR_PRIOR_SEAL,1,2025-04-13,2025-04-28,1
FILING_PROXY_IBKR_20251016_8K,IBKR,2025-10-16,1381197,HIGH,,V19_V20_DEVELOPMENT,,DEVELOPMENT_OR_PRIOR_SEAL,1,2025-10-06,2025-10-21,0
FILING_PROXY_ICCM_20251217_6K,ICCM,2025-12-17,1584371,HIGH,,V19_V20_DEVELOPMENT,,DEVELOPMENT_OR_PRIOR_SEAL,1,2025-12-07,2025-12-22,0
FILING_PROXY_ICFI_20250228_10K,ICFI,2025-02-28,1362004,HIGH,,V19_V20_DEVELOPMENT,,DEVELOPMENT_OR_PRIOR_SEAL,1,2025-02-18,2025-03-05,1
FILING_PROXY_ICFI_20250806_8K,ICFI,2025-08-06,1362004,HIGH,,V19_V20_DEVELOPMENT,,DEVELOPMENT_OR_PRIOR_SEAL,1,2025-07-27,2025-08-11,0
FILING_PROXY_ICON_20251218_6K,ICON,2025-12-18,1995574,HIGH,,V19_V20_DEVELOPMENT,,DEVELOPMENT_OR_PRIOR_SEAL,1,2025-12-08,2025-12-23,0
FILING_PROXY_ICU_20250327_10K,ICU,2025-03-27,1831868,HIGH,,V19_V20_DEVELOPMENT,,DEVELOPMENT_OR_PRIOR_SEAL,1,2025-03-17,2025-04-01,1
FILING_PROXY_ICU_20250819_8K,ICU,2025-08-19,1831868,HIGH,,V19_V20_DEVELOPMENT,,DEVELOPMENT_OR_PRIOR_SEAL,1,2025-08-09,2025-08-24,0
FILING_PROXY_IDAI_20241115_10Q,IDAI,2024-11-15,1718939,HIGH,,V19_V20_DEVELOPMENT,,DEVELOPMENT_OR_PRIOR_SEAL,1,2024-11-05,2024-11-20,1
FILING_PROXY_IDAI_20251114_8K,IDAI,2025-11-14,1718939,HIGH,,V19_V20_DEVELOPMENT,,DEVELOPMENT_OR_PRIOR_SEAL,1,2025-11-04,2025-11-19,0
FILING_PROXY_IDN_20250521_8K,IDN,2025-05-21,1040896,HIGH,,V19_V20_DEVELOPMENT,,DEVELOPMENT_OR_PRIOR_SEAL,1,2025-05-11,2025-05-26,1
FILING_PROXY_IDN_20251112_8K,IDN,2025-11-12,1040896,HIGH,,V19_V20_DEVELOPMENT,,DEVELOPMENT_OR_PRIOR_SEAL,1,2025-11-02,2025-11-17,0
FILING_PROXY_IDXX_20251113_8K,IDXX,2025-11-13,874716,HIGH,,V19_V20_DEVELOPMENT,,DEVELOPMENT_OR_PRIOR_SEAL,1,2025-11-03,2025-11-18,0
FILING_PROXY_IEP_20241108_10Q,IEP,2024-11-08,813762,HIGH,,V19_V20_DEVELOPMENT,,DEVELOPMENT_OR_PRIOR_SEAL,1,2024-10-29,2024-11-13,1
FILING_PROXY_IEP_20251107_8K,IEP,2025-11-07,813762,HIGH,,V19_V20_DEVELOPMENT,,DEVELOPMENT_OR_PRIOR_SEAL,1,2025-10-28,2025-11-12,0
FILING_PROXY_IFRX_20250807_6K,IFRX,2025-08-07,1708688,HIGH,,V19_V20_DEVELOPMENT,,DEVELOPMENT_OR_PRIOR_SEAL,1,2025-07-28,2025-08-12,0
FILING_PROXY_IHT_20250110_8K,IHT,2025-01-10,82473,HIGH,,V19_V20_DEVELOPMENT,,DEVELOPMENT_OR_PRIOR_SEAL,1,2024-12-31,2025-01-15,1
FILING_PROXY_IHT_20250815_8K,IHT,2025-08-15,82473,HIGH,,V19_V20_DEVELOPMENT,,DEVELOPMENT_OR_PRIOR_SEAL,1,2025-08-05,2025-08-20,0
FILING_PROXY_IHT_20251215_10Q,IHT,2025-12-15,82473,HIGH,,V19_V20_DEVELOPMENT,,DEVELOPMENT_OR_PRIOR_SEAL,1,2025-12-05,2025-12-20,0
FILING_PROXY_IKT_20250327_10K,IKT,2025-03-27,1750149,HIGH,,V19_V20_DEVELOPMENT,,DEVELOPMENT_OR_PRIOR_SEAL,1,2025-03-17,2025-04-01,1
FILING_PROXY_IKT_20250814_8K,IKT,2025-08-14,1750149,HIGH,,V19_V20_DEVELOPMENT,,DEVELOPMENT_OR_PRIOR_SEAL,1,2025-08-04,2025-08-19,0
FILING_PROXY_ILAG_20251229_6K,ILAG,2025-12-29,1814963,HIGH,,V19_V20_DEVELOPMENT,,DEVELOPMENT_OR_PRIOR_SEAL,1,2025-12-19,2026-01-03,0
FILING_PROXY_ILMN_20250212_10K,ILMN,2025-02-12,1110803,HIGH,,V19_V20_DEVELOPMENT,,DEVELOPMENT_OR_PRIOR_SEAL,1,2025-02-02,2025-02-17,1
FILING_PROXY_ILMN_20250623_8K,ILMN,2025-06-23,1110803,HIGH,,V19_V20_DEVELOPMENT,,DEVELOPMENT_OR_PRIOR_SEAL,1,2025-06-13,2025-06-28,1
FILING_PROXY_ILMN_20251125_8K,ILMN,2025-11-25,1110803,HIGH,,V19_V20_DEVELOPMENT,,DEVELOPMENT_OR_PRIOR_SEAL,1,2025-11-15,2025-11-30,0
FILING_PROXY_IMCC_20250813_6K,IMCC,2025-08-13,1792030,HIGH,,V19_V20_DEVELOPMENT,,DEVELOPMENT_OR_PRIOR_SEAL,1,2025-08-03,2025-08-18,0
FILING_PROXY_IMCC_20251230_6K,IMCC,2025-12-30,1792030,HIGH,,V19_V20_DEVELOPMENT,,DEVELOPMENT_OR_PRIOR_SEAL,1,2025-12-20,2026-01-04,0
FILING_PROXY_IMDX_20251110_8K,IMDX,2025-11-10,1642380,HIGH,,V19_V20_DEVELOPMENT,,DEVELOPMENT_OR_PRIOR_SEAL,1,2025-10-31,2025-11-15,0
FILING_PROXY_IMOS_20251216_6K,IMOS,2025-12-16,1123134,HIGH,,V19_V20_DEVELOPMENT,,DEVELOPMENT_OR_PRIOR_SEAL,1,2025-12-06,2025-12-21,0
FILING_PROXY_IMRN_20250815_6K,IMRN,2025-08-15,1660046,HIGH,,V19_V20_DEVELOPMENT,,DEVELOPMENT_OR_PRIOR_SEAL,1,2025-08-05,2025-08-20,0
FILING_PROXY_IMRN_20251216_6K,IMRN,2025-12-16,1660046,HIGH,,V19_V20_DEVELOPMENT,,DEVELOPMENT_OR_PRIOR_SEAL,1,2025-12-06,2025-12-21,0
FILING_PROXY_IMTE_20250626_6K,IMTE,2025-06-26,1668438,HIGH,,V19_V20_DEVELOPMENT,,DEVELOPMENT_OR_PRIOR_SEAL,1,2025-06-16,2025-07-01,1
FILING_PROXY_IMTE_20251212_6K,IMTE,2025-12-12,1668438,HIGH,,V19_V20_DEVELOPMENT,,DEVELOPMENT_OR_PRIOR_SEAL,1,2025-12-02,2025-12-17,0
FILING_PROXY_INBS_20250815_8K,INBS,2025-08-15,1725430,HIGH,,V19_V20_DEVELOPMENT,,DEVELOPMENT_OR_PRIOR_SEAL,1,2025-08-05,2025-08-20,0
FILING_PROXY_INBS_20251231_8K,INBS,2025-12-31,1725430,HIGH,,V19_V20_DEVELOPMENT,,DEVELOPMENT_OR_PRIOR_SEAL,1,2025-12-21,2026-01-05,0
FILING_PROXY_INCR_20251230_6K,INCR,2025-12-30,1857030,HIGH,,V19_V20_DEVELOPMENT,,DEVELOPMENT_OR_PRIOR_SEAL,1,2025-12-20,2026-01-04,0
FILING_PROXY_INCY_20250210_10K,INCY,2025-02-10,879169,HIGH,,V19_V20_DEVELOPMENT,,DEVELOPMENT_OR_PRIOR_SEAL,1,2025-01-31,2025-02-15,1
FILING_PROXY_INDO_20250529_6K,INDO,2025-05-29,1757840,HIGH,,V19_V20_DEVELOPMENT,,DEVELOPMENT_OR_PRIOR_SEAL,1,2025-05-19,2025-06-03,1
FILING_PROXY_INDP_20250313_10K,INDP,2025-03-13,1857044,HIGH,,V19_V20_DEVELOPMENT,,DEVELOPMENT_OR_PRIOR_SEAL,1,2025-03-03,2025-03-18,1
FILING_PROXY_INDP_20250813_8K,INDP,2025-08-13,1857044,HIGH,,V19_V20_DEVELOPMENT,,DEVELOPMENT_OR_PRIOR_SEAL,1,2025-08-03,2025-08-18,0
FILING_PROXY_INDP_20251223_8K,INDP,2025-12-23,1857044,HIGH,,V19_V20_DEVELOPMENT,,DEVELOPMENT_OR_PRIOR_SEAL,1,2025-12-13,2025-12-28,0
FILING_PROXY_INEO_20250806_6K,INEO,2025-08-06,1933951,HIGH,,V19_V20_DEVELOPMENT,,DEVELOPMENT_OR_PRIOR_SEAL,1,2025-07-27,2025-08-11,0
FILING_PROXY_INEO_20251211_6K,INEO,2025-12-11,1933951,HIGH,,V19_V20_DEVELOPMENT,,DEVELOPMENT_OR_PRIOR_SEAL,1,2025-12-01,2025-12-16,0
FILING_PROXY_INGN_20241108_10Q,INGN,2024-11-08,1294133,HIGH,,V19_V20_DEVELOPMENT,,DEVELOPMENT_OR_PRIOR_SEAL,1,2024-10-29,2024-11-13,1
FILING_PROXY_INGN_20250519_8K,INGN,2025-05-19,1294133,HIGH,,V19_V20_DEVELOPMENT,,DEVELOPMENT_OR_PRIOR_SEAL,1,2025-05-09,2025-05-24,1
FILING_PROXY_INGN_20251105_8K,INGN,2025-11-05,1294133,HIGH,,V19_V20_DEVELOPMENT,,DEVELOPMENT_OR_PRIOR_SEAL,1,2025-10-26,2025-11-10,0
FILING_PROXY_INLF_20251218_6K,INLF,2025-12-18,1991592,HIGH,,V19_V20_DEVELOPMENT,,DEVELOPMENT_OR_PRIOR_SEAL,1,2025-12-08,2025-12-23,0
FILING_PROXY_INMB_20250327_10K,INMB,2025-03-27,1711754,HIGH,,V19_V20_DEVELOPMENT,,DEVELOPMENT_OR_PRIOR_SEAL,1,2025-03-17,2025-04-01,1
FILING_PROXY_INMB_20250807_8K,INMB,2025-08-07,1711754,HIGH,,V19_V20_DEVELOPMENT,,DEVELOPMENT_OR_PRIOR_SEAL,1,2025-07-28,2025-08-12,0
FILING_PROXY_INMB_20251223_8K,INMB,2025-12-23,1711754,HIGH,,V19_V20_DEVELOPMENT,,DEVELOPMENT_OR_PRIOR_SEAL,1,2025-12-13,2025-12-28,0
FILING_PROXY_INM_20250212_10Q,INM,2025-02-12,1728328,HIGH,,V19_V20_DEVELOPMENT,,DEVELOPMENT_OR_PRIOR_SEAL,1,2025-02-02,2025-02-17,1
FILING_PROXY_INM_20250728_8K,INM,2025-07-28,1728328,HIGH,,V19_V20_DEVELOPMENT,,DEVELOPMENT_OR_PRIOR_SEAL,1,2025-07-18,2025-08-02,0
FILING_PROXY_INM_20251218_8K,INM,2025-12-18,1728328,HIGH,,V19_V20_DEVELOPMENT,,DEVELOPMENT_OR_PRIOR_SEAL,1,2025-12-08,2025-12-23,0
FILING_PROXY_INNV_20241105_10Q,INNV,2024-11-05,1834376,HIGH,,V19_V20_DEVELOPMENT,,DEVELOPMENT_OR_PRIOR_SEAL,1,2024-10-26,2024-11-10,1
FILING_PROXY_INNV_20250506_8K,INNV,2025-05-06,1834376,HIGH,,V19_V20_DEVELOPMENT,,DEVELOPMENT_OR_PRIOR_SEAL,1,2025-04-26,2025-05-11,1
FILING_PROXY_INNV_20251204_8K,INNV,2025-12-04,1834376,HIGH,,V19_V20_DEVELOPMENT,,DEVELOPMENT_OR_PRIOR_SEAL,1,2025-11-24,2025-12-09,0
FILING_PROXY_INOD_20241107_10Q,INOD,2024-11-07,903651,HIGH,,V19_V20_DEVELOPMENT,,DEVELOPMENT_OR_PRIOR_SEAL,1,2024-10-28,2024-11-12,1
FILING_PROXY_INOD_20250618_8K,INOD,2025-06-18,903651,HIGH,,V19_V20_DEVELOPMENT,,DEVELOPMENT_OR_PRIOR_SEAL,1,2025-06-08,2025-06-23,1
FILING_PROXY_INOD_20251107_8K,INOD,2025-11-07,903651,HIGH,,V19_V20_DEVELOPMENT,,DEVELOPMENT_OR_PRIOR_SEAL,1,2025-10-28,2025-11-12,0
FILING_PROXY_INO_20250812_8K,INO,2025-08-12,1055726,HIGH,,V19_V20_DEVELOPMENT,,DEVELOPMENT_OR_PRIOR_SEAL,1,2025-08-02,2025-08-17,0
FILING_PROXY_INO_20251229_8K,INO,2025-12-29,1055726,HIGH,,V19_V20_DEVELOPMENT,,DEVELOPMENT_OR_PRIOR_SEAL,1,2025-12-19,2026-01-03,0
FILING_PROXY_INSG_20251106_8K,INSG,2025-11-06,1022652,HIGH,,V19_V20_DEVELOPMENT,,DEVELOPMENT_OR_PRIOR_SEAL,1,2025-10-27,2025-11-11,0
FILING_PROXY_INSM_20250220_10K,INSM,2025-02-20,1104506,HIGH,,V19_V20_DEVELOPMENT,,DEVELOPMENT_OR_PRIOR_SEAL,1,2025-02-10,2025-02-25,1
FILING_PROXY_INSM_20250812_8K,INSM,2025-08-12,1104506,HIGH,,V19_V20_DEVELOPMENT,,DEVELOPMENT_OR_PRIOR_SEAL,1,2025-08-02,2025-08-17,0
FILING_PROXY_INSM_20251217_8K,INSM,2025-12-17,1104506,HIGH,,V19_V20_DEVELOPMENT,,DEVELOPMENT_OR_PRIOR_SEAL,1,2025-12-07,2025-12-22,0
FILING_PROXY_INTC_20250829_8K,INTC,2025-08-29,50863,HIGH,,V19_V20_DEVELOPMENT,,DEVELOPMENT_OR_PRIOR_SEAL,1,2025-08-19,2025-09-03,0
FILING_PROXY_INTJ_20250807_6K,INTJ,2025-08-07,1916416,HIGH,,V19_V20_DEVELOPMENT,,DEVELOPMENT_OR_PRIOR_SEAL,1,2025-07-28,2025-08-12,0
FILING_PROXY_INTJ_20251229_6K,INTJ,2025-12-29,1916416,HIGH,,V19_V20_DEVELOPMENT,,DEVELOPMENT_OR_PRIOR_SEAL,1,2025-12-19,2026-01-03,0
FILING_PROXY_INTZ_20241113_10Q,INTZ,2024-11-13,736012,HIGH,,V19_V20_DEVELOPMENT,,DEVELOPMENT_OR_PRIOR_SEAL,1,2024-11-03,2024-11-18,1
FILING_PROXY_INTZ_20250612_8K,INTZ,2025-06-12,736012,HIGH,,V19_V20_DEVELOPMENT,,DEVELOPMENT_OR_PRIOR_SEAL,1,2025-06-02,2025-06-17,1
FILING_PROXY_INVZ_20250813_6K,INVZ,2025-08-13,1835654,HIGH,,V19_V20_DEVELOPMENT,,DEVELOPMENT_OR_PRIOR_SEAL,1,2025-08-03,2025-08-18,0
FILING_PROXY_INV_20250702_8K,INV,2025-07-02,2001557,HIGH,,V19_V20_DEVELOPMENT,,DEVELOPMENT_OR_PRIOR_SEAL,1,2025-06-22,2025-07-07,0
FILING_PROXY_INV_20251211_8K,INV,2025-12-11,2001557,HIGH,,V19_V20_DEVELOPMENT,,DEVELOPMENT_OR_PRIOR_SEAL,1,2025-12-01,2025-12-16,0
FILING_PROXY_IOTR_20251212_6K,IOTR,2025-12-12,1997637,HIGH,,V19_V20_DEVELOPMENT,,DEVELOPMENT_OR_PRIOR_SEAL,1,2025-12-02,2025-12-17,0
FILING_PROXY_IPDN_20250331_10K,IPDN,2025-03-31,1546296,HIGH,,V19_V20_DEVELOPMENT,,DEVELOPMENT_OR_PRIOR_SEAL,1,2025-03-21,2025-04-05,1
FILING_PROXY_IPDN_20250814_8K,IPDN,2025-08-14,1546296,HIGH,,V19_V20_DEVELOPMENT,,DEVELOPMENT_OR_PRIOR_SEAL,1,2025-08-04,2025-08-19,0
FILING_PROXY_IPDN_20251218_8K,IPDN,2025-12-18,1546296,HIGH,,V19_V20_DEVELOPMENT,,DEVELOPMENT_OR_PRIOR_SEAL,1,2025-12-08,2025-12-23,0
FILING_PROXY_IPGP_20250630_8K,IPGP,2025-06-30,1111928,HIGH,,V19_V20_DEVELOPMENT,,DEVELOPMENT_OR_PRIOR_SEAL,1,2025-06-20,2025-07-05,1
FILING_PROXY_IPGP_20251104_8K,IPGP,2025-11-04,1111928,HIGH,,V19_V20_DEVELOPMENT,,DEVELOPMENT_OR_PRIOR_SEAL,1,2025-10-25,2025-11-09,0
FILING_PROXY_IPHA_20251222_6K,IPHA,2025-12-22,1598599,HIGH,,V19_V20_DEVELOPMENT,,DEVELOPMENT_OR_PRIOR_SEAL,1,2025-12-12,2025-12-27,0
FILING_PROXY_IPWR_20250613_8K,IPWR,2025-06-13,1507957,HIGH,,V19_V20_DEVELOPMENT,,DEVELOPMENT_OR_PRIOR_SEAL,1,2025-06-03,2025-06-18,1
FILING_PROXY_IPWR_20251113_8K,IPWR,2025-11-13,1507957,HIGH,,V19_V20_DEVELOPMENT,,DEVELOPMENT_OR_PRIOR_SEAL,1,2025-11-03,2025-11-18,0
FILING_PROXY_IPW_20250214_10Q,IPW,2025-02-14,1830072,HIGH,,V19_V20_DEVELOPMENT,,DEVELOPMENT_OR_PRIOR_SEAL,1,2025-02-04,2025-02-19,1
FILING_PROXY_IPW_20250819_8K,IPW,2025-08-19,1830072,HIGH,,V19_V20_DEVELOPMENT,,DEVELOPMENT_OR_PRIOR_SEAL,1,2025-08-09,2025-08-24,0
FILING_PROXY_IPW_20251229_8K,IPW,2025-12-29,1830072,HIGH,,V19_V20_DEVELOPMENT,,DEVELOPMENT_OR_PRIOR_SEAL,1,2025-12-19,2026-01-03,0
FILING_PROXY_IQST_20251217_8K,IQST,2025-12-17,1527702,HIGH,,V19_V20_DEVELOPMENT,,DEVELOPMENT_OR_PRIOR_SEAL,1,2025-12-07,2025-12-22,0
FILING_PROXY_IRTC_20250220_10K,IRTC,2025-02-20,1388658,HIGH,,V19_V20_DEVELOPMENT,,DEVELOPMENT_OR_PRIOR_SEAL,1,2025-02-10,2025-02-25,1
FILING_PROXY_IRTC_20251112_8K,IRTC,2025-11-12,1388658,HIGH,,V19_V20_DEVELOPMENT,,DEVELOPMENT_OR_PRIOR_SEAL,1,2025-11-02,2025-11-17,0
FILING_PROXY_ISPC_20241107_10Q,ISPC,2024-11-07,1558569,HIGH,,V19_V20_DEVELOPMENT,,DEVELOPMENT_OR_PRIOR_SEAL,1,2024-10-28,2024-11-12,1
FILING_PROXY_ISPC_20251201_8K,ISPC,2025-12-01,1558569,HIGH,,V19_V20_DEVELOPMENT,,DEVELOPMENT_OR_PRIOR_SEAL,1,2025-11-21,2025-12-06,0
FILING_PROXY_ISPR_20250626_8K,ISPR,2025-06-26,1948455,HIGH,,V19_V20_DEVELOPMENT,,DEVELOPMENT_OR_PRIOR_SEAL,1,2025-06-16,2025-07-01,1
FILING_PROXY_ISPR_20251106_10Q,ISPR,2025-11-06,1948455,HIGH,,V19_V20_DEVELOPMENT,,DEVELOPMENT_OR_PRIOR_SEAL,1,2025-10-27,2025-11-11,0
FILING_PROXY_ISRG_20250722_8K,ISRG,2025-07-22,1035267,HIGH,,V19_V20_DEVELOPMENT,,DEVELOPMENT_OR_PRIOR_SEAL,1,2025-07-12,2025-07-27,0
FILING_PROXY_IVDA_20241114_10Q,IVDA,2024-11-14,1397183,HIGH,,V19_V20_DEVELOPMENT,,DEVELOPMENT_OR_PRIOR_SEAL,1,2024-11-04,2024-11-19,1
FILING_PROXY_IVDA_20250730_8K,IVDA,2025-07-30,1397183,HIGH,,V19_V20_DEVELOPMENT,,DEVELOPMENT_OR_PRIOR_SEAL,1,2025-07-20,2025-08-04,0
FILING_PROXY_IVDA_20251210_8K,IVDA,2025-12-10,1397183,HIGH,,V19_V20_DEVELOPMENT,,DEVELOPMENT_OR_PRIOR_SEAL,1,2025-11-30,2025-12-15,0
FILING_PROXY_IVF_20241119_10Q,IVF,2024-11-19,1417926,HIGH,,V19_V20_DEVELOPMENT,,DEVELOPMENT_OR_PRIOR_SEAL,1,2024-11-09,2024-11-24,1
FILING_PROXY_IVF_20250815_8K,IVF,2025-08-15,1417926,HIGH,,V19_V20_DEVELOPMENT,,DEVELOPMENT_OR_PRIOR_SEAL,1,2025-08-05,2025-08-20,0
FILING_PROXY_IVF_20251217_8K,IVF,2025-12-17,1417926,HIGH,,V19_V20_DEVELOPMENT,,DEVELOPMENT_OR_PRIOR_SEAL,1,2025-12-07,2025-12-22,0
FILING_PROXY_IVVD_20250320_10K,IVVD,2025-03-20,1832038,HIGH,,V19_V20_DEVELOPMENT,,DEVELOPMENT_OR_PRIOR_SEAL,1,2025-03-10,2025-03-25,1
FILING_PROXY_IVVD_20250822_8K,IVVD,2025-08-22,1832038,HIGH,,V19_V20_DEVELOPMENT,,DEVELOPMENT_OR_PRIOR_SEAL,1,2025-08-12,2025-08-27,0
FILING_PROXY_IVVD_20251223_8K,IVVD,2025-12-23,1832038,HIGH,,V19_V20_DEVELOPMENT,,DEVELOPMENT_OR_PRIOR_SEAL,1,2025-12-13,2025-12-28,0
FILING_PROXY_IZM_20251223_6K,IZM,2025-12-23,1854572,HIGH,,V19_V20_DEVELOPMENT,,DEVELOPMENT_OR_PRIOR_SEAL,1,2025-12-13,2025-12-28,0
FILING_PROXY_JACK_20251223_8K,JACK,2025-12-23,807882,HIGH,,V19_V20_DEVELOPMENT,,DEVELOPMENT_OR_PRIOR_SEAL,1,2025-12-13,2025-12-28,0
FILING_PROXY_JAGX_20250331_10K,JAGX,2025-03-31,1585608,HIGH,,V19_V20_DEVELOPMENT,,DEVELOPMENT_OR_PRIOR_SEAL,1,2025-03-21,2025-04-05,1
FILING_PROXY_JAGX_20251212_8K,JAGX,2025-12-12,1585608,HIGH,,V19_V20_DEVELOPMENT,,DEVELOPMENT_OR_PRIOR_SEAL,1,2025-12-02,2025-12-17,0
FILING_PROXY_JAKK_20241108_10Q,JAKK,2024-11-08,1009829,HIGH,,V19_V20_DEVELOPMENT,,DEVELOPMENT_OR_PRIOR_SEAL,1,2024-10-29,2024-11-13,1
FILING_PROXY_JAKK_20251031_8K,JAKK,2025-10-31,1009829,HIGH,,V19_V20_DEVELOPMENT,,DEVELOPMENT_OR_PRIOR_SEAL,1,2025-10-21,2025-11-05,0
FILING_PROXY_JAZZ_20251117_8K,JAZZ,2025-11-17,1232524,HIGH,,V19_V20_DEVELOPMENT,,DEVELOPMENT_OR_PRIOR_SEAL,1,2025-11-07,2025-11-22,0
FILING_PROXY_JBIO_20250813_8K,JBIO,2025-08-13,1798749,HIGH,,V19_V20_DEVELOPMENT,,DEVELOPMENT_OR_PRIOR_SEAL,1,2025-08-03,2025-08-18,0
FILING_PROXY_JBSS_20241030_10Q,JBSS,2024-10-30,880117,HIGH,,V19_V20_DEVELOPMENT,,DEVELOPMENT_OR_PRIOR_SEAL,1,2024-10-20,2024-11-04,1
FILING_PROXY_JBSS_20250430_8K,JBSS,2025-04-30,880117,HIGH,,V19_V20_DEVELOPMENT,,DEVELOPMENT_OR_PRIOR_SEAL,1,2025-04-20,2025-05-05,1
FILING_PROXY_JCSE_20241218_6K,JCSE,2024-12-18,1905511,HIGH,,V19_V20_DEVELOPMENT,,DEVELOPMENT_OR_PRIOR_SEAL,1,2024-12-08,2024-12-23,1
FILING_PROXY_JCSE_20251119_6K,JCSE,2025-11-19,1905511,HIGH,,V19_V20_DEVELOPMENT,,DEVELOPMENT_OR_PRIOR_SEAL,1,2025-11-09,2025-11-24,0
FILING_PROXY_JCTC_20250114_10Q,JCTC,2025-01-14,885307,HIGH,,V19_V20_DEVELOPMENT,,DEVELOPMENT_OR_PRIOR_SEAL,1,2025-01-04,2025-01-19,1
FILING_PROXY_JDZG_20250718_6K,JDZG,2025-07-18,1976908,HIGH,,V19_V20_DEVELOPMENT,,DEVELOPMENT_OR_PRIOR_SEAL,1,2025-07-08,2025-07-23,0
FILING_PROXY_JDZG_20251229_6K,JDZG,2025-12-29,1976908,HIGH,,V19_V20_DEVELOPMENT,,DEVELOPMENT_OR_PRIOR_SEAL,1,2025-12-19,2026-01-03,0
FILING_PROXY_JEM_20251209_6K,JEM,2025-12-09,2018222,HIGH,,V19_V20_DEVELOPMENT,,DEVELOPMENT_OR_PRIOR_SEAL,1,2025-11-29,2025-12-14,0
FILING_PROXY_JFB_20251017_8K,JFB,2025-10-17,2024306,HIGH,,V19_V20_DEVELOPMENT,,DEVELOPMENT_OR_PRIOR_SEAL,1,2025-10-07,2025-10-22,0
FILING_PROXY_JFU_20250530_6K,JFU,2025-05-30,1619544,HIGH,,V19_V20_DEVELOPMENT,,DEVELOPMENT_OR_PRIOR_SEAL,1,2025-05-20,2025-06-04,1
FILING_PROXY_JFU_20251003_6K,JFU,2025-10-03,1619544,HIGH,,V19_V20_DEVELOPMENT,,DEVELOPMENT_OR_PRIOR_SEAL,1,2025-09-23,2025-10-08,0
FILING_PROXY_JF_20250613_6K,JF,2025-06-13,1716338,HIGH,,V19_V20_DEVELOPMENT,,DEVELOPMENT_OR_PRIOR_SEAL,1,2025-06-03,2025-06-18,1
FILING_PROXY_JG_20251113_6K,JG,2025-11-13,1737339,HIGH,,V19_V20_DEVELOPMENT,,DEVELOPMENT_OR_PRIOR_SEAL,1,2025-11-03,2025-11-18,0
FILING_PROXY_JSPR_20250228_10K,JSPR,2025-02-28,1788028,HIGH,,V19_V20_DEVELOPMENT,,DEVELOPMENT_OR_PRIOR_SEAL,1,2025-02-18,2025-03-05,1
FILING_PROXY_JSPR_20250709_8K,JSPR,2025-07-09,1788028,HIGH,,V19_V20_DEVELOPMENT,,DEVELOPMENT_OR_PRIOR_SEAL,1,2025-06-29,2025-07-14,0
FILING_PROXY_JSPR_20251202_8K,JSPR,2025-12-02,1788028,HIGH,,V19_V20_DEVELOPMENT,,DEVELOPMENT_OR_PRIOR_SEAL,1,2025-11-22,2025-12-07,0
FILING_PROXY_JTAI_20250326_10K,JTAI,2025-03-26,1861622,HIGH,,V19_V20_DEVELOPMENT,,DEVELOPMENT_OR_PRIOR_SEAL,1,2025-03-16,2025-03-31,1
FILING_PROXY_JTAI_20250730_8K,JTAI,2025-07-30,1861622,HIGH,,V19_V20_DEVELOPMENT,,DEVELOPMENT_OR_PRIOR_SEAL,1,2025-07-20,2025-08-04,0
FILING_PROXY_JUNS_20251223_8K,JUNS,2025-12-23,1679628,HIGH,,V19_V20_DEVELOPMENT,,DEVELOPMENT_OR_PRIOR_SEAL,1,2025-12-13,2025-12-28,0
FILING_PROXY_JWEL_20241219_6K,JWEL,2024-12-19,1805594,HIGH,,V19_V20_DEVELOPMENT,,DEVELOPMENT_OR_PRIOR_SEAL,1,2024-12-09,2024-12-24,1
FILING_PROXY_JWEL_20251230_6K,JWEL,2025-12-30,1805594,HIGH,,V19_V20_DEVELOPMENT,,DEVELOPMENT_OR_PRIOR_SEAL,1,2025-12-20,2026-01-04,0
FILING_PROXY_JXG_20250804_6K,JXG,2025-08-04,1546383,HIGH,,V19_V20_DEVELOPMENT,,DEVELOPMENT_OR_PRIOR_SEAL,1,2025-07-25,2025-08-09,0
FILING_PROXY_JYD_20250717_6K,JYD,2025-07-17,1938186,HIGH,,V19_V20_DEVELOPMENT,,DEVELOPMENT_OR_PRIOR_SEAL,1,2025-07-07,2025-07-22,0
FILING_PROXY_JYD_20251231_6K,JYD,2025-12-31,1938186,HIGH,,V19_V20_DEVELOPMENT,,DEVELOPMENT_OR_PRIOR_SEAL,1,2025-12-21,2026-01-05,0
FILING_PROXY_JYNT_20250807_8K,JYNT,2025-08-07,1612630,HIGH,,V19_V20_DEVELOPMENT,,DEVELOPMENT_OR_PRIOR_SEAL,1,2025-07-28,2025-08-12,0
FILING_PROXY_JYNT_20251211_8K,JYNT,2025-12-11,1612630,HIGH,,V19_V20_DEVELOPMENT,,DEVELOPMENT_OR_PRIOR_SEAL,1,2025-12-01,2025-12-16,0
FILING_PROXY_JZXN_20250731_6K,JZXN,2025-07-31,1816172,HIGH,,V19_V20_DEVELOPMENT,,DEVELOPMENT_OR_PRIOR_SEAL,1,2025-07-21,2025-08-05,0
FILING_PROXY_JZXN_20251216_6K,JZXN,2025-12-16,1816172,HIGH,,V19_V20_DEVELOPMENT,,DEVELOPMENT_OR_PRIOR_SEAL,1,2025-12-06,2025-12-21,0
FILING_PROXY_JZ_20250718_6K,JZ,2025-07-18,1852440,HIGH,,V19_V20_DEVELOPMENT,,DEVELOPMENT_OR_PRIOR_SEAL,1,2025-07-08,2025-07-23,0
FILING_PROXY_KALA_20250331_10K,KALA,2025-03-31,1479419,HIGH,,V19_V20_DEVELOPMENT,,DEVELOPMENT_OR_PRIOR_SEAL,1,2025-03-21,2025-04-05,1
FILING_PROXY_KALA_20250808_8K,KALA,2025-08-08,1479419,HIGH,,V19_V20_DEVELOPMENT,,DEVELOPMENT_OR_PRIOR_SEAL,1,2025-07-29,2025-08-13,0
FILING_PROXY_KARO_20250612_6K,KARO,2025-06-12,1828102,HIGH,,V19_V20_DEVELOPMENT,,DEVELOPMENT_OR_PRIOR_SEAL,1,2025-06-02,2025-06-17,1
FILING_PROXY_KAZR_20250827_6K,KAZR,2025-08-27,2031009,HIGH,,V19_V20_DEVELOPMENT,,DEVELOPMENT_OR_PRIOR_SEAL,1,2025-08-17,2025-09-01,0
FILING_PROXY_KBSX_20251210_6K,KBSX,2025-12-10,2014254,HIGH,,V19_V20_DEVELOPMENT,,DEVELOPMENT_OR_PRIOR_SEAL,1,2025-11-30,2025-12-15,0
FILING_PROXY_KDP_20250225_10K,KDP,2025-02-25,1418135,HIGH,,V19_V20_DEVELOPMENT,,DEVELOPMENT_OR_PRIOR_SEAL,1,2025-02-15,2025-03-02,1
FILING_PROXY_KG_20250703_8K,KG,2025-07-03,2055116,HIGH,,V19_V20_DEVELOPMENT,,DEVELOPMENT_OR_PRIOR_SEAL,1,2025-06-23,2025-07-08,0
FILING_PROXY_KHC_20250730_8K,KHC,2025-07-30,1637459,HIGH,,V19_V20_DEVELOPMENT,,DEVELOPMENT_OR_PRIOR_SEAL,1,2025-07-20,2025-08-04,0
FILING_PROXY_KITT_20250819_8K,KITT,2025-08-19,1849820,HIGH,,V19_V20_DEVELOPMENT,,DEVELOPMENT_OR_PRIOR_SEAL,1,2025-08-09,2025-08-24,0
FILING_PROXY_KITT_20251223_8K,KITT,2025-12-23,1849820,HIGH,,V19_V20_DEVELOPMENT,,DEVELOPMENT_OR_PRIOR_SEAL,1,2025-12-13,2025-12-28,0
FILING_PROXY_KLIC_20250206_10Q,KLIC,2025-02-06,56978,HIGH,,V19_V20_DEVELOPMENT,,DEVELOPMENT_OR_PRIOR_SEAL,1,2025-01-27,2025-02-11,1
FILING_PROXY_KLRS_20250307_10K,KLRS,2025-03-07,1754068,HIGH,,V19_V20_DEVELOPMENT,,DEVELOPMENT_OR_PRIOR_SEAL,1,2025-02-25,2025-03-12,1
FILING_PROXY_KLRS_20251218_8K,KLRS,2025-12-18,1754068,HIGH,,V19_V20_DEVELOPMENT,,DEVELOPMENT_OR_PRIOR_SEAL,1,2025-12-08,2025-12-23,0
FILING_PROXY_KLTR_20250807_8K,KLTR,2025-08-07,1432133,HIGH,,V19_V20_DEVELOPMENT,,DEVELOPMENT_OR_PRIOR_SEAL,1,2025-07-28,2025-08-12,0
FILING_PROXY_KLTR_20251208_8K,KLTR,2025-12-08,1432133,HIGH,,V19_V20_DEVELOPMENT,,DEVELOPMENT_OR_PRIOR_SEAL,1,2025-11-28,2025-12-13,0
FILING_PROXY_KMB_20251204_8K,KMB,2025-12-04,55785,HIGH,,V19_V20_DEVELOPMENT,,DEVELOPMENT_OR_PRIOR_SEAL,1,2025-11-24,2025-12-09,0
FILING_PROXY_KOSS_20241101_10Q,KOSS,2024-11-01,56701,HIGH,,V19_V20_DEVELOPMENT,,DEVELOPMENT_OR_PRIOR_SEAL,1,2024-10-22,2024-11-06,1
FILING_PROXY_KOSS_20250508_8K,KOSS,2025-05-08,56701,HIGH,,V19_V20_DEVELOPMENT,,DEVELOPMENT_OR_PRIOR_SEAL,1,2025-04-28,2025-05-13,1
FILING_PROXY_KOSS_20251030_8K,KOSS,2025-10-30,56701,HIGH,,V19_V20_DEVELOPMENT,,DEVELOPMENT_OR_PRIOR_SEAL,1,2025-10-20,2025-11-04,0
FILING_PROXY_KPLT_20250328_10K,KPLT,2025-03-28,1785424,HIGH,,V19_V20_DEVELOPMENT,,DEVELOPMENT_OR_PRIOR_SEAL,1,2025-03-18,2025-04-02,1
FILING_PROXY_KPLT_20250813_8K,KPLT,2025-08-13,1785424,HIGH,,V19_V20_DEVELOPMENT,,DEVELOPMENT_OR_PRIOR_SEAL,1,2025-08-03,2025-08-18,0
FILING_PROXY_KPLT_20251215_8K,KPLT,2025-12-15,1785424,HIGH,,V19_V20_DEVELOPMENT,,DEVELOPMENT_OR_PRIOR_SEAL,1,2025-12-05,2025-12-20,0
FILING_PROXY_KPRX_20241108_10Q,KPRX,2024-11-08,1372514,HIGH,,V19_V20_DEVELOPMENT,,DEVELOPMENT_OR_PRIOR_SEAL,1,2024-10-29,2024-11-13,1
FILING_PROXY_KPRX_20250604_8K,KPRX,2025-06-04,1372514,HIGH,,V19_V20_DEVELOPMENT,,DEVELOPMENT_OR_PRIOR_SEAL,1,2025-05-25,2025-06-09,1
FILING_PROXY_KPTI_20241105_10Q,KPTI,2024-11-05,1503802,HIGH,,V19_V20_DEVELOPMENT,,DEVELOPMENT_OR_PRIOR_SEAL,1,2024-10-26,2024-11-10,1
FILING_PROXY_KPTI_20250529_8K,KPTI,2025-05-29,1503802,HIGH,,V19_V20_DEVELOPMENT,,DEVELOPMENT_OR_PRIOR_SEAL,1,2025-05-19,2025-06-03,1
FILING_PROXY_KRKR_20250506_6K,KRKR,2025-05-06,1779476,HIGH,,V19_V20_DEVELOPMENT,,DEVELOPMENT_OR_PRIOR_SEAL,1,2025-04-26,2025-05-11,1
FILING_PROXY_KRKR_20250926_6K,KRKR,2025-09-26,1779476,HIGH,,V19_V20_DEVELOPMENT,,DEVELOPMENT_OR_PRIOR_SEAL,1,2025-09-16,2025-10-01,0
FILING_PROXY_KRRO_20250318_10K,KRRO,2025-03-18,1703647,HIGH,,V19_V20_DEVELOPMENT,,DEVELOPMENT_OR_PRIOR_SEAL,1,2025-03-08,2025-03-23,1
FILING_PROXY_KRRO_20250812_8K,KRRO,2025-08-12,1703647,HIGH,,V19_V20_DEVELOPMENT,,DEVELOPMENT_OR_PRIOR_SEAL,1,2025-08-02,2025-08-17,0
FILING_PROXY_KRRO_20251218_8K,KRRO,2025-12-18,1703647,HIGH,,V19_V20_DEVELOPMENT,,DEVELOPMENT_OR_PRIOR_SEAL,1,2025-12-08,2025-12-23,0
FILING_PROXY_KSCP_20241114_10Q,KSCP,2024-11-14,1600983,HIGH,,V19_V20_DEVELOPMENT,,DEVELOPMENT_OR_PRIOR_SEAL,1,2024-11-04,2024-11-19,1
FILING_PROXY_KSCP_20250414_8K,KSCP,2025-04-14,1600983,HIGH,,V19_V20_DEVELOPMENT,,DEVELOPMENT_OR_PRIOR_SEAL,1,2025-04-04,2025-04-19,1
FILING_PROXY_KSCP_20250909_8K,KSCP,2025-09-09,1600983,HIGH,,V19_V20_DEVELOPMENT,,DEVELOPMENT_OR_PRIOR_SEAL,1,2025-08-30,2025-09-14,0
FILING_PROXY_KTOS_20250226_10K,KTOS,2025-02-26,1069258,HIGH,,V19_V20_DEVELOPMENT,,DEVELOPMENT_OR_PRIOR_SEAL,1,2025-02-16,2025-03-03,1
FILING_PROXY_KTOS_20251107_8K,KTOS,2025-11-07,1069258,HIGH,,V19_V20_DEVELOPMENT,,DEVELOPMENT_OR_PRIOR_SEAL,1,2025-10-28,2025-11-12,0
FILING_PROXY_KTTA_20250711_8K,KTTA,2025-07-11,1841330,HIGH,,V19_V20_DEVELOPMENT,,DEVELOPMENT_OR_PRIOR_SEAL,1,2025-07-01,2025-07-16,0
FILING_PROXY_KURA_20250701_8K,KURA,2025-07-01,1422143,HIGH,,V19_V20_DEVELOPMENT,,DEVELOPMENT_OR_PRIOR_SEAL,1,2025-06-21,2025-07-06,0
FILING_PROXY_KURA_20251202_8K,KURA,2025-12-02,1422143,HIGH,,V19_V20_DEVELOPMENT,,DEVELOPMENT_OR_PRIOR_SEAL,1,2025-11-22,2025-12-07,0
FILING_PROXY_KUST_20241230_10Q,KUST,2024-12-30,1342958,HIGH,,V19_V20_DEVELOPMENT,,DEVELOPMENT_OR_PRIOR_SEAL,1,2024-12-20,2025-01-04,1
FILING_PROXY_KUST_20251222_8K,KUST,2025-12-22,1342958,HIGH,,V19_V20_DEVELOPMENT,,DEVELOPMENT_OR_PRIOR_SEAL,1,2025-12-12,2025-12-27,0
FILING_PROXY_KVHI_20241107_10Q,KVHI,2024-11-07,1007587,HIGH,,V19_V20_DEVELOPMENT,,DEVELOPMENT_OR_PRIOR_SEAL,1,2024-10-28,2024-11-12,1
FILING_PROXY_KVHI_20251106_8K,KVHI,2025-11-06,1007587,HIGH,,V19_V20_DEVELOPMENT,,DEVELOPMENT_OR_PRIOR_SEAL,1,2025-10-27,2025-11-11,0
FILING_PROXY_KXIN_20190515_10Q,KXIN,2019-05-15,1713539,HIGH,,V19_V20_DEVELOPMENT,,DEVELOPMENT_OR_PRIOR_SEAL,1,2019-05-05,2019-05-20,0
FILING_PROXY_KXIN_20241114_6K,KXIN,2024-11-14,1713539,HIGH,,V19_V20_DEVELOPMENT,,DEVELOPMENT_OR_PRIOR_SEAL,1,2024-11-04,2024-11-19,1
FILING_PROXY_LAMR_20250220_10K,LAMR,2025-02-20,1090425,HIGH,,V19_V20_DEVELOPMENT,,DEVELOPMENT_OR_PRIOR_SEAL,1,2025-02-10,2025-02-25,1
FILING_PROXY_LAMR_20250808_8K,LAMR,2025-08-08,1090425,HIGH,,V19_V20_DEVELOPMENT,,DEVELOPMENT_OR_PRIOR_SEAL,1,2025-07-29,2025-08-13,0
FILING_PROXY_LASE_20250811_8K,LASE,2025-08-11,1807887,HIGH,,V19_V20_DEVELOPMENT,,DEVELOPMENT_OR_PRIOR_SEAL,1,2025-08-01,2025-08-16,0
FILING_PROXY_LASE_20251231_8K,LASE,2025-12-31,1807887,HIGH,,V19_V20_DEVELOPMENT,,DEVELOPMENT_OR_PRIOR_SEAL,1,2025-12-21,2026-01-05,0
FILING_PROXY_LASR_20241108_10Q,LASR,2024-11-08,1124796,HIGH,,V19_V20_DEVELOPMENT,,DEVELOPMENT_OR_PRIOR_SEAL,1,2024-10-29,2024-11-13,1
FILING_PROXY_LASR_20250613_8K,LASR,2025-06-13,1124796,HIGH,,V19_V20_DEVELOPMENT,,DEVELOPMENT_OR_PRIOR_SEAL,1,2025-06-03,2025-06-18,1
FILING_PROXY_LASR_20251106_8K,LASR,2025-11-06,1124796,HIGH,,V19_V20_DEVELOPMENT,,DEVELOPMENT_OR_PRIOR_SEAL,1,2025-10-27,2025-11-11,0
FILING_PROXY_LBGJ_20250701_6K,LBGJ,2025-07-01,1896425,HIGH,,V19_V20_DEVELOPMENT,,DEVELOPMENT_OR_PRIOR_SEAL,1,2025-06-21,2025-07-06,0
FILING_PROXY_LBRDK_20250227_10K,LBRDK,2025-02-27,1611983,HIGH,,V19_V20_DEVELOPMENT,,DEVELOPMENT_OR_PRIOR_SEAL,1,2025-02-17,2025-03-04,1
FILING_PROXY_LCFY_20251217_6K,LCFY,2025-12-17,1875547,HIGH,,V19_V20_DEVELOPMENT,,DEVELOPMENT_OR_PRIOR_SEAL,1,2025-12-07,2025-12-22,0
FILING_PROXY_LCUT_20251106_8K,LCUT,2025-11-06,874396,HIGH,,V19_V20_DEVELOPMENT,,DEVELOPMENT_OR_PRIOR_SEAL,1,2025-10-27,2025-11-11,0
FILING_PROXY_LEDS_20250113_10Q,LEDS,2025-01-13,1333822,HIGH,,V19_V20_DEVELOPMENT,,DEVELOPMENT_OR_PRIOR_SEAL,1,2025-01-03,2025-01-18,1
FILING_PROXY_LEDS_20250711_8K,LEDS,2025-07-11,1333822,HIGH,,V19_V20_DEVELOPMENT,,DEVELOPMENT_OR_PRIOR_SEAL,1,2025-07-01,2025-07-16,0
FILING_PROXY_LEDS_20251128_8K,LEDS,2025-11-28,1333822,HIGH,,V19_V20_DEVELOPMENT,,DEVELOPMENT_OR_PRIOR_SEAL,1,2025-11-18,2025-12-03,0
FILING_PROXY_LESL_20250728_8K,LESL,2025-07-28,1821806,HIGH,,V19_V20_DEVELOPMENT,,DEVELOPMENT_OR_PRIOR_SEAL,1,2025-07-18,2025-08-02,0
FILING_PROXY_LESL_20251202_8K,LESL,2025-12-02,1821806,HIGH,,V19_V20_DEVELOPMENT,,DEVELOPMENT_OR_PRIOR_SEAL,1,2025-11-22,2025-12-07,0
FILING_PROXY_LEXX_20250110_10Q,LEXX,2025-01-10,1348362,HIGH,,V19_V20_DEVELOPMENT,,DEVELOPMENT_OR_PRIOR_SEAL,1,2024-12-31,2025-01-15,1
FILING_PROXY_LEXX_20250612_8K,LEXX,2025-06-12,1348362,HIGH,,V19_V20_DEVELOPMENT,,DEVELOPMENT_OR_PRIOR_SEAL,1,2025-06-02,2025-06-17,1
FILING_PROXY_LEXX_20251216_8K,LEXX,2025-12-16,1348362,HIGH,,V19_V20_DEVELOPMENT,,DEVELOPMENT_OR_PRIOR_SEAL,1,2025-12-06,2025-12-21,0
FILING_PROXY_LFCR_20250102_10Q,LFCR,2025-01-02,1005286,HIGH,,V19_V20_DEVELOPMENT,,DEVELOPMENT_OR_PRIOR_SEAL,1,2024-12-23,2025-01-07,1
FILING_PROXY_LFMD_20241107_10Q,LFMD,2024-11-07,948320,HIGH,,V19_V20_DEVELOPMENT,,DEVELOPMENT_OR_PRIOR_SEAL,1,2024-10-28,2024-11-12,1
FILING_PROXY_LFMD_20250616_8K,LFMD,2025-06-16,948320,HIGH,,V19_V20_DEVELOPMENT,,DEVELOPMENT_OR_PRIOR_SEAL,1,2025-06-06,2025-06-21,1
FILING_PROXY_LFVN_20241029_10Q,LFVN,2024-10-29,849146,HIGH,,V19_V20_DEVELOPMENT,,DEVELOPMENT_OR_PRIOR_SEAL,1,2024-10-19,2024-11-03,1
FILING_PROXY_LFVN_20250506_8K,LFVN,2025-05-06,849146,HIGH,,V19_V20_DEVELOPMENT,,DEVELOPMENT_OR_PRIOR_SEAL,1,2025-04-26,2025-05-11,1
FILING_PROXY_LGCL_20251209_6K,LGCL,2025-12-09,1954694,HIGH,,V19_V20_DEVELOPMENT,,DEVELOPMENT_OR_PRIOR_SEAL,1,2025-11-29,2025-12-14,0
FILING_PROXY_LGHL_20251211_6K,LGHL,2025-12-11,1806524,HIGH,,V19_V20_DEVELOPMENT,,DEVELOPMENT_OR_PRIOR_SEAL,1,2025-12-01,2025-12-16,0
FILING_PROXY_LGO_20250703_6K,LGO,2025-07-03,1400438,HIGH,,V19_V20_DEVELOPMENT,,DEVELOPMENT_OR_PRIOR_SEAL,1,2025-06-23,2025-07-08,0
FILING_PROXY_LGO_20251113_6K,LGO,2025-11-13,1400438,HIGH,,V19_V20_DEVELOPMENT,,DEVELOPMENT_OR_PRIOR_SEAL,1,2025-11-03,2025-11-18,0
FILING_PROXY_LGVN_20250228_10K,LGVN,2025-02-28,1721484,HIGH,,V19_V20_DEVELOPMENT,,DEVELOPMENT_OR_PRIOR_SEAL,1,2025-02-18,2025-03-05,1
FILING_PROXY_LGVN_20250709_8K,LGVN,2025-07-09,1721484,HIGH,,V19_V20_DEVELOPMENT,,DEVELOPMENT_OR_PRIOR_SEAL,1,2025-06-29,2025-07-14,0
FILING_PROXY_LGVN_20251112_8K,LGVN,2025-11-12,1721484,HIGH,,V19_V20_DEVELOPMENT,,DEVELOPMENT_OR_PRIOR_SEAL,1,2025-11-02,2025-11-17,0
FILING_PROXY_LICN_20250404_6K,LICN,2025-04-04,1876766,HIGH,,V19_V20_DEVELOPMENT,,DEVELOPMENT_OR_PRIOR_SEAL,1,2025-03-25,2025-04-09,1
FILING_PROXY_LICN_20251211_6K,LICN,2025-12-11,1876766,HIGH,,V19_V20_DEVELOPMENT,,DEVELOPMENT_OR_PRIOR_SEAL,1,2025-12-01,2025-12-16,0
FILING_PROXY_LIDR_20250224_10K,LIDR,2025-02-24,1818644,HIGH,,V19_V20_DEVELOPMENT,,DEVELOPMENT_OR_PRIOR_SEAL,1,2025-02-14,2025-03-01,1
FILING_PROXY_LILAK_20250219_10K,LILAK,2025-02-19,1712184,HIGH,,V19_V20_DEVELOPMENT,,DEVELOPMENT_OR_PRIOR_SEAL,1,2025-02-09,2025-02-24,1
FILING_PROXY_LILAK_20250814_8K,LILAK,2025-08-14,1712184,HIGH,,V19_V20_DEVELOPMENT,,DEVELOPMENT_OR_PRIOR_SEAL,1,2025-08-04,2025-08-19,0
FILING_PROXY_LILAK_20251219_8K,LILAK,2025-12-19,1712184,HIGH,,V19_V20_DEVELOPMENT,,DEVELOPMENT_OR_PRIOR_SEAL,1,2025-12-09,2025-12-24,0
FILING_PROXY_LILA_20250219_10K,LILA,2025-02-19,1712184,HIGH,,V19_V20_DEVELOPMENT,,DEVELOPMENT_OR_PRIOR_SEAL,1,2025-02-09,2025-02-24,1
FILING_PROXY_LILA_20250814_8K,LILA,2025-08-14,1712184,HIGH,,V19_V20_DEVELOPMENT,,DEVELOPMENT_OR_PRIOR_SEAL,1,2025-08-04,2025-08-19,0
FILING_PROXY_LILA_20251219_8K,LILA,2025-12-19,1712184,HIGH,,V19_V20_DEVELOPMENT,,DEVELOPMENT_OR_PRIOR_SEAL,1,2025-12-09,2025-12-24,0
FILING_PROXY_LINK_20241107_10Q,LINK,2024-11-07,828146,HIGH,,V19_V20_DEVELOPMENT,,DEVELOPMENT_OR_PRIOR_SEAL,1,2024-10-28,2024-11-12,1
FILING_PROXY_LINK_20250605_8K,LINK,2025-06-05,828146,HIGH,,V19_V20_DEVELOPMENT,,DEVELOPMENT_OR_PRIOR_SEAL,1,2025-05-26,2025-06-10,1
FILING_PROXY_LIN_20251203_8K,LIN,2025-12-03,1707925,HIGH,,V19_V20_DEVELOPMENT,,DEVELOPMENT_OR_PRIOR_SEAL,1,2025-11-23,2025-12-08,0
FILING_PROXY_LIQT_20250131_8K,LIQT,2025-01-31,1307579,HIGH,,V19_V20_DEVELOPMENT,,DEVELOPMENT_OR_PRIOR_SEAL,1,2025-01-21,2025-02-05,1
FILING_PROXY_LIQT_20251114_10Q,LIQT,2025-11-14,1307579,HIGH,,V19_V20_DEVELOPMENT,,DEVELOPMENT_OR_PRIOR_SEAL,1,2025-11-04,2025-11-19,0
FILING_PROXY_LITS_20250212_10Q,LITS,2025-02-12,1262104,HIGH,,V19_V20_DEVELOPMENT,,DEVELOPMENT_OR_PRIOR_SEAL,1,2025-02-02,2025-02-17,1
FILING_PROXY_LITS_20250806_8K,LITS,2025-08-06,1262104,HIGH,,V19_V20_DEVELOPMENT,,DEVELOPMENT_OR_PRIOR_SEAL,1,2025-07-27,2025-08-11,0
FILING_PROXY_LIVE_20250807_8K,LIVE,2025-08-07,1045742,HIGH,,V19_V20_DEVELOPMENT,,DEVELOPMENT_OR_PRIOR_SEAL,1,2025-07-28,2025-08-12,0
FILING_PROXY_LIVE_20251211_8K,LIVE,2025-12-11,1045742,HIGH,,V19_V20_DEVELOPMENT,,DEVELOPMENT_OR_PRIOR_SEAL,1,2025-12-01,2025-12-16,0
FILING_PROXY_LNAI_20250219_10Q,LNAI,2025-02-19,1527728,HIGH,,V19_V20_DEVELOPMENT,,DEVELOPMENT_OR_PRIOR_SEAL,1,2025-02-09,2025-02-24,1
FILING_PROXY_LNAI_20250725_8K,LNAI,2025-07-25,1527728,HIGH,,V19_V20_DEVELOPMENT,,DEVELOPMENT_OR_PRIOR_SEAL,1,2025-07-15,2025-07-30,0
FILING_PROXY_LNKS_20251031_6K,LNKS,2025-10-31,1972074,HIGH,,V19_V20_DEVELOPMENT,,DEVELOPMENT_OR_PRIOR_SEAL,1,2025-10-21,2025-11-05,0
FILING_PROXY_LNZA_20250415_10K,LNZA,2025-04-15,1843724,HIGH,,V19_V20_DEVELOPMENT,,DEVELOPMENT_OR_PRIOR_SEAL,1,2025-04-05,2025-04-20,1
FILING_PROXY_LNZA_20250819_8K,LNZA,2025-08-19,1843724,HIGH,,V19_V20_DEVELOPMENT,,DEVELOPMENT_OR_PRIOR_SEAL,1,2025-08-09,2025-08-24,0
FILING_PROXY_LOCO_20250307_10K,LOCO,2025-03-07,1606366,HIGH,,V19_V20_DEVELOPMENT,,DEVELOPMENT_OR_PRIOR_SEAL,1,2025-02-25,2025-03-12,1
FILING_PROXY_LOOP_20251016_8K,LOOP,2025-10-16,1504678,HIGH,,V19_V20_DEVELOPMENT,,DEVELOPMENT_OR_PRIOR_SEAL,1,2025-10-06,2025-10-21,0
FILING_PROXY_LPLA_20241104_10Q,LPLA,2024-11-04,1397911,HIGH,,V19_V20_DEVELOPMENT,,DEVELOPMENT_OR_PRIOR_SEAL,1,2024-10-25,2024-11-09,1
FILING_PROXY_LPLA_20251030_8K,LPLA,2025-10-30,1397911,HIGH,,V19_V20_DEVELOPMENT,,DEVELOPMENT_OR_PRIOR_SEAL,1,2025-10-20,2025-11-04,0
FILING_PROXY_LPSN_20250314_10K,LPSN,2025-03-14,1102993,HIGH,,V19_V20_DEVELOPMENT,,DEVELOPMENT_OR_PRIOR_SEAL,1,2025-03-04,2025-03-19,1
FILING_PROXY_LRCX_20241028_10Q,LRCX,2024-10-28,707549,HIGH,,V19_V20_DEVELOPMENT,,DEVELOPMENT_OR_PRIOR_SEAL,1,2024-10-18,2024-11-02,1
FILING_PROXY_LRCX_20250521_8K,LRCX,2025-05-21,707549,HIGH,,V19_V20_DEVELOPMENT,,DEVELOPMENT_OR_PRIOR_SEAL,1,2025-05-11,2025-05-26,1
FILING_PROXY_LRHC_20250819_8K,LRHC,2025-08-19,1879403,HIGH,,V19_V20_DEVELOPMENT,,DEVELOPMENT_OR_PRIOR_SEAL,1,2025-08-09,2025-08-24,0
FILING_PROXY_LSE_20251203_6K,LSE,2025-12-03,1985139,HIGH,,V19_V20_DEVELOPMENT,,DEVELOPMENT_OR_PRIOR_SEAL,1,2025-11-23,2025-12-08,0
FILING_PROXY_LSTA_20241112_10Q,LSTA,2024-11-12,320017,HIGH,,V19_V20_DEVELOPMENT,,DEVELOPMENT_OR_PRIOR_SEAL,1,2024-11-02,2024-11-17,1
FILING_PROXY_LSTA_20250626_8K,LSTA,2025-06-26,320017,HIGH,,V19_V20_DEVELOPMENT,,DEVELOPMENT_OR_PRIOR_SEAL,1,2025-06-16,2025-07-01,1
FILING_PROXY_LTRN_20241107_10Q,LTRN,2024-11-07,1763950,HIGH,,V19_V20_DEVELOPMENT,,DEVELOPMENT_OR_PRIOR_SEAL,1,2024-10-28,2024-11-12,1
FILING_PROXY_LUCY_20251107_8K,LUCY,2025-11-07,1808377,HIGH,,V19_V20_DEVELOPMENT,,DEVELOPMENT_OR_PRIOR_SEAL,1,2025-10-28,2025-11-12,0
FILING_PROXY_LULU_20250617_8K,LULU,2025-06-17,1397187,HIGH,,V19_V20_DEVELOPMENT,,DEVELOPMENT_OR_PRIOR_SEAL,1,2025-06-07,2025-06-22,1
FILING_PROXY_LUNG_20241101_10Q,LUNG,2024-11-01,1127537,HIGH,,V19_V20_DEVELOPMENT,,DEVELOPMENT_OR_PRIOR_SEAL,1,2024-10-22,2024-11-06,1
FILING_PROXY_LUNG_20250523_8K,LUNG,2025-05-23,1127537,HIGH,,V19_V20_DEVELOPMENT,,DEVELOPMENT_OR_PRIOR_SEAL,1,2025-05-13,2025-05-28,1
FILING_PROXY_LUNG_20251112_8K,LUNG,2025-11-12,1127537,HIGH,,V19_V20_DEVELOPMENT,,DEVELOPMENT_OR_PRIOR_SEAL,1,2025-11-02,2025-11-17,0
FILING_PROXY_LUNR_20241115_10Q,LUNR,2024-11-15,1844452,HIGH,,V19_V20_DEVELOPMENT,,DEVELOPMENT_OR_PRIOR_SEAL,1,2024-11-05,2024-11-20,1
FILING_PROXY_LUNR_20250610_8K,LUNR,2025-06-10,1844452,HIGH,,V19_V20_DEVELOPMENT,,DEVELOPMENT_OR_PRIOR_SEAL,1,2025-05-31,2025-06-15,1
FILING_PROXY_LUNR_20251104_8K,LUNR,2025-11-04,1844452,HIGH,,V19_V20_DEVELOPMENT,,DEVELOPMENT_OR_PRIOR_SEAL,1,2025-10-25,2025-11-09,0
FILING_PROXY_LVLU_20241113_10Q,LVLU,2024-11-13,1780201,HIGH,,V19_V20_DEVELOPMENT,,DEVELOPMENT_OR_PRIOR_SEAL,1,2024-11-03,2024-11-18,1
FILING_PROXY_LVLU_20250626_8K,LVLU,2025-06-26,1780201,HIGH,,V19_V20_DEVELOPMENT,,DEVELOPMENT_OR_PRIOR_SEAL,1,2025-06-16,2025-07-01,1
FILING_PROXY_LVLU_20251112_8K,LVLU,2025-11-12,1780201,HIGH,,V19_V20_DEVELOPMENT,,DEVELOPMENT_OR_PRIOR_SEAL,1,2025-11-02,2025-11-17,0
FILING_PROXY_LWAY_20250902_8K,LWAY,2025-09-02,814586,HIGH,,V19_V20_DEVELOPMENT,,DEVELOPMENT_OR_PRIOR_SEAL,1,2025-08-23,2025-09-07,0
FILING_PROXY_LWAY_20251231_8K,LWAY,2025-12-31,814586,HIGH,,V19_V20_DEVELOPMENT,,DEVELOPMENT_OR_PRIOR_SEAL,1,2025-12-21,2026-01-05,0
FILING_PROXY_LXEH_20251121_6K,LXEH,2025-11-21,1814067,HIGH,,V19_V20_DEVELOPMENT,,DEVELOPMENT_OR_PRIOR_SEAL,1,2025-11-11,2025-11-26,0
FILING_PROXY_LYEL_20250311_10K,LYEL,2025-03-11,1806952,HIGH,,V19_V20_DEVELOPMENT,,DEVELOPMENT_OR_PRIOR_SEAL,1,2025-03-01,2025-03-16,1
FILING_PROXY_LYEL_20250725_8K,LYEL,2025-07-25,1806952,HIGH,,V19_V20_DEVELOPMENT,,DEVELOPMENT_OR_PRIOR_SEAL,1,2025-07-15,2025-07-30,0
FILING_PROXY_LYEL_20251208_8K,LYEL,2025-12-08,1806952,HIGH,,V19_V20_DEVELOPMENT,,DEVELOPMENT_OR_PRIOR_SEAL,1,2025-11-28,2025-12-13,0
FILING_PROXY_LYFT_20250214_10K,LYFT,2025-02-14,1759509,HIGH,,V19_V20_DEVELOPMENT,,DEVELOPMENT_OR_PRIOR_SEAL,1,2025-02-04,2025-02-19,1
FILING_PROXY_LYFT_20250702_8K,LYFT,2025-07-02,1759509,HIGH,,V19_V20_DEVELOPMENT,,DEVELOPMENT_OR_PRIOR_SEAL,1,2025-06-22,2025-07-07,0
FILING_PROXY_LYFT_20251105_8K,LYFT,2025-11-05,1759509,HIGH,,V19_V20_DEVELOPMENT,,DEVELOPMENT_OR_PRIOR_SEAL,1,2025-10-26,2025-11-10,0
FILING_PROXY_LYRA_20250627_8K,LYRA,2025-06-27,1327273,HIGH,,V19_V20_DEVELOPMENT,,DEVELOPMENT_OR_PRIOR_SEAL,1,2025-06-17,2025-07-02,1
FILING_PROXY_LZMH_20251216_6K,LZMH,2025-12-16,1967397,HIGH,,V19_V20_DEVELOPMENT,,DEVELOPMENT_OR_PRIOR_SEAL,1,2025-12-06,2025-12-21,0
FILING_PROXY_LZ_20241106_10Q,LZ,2024-11-06,1286139,HIGH,,V19_V20_DEVELOPMENT,,DEVELOPMENT_OR_PRIOR_SEAL,1,2024-10-27,2024-11-11,1
FILING_PROXY_LZ_20251105_8K,LZ,2025-11-05,1286139,HIGH,,V19_V20_DEVELOPMENT,,DEVELOPMENT_OR_PRIOR_SEAL,1,2025-10-26,2025-11-10,0
FILING_PROXY_MAAS_20250828_6K,MAAS,2025-08-28,1750264,HIGH,,V19_V20_DEVELOPMENT,,DEVELOPMENT_OR_PRIOR_SEAL,1,2025-08-18,2025-09-02,0
FILING_PROXY_MAAS_20251231_6K,MAAS,2025-12-31,1750264,HIGH,,V19_V20_DEVELOPMENT,,DEVELOPMENT_OR_PRIOR_SEAL,1,2025-12-21,2026-01-05,0
FILING_PROXY_MAMO_20250303_8K,MAMO,2025-03-03,1952853,HIGH,,V19_V20_DEVELOPMENT,,DEVELOPMENT_OR_PRIOR_SEAL,1,2025-02-21,2025-03-08,1
FILING_PROXY_MAMO_20251107_10Q,MAMO,2025-11-07,1952853,HIGH,,V19_V20_DEVELOPMENT,,DEVELOPMENT_OR_PRIOR_SEAL,1,2025-10-28,2025-11-12,0
FILING_PROXY_MANH_20251021_8K,MANH,2025-10-21,1056696,HIGH,,V19_V20_DEVELOPMENT,,DEVELOPMENT_OR_PRIOR_SEAL,1,2025-10-11,2025-10-26,0
FILING_PROXY_MARA_20251104_8K,MARA,2025-11-04,1507605,HIGH,,V19_V20_DEVELOPMENT,,DEVELOPMENT_OR_PRIOR_SEAL,1,2025-10-25,2025-11-09,0
FILING_PROXY_MASI_20250805_8K,MASI,2025-08-05,937556,HIGH,,V19_V20_DEVELOPMENT,,DEVELOPMENT_OR_PRIOR_SEAL,1,2025-07-26,2025-08-10,0
FILING_PROXY_MBAI_20251230_6K,MBAI,2025-12-30,1610590,HIGH,,V19_V20_DEVELOPMENT,,DEVELOPMENT_OR_PRIOR_SEAL,1,2025-12-20,2026-01-04,0
FILING_PROXY_MBIO_20251223_8K,MBIO,2025-12-23,1680048,HIGH,,V19_V20_DEVELOPMENT,,DEVELOPMENT_OR_PRIOR_SEAL,1,2025-12-13,2025-12-28,0
FILING_PROXY_MBRX_20250321_10K,MBRX,2025-03-21,1659617,HIGH,,V19_V20_DEVELOPMENT,,DEVELOPMENT_OR_PRIOR_SEAL,1,2025-03-11,2025-03-26,1
FILING_PROXY_MBRX_20250818_8K,MBRX,2025-08-18,1659617,HIGH,,V19_V20_DEVELOPMENT,,DEVELOPMENT_OR_PRIOR_SEAL,1,2025-08-08,2025-08-23,0
FILING_PROXY_MBRX_20251222_8K,MBRX,2025-12-22,1659617,HIGH,,V19_V20_DEVELOPMENT,,DEVELOPMENT_OR_PRIOR_SEAL,1,2025-12-12,2025-12-27,0
FILING_PROXY_MBUU_20250130_10Q,MBUU,2025-01-30,1590976,HIGH,,V19_V20_DEVELOPMENT,,DEVELOPMENT_OR_PRIOR_SEAL,1,2025-01-20,2025-02-04,1
FILING_PROXY_MB_20251219_6K,MB,2025-12-19,2027265,HIGH,,V19_V20_DEVELOPMENT,,DEVELOPMENT_OR_PRIOR_SEAL,1,2025-12-09,2025-12-24,0
FILING_PROXY_MCHPP_20251106_8K,MCHPP,2025-11-06,827054,HIGH,,V19_V20_DEVELOPMENT,,DEVELOPMENT_OR_PRIOR_SEAL,1,2025-10-27,2025-11-11,0
FILING_PROXY_MCHP_20251106_8K,MCHP,2025-11-06,827054,HIGH,,V19_V20_DEVELOPMENT,,DEVELOPMENT_OR_PRIOR_SEAL,1,2025-10-27,2025-11-11,0
FILING_PROXY_MDCX_20251230_8K,MDCX,2025-12-30,1997296,HIGH,,V19_V20_DEVELOPMENT,,DEVELOPMENT_OR_PRIOR_SEAL,1,2025-12-20,2026-01-04,0
FILING_PROXY_MDIA_20250415_10K,MDIA,2025-04-15,1784254,HIGH,,V19_V20_DEVELOPMENT,,DEVELOPMENT_OR_PRIOR_SEAL,1,2025-04-05,2025-04-20,1
FILING_PROXY_MDIA_20250814_8K,MDIA,2025-08-14,1784254,HIGH,,V19_V20_DEVELOPMENT,,DEVELOPMENT_OR_PRIOR_SEAL,1,2025-08-04,2025-08-19,0
FILING_PROXY_MDIA_20251222_8K,MDIA,2025-12-22,1784254,HIGH,,V19_V20_DEVELOPMENT,,DEVELOPMENT_OR_PRIOR_SEAL,1,2025-12-12,2025-12-27,0
FILING_PROXY_MDLZ_20251028_8K,MDLZ,2025-10-28,1103982,HIGH,,V19_V20_DEVELOPMENT,,DEVELOPMENT_OR_PRIOR_SEAL,1,2025-10-18,2025-11-02,0
FILING_PROXY_MDRR_20250227_10K,MDRR,2025-02-27,1654595,HIGH,,V19_V20_DEVELOPMENT,,DEVELOPMENT_OR_PRIOR_SEAL,1,2025-02-17,2025-03-04,1
FILING_PROXY_MDRR_20250811_8K,MDRR,2025-08-11,1654595,HIGH,,V19_V20_DEVELOPMENT,,DEVELOPMENT_OR_PRIOR_SEAL,1,2025-08-01,2025-08-16,0
FILING_PROXY_MDXH_20250703_6K,MDXH,2025-07-03,1872529,HIGH,,V19_V20_DEVELOPMENT,,DEVELOPMENT_OR_PRIOR_SEAL,1,2025-06-23,2025-07-08,0
FILING_PROXY_MEDP_20241022_10Q,MEDP,2024-10-22,1668397,HIGH,,V19_V20_DEVELOPMENT,,DEVELOPMENT_OR_PRIOR_SEAL,1,2024-10-12,2024-10-27,1
FILING_PROXY_MEDP_20250516_8K,MEDP,2025-05-16,1668397,HIGH,,V19_V20_DEVELOPMENT,,DEVELOPMENT_OR_PRIOR_SEAL,1,2025-05-06,2025-05-21,1
FILING_PROXY_MEDS_20250814_8K,MEDS,2025-08-14,2030763,HIGH,,V19_V20_DEVELOPMENT,,DEVELOPMENT_OR_PRIOR_SEAL,1,2025-08-04,2025-08-19,0
FILING_PROXY_MEDS_20251219_8K,MEDS,2025-12-19,2030763,HIGH,,V19_V20_DEVELOPMENT,,DEVELOPMENT_OR_PRIOR_SEAL,1,2025-12-09,2025-12-24,0
FILING_PROXY_MELI_20250221_10K,MELI,2025-02-21,1099590,HIGH,,V19_V20_DEVELOPMENT,,DEVELOPMENT_OR_PRIOR_SEAL,1,2025-02-11,2025-02-26,1
FILING_PROXY_MERC_20250220_10K,MERC,2025-02-20,1333274,HIGH,,V19_V20_DEVELOPMENT,,DEVELOPMENT_OR_PRIOR_SEAL,1,2025-02-10,2025-02-25,1
FILING_PROXY_MERC_20250731_8K,MERC,2025-07-31,1333274,HIGH,,V19_V20_DEVELOPMENT,,DEVELOPMENT_OR_PRIOR_SEAL,1,2025-07-21,2025-08-05,0
FILING_PROXY_MESO_20250829_6K,MESO,2025-08-29,1345099,HIGH,,V19_V20_DEVELOPMENT,,DEVELOPMENT_OR_PRIOR_SEAL,1,2025-08-19,2025-09-03,0
FILING_PROXY_MESO_20251230_6K,MESO,2025-12-30,1345099,HIGH,,V19_V20_DEVELOPMENT,,DEVELOPMENT_OR_PRIOR_SEAL,1,2025-12-20,2026-01-04,0
FILING_PROXY_META_20250730_8K,META,2025-07-30,1326801,HIGH,,V19_V20_DEVELOPMENT,,DEVELOPMENT_OR_PRIOR_SEAL,1,2025-07-20,2025-08-04,0
FILING_PROXY_META_20251219_8K,META,2025-12-19,1326801,HIGH,,V19_V20_DEVELOPMENT,,DEVELOPMENT_OR_PRIOR_SEAL,1,2025-12-09,2025-12-24,0
FILING_PROXY_METCB_20250317_10K,METCB,2025-03-17,1687187,HIGH,,V19_V20_DEVELOPMENT,,DEVELOPMENT_OR_PRIOR_SEAL,1,2025-03-07,2025-03-22,1
FILING_PROXY_METCB_20250822_8K,METCB,2025-08-22,1687187,HIGH,,V19_V20_DEVELOPMENT,,DEVELOPMENT_OR_PRIOR_SEAL,1,2025-08-12,2025-08-27,0
FILING_PROXY_METCB_20251230_8K,METCB,2025-12-30,1687187,HIGH,,V19_V20_DEVELOPMENT,,DEVELOPMENT_OR_PRIOR_SEAL,1,2025-12-20,2026-01-04,0
FILING_PROXY_MFIN_20251029_8K,MFIN,2025-10-29,1000209,HIGH,,V19_V20_DEVELOPMENT,,DEVELOPMENT_OR_PRIOR_SEAL,1,2025-10-19,2025-11-03,0
FILING_PROXY_MFI_20251125_6K,MFI,2025-11-25,1940941,HIGH,,V19_V20_DEVELOPMENT,,DEVELOPMENT_OR_PRIOR_SEAL,1,2025-11-15,2025-11-30,0
FILING_PROXY_MF_20250630_6K,MF,2025-06-30,1888525,HIGH,,V19_V20_DEVELOPMENT,,DEVELOPMENT_OR_PRIOR_SEAL,1,2025-06-20,2025-07-05,1
FILING_PROXY_MF_20251106_6K,MF,2025-11-06,1888525,HIGH,,V19_V20_DEVELOPMENT,,DEVELOPMENT_OR_PRIOR_SEAL,1,2025-10-27,2025-11-11,0
FILING_PROXY_MGIH_20240701_6K,MGIH,2024-07-01,1903995,HIGH,,V19_V20_DEVELOPMENT,,DEVELOPMENT_OR_PRIOR_SEAL,1,2024-06-21,2024-07-06,1
FILING_PROXY_MGIH_20250728_6K,MGIH,2025-07-28,1903995,HIGH,,V19_V20_DEVELOPMENT,,DEVELOPMENT_OR_PRIOR_SEAL,1,2025-07-18,2025-08-02,0
FILING_PROXY_MGRX_20250804_8K,MGRX,2025-08-04,1938046,HIGH,,V19_V20_DEVELOPMENT,,DEVELOPMENT_OR_PRIOR_SEAL,1,2025-07-25,2025-08-09,0
FILING_PROXY_MGRX_20251219_8K,MGRX,2025-12-19,1938046,HIGH,,V19_V20_DEVELOPMENT,,DEVELOPMENT_OR_PRIOR_SEAL,1,2025-12-09,2025-12-24,0
FILING_PROXY_MIMI_20251229_6K,MIMI,2025-12-29,1998560,HIGH,,V19_V20_DEVELOPMENT,,DEVELOPMENT_OR_PRIOR_SEAL,1,2025-12-19,2026-01-03,0
FILING_PROXY_MIND_20241212_10Q,MIND,2024-12-12,926423,HIGH,,V19_V20_DEVELOPMENT,,DEVELOPMENT_OR_PRIOR_SEAL,1,2024-12-02,2024-12-17,1
FILING_PROXY_MIND_20250721_8K,MIND,2025-07-21,926423,HIGH,,V19_V20_DEVELOPMENT,,DEVELOPMENT_OR_PRIOR_SEAL,1,2025-07-11,2025-07-26,0
FILING_PROXY_MIND_20251209_8K,MIND,2025-12-09,926423,HIGH,,V19_V20_DEVELOPMENT,,DEVELOPMENT_OR_PRIOR_SEAL,1,2025-11-29,2025-12-14,0
FILING_PROXY_MIRA_20250328_10K,MIRA,2025-03-28,1904286,HIGH,,V19_V20_DEVELOPMENT,,DEVELOPMENT_OR_PRIOR_SEAL,1,2025-03-18,2025-04-02,1
FILING_PROXY_MIRA_20250819_8K,MIRA,2025-08-19,1904286,HIGH,,V19_V20_DEVELOPMENT,,DEVELOPMENT_OR_PRIOR_SEAL,1,2025-08-09,2025-08-24,0
FILING_PROXY_MIRA_20251222_8K,MIRA,2025-12-22,1904286,HIGH,,V19_V20_DEVELOPMENT,,DEVELOPMENT_OR_PRIOR_SEAL,1,2025-12-12,2025-12-27,0
FILING_PROXY_MIRM_20250806_8K,MIRM,2025-08-06,1759425,HIGH,,V19_V20_DEVELOPMENT,,DEVELOPMENT_OR_PRIOR_SEAL,1,2025-07-27,2025-08-11,0
FILING_PROXY_MIRM_20251219_8K,MIRM,2025-12-19,1759425,HIGH,,V19_V20_DEVELOPMENT,,DEVELOPMENT_OR_PRIOR_SEAL,1,2025-12-09,2025-12-24,0
FILING_PROXY_MIST_20250313_10K,MIST,2025-03-13,1408443,HIGH,,V19_V20_DEVELOPMENT,,DEVELOPMENT_OR_PRIOR_SEAL,1,2025-03-03,2025-03-18,1
FILING_PROXY_MIST_20250812_8K,MIST,2025-08-12,1408443,HIGH,,V19_V20_DEVELOPMENT,,DEVELOPMENT_OR_PRIOR_SEAL,1,2025-08-02,2025-08-17,0
FILING_PROXY_MIST_20251215_8K,MIST,2025-12-15,1408443,HIGH,,V19_V20_DEVELOPMENT,,DEVELOPMENT_OR_PRIOR_SEAL,1,2025-12-05,2025-12-20,0
FILING_PROXY_MITK_20250210_10Q,MITK,2025-02-10,807863,HIGH,,V19_V20_DEVELOPMENT,,DEVELOPMENT_OR_PRIOR_SEAL,1,2025-01-31,2025-02-15,1
FILING_PROXY_MITK_20250807_8K,MITK,2025-08-07,807863,HIGH,,V19_V20_DEVELOPMENT,,DEVELOPMENT_OR_PRIOR_SEAL,1,2025-07-28,2025-08-12,0
FILING_PROXY_MKTW_20241107_10Q,MKTW,2024-11-07,1805651,HIGH,,V19_V20_DEVELOPMENT,,DEVELOPMENT_OR_PRIOR_SEAL,1,2024-10-28,2024-11-12,1
FILING_PROXY_MKTW_20250618_8K,MKTW,2025-06-18,1805651,HIGH,,V19_V20_DEVELOPMENT,,DEVELOPMENT_OR_PRIOR_SEAL,1,2025-06-08,2025-06-23,1
FILING_PROXY_MKZR_20251230_8K,MKZR,2025-12-30,1550913,HIGH,,V19_V20_DEVELOPMENT,,DEVELOPMENT_OR_PRIOR_SEAL,1,2025-12-20,2026-01-04,0
FILING_PROXY_MLCO_20251128_6K,MLCO,2025-11-28,1381640,HIGH,,V19_V20_DEVELOPMENT,,DEVELOPMENT_OR_PRIOR_SEAL,1,2025-11-18,2025-12-03,0
FILING_PROXY_MLGO_20251024_6K,MLGO,2025-10-24,1800392,HIGH,,V19_V20_DEVELOPMENT,,DEVELOPMENT_OR_PRIOR_SEAL,1,2025-10-14,2025-10-29,0
FILING_PROXY_MLKN_20251217_8K,MLKN,2025-12-17,66382,HIGH,,V19_V20_DEVELOPMENT,,DEVELOPMENT_OR_PRIOR_SEAL,1,2025-12-07,2025-12-22,0
FILING_PROXY_MNDR_20251120_6K,MNDR,2025-11-20,1976695,HIGH,,V19_V20_DEVELOPMENT,,DEVELOPMENT_OR_PRIOR_SEAL,1,2025-11-10,2025-11-25,0
FILING_PROXY_MNDY_20250626_6K,MNDY,2025-06-26,1845338,HIGH,,V19_V20_DEVELOPMENT,,DEVELOPMENT_OR_PRIOR_SEAL,1,2025-06-16,2025-07-01,1
FILING_PROXY_MNDY_20251110_6K,MNDY,2025-11-10,1845338,HIGH,,V19_V20_DEVELOPMENT,,DEVELOPMENT_OR_PRIOR_SEAL,1,2025-10-31,2025-11-15,0
FILING_PROXY_MNTS_20250401_10K,MNTS,2025-04-01,1781162,HIGH,,V19_V20_DEVELOPMENT,,DEVELOPMENT_OR_PRIOR_SEAL,1,2025-03-22,2025-04-06,1
FILING_PROXY_MNTS_20250814_8K,MNTS,2025-08-14,1781162,HIGH,,V19_V20_DEVELOPMENT,,DEVELOPMENT_OR_PRIOR_SEAL,1,2025-08-04,2025-08-19,0
FILING_PROXY_MNTS_20251229_8K,MNTS,2025-12-29,1781162,HIGH,,V19_V20_DEVELOPMENT,,DEVELOPMENT_OR_PRIOR_SEAL,1,2025-12-19,2026-01-03,0
FILING_PROXY_MOBX_20250212_10Q,MOBX,2025-02-12,1855467,HIGH,,V19_V20_DEVELOPMENT,,DEVELOPMENT_OR_PRIOR_SEAL,1,2025-02-02,2025-02-17,1
FILING_PROXY_MOBX_20251204_8K,MOBX,2025-12-04,1855467,HIGH,,V19_V20_DEVELOPMENT,,DEVELOPMENT_OR_PRIOR_SEAL,1,2025-11-24,2025-12-09,0
FILING_PROXY_MODD_20250213_10Q,MODD,2025-02-13,1074871,HIGH,,V19_V20_DEVELOPMENT,,DEVELOPMENT_OR_PRIOR_SEAL,1,2025-02-03,2025-02-18,1
FILING_PROXY_MODD_20250702_8K,MODD,2025-07-02,1074871,HIGH,,V19_V20_DEVELOPMENT,,DEVELOPMENT_OR_PRIOR_SEAL,1,2025-06-22,2025-07-07,0
FILING_PROXY_MODD_20251231_8K,MODD,2025-12-31,1074871,HIGH,,V19_V20_DEVELOPMENT,,DEVELOPMENT_OR_PRIOR_SEAL,1,2025-12-21,2026-01-05,0
FILING_PROXY_MOVE_20250409_10K,MOVE,2025-04-09,1734750,HIGH,,V19_V20_DEVELOPMENT,,DEVELOPMENT_OR_PRIOR_SEAL,1,2025-03-30,2025-04-14,1
FILING_PROXY_MOVE_20250822_8K,MOVE,2025-08-22,1734750,HIGH,,V19_V20_DEVELOPMENT,,DEVELOPMENT_OR_PRIOR_SEAL,1,2025-08-12,2025-08-27,0
FILING_PROXY_MPWR_20250303_10K,MPWR,2025-03-03,1280452,HIGH,,V19_V20_DEVELOPMENT,,DEVELOPMENT_OR_PRIOR_SEAL,1,2025-02-21,2025-03-08,1
FILING_PROXY_MPWR_20250731_8K,MPWR,2025-07-31,1280452,HIGH,,V19_V20_DEVELOPMENT,,DEVELOPMENT_OR_PRIOR_SEAL,1,2025-07-21,2025-08-05,0
FILING_PROXY_MPWR_20251212_8K,MPWR,2025-12-12,1280452,HIGH,,V19_V20_DEVELOPMENT,,DEVELOPMENT_OR_PRIOR_SEAL,1,2025-12-02,2025-12-17,0
FILING_PROXY_MQ_20250226_10K,MQ,2025-02-26,1522540,HIGH,,V19_V20_DEVELOPMENT,,DEVELOPMENT_OR_PRIOR_SEAL,1,2025-02-16,2025-03-03,1
FILING_PROXY_MQ_20251208_8K,MQ,2025-12-08,1522540,HIGH,,V19_V20_DEVELOPMENT,,DEVELOPMENT_OR_PRIOR_SEAL,1,2025-11-28,2025-12-13,0
FILING_PROXY_MRDN_20250324_10K,MRDN,2025-03-24,1437925,HIGH,,V19_V20_DEVELOPMENT,,DEVELOPMENT_OR_PRIOR_SEAL,1,2025-03-14,2025-03-29,1
FILING_PROXY_MRDN_20251219_8K,MRDN,2025-12-19,1437925,HIGH,,V19_V20_DEVELOPMENT,,DEVELOPMENT_OR_PRIOR_SEAL,1,2025-12-09,2025-12-24,0
FILING_PROXY_MRKR_20241114_10Q,MRKR,2024-11-14,1094038,HIGH,,V19_V20_DEVELOPMENT,,DEVELOPMENT_OR_PRIOR_SEAL,1,2024-11-04,2024-11-19,1
FILING_PROXY_MRKR_20250617_8K,MRKR,2025-06-17,1094038,HIGH,,V19_V20_DEVELOPMENT,,DEVELOPMENT_OR_PRIOR_SEAL,1,2025-06-07,2025-06-22,1
FILING_PROXY_MRKR_20251114_8K,MRKR,2025-11-14,1094038,HIGH,,V19_V20_DEVELOPMENT,,DEVELOPMENT_OR_PRIOR_SEAL,1,2025-11-04,2025-11-19,0
FILING_PROXY_MRNA_20241107_10Q,MRNA,2024-11-07,1682852,HIGH,,V19_V20_DEVELOPMENT,,DEVELOPMENT_OR_PRIOR_SEAL,1,2024-10-28,2024-11-12,1
FILING_PROXY_MRNA_20251124_8K,MRNA,2025-11-24,1682852,HIGH,,V19_V20_DEVELOPMENT,,DEVELOPMENT_OR_PRIOR_SEAL,1,2025-11-14,2025-11-29,0
FILING_PROXY_MRNO_20250804_6K,MRNO,2025-08-04,1988776,HIGH,,V19_V20_DEVELOPMENT,,DEVELOPMENT_OR_PRIOR_SEAL,1,2025-07-25,2025-08-09,0
FILING_PROXY_MRNO_20251230_6K,MRNO,2025-12-30,1988776,HIGH,,V19_V20_DEVELOPMENT,,DEVELOPMENT_OR_PRIOR_SEAL,1,2025-12-20,2026-01-04,0
FILING_PROXY_MRTN_20250512_8K,MRTN,2025-05-12,799167,HIGH,,V19_V20_DEVELOPMENT,,DEVELOPMENT_OR_PRIOR_SEAL,1,2025-05-02,2025-05-17,1
FILING_PROXY_MRTN_20251023_8K,MRTN,2025-10-23,799167,HIGH,,V19_V20_DEVELOPMENT,,DEVELOPMENT_OR_PRIOR_SEAL,1,2025-10-13,2025-10-28,0
FILING_PROXY_MRVI_20241112_10Q,MRVI,2024-11-12,1823239,HIGH,,V19_V20_DEVELOPMENT,,DEVELOPMENT_OR_PRIOR_SEAL,1,2024-11-02,2024-11-17,1
FILING_PROXY_MRVI_20250625_8K,MRVI,2025-06-25,1823239,HIGH,,V19_V20_DEVELOPMENT,,DEVELOPMENT_OR_PRIOR_SEAL,1,2025-06-15,2025-06-30,1
FILING_PROXY_MRVI_20251106_8K,MRVI,2025-11-06,1823239,HIGH,,V19_V20_DEVELOPMENT,,DEVELOPMENT_OR_PRIOR_SEAL,1,2025-10-27,2025-11-11,0
FILING_PROXY_MRVL_20250312_10K,MRVL,2025-03-12,1835632,HIGH,,V19_V20_DEVELOPMENT,,DEVELOPMENT_OR_PRIOR_SEAL,1,2025-03-02,2025-03-17,1
FILING_PROXY_MRVL_20250814_8K,MRVL,2025-08-14,1835632,HIGH,,V19_V20_DEVELOPMENT,,DEVELOPMENT_OR_PRIOR_SEAL,1,2025-08-04,2025-08-19,0
FILING_PROXY_MSAI_20250813_8K,MSAI,2025-08-13,1863990,HIGH,,V19_V20_DEVELOPMENT,,DEVELOPMENT_OR_PRIOR_SEAL,1,2025-08-03,2025-08-18,0
FILING_PROXY_MSBI_20241106_10Q,MSBI,2024-11-06,1466026,HIGH,,V19_V20_DEVELOPMENT,,DEVELOPMENT_OR_PRIOR_SEAL,1,2024-10-27,2024-11-11,1
FILING_PROXY_MSBI_20250807_8K,MSBI,2025-08-07,1466026,HIGH,,V19_V20_DEVELOPMENT,,DEVELOPMENT_OR_PRIOR_SEAL,1,2025-07-28,2025-08-12,0
FILING_PROXY_MSBI_20251219_8K,MSBI,2025-12-19,1466026,HIGH,,V19_V20_DEVELOPMENT,,DEVELOPMENT_OR_PRIOR_SEAL,1,2025-12-09,2025-12-24,0
FILING_PROXY_MSGM_20241114_10Q,MSGM,2024-11-14,1821175,HIGH,,V19_V20_DEVELOPMENT,,DEVELOPMENT_OR_PRIOR_SEAL,1,2024-11-04,2024-11-19,1
FILING_PROXY_MSGM_20250606_8K,MSGM,2025-06-06,1821175,HIGH,,V19_V20_DEVELOPMENT,,DEVELOPMENT_OR_PRIOR_SEAL,1,2025-05-27,2025-06-11,1
FILING_PROXY_MSGM_20251106_8K,MSGM,2025-11-06,1821175,HIGH,,V19_V20_DEVELOPMENT,,DEVELOPMENT_OR_PRIOR_SEAL,1,2025-10-27,2025-11-11,0
FILING_PROXY_MSS_20250317_10Q,MSS,2025-03-17,1892292,HIGH,,V19_V20_DEVELOPMENT,,DEVELOPMENT_OR_PRIOR_SEAL,1,2025-03-07,2025-03-22,1
FILING_PROXY_MSS_20251219_8K,MSS,2025-12-19,1892292,HIGH,,V19_V20_DEVELOPMENT,,DEVELOPMENT_OR_PRIOR_SEAL,1,2025-12-09,2025-12-24,0
FILING_PROXY_MTCH_20241112_10Q,MTCH,2024-11-12,891103,HIGH,,V19_V20_DEVELOPMENT,,DEVELOPMENT_OR_PRIOR_SEAL,1,2024-11-02,2024-11-17,1
FILING_PROXY_MTCH_20250620_8K,MTCH,2025-06-20,891103,HIGH,,V19_V20_DEVELOPMENT,,DEVELOPMENT_OR_PRIOR_SEAL,1,2025-06-10,2025-06-25,1
FILING_PROXY_MTCH_20251104_8K,MTCH,2025-11-04,891103,HIGH,,V19_V20_DEVELOPMENT,,DEVELOPMENT_OR_PRIOR_SEAL,1,2025-10-25,2025-11-09,0
FILING_PROXY_MTC_20251211_6K,MTC,2025-12-11,1742518,HIGH,,V19_V20_DEVELOPMENT,,DEVELOPMENT_OR_PRIOR_SEAL,1,2025-12-01,2025-12-16,0
FILING_PROXY_MTEN_20251218_6K,MTEN,2025-12-18,1948099,HIGH,,V19_V20_DEVELOPMENT,,DEVELOPMENT_OR_PRIOR_SEAL,1,2025-12-08,2025-12-23,0
FILING_PROXY_MTEX_20241112_10Q,MTEX,2024-11-12,1056358,HIGH,,V19_V20_DEVELOPMENT,,DEVELOPMENT_OR_PRIOR_SEAL,1,2024-11-02,2024-11-17,1
FILING_PROXY_MTEX_20250626_8K,MTEX,2025-06-26,1056358,HIGH,,V19_V20_DEVELOPMENT,,DEVELOPMENT_OR_PRIOR_SEAL,1,2025-06-16,2025-07-01,1
FILING_PROXY_MTEX_20251112_8K,MTEX,2025-11-12,1056358,HIGH,,V19_V20_DEVELOPMENT,,DEVELOPMENT_OR_PRIOR_SEAL,1,2025-11-02,2025-11-17,0
FILING_PROXY_MTRX_20241107_10Q,MTRX,2024-11-07,866273,HIGH,,V19_V20_DEVELOPMENT,,DEVELOPMENT_OR_PRIOR_SEAL,1,2024-10-28,2024-11-12,1
FILING_PROXY_MTRX_20250507_8K,MTRX,2025-05-07,866273,HIGH,,V19_V20_DEVELOPMENT,,DEVELOPMENT_OR_PRIOR_SEAL,1,2025-04-27,2025-05-12,1
FILING_PROXY_MTRX_20251105_8K,MTRX,2025-11-05,866273,HIGH,,V19_V20_DEVELOPMENT,,DEVELOPMENT_OR_PRIOR_SEAL,1,2025-10-26,2025-11-10,0
FILING_PROXY_MTSI_20251125_8K,MTSI,2025-11-25,1493594,HIGH,,V19_V20_DEVELOPMENT,,DEVELOPMENT_OR_PRIOR_SEAL,1,2025-11-15,2025-11-30,0
FILING_PROXY_MTVA_20250807_8K,MTVA,2025-08-07,1638287,HIGH,,V19_V20_DEVELOPMENT,,DEVELOPMENT_OR_PRIOR_SEAL,1,2025-07-28,2025-08-12,0
FILING_PROXY_MU_20250321_10Q,MU,2025-03-21,723125,HIGH,,V19_V20_DEVELOPMENT,,DEVELOPMENT_OR_PRIOR_SEAL,1,2025-03-11,2025-03-26,1
FILING_PROXY_MU_20250811_8K,MU,2025-08-11,723125,HIGH,,V19_V20_DEVELOPMENT,,DEVELOPMENT_OR_PRIOR_SEAL,1,2025-08-01,2025-08-16,0
FILING_PROXY_MU_20251217_8K,MU,2025-12-17,723125,HIGH,,V19_V20_DEVELOPMENT,,DEVELOPMENT_OR_PRIOR_SEAL,1,2025-12-07,2025-12-22,0
FILING_PROXY_MVIS_20250326_10K,MVIS,2025-03-26,65770,HIGH,,V19_V20_DEVELOPMENT,,DEVELOPMENT_OR_PRIOR_SEAL,1,2025-03-16,2025-03-31,1
FILING_PROXY_MVIS_20250724_8K,MVIS,2025-07-24,65770,HIGH,,V19_V20_DEVELOPMENT,,DEVELOPMENT_OR_PRIOR_SEAL,1,2025-07-14,2025-07-29,0
FILING_PROXY_MVST_20241112_10Q,MVST,2024-11-12,1760689,HIGH,,V19_V20_DEVELOPMENT,,DEVELOPMENT_OR_PRIOR_SEAL,1,2024-11-02,2024-11-17,1
FILING_PROXY_MWYN_20251223_8K,MWYN,2025-12-23,2030522,HIGH,,V19_V20_DEVELOPMENT,,DEVELOPMENT_OR_PRIOR_SEAL,1,2025-12-13,2025-12-28,0
FILING_PROXY_MXC_20250207_10Q,MXC,2025-02-07,66418,HIGH,,V19_V20_DEVELOPMENT,,DEVELOPMENT_OR_PRIOR_SEAL,1,2025-01-28,2025-02-12,1
FILING_PROXY_MXC_20250627_8K,MXC,2025-06-27,66418,HIGH,,V19_V20_DEVELOPMENT,,DEVELOPMENT_OR_PRIOR_SEAL,1,2025-06-17,2025-07-02,1
FILING_PROXY_MXC_20251112_8K,MXC,2025-11-12,66418,HIGH,,V19_V20_DEVELOPMENT,,DEVELOPMENT_OR_PRIOR_SEAL,1,2025-11-02,2025-11-17,0
FILING_PROXY_MXL_20251124_8K,MXL,2025-11-24,1288469,HIGH,,V19_V20_DEVELOPMENT,,DEVELOPMENT_OR_PRIOR_SEAL,1,2025-11-14,2025-11-29,0
FILING_PROXY_MYGN_20241108_10Q,MYGN,2024-11-08,899923,HIGH,,V19_V20_DEVELOPMENT,,DEVELOPMENT_OR_PRIOR_SEAL,1,2024-10-29,2024-11-13,1
FILING_PROXY_MYGN_20250605_8K,MYGN,2025-06-05,899923,HIGH,,V19_V20_DEVELOPMENT,,DEVELOPMENT_OR_PRIOR_SEAL,1,2025-05-26,2025-06-10,1
FILING_PROXY_MYO_20250310_10K,MYO,2025-03-10,1369290,HIGH,,V19_V20_DEVELOPMENT,,DEVELOPMENT_OR_PRIOR_SEAL,1,2025-02-28,2025-03-15,1
FILING_PROXY_MYO_20250811_8K,MYO,2025-08-11,1369290,HIGH,,V19_V20_DEVELOPMENT,,DEVELOPMENT_OR_PRIOR_SEAL,1,2025-08-01,2025-08-16,0
FILING_PROXY_MYO_20251216_8K,MYO,2025-12-16,1369290,HIGH,,V19_V20_DEVELOPMENT,,DEVELOPMENT_OR_PRIOR_SEAL,1,2025-12-06,2025-12-21,0
FILING_PROXY_MYPS_20250505_8K,MYPS,2025-05-05,1823878,HIGH,,V19_V20_DEVELOPMENT,,DEVELOPMENT_OR_PRIOR_SEAL,1,2025-04-25,2025-05-10,1
FILING_PROXY_MYPS_20251110_8K,MYPS,2025-11-10,1823878,HIGH,,V19_V20_DEVELOPMENT,,DEVELOPMENT_OR_PRIOR_SEAL,1,2025-10-31,2025-11-15,0
FILING_PROXY_MYRG_20241030_10Q,MYRG,2024-10-30,700923,HIGH,,V19_V20_DEVELOPMENT,,DEVELOPMENT_OR_PRIOR_SEAL,1,2024-10-20,2024-11-04,1
FILING_PROXY_MYRG_20251110_8K,MYRG,2025-11-10,700923,HIGH,,V19_V20_DEVELOPMENT,,DEVELOPMENT_OR_PRIOR_SEAL,1,2025-10-31,2025-11-15,0
FILING_PROXY_MYSZ_20250327_10K,MYSZ,2025-03-27,1211805,HIGH,,V19_V20_DEVELOPMENT,,DEVELOPMENT_OR_PRIOR_SEAL,1,2025-03-17,2025-04-01,1
FILING_PROXY_MYSZ_20250815_8K,MYSZ,2025-08-15,1211805,HIGH,,V19_V20_DEVELOPMENT,,DEVELOPMENT_OR_PRIOR_SEAL,1,2025-08-05,2025-08-20,0
FILING_PROXY_MYSZ_20251229_8K,MYSZ,2025-12-29,1211805,HIGH,,V19_V20_DEVELOPMENT,,DEVELOPMENT_OR_PRIOR_SEAL,1,2025-12-19,2026-01-03,0
FILING_PROXY_NAAS_20250812_6K,NAAS,2025-08-12,1712178,HIGH,,V19_V20_DEVELOPMENT,,DEVELOPMENT_OR_PRIOR_SEAL,1,2025-08-02,2025-08-17,0
FILING_PROXY_NAKA_20250328_10K,NAKA,2025-03-28,1946573,HIGH,,V19_V20_DEVELOPMENT,,DEVELOPMENT_OR_PRIOR_SEAL,1,2025-03-18,2025-04-02,1
FILING_PROXY_NAKA_20250815_8K,NAKA,2025-08-15,1946573,HIGH,,V19_V20_DEVELOPMENT,,DEVELOPMENT_OR_PRIOR_SEAL,1,2025-08-05,2025-08-20,0
FILING_PROXY_NAKA_20251218_8K,NAKA,2025-12-18,1946573,HIGH,,V19_V20_DEVELOPMENT,,DEVELOPMENT_OR_PRIOR_SEAL,1,2025-12-08,2025-12-23,0
FILING_PROXY_NAMI_20250828_6K,NAMI,2025-08-28,1967631,HIGH,,V19_V20_DEVELOPMENT,,DEVELOPMENT_OR_PRIOR_SEAL,1,2025-08-18,2025-09-02,0
FILING_PROXY_NAMI_20251231_6K,NAMI,2025-12-31,1967631,HIGH,,V19_V20_DEVELOPMENT,,DEVELOPMENT_OR_PRIOR_SEAL,1,2025-12-21,2026-01-05,0
FILING_PROXY_NAMM_20251209_6K,NAMM,2025-12-09,2026514,HIGH,,V19_V20_DEVELOPMENT,,DEVELOPMENT_OR_PRIOR_SEAL,1,2025-11-29,2025-12-14,0
FILING_PROXY_NAUT_20250623_8K,NAUT,2025-06-23,1808805,HIGH,,V19_V20_DEVELOPMENT,,DEVELOPMENT_OR_PRIOR_SEAL,1,2025-06-13,2025-06-28,1
FILING_PROXY_NAUT_20251104_8K,NAUT,2025-11-04,1808805,HIGH,,V19_V20_DEVELOPMENT,,DEVELOPMENT_OR_PRIOR_SEAL,1,2025-10-25,2025-11-09,0
FILING_PROXY_NBIS_20251113_6K,NBIS,2025-11-13,1513845,HIGH,,V19_V20_DEVELOPMENT,,DEVELOPMENT_OR_PRIOR_SEAL,1,2025-11-03,2025-11-18,0
FILING_PROXY_NBTX_20251217_6K,NBTX,2025-12-17,1760854,HIGH,,V19_V20_DEVELOPMENT,,DEVELOPMENT_OR_PRIOR_SEAL,1,2025-12-07,2025-12-22,0
FILING_PROXY_NCMI_20250306_10K,NCMI,2025-03-06,1377630,HIGH,,V19_V20_DEVELOPMENT,,DEVELOPMENT_OR_PRIOR_SEAL,1,2025-02-24,2025-03-11,1
FILING_PROXY_NCMI_20250805_8K,NCMI,2025-08-05,1377630,HIGH,,V19_V20_DEVELOPMENT,,DEVELOPMENT_OR_PRIOR_SEAL,1,2025-07-26,2025-08-10,0
FILING_PROXY_NCNO_20251208_8K,NCNO,2025-12-08,1902733,HIGH,,V19_V20_DEVELOPMENT,,DEVELOPMENT_OR_PRIOR_SEAL,1,2025-11-28,2025-12-13,0
FILING_PROXY_NCPL_20250317_10Q,NCPL,2025-03-17,1414767,HIGH,,V19_V20_DEVELOPMENT,,DEVELOPMENT_OR_PRIOR_SEAL,1,2025-03-07,2025-03-22,1
FILING_PROXY_NCPL_20250813_8K,NCPL,2025-08-13,1414767,HIGH,,V19_V20_DEVELOPMENT,,DEVELOPMENT_OR_PRIOR_SEAL,1,2025-08-03,2025-08-18,0
FILING_PROXY_NCPL_20251215_8K,NCPL,2025-12-15,1414767,HIGH,,V19_V20_DEVELOPMENT,,DEVELOPMENT_OR_PRIOR_SEAL,1,2025-12-05,2025-12-20,0
FILING_PROXY_NCRA_20250716_8K,NCRA,2025-07-16,1756180,HIGH,,V19_V20_DEVELOPMENT,,DEVELOPMENT_OR_PRIOR_SEAL,1,2025-07-06,2025-07-21,0
FILING_PROXY_NCRA_20251205_8K,NCRA,2025-12-05,1756180,HIGH,,V19_V20_DEVELOPMENT,,DEVELOPMENT_OR_PRIOR_SEAL,1,2025-11-25,2025-12-10,0
FILING_PROXY_NCTY_20250801_6K,NCTY,2025-08-01,1296774,HIGH,,V19_V20_DEVELOPMENT,,DEVELOPMENT_OR_PRIOR_SEAL,1,2025-07-22,2025-08-06,0
FILING_PROXY_NCTY_20251222_6K,NCTY,2025-12-22,1296774,HIGH,,V19_V20_DEVELOPMENT,,DEVELOPMENT_OR_PRIOR_SEAL,1,2025-12-12,2025-12-27,0
FILING_PROXY_NCT_20251229_6K,NCT,2025-12-29,2018529,HIGH,,V19_V20_DEVELOPMENT,,DEVELOPMENT_OR_PRIOR_SEAL,1,2025-12-19,2026-01-03,0
FILING_PROXY_NDRA_20241119_10Q,NDRA,2024-11-19,1681682,HIGH,,V19_V20_DEVELOPMENT,,DEVELOPMENT_OR_PRIOR_SEAL,1,2024-11-09,2024-11-24,1
FILING_PROXY_NDRA_20250723_8K,NDRA,2025-07-23,1681682,HIGH,,V19_V20_DEVELOPMENT,,DEVELOPMENT_OR_PRIOR_SEAL,1,2025-07-13,2025-07-28,0
FILING_PROXY_NEGG_20251124_6K,NEGG,2025-11-24,1474627,HIGH,,V19_V20_DEVELOPMENT,,DEVELOPMENT_OR_PRIOR_SEAL,1,2025-11-14,2025-11-29,0
FILING_PROXY_NEOG_20250115_10Q,NEOG,2025-01-15,711377,HIGH,,V19_V20_DEVELOPMENT,,DEVELOPMENT_OR_PRIOR_SEAL,1,2025-01-05,2025-01-20,1
FILING_PROXY_NEOG_20250604_8K,NEOG,2025-06-04,711377,HIGH,,V19_V20_DEVELOPMENT,,DEVELOPMENT_OR_PRIOR_SEAL,1,2025-05-25,2025-06-09,1
FILING_PROXY_NEOG_20251030_8K,NEOG,2025-10-30,711377,HIGH,,V19_V20_DEVELOPMENT,,DEVELOPMENT_OR_PRIOR_SEAL,1,2025-10-20,2025-11-04,0
FILING_PROXY_NEON_20250703_8K,NEON,2025-07-03,87050,HIGH,,V19_V20_DEVELOPMENT,,DEVELOPMENT_OR_PRIOR_SEAL,1,2025-06-23,2025-07-08,0
FILING_PROXY_NEON_20251106_8K,NEON,2025-11-06,87050,HIGH,,V19_V20_DEVELOPMENT,,DEVELOPMENT_OR_PRIOR_SEAL,1,2025-10-27,2025-11-11,0
FILING_PROXY_NEOV_20250106_8K,NEOV,2025-01-06,1748137,HIGH,,V19_V20_DEVELOPMENT,,DEVELOPMENT_OR_PRIOR_SEAL,1,2024-12-27,2025-01-11,1
FILING_PROXY_NEOV_20250509_10Q,NEOV,2025-05-09,1748137,HIGH,,V19_V20_DEVELOPMENT,,DEVELOPMENT_OR_PRIOR_SEAL,1,2025-04-29,2025-05-14,1
FILING_PROXY_NEOV_20251212_8K,NEOV,2025-12-12,1748137,HIGH,,V19_V20_DEVELOPMENT,,DEVELOPMENT_OR_PRIOR_SEAL,1,2025-12-02,2025-12-17,0
FILING_PROXY_NEPH_20241114_10Q,NEPH,2024-11-14,1196298,HIGH,,V19_V20_DEVELOPMENT,,DEVELOPMENT_OR_PRIOR_SEAL,1,2024-11-04,2024-11-19,1
FILING_PROXY_NEPH_20251126_8K,NEPH,2025-11-26,1196298,HIGH,,V19_V20_DEVELOPMENT,,DEVELOPMENT_OR_PRIOR_SEAL,1,2025-11-16,2025-12-01,0
FILING_PROXY_NERV_20250319_8K,NERV,2025-03-19,1598646,HIGH,,V19_V20_DEVELOPMENT,,DEVELOPMENT_OR_PRIOR_SEAL,1,2025-03-09,2025-03-24,1
FILING_PROXY_NERV_20250814_10Q,NERV,2025-08-14,1598646,HIGH,,V19_V20_DEVELOPMENT,,DEVELOPMENT_OR_PRIOR_SEAL,1,2025-08-04,2025-08-19,0
FILING_PROXY_NEUP_20250214_10Q,NEUP,2025-02-14,1191070,HIGH,,V19_V20_DEVELOPMENT,,DEVELOPMENT_OR_PRIOR_SEAL,1,2025-02-04,2025-02-19,1
FILING_PROXY_NEUP_20250718_8K,NEUP,2025-07-18,1191070,HIGH,,V19_V20_DEVELOPMENT,,DEVELOPMENT_OR_PRIOR_SEAL,1,2025-07-08,2025-07-23,0
FILING_PROXY_NEUP_20251218_8K,NEUP,2025-12-18,1191070,HIGH,,V19_V20_DEVELOPMENT,,DEVELOPMENT_OR_PRIOR_SEAL,1,2025-12-08,2025-12-23,0
FILING_PROXY_NEWTI_20251210_8K,NEWTI,2025-12-10,1587987,HIGH,,V19_V20_DEVELOPMENT,,DEVELOPMENT_OR_PRIOR_SEAL,1,2025-11-30,2025-12-15,0
FILING_PROXY_NEXR_20251229_6K,NEXR,2025-12-29,1885408,HIGH,,V19_V20_DEVELOPMENT,,DEVELOPMENT_OR_PRIOR_SEAL,1,2025-12-19,2026-01-03,0
FILING_PROXY_NFE_20250310_10K,NFE,2025-03-10,1749723,HIGH,,V19_V20_DEVELOPMENT,,DEVELOPMENT_OR_PRIOR_SEAL,1,2025-02-28,2025-03-15,1
FILING_PROXY_NHPBP_20250807_8K,NHPBP,2025-08-07,1561032,HIGH,,V19_V20_DEVELOPMENT,,DEVELOPMENT_OR_PRIOR_SEAL,1,2025-07-28,2025-08-12,0
FILING_PROXY_NHPBP_20251211_8K,NHPBP,2025-12-11,1561032,HIGH,,V19_V20_DEVELOPMENT,,DEVELOPMENT_OR_PRIOR_SEAL,1,2025-12-01,2025-12-16,0
FILING_PROXY_NIKI_20250416_6K,NIKI,2025-04-16,1734005,HIGH,,V19_V20_DEVELOPMENT,,DEVELOPMENT_OR_PRIOR_SEAL,1,2025-04-06,2025-04-21,1
FILING_PROXY_NIKI_20251016_6K,NIKI,2025-10-16,1734005,HIGH,,V19_V20_DEVELOPMENT,,DEVELOPMENT_OR_PRIOR_SEAL,1,2025-10-06,2025-10-21,0
FILING_PROXY_NIPG_20250808_6K,NIPG,2025-08-08,1966233,HIGH,,V19_V20_DEVELOPMENT,,DEVELOPMENT_OR_PRIOR_SEAL,1,2025-07-29,2025-08-13,0
FILING_PROXY_NIVF_20250728_6K,NIVF,2025-07-28,1981662,HIGH,,V19_V20_DEVELOPMENT,,DEVELOPMENT_OR_PRIOR_SEAL,1,2025-07-18,2025-08-02,0
FILING_PROXY_NIVF_20251202_6K,NIVF,2025-12-02,1981662,HIGH,,V19_V20_DEVELOPMENT,,DEVELOPMENT_OR_PRIOR_SEAL,1,2025-11-22,2025-12-07,0
FILING_PROXY_NIXX_20250818_8K,NIXX,2025-08-18,1462223,HIGH,,V19_V20_DEVELOPMENT,,DEVELOPMENT_OR_PRIOR_SEAL,1,2025-08-08,2025-08-23,0
FILING_PROXY_NIXX_20251230_8K,NIXX,2025-12-30,1462223,HIGH,,V19_V20_DEVELOPMENT,,DEVELOPMENT_OR_PRIOR_SEAL,1,2025-12-20,2026-01-04,0
FILING_PROXY_NKTX_20241107_10Q,NKTX,2024-11-07,1787400,HIGH,,V19_V20_DEVELOPMENT,,DEVELOPMENT_OR_PRIOR_SEAL,1,2024-10-28,2024-11-12,1
FILING_PROXY_NKTX_20250606_8K,NKTX,2025-06-06,1787400,HIGH,,V19_V20_DEVELOPMENT,,DEVELOPMENT_OR_PRIOR_SEAL,1,2025-05-27,2025-06-11,1
FILING_PROXY_NMAD_20250819_8K,NMAD,2025-08-19,1335105,HIGH,,V19_V20_DEVELOPMENT,,DEVELOPMENT_OR_PRIOR_SEAL,1,2025-08-09,2025-08-24,0
FILING_PROXY_NMAD_20251231_8K,NMAD,2025-12-31,1335105,HIGH,,V19_V20_DEVELOPMENT,,DEVELOPMENT_OR_PRIOR_SEAL,1,2025-12-21,2026-01-05,0
FILING_PROXY_NMRA_20251121_8K,NMRA,2025-11-21,1885522,HIGH,,V19_V20_DEVELOPMENT,,DEVELOPMENT_OR_PRIOR_SEAL,1,2025-11-11,2025-11-26,0
FILING_PROXY_NMTC_20250212_10Q,NMTC,2025-02-12,1500198,HIGH,,V19_V20_DEVELOPMENT,,DEVELOPMENT_OR_PRIOR_SEAL,1,2025-02-02,2025-02-17,1
FILING_PROXY_NMTC_20250818_8K,NMTC,2025-08-18,1500198,HIGH,,V19_V20_DEVELOPMENT,,DEVELOPMENT_OR_PRIOR_SEAL,1,2025-08-08,2025-08-23,0
FILING_PROXY_NMTC_20251222_8K,NMTC,2025-12-22,1500198,HIGH,,V19_V20_DEVELOPMENT,,DEVELOPMENT_OR_PRIOR_SEAL,1,2025-12-12,2025-12-27,0
FILING_PROXY_NNNN_20251230_6K,NNNN,2025-12-30,1982708,HIGH,,V19_V20_DEVELOPMENT,,DEVELOPMENT_OR_PRIOR_SEAL,1,2025-12-20,2026-01-04,0
FILING_PROXY_NNOX_20250812_6K,NNOX,2025-08-12,1795251,HIGH,,V19_V20_DEVELOPMENT,,DEVELOPMENT_OR_PRIOR_SEAL,1,2025-08-02,2025-08-17,0
FILING_PROXY_NNOX_20251229_6K,NNOX,2025-12-29,1795251,HIGH,,V19_V20_DEVELOPMENT,,DEVELOPMENT_OR_PRIOR_SEAL,1,2025-12-19,2026-01-03,0
FILING_PROXY_NNVC_20250515_10Q,NNVC,2025-05-15,1379006,HIGH,,V19_V20_DEVELOPMENT,,DEVELOPMENT_OR_PRIOR_SEAL,1,2025-05-05,2025-05-20,1
FILING_PROXY_NNVC_20251126_8K,NNVC,2025-11-26,1379006,HIGH,,V19_V20_DEVELOPMENT,,DEVELOPMENT_OR_PRIOR_SEAL,1,2025-11-16,2025-12-01,0
FILING_PROXY_NOEM_20251113_10Q,NOEM,2025-11-13,1956648,HIGH,,V19_V20_DEVELOPMENT,,DEVELOPMENT_OR_PRIOR_SEAL,1,2025-11-03,2025-11-18,0
FILING_PROXY_NRDS_20250219_10K,NRDS,2025-02-19,1625278,HIGH,,V19_V20_DEVELOPMENT,,DEVELOPMENT_OR_PRIOR_SEAL,1,2025-02-09,2025-02-24,1
FILING_PROXY_NRDS_20250807_8K,NRDS,2025-08-07,1625278,HIGH,,V19_V20_DEVELOPMENT,,DEVELOPMENT_OR_PRIOR_SEAL,1,2025-07-28,2025-08-12,0
FILING_PROXY_NRSN_20250821_6K,NRSN,2025-08-21,1875091,HIGH,,V19_V20_DEVELOPMENT,,DEVELOPMENT_OR_PRIOR_SEAL,1,2025-08-11,2025-08-26,0
FILING_PROXY_NRSN_20251222_6K,NRSN,2025-12-22,1875091,HIGH,,V19_V20_DEVELOPMENT,,DEVELOPMENT_OR_PRIOR_SEAL,1,2025-12-12,2025-12-27,0
FILING_PROXY_NRXP_20250314_10K,NRXP,2025-03-14,1719406,HIGH,,V19_V20_DEVELOPMENT,,DEVELOPMENT_OR_PRIOR_SEAL,1,2025-03-04,2025-03-19,1
FILING_PROXY_NRXP_20250818_8K,NRXP,2025-08-18,1719406,HIGH,,V19_V20_DEVELOPMENT,,DEVELOPMENT_OR_PRIOR_SEAL,1,2025-08-08,2025-08-23,0
FILING_PROXY_NSLR_20241108_10Q,NSLR,2024-11-08,1509470,HIGH,,V19_V20_DEVELOPMENT,,DEVELOPMENT_OR_PRIOR_SEAL,1,2024-10-29,2024-11-13,1
FILING_PROXY_NSLR_20250620_8K,NSLR,2025-06-20,1509470,HIGH,,V19_V20_DEVELOPMENT,,DEVELOPMENT_OR_PRIOR_SEAL,1,2025-06-10,2025-06-25,1
FILING_PROXY_NSLR_20251104_8K,NSLR,2025-11-04,1509470,HIGH,,V19_V20_DEVELOPMENT,,DEVELOPMENT_OR_PRIOR_SEAL,1,2025-10-25,2025-11-09,0
FILING_PROXY_NSTS_20250210_8K,NSTS,2025-02-10,1881592,HIGH,,V19_V20_DEVELOPMENT,,DEVELOPMENT_OR_PRIOR_SEAL,1,2025-01-31,2025-02-15,1
FILING_PROXY_NSYS_20241107_10Q,NSYS,2024-11-07,722313,HIGH,,V19_V20_DEVELOPMENT,,DEVELOPMENT_OR_PRIOR_SEAL,1,2024-10-28,2024-11-12,1
FILING_PROXY_NSYS_20251113_8K,NSYS,2025-11-13,722313,HIGH,,V19_V20_DEVELOPMENT,,DEVELOPMENT_OR_PRIOR_SEAL,1,2025-11-03,2025-11-18,0
FILING_PROXY_NTAP_20241125_10Q,NTAP,2024-11-25,1002047,HIGH,,V19_V20_DEVELOPMENT,,DEVELOPMENT_OR_PRIOR_SEAL,1,2024-11-15,2024-11-30,1
FILING_PROXY_NTAP_20251125_8K,NTAP,2025-11-25,1002047,HIGH,,V19_V20_DEVELOPMENT,,DEVELOPMENT_OR_PRIOR_SEAL,1,2025-11-15,2025-11-30,0
FILING_PROXY_NTCL_20250828_6K,NTCL,2025-08-28,1927578,HIGH,,V19_V20_DEVELOPMENT,,DEVELOPMENT_OR_PRIOR_SEAL,1,2025-08-18,2025-09-02,0
FILING_PROXY_NTCL_20251229_6K,NTCL,2025-12-29,1927578,HIGH,,V19_V20_DEVELOPMENT,,DEVELOPMENT_OR_PRIOR_SEAL,1,2025-12-19,2026-01-03,0
FILING_PROXY_NTHI_20251217_8K,NTHI,2025-12-17,1979414,HIGH,,V19_V20_DEVELOPMENT,,DEVELOPMENT_OR_PRIOR_SEAL,1,2025-12-07,2025-12-22,0
FILING_PROXY_NTRP_20250114_10Q,NTRP,2025-01-14,788611,HIGH,,V19_V20_DEVELOPMENT,,DEVELOPMENT_OR_PRIOR_SEAL,1,2025-01-04,2025-01-19,1
FILING_PROXY_NTRP_20250820_8K,NTRP,2025-08-20,788611,HIGH,,V19_V20_DEVELOPMENT,,DEVELOPMENT_OR_PRIOR_SEAL,1,2025-08-10,2025-08-25,0
FILING_PROXY_NTRSO_20251119_8K,NTRSO,2025-11-19,73124,HIGH,,V19_V20_DEVELOPMENT,,DEVELOPMENT_OR_PRIOR_SEAL,1,2025-11-09,2025-11-24,0
FILING_PROXY_NUWE_20241112_10Q,NUWE,2024-11-12,1506492,HIGH,,V19_V20_DEVELOPMENT,,DEVELOPMENT_OR_PRIOR_SEAL,1,2024-11-02,2024-11-17,1
FILING_PROXY_NUWE_20250702_8K,NUWE,2025-07-02,1506492,HIGH,,V19_V20_DEVELOPMENT,,DEVELOPMENT_OR_PRIOR_SEAL,1,2025-06-22,2025-07-07,0
FILING_PROXY_NVAX_20241112_10Q,NVAX,2024-11-12,1000694,HIGH,,V19_V20_DEVELOPMENT,,DEVELOPMENT_OR_PRIOR_SEAL,1,2024-11-02,2024-11-17,1
FILING_PROXY_NVAX_20250624_8K,NVAX,2025-06-24,1000694,HIGH,,V19_V20_DEVELOPMENT,,DEVELOPMENT_OR_PRIOR_SEAL,1,2025-06-14,2025-06-29,1
FILING_PROXY_NVCT_20241105_10Q,NVCT,2024-11-05,1875558,HIGH,,V19_V20_DEVELOPMENT,,DEVELOPMENT_OR_PRIOR_SEAL,1,2024-10-26,2024-11-10,1
FILING_PROXY_NVCT_20250613_8K,NVCT,2025-06-13,1875558,HIGH,,V19_V20_DEVELOPMENT,,DEVELOPMENT_OR_PRIOR_SEAL,1,2025-06-03,2025-06-18,1
FILING_PROXY_NVCT_20251104_8K,NVCT,2025-11-04,1875558,HIGH,,V19_V20_DEVELOPMENT,,DEVELOPMENT_OR_PRIOR_SEAL,1,2025-10-25,2025-11-09,0
FILING_PROXY_NVDA_20250226_10K,NVDA,2025-02-26,1045810,HIGH,,V19_V20_DEVELOPMENT,,DEVELOPMENT_OR_PRIOR_SEAL,1,2025-02-16,2025-03-03,1
FILING_PROXY_NVDA_20250701_8K,NVDA,2025-07-01,1045810,HIGH,,V19_V20_DEVELOPMENT,,DEVELOPMENT_OR_PRIOR_SEAL,1,2025-06-21,2025-07-06,0
FILING_PROXY_NVTS_20250708_8K,NVTS,2025-07-08,1821769,HIGH,,V19_V20_DEVELOPMENT,,DEVELOPMENT_OR_PRIOR_SEAL,1,2025-06-28,2025-07-13,0
FILING_PROXY_NVTS_20251120_8K,NVTS,2025-11-20,1821769,HIGH,,V19_V20_DEVELOPMENT,,DEVELOPMENT_OR_PRIOR_SEAL,1,2025-11-10,2025-11-25,0
FILING_PROXY_NVVE_20250331_10K,NVVE,2025-03-31,1836875,HIGH,,V19_V20_DEVELOPMENT,,DEVELOPMENT_OR_PRIOR_SEAL,1,2025-03-21,2025-04-05,1
FILING_PROXY_NVVE_20251231_8K,NVVE,2025-12-31,1836875,HIGH,,V19_V20_DEVELOPMENT,,DEVELOPMENT_OR_PRIOR_SEAL,1,2025-12-21,2026-01-05,0
FILING_PROXY_NVX_20250828_6K,NVX,2025-08-28,1859795,HIGH,,V19_V20_DEVELOPMENT,,DEVELOPMENT_OR_PRIOR_SEAL,1,2025-08-18,2025-09-02,0
FILING_PROXY_NVX_20251231_6K,NVX,2025-12-31,1859795,HIGH,,V19_V20_DEVELOPMENT,,DEVELOPMENT_OR_PRIOR_SEAL,1,2025-12-21,2026-01-05,0
FILING_PROXY_NWGL_20251229_6K,NWGL,2025-12-29,1948294,HIGH,,V19_V20_DEVELOPMENT,,DEVELOPMENT_OR_PRIOR_SEAL,1,2025-12-19,2026-01-03,0
FILING_PROXY_NWSA_20250206_10Q,NWSA,2025-02-06,1564708,HIGH,,V19_V20_DEVELOPMENT,,DEVELOPMENT_OR_PRIOR_SEAL,1,2025-01-27,2025-02-11,1
FILING_PROXY_NWTG_20250404_10K,NWTG,2025-04-04,1934245,HIGH,,V19_V20_DEVELOPMENT,,DEVELOPMENT_OR_PRIOR_SEAL,1,2025-03-25,2025-04-09,1
FILING_PROXY_NWTG_20250814_8K,NWTG,2025-08-14,1934245,HIGH,,V19_V20_DEVELOPMENT,,DEVELOPMENT_OR_PRIOR_SEAL,1,2025-08-04,2025-08-19,0
FILING_PROXY_NWTG_20251218_8K,NWTG,2025-12-18,1934245,HIGH,,V19_V20_DEVELOPMENT,,DEVELOPMENT_OR_PRIOR_SEAL,1,2025-12-08,2025-12-23,0
FILING_PROXY_NXGL_20250327_10K,NXGL,2025-03-27,1468929,HIGH,,V19_V20_DEVELOPMENT,,DEVELOPMENT_OR_PRIOR_SEAL,1,2025-03-17,2025-04-01,1
FILING_PROXY_NXGL_20250812_8K,NXGL,2025-08-12,1468929,HIGH,,V19_V20_DEVELOPMENT,,DEVELOPMENT_OR_PRIOR_SEAL,1,2025-08-02,2025-08-17,0
FILING_PROXY_NXGL_20251211_8K,NXGL,2025-12-11,1468929,HIGH,,V19_V20_DEVELOPMENT,,DEVELOPMENT_OR_PRIOR_SEAL,1,2025-12-01,2025-12-16,0
FILING_PROXY_NXL_20250314_10K,NXL,2025-03-14,1527352,HIGH,,V19_V20_DEVELOPMENT,,DEVELOPMENT_OR_PRIOR_SEAL,1,2025-03-04,2025-03-19,1
FILING_PROXY_NXL_20250804_8K,NXL,2025-08-04,1527352,HIGH,,V19_V20_DEVELOPMENT,,DEVELOPMENT_OR_PRIOR_SEAL,1,2025-07-25,2025-08-09,0
FILING_PROXY_NXL_20251205_8K,NXL,2025-12-05,1527352,HIGH,,V19_V20_DEVELOPMENT,,DEVELOPMENT_OR_PRIOR_SEAL,1,2025-11-25,2025-12-10,0
FILING_PROXY_NXPI_20250220_10K,NXPI,2025-02-20,1413447,HIGH,,V19_V20_DEVELOPMENT,,DEVELOPMENT_OR_PRIOR_SEAL,1,2025-02-10,2025-02-25,1
FILING_PROXY_NXPL_20250626_8K,NXPL,2025-06-26,1058307,HIGH,,V19_V20_DEVELOPMENT,,DEVELOPMENT_OR_PRIOR_SEAL,1,2025-06-16,2025-07-01,1
FILING_PROXY_NXPL_20251209_8K,NXPL,2025-12-09,1058307,HIGH,,V19_V20_DEVELOPMENT,,DEVELOPMENT_OR_PRIOR_SEAL,1,2025-11-29,2025-12-14,0
FILING_PROXY_NXTC_20250306_10K,NXTC,2025-03-06,1661059,HIGH,,V19_V20_DEVELOPMENT,,DEVELOPMENT_OR_PRIOR_SEAL,1,2025-02-24,2025-03-11,1
FILING_PROXY_NXTC_20250807_8K,NXTC,2025-08-07,1661059,HIGH,,V19_V20_DEVELOPMENT,,DEVELOPMENT_OR_PRIOR_SEAL,1,2025-07-28,2025-08-12,0
FILING_PROXY_NXTC_20251219_8K,NXTC,2025-12-19,1661059,HIGH,,V19_V20_DEVELOPMENT,,DEVELOPMENT_OR_PRIOR_SEAL,1,2025-12-09,2025-12-24,0
FILING_PROXY_NXTS_20250331_10K,NXTS,2025-03-31,1789192,HIGH,,V19_V20_DEVELOPMENT,,DEVELOPMENT_OR_PRIOR_SEAL,1,2025-03-21,2025-04-05,1
FILING_PROXY_NXTS_20250818_8K,NXTS,2025-08-18,1789192,HIGH,,V19_V20_DEVELOPMENT,,DEVELOPMENT_OR_PRIOR_SEAL,1,2025-08-08,2025-08-23,0
FILING_PROXY_NXTT_20250811_8K,NXTT,2025-08-11,1784970,HIGH,,V19_V20_DEVELOPMENT,,DEVELOPMENT_OR_PRIOR_SEAL,1,2025-08-01,2025-08-16,0
FILING_PROXY_NXT_20250131_10Q,NXT,2025-01-31,1852131,HIGH,,V19_V20_DEVELOPMENT,,DEVELOPMENT_OR_PRIOR_SEAL,1,2025-01-21,2025-02-05,1
FILING_PROXY_NXT_20250618_8K,NXT,2025-06-18,1852131,HIGH,,V19_V20_DEVELOPMENT,,DEVELOPMENT_OR_PRIOR_SEAL,1,2025-06-08,2025-06-23,1
FILING_PROXY_NXT_20251112_8K,NXT,2025-11-12,1852131,HIGH,,V19_V20_DEVELOPMENT,,DEVELOPMENT_OR_PRIOR_SEAL,1,2025-11-02,2025-11-17,0
FILING_PROXY_NXXT_20241113_10Q,NXXT,2024-11-13,1817004,HIGH,,V19_V20_DEVELOPMENT,,DEVELOPMENT_OR_PRIOR_SEAL,1,2024-11-03,2024-11-18,1
FILING_PROXY_NYXH_20250818_6K,NYXH,2025-08-18,1857190,HIGH,,V19_V20_DEVELOPMENT,,DEVELOPMENT_OR_PRIOR_SEAL,1,2025-08-08,2025-08-23,0
FILING_PROXY_NYXH_20251219_6K,NYXH,2025-12-19,1857190,HIGH,,V19_V20_DEVELOPMENT,,DEVELOPMENT_OR_PRIOR_SEAL,1,2025-12-09,2025-12-24,0
FILING_PROXY_OABI_20241112_10Q,OABI,2024-11-12,1846253,HIGH,,V19_V20_DEVELOPMENT,,DEVELOPMENT_OR_PRIOR_SEAL,1,2024-11-02,2024-11-17,1
FILING_PROXY_OABI_20251104_8K,OABI,2025-11-04,1846253,HIGH,,V19_V20_DEVELOPMENT,,DEVELOPMENT_OR_PRIOR_SEAL,1,2025-10-25,2025-11-09,0
FILING_PROXY_OCC_20250310_10Q,OCC,2025-03-10,1000230,HIGH,,V19_V20_DEVELOPMENT,,DEVELOPMENT_OR_PRIOR_SEAL,1,2025-02-28,2025-03-15,1
FILING_PROXY_OCC_20250710_8K,OCC,2025-07-10,1000230,HIGH,,V19_V20_DEVELOPMENT,,DEVELOPMENT_OR_PRIOR_SEAL,1,2025-06-30,2025-07-15,0
FILING_PROXY_OCG_20251218_6K,OCG,2025-12-18,1776067,HIGH,,V19_V20_DEVELOPMENT,,DEVELOPMENT_OR_PRIOR_SEAL,1,2025-12-08,2025-12-23,0
FILING_PROXY_OCS_20250605_6K,OCS,2025-06-05,1953530,HIGH,,V19_V20_DEVELOPMENT,,DEVELOPMENT_OR_PRIOR_SEAL,1,2025-05-26,2025-06-10,1
FILING_PROXY_OCS_20251110_6K,OCS,2025-11-10,1953530,HIGH,,V19_V20_DEVELOPMENT,,DEVELOPMENT_OR_PRIOR_SEAL,1,2025-10-31,2025-11-15,0
FILING_PROXY_OCUL_20250805_8K,OCUL,2025-08-05,1393434,HIGH,,V19_V20_DEVELOPMENT,,DEVELOPMENT_OR_PRIOR_SEAL,1,2025-07-26,2025-08-10,0
FILING_PROXY_ODFL_20250730_8K,ODFL,2025-07-30,878927,HIGH,,V19_V20_DEVELOPMENT,,DEVELOPMENT_OR_PRIOR_SEAL,1,2025-07-20,2025-08-04,0
FILING_PROXY_ODFL_20251209_8K,ODFL,2025-12-09,878927,HIGH,,V19_V20_DEVELOPMENT,,DEVELOPMENT_OR_PRIOR_SEAL,1,2025-11-29,2025-12-14,0
FILING_PROXY_OESX_20250626_8K,OESX,2025-06-26,1409375,HIGH,,V19_V20_DEVELOPMENT,,DEVELOPMENT_OR_PRIOR_SEAL,1,2025-06-16,2025-07-01,1
FILING_PROXY_OESX_20251114_8K,OESX,2025-11-14,1409375,HIGH,,V19_V20_DEVELOPMENT,,DEVELOPMENT_OR_PRIOR_SEAL,1,2025-11-04,2025-11-19,0
FILING_PROXY_OFAL_20251217_6K,OFAL,2025-12-17,2036307,HIGH,,V19_V20_DEVELOPMENT,,DEVELOPMENT_OR_PRIOR_SEAL,1,2025-12-07,2025-12-22,0
FILING_PROXY_OFIX_20241107_10Q,OFIX,2024-11-07,884624,HIGH,,V19_V20_DEVELOPMENT,,DEVELOPMENT_OR_PRIOR_SEAL,1,2024-10-28,2024-11-12,1
FILING_PROXY_OFIX_20250620_8K,OFIX,2025-06-20,884624,HIGH,,V19_V20_DEVELOPMENT,,DEVELOPMENT_OR_PRIOR_SEAL,1,2025-06-10,2025-06-25,1
FILING_PROXY_OGGWZ_20250829_6K,OGGWZ,2025-08-29,1431852,HIGH,,V19_V20_DEVELOPMENT,,DEVELOPMENT_OR_PRIOR_SEAL,1,2025-08-19,2025-09-03,0
FILING_PROXY_OKTA_20250305_10K,OKTA,2025-03-05,1660134,HIGH,,V19_V20_DEVELOPMENT,,DEVELOPMENT_OR_PRIOR_SEAL,1,2025-02-23,2025-03-10,1
FILING_PROXY_OKTA_20250814_8K,OKTA,2025-08-14,1660134,HIGH,,V19_V20_DEVELOPMENT,,DEVELOPMENT_OR_PRIOR_SEAL,1,2025-08-04,2025-08-19,0
FILING_PROXY_OKTA_20251219_8K,OKTA,2025-12-19,1660134,HIGH,,V19_V20_DEVELOPMENT,,DEVELOPMENT_OR_PRIOR_SEAL,1,2025-12-09,2025-12-24,0
FILING_PROXY_OLB_20241230_8K,OLB,2024-12-30,1314196,HIGH,,V19_V20_DEVELOPMENT,,DEVELOPMENT_OR_PRIOR_SEAL,1,2024-12-20,2025-01-04,1
FILING_PROXY_OLB_20250819_10Q,OLB,2025-08-19,1314196,HIGH,,V19_V20_DEVELOPMENT,,DEVELOPMENT_OR_PRIOR_SEAL,1,2025-08-09,2025-08-24,0
FILING_PROXY_OLB_20251222_8K,OLB,2025-12-22,1314196,HIGH,,V19_V20_DEVELOPMENT,,DEVELOPMENT_OR_PRIOR_SEAL,1,2025-12-12,2025-12-27,0
FILING_PROXY_OLMA_20241112_10Q,OLMA,2024-11-12,1750284,HIGH,,V19_V20_DEVELOPMENT,,DEVELOPMENT_OR_PRIOR_SEAL,1,2024-11-02,2024-11-17,1
FILING_PROXY_OLMA_20250613_8K,OLMA,2025-06-13,1750284,HIGH,,V19_V20_DEVELOPMENT,,DEVELOPMENT_OR_PRIOR_SEAL,1,2025-06-03,2025-06-18,1
FILING_PROXY_OLMA_20251119_8K,OLMA,2025-11-19,1750284,HIGH,,V19_V20_DEVELOPMENT,,DEVELOPMENT_OR_PRIOR_SEAL,1,2025-11-09,2025-11-24,0
FILING_PROXY_OLOX_20250826_8K,OLOX,2025-08-26,1023994,HIGH,,V19_V20_DEVELOPMENT,,DEVELOPMENT_OR_PRIOR_SEAL,1,2025-08-16,2025-08-31,0
FILING_PROXY_OMER_20250331_10K,OMER,2025-03-31,1285819,HIGH,,V19_V20_DEVELOPMENT,,DEVELOPMENT_OR_PRIOR_SEAL,1,2025-03-21,2025-04-05,1
FILING_PROXY_OMER_20251229_8K,OMER,2025-12-29,1285819,HIGH,,V19_V20_DEVELOPMENT,,DEVELOPMENT_OR_PRIOR_SEAL,1,2025-12-19,2026-01-03,0
FILING_PROXY_OMEX_20251014_8K,OMEX,2025-10-14,798528,HIGH,,V19_V20_DEVELOPMENT,,DEVELOPMENT_OR_PRIOR_SEAL,1,2025-10-04,2025-10-19,0
FILING_PROXY_OMH_20250725_6K,OMH,2025-07-25,1944902,HIGH,,V19_V20_DEVELOPMENT,,DEVELOPMENT_OR_PRIOR_SEAL,1,2025-07-15,2025-07-30,0
FILING_PROXY_OMH_20251212_6K,OMH,2025-12-12,1944902,HIGH,,V19_V20_DEVELOPMENT,,DEVELOPMENT_OR_PRIOR_SEAL,1,2025-12-02,2025-12-17,0
FILING_PROXY_OM_20241107_10Q,OM,2024-11-07,1484612,HIGH,,V19_V20_DEVELOPMENT,,DEVELOPMENT_OR_PRIOR_SEAL,1,2024-10-28,2024-11-12,1
FILING_PROXY_OM_20250603_8K,OM,2025-06-03,1484612,HIGH,,V19_V20_DEVELOPMENT,,DEVELOPMENT_OR_PRIOR_SEAL,1,2025-05-24,2025-06-08,1
FILING_PROXY_OM_20251110_8K,OM,2025-11-10,1484612,HIGH,,V19_V20_DEVELOPMENT,,DEVELOPMENT_OR_PRIOR_SEAL,1,2025-10-31,2025-11-15,0
FILING_PROXY_ONCO_20241210_10Q,ONCO,2024-12-10,1782107,HIGH,,V19_V20_DEVELOPMENT,,DEVELOPMENT_OR_PRIOR_SEAL,1,2024-11-30,2024-12-15,1
FILING_PROXY_ONCO_20251210_8K,ONCO,2025-12-10,1782107,HIGH,,V19_V20_DEVELOPMENT,,DEVELOPMENT_OR_PRIOR_SEAL,1,2025-11-30,2025-12-15,0
FILING_PROXY_ONC_20250227_10K,ONC,2025-02-27,1651308,HIGH,,V19_V20_DEVELOPMENT,,DEVELOPMENT_OR_PRIOR_SEAL,1,2025-02-17,2025-03-04,1
FILING_PROXY_ONC_20251219_8K,ONC,2025-12-19,1651308,HIGH,,V19_V20_DEVELOPMENT,,DEVELOPMENT_OR_PRIOR_SEAL,1,2025-12-09,2025-12-24,0
FILING_PROXY_ONDS_20241112_10Q,ONDS,2024-11-12,1646188,HIGH,,V19_V20_DEVELOPMENT,,DEVELOPMENT_OR_PRIOR_SEAL,1,2024-11-02,2024-11-17,1
FILING_PROXY_ONDS_20250820_8K,ONDS,2025-08-20,1646188,HIGH,,V19_V20_DEVELOPMENT,,DEVELOPMENT_OR_PRIOR_SEAL,1,2025-08-10,2025-08-25,0
FILING_PROXY_ONEG_20251223_6K,ONEG,2025-12-23,2030834,HIGH,,V19_V20_DEVELOPMENT,,DEVELOPMENT_OR_PRIOR_SEAL,1,2025-12-13,2025-12-28,0
FILING_PROXY_ONFO_20241220_8K,ONFO,2024-12-20,1825452,HIGH,,V19_V20_DEVELOPMENT,,DEVELOPMENT_OR_PRIOR_SEAL,1,2024-12-10,2024-12-25,1
FILING_PROXY_ONFO_20251119_8K,ONFO,2025-11-19,1825452,HIGH,,V19_V20_DEVELOPMENT,,DEVELOPMENT_OR_PRIOR_SEAL,1,2025-11-09,2025-11-24,0
FILING_PROXY_ONMD_20251223_8K,ONMD,2025-12-23,1849380,HIGH,,V19_V20_DEVELOPMENT,,DEVELOPMENT_OR_PRIOR_SEAL,1,2025-12-13,2025-12-28,0
FILING_PROXY_ON_20241028_10Q,ON,2024-10-28,1097864,HIGH,,V19_V20_DEVELOPMENT,,DEVELOPMENT_OR_PRIOR_SEAL,1,2024-10-18,2024-11-02,1
FILING_PROXY_OPK_20241107_10Q,OPK,2024-11-07,944809,HIGH,,V19_V20_DEVELOPMENT,,DEVELOPMENT_OR_PRIOR_SEAL,1,2024-10-28,2024-11-12,1
FILING_PROXY_OPK_20251029_8K,OPK,2025-10-29,944809,HIGH,,V19_V20_DEVELOPMENT,,DEVELOPMENT_OR_PRIOR_SEAL,1,2025-10-19,2025-11-03,0
FILING_PROXY_OPTX_20250602_8K,OPTX,2025-06-02,1866816,HIGH,,V19_V20_DEVELOPMENT,,DEVELOPMENT_OR_PRIOR_SEAL,1,2025-05-23,2025-06-07,1
FILING_PROXY_ORBS_20250415_10K,ORBS,2025-04-15,1892492,HIGH,,V19_V20_DEVELOPMENT,,DEVELOPMENT_OR_PRIOR_SEAL,1,2025-04-05,2025-04-20,1
FILING_PROXY_ORBS_20250902_8K,ORBS,2025-09-02,1892492,HIGH,,V19_V20_DEVELOPMENT,,DEVELOPMENT_OR_PRIOR_SEAL,1,2025-08-23,2025-09-07,0
FILING_PROXY_ORBS_20251231_8K,ORBS,2025-12-31,1892492,HIGH,,V19_V20_DEVELOPMENT,,DEVELOPMENT_OR_PRIOR_SEAL,1,2025-12-21,2026-01-05,0
FILING_PROXY_ORGO_20250227_10K,ORGO,2025-02-27,1661181,HIGH,,V19_V20_DEVELOPMENT,,DEVELOPMENT_OR_PRIOR_SEAL,1,2025-02-17,2025-03-04,1
FILING_PROXY_ORGO_20250807_8K,ORGO,2025-08-07,1661181,HIGH,,V19_V20_DEVELOPMENT,,DEVELOPMENT_OR_PRIOR_SEAL,1,2025-07-28,2025-08-12,0
FILING_PROXY_ORGO_20251229_8K,ORGO,2025-12-29,1661181,HIGH,,V19_V20_DEVELOPMENT,,DEVELOPMENT_OR_PRIOR_SEAL,1,2025-12-19,2026-01-03,0
FILING_PROXY_ORIO_20251230_6K,ORIO,2025-12-30,1602842,HIGH,,V19_V20_DEVELOPMENT,,DEVELOPMENT_OR_PRIOR_SEAL,1,2025-12-20,2026-01-04,0
FILING_PROXY_ORRF_20250623_8K,ORRF,2025-06-23,826154,HIGH,,V19_V20_DEVELOPMENT,,DEVELOPMENT_OR_PRIOR_SEAL,1,2025-06-13,2025-06-28,1
FILING_PROXY_ORRF_20251022_8K,ORRF,2025-10-22,826154,HIGH,,V19_V20_DEVELOPMENT,,DEVELOPMENT_OR_PRIOR_SEAL,1,2025-10-12,2025-10-27,0
FILING_PROXY_OSRH_20241114_10Q,OSRH,2024-11-14,1840425,HIGH,,V19_V20_DEVELOPMENT,,DEVELOPMENT_OR_PRIOR_SEAL,1,2024-11-04,2024-11-19,1
FILING_PROXY_OSRH_20250725_8K,OSRH,2025-07-25,1840425,HIGH,,V19_V20_DEVELOPMENT,,DEVELOPMENT_OR_PRIOR_SEAL,1,2025-07-15,2025-07-30,0
FILING_PROXY_OSRH_20251125_8K,OSRH,2025-11-25,1840425,HIGH,,V19_V20_DEVELOPMENT,,DEVELOPMENT_OR_PRIOR_SEAL,1,2025-11-15,2025-11-30,0
FILING_PROXY_OTLK_20250214_10Q,OTLK,2025-02-14,1649989,HIGH,,V19_V20_DEVELOPMENT,,DEVELOPMENT_OR_PRIOR_SEAL,1,2025-02-04,2025-02-19,1
FILING_PROXY_OTLK_20251219_8K,OTLK,2025-12-19,1649989,HIGH,,V19_V20_DEVELOPMENT,,DEVELOPMENT_OR_PRIOR_SEAL,1,2025-12-09,2025-12-24,0
FILING_PROXY_OTLY_20250605_6K,OTLY,2025-06-05,1843586,HIGH,,V19_V20_DEVELOPMENT,,DEVELOPMENT_OR_PRIOR_SEAL,1,2025-05-26,2025-06-10,1
FILING_PROXY_OTLY_20251029_6K,OTLY,2025-10-29,1843586,HIGH,,V19_V20_DEVELOPMENT,,DEVELOPMENT_OR_PRIOR_SEAL,1,2025-10-19,2025-11-03,0
FILING_PROXY_OXBR_20250514_8K,OXBR,2025-05-14,1584831,HIGH,,V19_V20_DEVELOPMENT,,DEVELOPMENT_OR_PRIOR_SEAL,1,2025-05-04,2025-05-19,1
FILING_PROXY_PAMT_20241106_10Q,PAMT,2024-11-06,798287,HIGH,,V19_V20_DEVELOPMENT,,DEVELOPMENT_OR_PRIOR_SEAL,1,2024-10-27,2024-11-11,1
FILING_PROXY_PAMT_20250523_8K,PAMT,2025-05-23,798287,HIGH,,V19_V20_DEVELOPMENT,,DEVELOPMENT_OR_PRIOR_SEAL,1,2025-05-13,2025-05-28,1
FILING_PROXY_PAMT_20251031_8K,PAMT,2025-10-31,798287,HIGH,,V19_V20_DEVELOPMENT,,DEVELOPMENT_OR_PRIOR_SEAL,1,2025-10-21,2025-11-05,0
FILING_PROXY_PANW_20250214_10Q,PANW,2025-02-14,1327567,HIGH,,V19_V20_DEVELOPMENT,,DEVELOPMENT_OR_PRIOR_SEAL,1,2025-02-04,2025-02-19,1
FILING_PROXY_PANW_20250731_8K,PANW,2025-07-31,1327567,HIGH,,V19_V20_DEVELOPMENT,,DEVELOPMENT_OR_PRIOR_SEAL,1,2025-07-21,2025-08-05,0
FILING_PROXY_PAVM_20250814_8K,PAVM,2025-08-14,1624326,HIGH,,V19_V20_DEVELOPMENT,,DEVELOPMENT_OR_PRIOR_SEAL,1,2025-08-04,2025-08-19,0
FILING_PROXY_PAVM_20251230_8K,PAVM,2025-12-30,1624326,HIGH,,V19_V20_DEVELOPMENT,,DEVELOPMENT_OR_PRIOR_SEAL,1,2025-12-20,2026-01-04,0
FILING_PROXY_PAVS_20250630_6K,PAVS,2025-06-30,1751876,HIGH,,V19_V20_DEVELOPMENT,,DEVELOPMENT_OR_PRIOR_SEAL,1,2025-06-20,2025-07-05,1
FILING_PROXY_PAYS_20241106_10Q,PAYS,2024-11-06,1496443,HIGH,,V19_V20_DEVELOPMENT,,DEVELOPMENT_OR_PRIOR_SEAL,1,2024-10-27,2024-11-11,1
FILING_PROXY_PAYS_20251112_8K,PAYS,2025-11-12,1496443,HIGH,,V19_V20_DEVELOPMENT,,DEVELOPMENT_OR_PRIOR_SEAL,1,2025-11-02,2025-11-17,0
FILING_PROXY_PAYX_20241219_10Q,PAYX,2024-12-19,723531,HIGH,,V19_V20_DEVELOPMENT,,DEVELOPMENT_OR_PRIOR_SEAL,1,2024-12-09,2024-12-24,1
FILING_PROXY_PAYX_20251219_8K,PAYX,2025-12-19,723531,HIGH,,V19_V20_DEVELOPMENT,,DEVELOPMENT_OR_PRIOR_SEAL,1,2025-12-09,2025-12-24,0
FILING_PROXY_PBK_20250902_6K,PBK,2025-09-02,2011053,HIGH,,V19_V20_DEVELOPMENT,,DEVELOPMENT_OR_PRIOR_SEAL,1,2025-08-23,2025-09-07,0
FILING_PROXY_PBK_20251231_6K,PBK,2025-12-31,2011053,HIGH,,V19_V20_DEVELOPMENT,,DEVELOPMENT_OR_PRIOR_SEAL,1,2025-12-21,2026-01-05,0
FILING_PROXY_PBM_20250625_6K,PBM,2025-06-25,1985062,HIGH,,V19_V20_DEVELOPMENT,,DEVELOPMENT_OR_PRIOR_SEAL,1,2025-06-15,2025-06-30,1
FILING_PROXY_PCB_20241107_10Q,PCB,2024-11-07,1423869,HIGH,,V19_V20_DEVELOPMENT,,DEVELOPMENT_OR_PRIOR_SEAL,1,2024-10-28,2024-11-12,1
FILING_PROXY_PCB_20251023_8K,PCB,2025-10-23,1423869,HIGH,,V19_V20_DEVELOPMENT,,DEVELOPMENT_OR_PRIOR_SEAL,1,2025-10-13,2025-10-28,0
FILING_PROXY_PCLA_20251231_6K,PCLA,2025-12-31,2018462,HIGH,,V19_V20_DEVELOPMENT,,DEVELOPMENT_OR_PRIOR_SEAL,1,2025-12-21,2026-01-05,0
FILING_PROXY_PCSA_20250320_10K,PCSA,2025-03-20,1533743,HIGH,,V19_V20_DEVELOPMENT,,DEVELOPMENT_OR_PRIOR_SEAL,1,2025-03-10,2025-03-25,1
FILING_PROXY_PCSA_20250808_8K,PCSA,2025-08-08,1533743,HIGH,,V19_V20_DEVELOPMENT,,DEVELOPMENT_OR_PRIOR_SEAL,1,2025-07-29,2025-08-13,0
FILING_PROXY_PDC_20251230_6K,PDC,2025-12-30,1944399,HIGH,,V19_V20_DEVELOPMENT,,DEVELOPMENT_OR_PRIOR_SEAL,1,2025-12-20,2026-01-04,0
FILING_PROXY_PDD_20251219_6K,PDD,2025-12-19,1737806,HIGH,,V19_V20_DEVELOPMENT,,DEVELOPMENT_OR_PRIOR_SEAL,1,2025-12-09,2025-12-24,0
FILING_PROXY_PDSB_20241114_10Q,PDSB,2024-11-14,1472091,HIGH,,V19_V20_DEVELOPMENT,,DEVELOPMENT_OR_PRIOR_SEAL,1,2024-11-04,2024-11-19,1
FILING_PROXY_PDSB_20250710_8K,PDSB,2025-07-10,1472091,HIGH,,V19_V20_DEVELOPMENT,,DEVELOPMENT_OR_PRIOR_SEAL,1,2025-06-30,2025-07-15,0
FILING_PROXY_PDSB_20251209_8K,PDSB,2025-12-09,1472091,HIGH,,V19_V20_DEVELOPMENT,,DEVELOPMENT_OR_PRIOR_SEAL,1,2025-11-29,2025-12-14,0
FILING_PROXY_PENG_20250729_8K,PENG,2025-07-29,1616533,HIGH,,V19_V20_DEVELOPMENT,,DEVELOPMENT_OR_PRIOR_SEAL,1,2025-07-19,2025-08-03,0
FILING_PROXY_PENG_20251230_8K,PENG,2025-12-30,1616533,HIGH,,V19_V20_DEVELOPMENT,,DEVELOPMENT_OR_PRIOR_SEAL,1,2025-12-20,2026-01-04,0
FILING_PROXY_PENN_20250227_10K,PENN,2025-02-27,921738,HIGH,,V19_V20_DEVELOPMENT,,DEVELOPMENT_OR_PRIOR_SEAL,1,2025-02-17,2025-03-04,1
FILING_PROXY_PENN_20250807_8K,PENN,2025-08-07,921738,HIGH,,V19_V20_DEVELOPMENT,,DEVELOPMENT_OR_PRIOR_SEAL,1,2025-07-28,2025-08-12,0
FILING_PROXY_PENN_20251210_8K,PENN,2025-12-10,921738,HIGH,,V19_V20_DEVELOPMENT,,DEVELOPMENT_OR_PRIOR_SEAL,1,2025-11-30,2025-12-15,0
FILING_PROXY_PEPG_20250224_10K,PEPG,2025-02-24,1835597,HIGH,,V19_V20_DEVELOPMENT,,DEVELOPMENT_OR_PRIOR_SEAL,1,2025-02-14,2025-03-01,1
FILING_PROXY_PEPG_20250807_8K,PEPG,2025-08-07,1835597,HIGH,,V19_V20_DEVELOPMENT,,DEVELOPMENT_OR_PRIOR_SEAL,1,2025-07-28,2025-08-12,0
FILING_PROXY_PEPG_20251208_8K,PEPG,2025-12-08,1835597,HIGH,,V19_V20_DEVELOPMENT,,DEVELOPMENT_OR_PRIOR_SEAL,1,2025-11-28,2025-12-13,0
FILING_PROXY_PERI_20251218_6K,PERI,2025-12-18,1338940,HIGH,,V19_V20_DEVELOPMENT,,DEVELOPMENT_OR_PRIOR_SEAL,1,2025-12-08,2025-12-23,0
FILING_PROXY_PESI_20241113_10Q,PESI,2024-11-13,891532,HIGH,,V19_V20_DEVELOPMENT,,DEVELOPMENT_OR_PRIOR_SEAL,1,2024-11-03,2024-11-18,1
FILING_PROXY_PESI_20250421_8K,PESI,2025-04-21,891532,HIGH,,V19_V20_DEVELOPMENT,,DEVELOPMENT_OR_PRIOR_SEAL,1,2025-04-11,2025-04-26,1
FILING_PROXY_PESI_20251119_8K,PESI,2025-11-19,891532,HIGH,,V19_V20_DEVELOPMENT,,DEVELOPMENT_OR_PRIOR_SEAL,1,2025-11-09,2025-11-24,0
FILING_PROXY_PETZ_20241217_6K,PETZ,2024-12-17,1684425,HIGH,,V19_V20_DEVELOPMENT,,DEVELOPMENT_OR_PRIOR_SEAL,1,2024-12-07,2024-12-22,1
FILING_PROXY_PFAI_20251120_6K,PFAI,2025-11-20,2032755,HIGH,,V19_V20_DEVELOPMENT,,DEVELOPMENT_OR_PRIOR_SEAL,1,2025-11-10,2025-11-25,0
FILING_PROXY_PFIS_20250822_8K,PFIS,2025-08-22,1056943,HIGH,,V19_V20_DEVELOPMENT,,DEVELOPMENT_OR_PRIOR_SEAL,1,2025-08-12,2025-08-27,0
FILING_PROXY_PGY_20250312_10K,PGY,2025-03-12,1883085,HIGH,,V19_V20_DEVELOPMENT,,DEVELOPMENT_OR_PRIOR_SEAL,1,2025-03-02,2025-03-17,1
FILING_PROXY_PGY_20250807_8K,PGY,2025-08-07,1883085,HIGH,,V19_V20_DEVELOPMENT,,DEVELOPMENT_OR_PRIOR_SEAL,1,2025-07-28,2025-08-12,0
FILING_PROXY_PHAR_20250624_6K,PHAR,2025-06-24,1828316,HIGH,,V19_V20_DEVELOPMENT,,DEVELOPMENT_OR_PRIOR_SEAL,1,2025-06-14,2025-06-29,1
FILING_PROXY_PHAR_20251106_6K,PHAR,2025-11-06,1828316,HIGH,,V19_V20_DEVELOPMENT,,DEVELOPMENT_OR_PRIOR_SEAL,1,2025-10-27,2025-11-11,0
FILING_PROXY_PIII_20241112_10Q,PIII,2024-11-12,1832511,HIGH,,V19_V20_DEVELOPMENT,,DEVELOPMENT_OR_PRIOR_SEAL,1,2024-11-02,2024-11-17,1
FILING_PROXY_PIII_20250709_8K,PIII,2025-07-09,1832511,HIGH,,V19_V20_DEVELOPMENT,,DEVELOPMENT_OR_PRIOR_SEAL,1,2025-06-29,2025-07-14,0
FILING_PROXY_PIII_20251128_8K,PIII,2025-11-28,1832511,HIGH,,V19_V20_DEVELOPMENT,,DEVELOPMENT_OR_PRIOR_SEAL,1,2025-11-18,2025-12-03,0
FILING_PROXY_PLRX_20250303_10K,PLRX,2025-03-03,1746473,HIGH,,V19_V20_DEVELOPMENT,,DEVELOPMENT_OR_PRIOR_SEAL,1,2025-02-21,2025-03-08,1
FILING_PROXY_PLRX_20250807_8K,PLRX,2025-08-07,1746473,HIGH,,V19_V20_DEVELOPMENT,,DEVELOPMENT_OR_PRIOR_SEAL,1,2025-07-28,2025-08-12,0
FILING_PROXY_PLRZ_20250814_6K,PLRZ,2025-08-14,1893645,HIGH,,V19_V20_DEVELOPMENT,,DEVELOPMENT_OR_PRIOR_SEAL,1,2025-08-04,2025-08-19,0
FILING_PROXY_PLRZ_20251229_6K,PLRZ,2025-12-29,1893645,HIGH,,V19_V20_DEVELOPMENT,,DEVELOPMENT_OR_PRIOR_SEAL,1,2025-12-19,2026-01-03,0
FILING_PROXY_PLSE_20250331_10K,PLSE,2025-03-31,1625101,HIGH,,V19_V20_DEVELOPMENT,,DEVELOPMENT_OR_PRIOR_SEAL,1,2025-03-21,2025-04-05,1
FILING_PROXY_PLSE_20250812_8K,PLSE,2025-08-12,1625101,HIGH,,V19_V20_DEVELOPMENT,,DEVELOPMENT_OR_PRIOR_SEAL,1,2025-08-02,2025-08-17,0
FILING_PROXY_PLTR_20241105_10Q,PLTR,2024-11-05,1321655,HIGH,,V19_V20_DEVELOPMENT,,DEVELOPMENT_OR_PRIOR_SEAL,1,2024-10-26,2024-11-10,1
FILING_PROXY_PLTR_20250609_8K,PLTR,2025-06-09,1321655,HIGH,,V19_V20_DEVELOPMENT,,DEVELOPMENT_OR_PRIOR_SEAL,1,2025-05-30,2025-06-14,1
FILING_PROXY_PLTR_20251103_8K,PLTR,2025-11-03,1321655,HIGH,,V19_V20_DEVELOPMENT,,DEVELOPMENT_OR_PRIOR_SEAL,1,2025-10-24,2025-11-08,0
FILING_PROXY_PLUG_20250303_10K,PLUG,2025-03-03,1093691,HIGH,,V19_V20_DEVELOPMENT,,DEVELOPMENT_OR_PRIOR_SEAL,1,2025-02-21,2025-03-08,1
FILING_PROXY_PLUG_20250709_8K,PLUG,2025-07-09,1093691,HIGH,,V19_V20_DEVELOPMENT,,DEVELOPMENT_OR_PRIOR_SEAL,1,2025-06-29,2025-07-14,0
FILING_PROXY_PLUG_20251205_8K,PLUG,2025-12-05,1093691,HIGH,,V19_V20_DEVELOPMENT,,DEVELOPMENT_OR_PRIOR_SEAL,1,2025-11-25,2025-12-10,0
FILING_PROXY_PLUR_20250211_10Q,PLUR,2025-02-11,1158780,HIGH,,V19_V20_DEVELOPMENT,,DEVELOPMENT_OR_PRIOR_SEAL,1,2025-02-01,2025-02-16,1
FILING_PROXY_PLUR_20250703_8K,PLUR,2025-07-03,1158780,HIGH,,V19_V20_DEVELOPMENT,,DEVELOPMENT_OR_PRIOR_SEAL,1,2025-06-23,2025-07-08,0
FILING_PROXY_PLUR_20251209_8K,PLUR,2025-12-09,1158780,HIGH,,V19_V20_DEVELOPMENT,,DEVELOPMENT_OR_PRIOR_SEAL,1,2025-11-29,2025-12-14,0
FILING_PROXY_PMCB_20241213_10Q,PMCB,2024-12-13,1157075,HIGH,,V19_V20_DEVELOPMENT,,DEVELOPMENT_OR_PRIOR_SEAL,1,2024-12-03,2024-12-18,1
FILING_PROXY_PMCB_20250424_8K,PMCB,2025-04-24,1157075,HIGH,,V19_V20_DEVELOPMENT,,DEVELOPMENT_OR_PRIOR_SEAL,1,2025-04-14,2025-04-29,1
FILING_PROXY_PMCB_20251205_8K,PMCB,2025-12-05,1157075,HIGH,,V19_V20_DEVELOPMENT,,DEVELOPMENT_OR_PRIOR_SEAL,1,2025-11-25,2025-12-10,0
FILING_PROXY_PMEC_20250724_6K,PMEC,2025-07-24,1891944,HIGH,,V19_V20_DEVELOPMENT,,DEVELOPMENT_OR_PRIOR_SEAL,1,2025-07-14,2025-07-29,0
FILING_PROXY_POCI_20241114_10Q,POCI,2024-11-14,867840,HIGH,,V19_V20_DEVELOPMENT,,DEVELOPMENT_OR_PRIOR_SEAL,1,2024-11-04,2024-11-19,1
FILING_PROXY_POCI_20250603_8K,POCI,2025-06-03,867840,HIGH,,V19_V20_DEVELOPMENT,,DEVELOPMENT_OR_PRIOR_SEAL,1,2025-05-24,2025-06-08,1
FILING_PROXY_PODC_20250214_10Q,PODC,2025-02-14,1940177,HIGH,,V19_V20_DEVELOPMENT,,DEVELOPMENT_OR_PRIOR_SEAL,1,2025-02-04,2025-02-19,1
FILING_PROXY_PODC_20250702_8K,PODC,2025-07-02,1940177,HIGH,,V19_V20_DEVELOPMENT,,DEVELOPMENT_OR_PRIOR_SEAL,1,2025-06-22,2025-07-07,0
FILING_PROXY_PODC_20251126_8K,PODC,2025-11-26,1940177,HIGH,,V19_V20_DEVELOPMENT,,DEVELOPMENT_OR_PRIOR_SEAL,1,2025-11-16,2025-12-01,0
FILING_PROXY_PODD_20250221_10K,PODD,2025-02-21,1145197,HIGH,,V19_V20_DEVELOPMENT,,DEVELOPMENT_OR_PRIOR_SEAL,1,2025-02-11,2025-02-26,1
FILING_PROXY_POWWP_20250808_8K,POWWP,2025-08-08,1015383,HIGH,,V19_V20_DEVELOPMENT,,DEVELOPMENT_OR_PRIOR_SEAL,1,2025-07-29,2025-08-13,0
FILING_PROXY_PPBT_20250806_6K,PPBT,2025-08-06,1614744,HIGH,,V19_V20_DEVELOPMENT,,DEVELOPMENT_OR_PRIOR_SEAL,1,2025-07-27,2025-08-11,0
FILING_PROXY_PPBT_20251216_6K,PPBT,2025-12-16,1614744,HIGH,,V19_V20_DEVELOPMENT,,DEVELOPMENT_OR_PRIOR_SEAL,1,2025-12-06,2025-12-21,0
FILING_PROXY_PPTA_20250714_8K,PPTA,2025-07-14,1526243,HIGH,,V19_V20_DEVELOPMENT,,DEVELOPMENT_OR_PRIOR_SEAL,1,2025-07-04,2025-07-19,0
FILING_PROXY_PPTA_20251222_8K,PPTA,2025-12-22,1526243,HIGH,,V19_V20_DEVELOPMENT,,DEVELOPMENT_OR_PRIOR_SEAL,1,2025-12-12,2025-12-27,0
FILING_PROXY_PRAA_20241108_10Q,PRAA,2024-11-08,1185348,HIGH,,V19_V20_DEVELOPMENT,,DEVELOPMENT_OR_PRIOR_SEAL,1,2024-10-29,2024-11-13,1
FILING_PROXY_PRAA_20250624_8K,PRAA,2025-06-24,1185348,HIGH,,V19_V20_DEVELOPMENT,,DEVELOPMENT_OR_PRIOR_SEAL,1,2025-06-14,2025-06-29,1
FILING_PROXY_PRAA_20251103_8K,PRAA,2025-11-03,1185348,HIGH,,V19_V20_DEVELOPMENT,,DEVELOPMENT_OR_PRIOR_SEAL,1,2025-10-24,2025-11-08,0
FILING_PROXY_PRE_20250822_6K,PRE,2025-08-22,1876431,HIGH,,V19_V20_DEVELOPMENT,,DEVELOPMENT_OR_PRIOR_SEAL,1,2025-08-12,2025-08-27,0
FILING_PROXY_PRE_20251230_6K,PRE,2025-12-30,1876431,HIGH,,V19_V20_DEVELOPMENT,,DEVELOPMENT_OR_PRIOR_SEAL,1,2025-12-20,2026-01-04,0
FILING_PROXY_PRFX_20250819_6K,PRFX,2025-08-19,1801834,HIGH,,V19_V20_DEVELOPMENT,,DEVELOPMENT_OR_PRIOR_SEAL,1,2025-08-09,2025-08-24,0
FILING_PROXY_PRFX_20251230_6K,PRFX,2025-12-30,1801834,HIGH,,V19_V20_DEVELOPMENT,,DEVELOPMENT_OR_PRIOR_SEAL,1,2025-12-20,2026-01-04,0
FILING_PROXY_PRHI_20250328_10K,PRHI,2025-03-28,1502292,HIGH,,V19_V20_DEVELOPMENT,,DEVELOPMENT_OR_PRIOR_SEAL,1,2025-03-18,2025-04-02,1
FILING_PROXY_PRHI_20250818_8K,PRHI,2025-08-18,1502292,HIGH,,V19_V20_DEVELOPMENT,,DEVELOPMENT_OR_PRIOR_SEAL,1,2025-08-08,2025-08-23,0
FILING_PROXY_PRHI_20251230_8K,PRHI,2025-12-30,1502292,HIGH,,V19_V20_DEVELOPMENT,,DEVELOPMENT_OR_PRIOR_SEAL,1,2025-12-20,2026-01-04,0
FILING_PROXY_PRLD_20241106_10Q,PRLD,2024-11-06,1678660,HIGH,,V19_V20_DEVELOPMENT,,DEVELOPMENT_OR_PRIOR_SEAL,1,2024-10-27,2024-11-11,1
FILING_PROXY_PRLD_20250613_8K,PRLD,2025-06-13,1678660,HIGH,,V19_V20_DEVELOPMENT,,DEVELOPMENT_OR_PRIOR_SEAL,1,2025-06-03,2025-06-18,1
FILING_PROXY_PRLD_20251112_8K,PRLD,2025-11-12,1678660,HIGH,,V19_V20_DEVELOPMENT,,DEVELOPMENT_OR_PRIOR_SEAL,1,2025-11-02,2025-11-17,0
FILING_PROXY_PROF_20251231_8K,PROF,2025-12-31,1628808,HIGH,,V19_V20_DEVELOPMENT,,DEVELOPMENT_OR_PRIOR_SEAL,1,2025-12-21,2026-01-05,0
FILING_PROXY_PRPL_20250611_8K,PRPL,2025-06-11,1643953,HIGH,,V19_V20_DEVELOPMENT,,DEVELOPMENT_OR_PRIOR_SEAL,1,2025-06-01,2025-06-16,1
FILING_PROXY_PRPL_20251106_8K,PRPL,2025-11-06,1643953,HIGH,,V19_V20_DEVELOPMENT,,DEVELOPMENT_OR_PRIOR_SEAL,1,2025-10-27,2025-11-11,0
FILING_PROXY_PRPO_20250818_8K,PRPO,2025-08-18,1043961,HIGH,,V19_V20_DEVELOPMENT,,DEVELOPMENT_OR_PRIOR_SEAL,1,2025-08-08,2025-08-23,0
FILING_PROXY_PRPO_20251229_8K,PRPO,2025-12-29,1043961,HIGH,,V19_V20_DEVELOPMENT,,DEVELOPMENT_OR_PRIOR_SEAL,1,2025-12-19,2026-01-03,0
FILING_PROXY_PRSO_20250819_8K,PRSO,2025-08-19,890394,HIGH,,V19_V20_DEVELOPMENT,,DEVELOPMENT_OR_PRIOR_SEAL,1,2025-08-09,2025-08-24,0
FILING_PROXY_PRSO_20251223_8K,PRSO,2025-12-23,890394,HIGH,,V19_V20_DEVELOPMENT,,DEVELOPMENT_OR_PRIOR_SEAL,1,2025-12-13,2025-12-28,0
FILING_PROXY_PRTS_20250326_10K,PRTS,2025-03-26,1378950,HIGH,,V19_V20_DEVELOPMENT,,DEVELOPMENT_OR_PRIOR_SEAL,1,2025-03-16,2025-03-31,1
FILING_PROXY_PRTS_20250812_8K,PRTS,2025-08-12,1378950,HIGH,,V19_V20_DEVELOPMENT,,DEVELOPMENT_OR_PRIOR_SEAL,1,2025-08-02,2025-08-17,0
FILING_PROXY_PRTS_20251215_8K,PRTS,2025-12-15,1378950,HIGH,,V19_V20_DEVELOPMENT,,DEVELOPMENT_OR_PRIOR_SEAL,1,2025-12-05,2025-12-20,0
FILING_PROXY_PRZO_20251215_6K,PRZO,2025-12-15,1916241,HIGH,,V19_V20_DEVELOPMENT,,DEVELOPMENT_OR_PRIOR_SEAL,1,2025-12-05,2025-12-20,0
FILING_PROXY_PSIG_20250725_6K,PSIG,2025-07-25,1997201,HIGH,,V19_V20_DEVELOPMENT,,DEVELOPMENT_OR_PRIOR_SEAL,1,2025-07-15,2025-07-30,0
FILING_PROXY_PSIG_20251126_6K,PSIG,2025-11-26,1997201,HIGH,,V19_V20_DEVELOPMENT,,DEVELOPMENT_OR_PRIOR_SEAL,1,2025-11-16,2025-12-01,0
FILING_PROXY_PSIX_20251106_8K,PSIX,2025-11-06,1137091,HIGH,,V19_V20_DEVELOPMENT,,DEVELOPMENT_OR_PRIOR_SEAL,1,2025-10-27,2025-11-11,0
FILING_PROXY_PSMT_20250509_8K,PSMT,2025-05-09,1041803,HIGH,,V19_V20_DEVELOPMENT,,DEVELOPMENT_OR_PRIOR_SEAL,1,2025-04-29,2025-05-14,1
FILING_PROXY_PSMT_20251030_8K,PSMT,2025-10-30,1041803,HIGH,,V19_V20_DEVELOPMENT,,DEVELOPMENT_OR_PRIOR_SEAL,1,2025-10-20,2025-11-04,0
FILING_PROXY_PSNY_20251219_6K,PSNY,2025-12-19,1884082,HIGH,,V19_V20_DEVELOPMENT,,DEVELOPMENT_OR_PRIOR_SEAL,1,2025-12-09,2025-12-24,0
FILING_PROXY_PTON_20250206_10Q,PTON,2025-02-06,1639825,HIGH,,V19_V20_DEVELOPMENT,,DEVELOPMENT_OR_PRIOR_SEAL,1,2025-01-27,2025-02-11,1
FILING_PROXY_PULM_20250806_8K,PULM,2025-08-06,1574235,HIGH,,V19_V20_DEVELOPMENT,,DEVELOPMENT_OR_PRIOR_SEAL,1,2025-07-27,2025-08-11,0
FILING_PROXY_PULM_20251218_8K,PULM,2025-12-18,1574235,HIGH,,V19_V20_DEVELOPMENT,,DEVELOPMENT_OR_PRIOR_SEAL,1,2025-12-08,2025-12-23,0
FILING_PROXY_PUSA_20250924_8K,PUSA,2025-09-24,2009312,HIGH,,V19_V20_DEVELOPMENT,,DEVELOPMENT_OR_PRIOR_SEAL,1,2025-09-14,2025-09-29,0
FILING_PROXY_PWCM_20250331_10K,PWCM,2025-03-31,1640384,HIGH,,V19_V20_DEVELOPMENT,,DEVELOPMENT_OR_PRIOR_SEAL,1,2025-03-21,2025-04-05,1
FILING_PROXY_PWCM_20250819_8K,PWCM,2025-08-19,1640384,HIGH,,V19_V20_DEVELOPMENT,,DEVELOPMENT_OR_PRIOR_SEAL,1,2025-08-09,2025-08-24,0
FILING_PROXY_PWCM_20251222_8K,PWCM,2025-12-22,1640384,HIGH,,V19_V20_DEVELOPMENT,,DEVELOPMENT_OR_PRIOR_SEAL,1,2025-12-12,2025-12-27,0
FILING_PROXY_PYPL_20250204_10K,PYPL,2025-02-04,1633917,HIGH,,V19_V20_DEVELOPMENT,,DEVELOPMENT_OR_PRIOR_SEAL,1,2025-01-25,2025-02-09,1
FILING_PROXY_PYPL_20251117_8K,PYPL,2025-11-17,1633917,HIGH,,V19_V20_DEVELOPMENT,,DEVELOPMENT_OR_PRIOR_SEAL,1,2025-11-07,2025-11-22,0
FILING_PROXY_PYXS_20250318_10K,PYXS,2025-03-18,1782223,HIGH,,V19_V20_DEVELOPMENT,,DEVELOPMENT_OR_PRIOR_SEAL,1,2025-03-08,2025-03-23,1
FILING_PROXY_PYXS_20250814_8K,PYXS,2025-08-14,1782223,HIGH,,V19_V20_DEVELOPMENT,,DEVELOPMENT_OR_PRIOR_SEAL,1,2025-08-04,2025-08-19,0
FILING_PROXY_PYXS_20251218_8K,PYXS,2025-12-18,1782223,HIGH,,V19_V20_DEVELOPMENT,,DEVELOPMENT_OR_PRIOR_SEAL,1,2025-12-08,2025-12-23,0
FILING_PROXY_QCLS_20241114_10Q,QCLS,2024-11-14,1321834,HIGH,,V19_V20_DEVELOPMENT,,DEVELOPMENT_OR_PRIOR_SEAL,1,2024-11-04,2024-11-19,1
FILING_PROXY_QCLS_20250606_8K,QCLS,2025-06-06,1321834,HIGH,,V19_V20_DEVELOPMENT,,DEVELOPMENT_OR_PRIOR_SEAL,1,2025-05-27,2025-06-11,1
FILING_PROXY_QCOM_20250205_10Q,QCOM,2025-02-05,804328,HIGH,,V19_V20_DEVELOPMENT,,DEVELOPMENT_OR_PRIOR_SEAL,1,2025-01-26,2025-02-10,1
FILING_PROXY_QCOM_20250730_8K,QCOM,2025-07-30,804328,HIGH,,V19_V20_DEVELOPMENT,,DEVELOPMENT_OR_PRIOR_SEAL,1,2025-07-20,2025-08-04,0
FILING_PROXY_QDEL_20241108_10Q,QDEL,2024-11-08,1906324,HIGH,,V19_V20_DEVELOPMENT,,DEVELOPMENT_OR_PRIOR_SEAL,1,2024-10-29,2024-11-13,1
FILING_PROXY_QDEL_20250527_8K,QDEL,2025-05-27,1906324,HIGH,,V19_V20_DEVELOPMENT,,DEVELOPMENT_OR_PRIOR_SEAL,1,2025-05-17,2025-06-01,1
FILING_PROXY_QDEL_20251110_8K,QDEL,2025-11-10,1906324,HIGH,,V19_V20_DEVELOPMENT,,DEVELOPMENT_OR_PRIOR_SEAL,1,2025-10-31,2025-11-15,0
FILING_PROXY_QNRX_20241108_10Q,QNRX,2024-11-08,1671502,HIGH,,V19_V20_DEVELOPMENT,,DEVELOPMENT_OR_PRIOR_SEAL,1,2024-10-29,2024-11-13,1
FILING_PROXY_QNRX_20251117_8K,QNRX,2025-11-17,1671502,HIGH,,V19_V20_DEVELOPMENT,,DEVELOPMENT_OR_PRIOR_SEAL,1,2025-11-07,2025-11-22,0
FILING_PROXY_QNST_20241108_10Q,QNST,2024-11-08,1117297,HIGH,,V19_V20_DEVELOPMENT,,DEVELOPMENT_OR_PRIOR_SEAL,1,2024-10-29,2024-11-13,1
FILING_PROXY_QNST_20250507_8K,QNST,2025-05-07,1117297,HIGH,,V19_V20_DEVELOPMENT,,DEVELOPMENT_OR_PRIOR_SEAL,1,2025-04-27,2025-05-12,1
FILING_PROXY_QNTM_20250821_6K,QNTM,2025-08-21,1771885,HIGH,,V19_V20_DEVELOPMENT,,DEVELOPMENT_OR_PRIOR_SEAL,1,2025-08-11,2025-08-26,0
FILING_PROXY_QNTM_20251223_6K,QNTM,2025-12-23,1771885,HIGH,,V19_V20_DEVELOPMENT,,DEVELOPMENT_OR_PRIOR_SEAL,1,2025-12-13,2025-12-28,0
FILING_PROXY_QRHC_20250312_10K,QRHC,2025-03-12,1442236,HIGH,,V19_V20_DEVELOPMENT,,DEVELOPMENT_OR_PRIOR_SEAL,1,2025-03-02,2025-03-17,1
FILING_PROXY_QSI_20250303_10K,QSI,2025-03-03,1816431,HIGH,,V19_V20_DEVELOPMENT,,DEVELOPMENT_OR_PRIOR_SEAL,1,2025-02-21,2025-03-08,1
FILING_PROXY_QSI_20251229_8K,QSI,2025-12-29,1816431,HIGH,,V19_V20_DEVELOPMENT,,DEVELOPMENT_OR_PRIOR_SEAL,1,2025-12-19,2026-01-03,0
FILING_PROXY_QTEX_20250902_6K,QTEX,2025-09-02,1837493,HIGH,,V19_V20_DEVELOPMENT,,DEVELOPMENT_OR_PRIOR_SEAL,1,2025-08-23,2025-09-07,0
FILING_PROXY_QTEX_20251231_6K,QTEX,2025-12-31,1837493,HIGH,,V19_V20_DEVELOPMENT,,DEVELOPMENT_OR_PRIOR_SEAL,1,2025-12-21,2026-01-05,0
FILING_PROXY_QTTB_20250311_10K,QTTB,2025-03-11,1661998,HIGH,,V19_V20_DEVELOPMENT,,DEVELOPMENT_OR_PRIOR_SEAL,1,2025-03-01,2025-03-16,1
FILING_PROXY_QTTB_20251219_8K,QTTB,2025-12-19,1661998,HIGH,,V19_V20_DEVELOPMENT,,DEVELOPMENT_OR_PRIOR_SEAL,1,2025-12-09,2025-12-24,0
FILING_PROXY_QUBT_20250625_8K,QUBT,2025-06-25,1758009,HIGH,,V19_V20_DEVELOPMENT,,DEVELOPMENT_OR_PRIOR_SEAL,1,2025-06-15,2025-06-30,1
FILING_PROXY_QUBT_20251217_8K,QUBT,2025-12-17,1758009,HIGH,,V19_V20_DEVELOPMENT,,DEVELOPMENT_OR_PRIOR_SEAL,1,2025-12-07,2025-12-22,0
FILING_PROXY_QUIK_20241113_10Q,QUIK,2024-11-13,882508,HIGH,,V19_V20_DEVELOPMENT,,DEVELOPMENT_OR_PRIOR_SEAL,1,2024-11-03,2024-11-18,1
FILING_PROXY_QURE_20250729_8K,QURE,2025-07-29,1590560,HIGH,,V19_V20_DEVELOPMENT,,DEVELOPMENT_OR_PRIOR_SEAL,1,2025-07-19,2025-08-03,0
FILING_PROXY_QXL_20251215_8K,QXL,2025-12-15,797542,HIGH,,V19_V20_DEVELOPMENT,,DEVELOPMENT_OR_PRIOR_SEAL,1,2025-12-05,2025-12-20,0
FILING_PROXY_RADX_20250821_6K,RADX,2025-08-21,1949257,HIGH,,V19_V20_DEVELOPMENT,,DEVELOPMENT_OR_PRIOR_SEAL,1,2025-08-11,2025-08-26,0
FILING_PROXY_RADX_20251219_6K,RADX,2025-12-19,1949257,HIGH,,V19_V20_DEVELOPMENT,,DEVELOPMENT_OR_PRIOR_SEAL,1,2025-12-09,2025-12-24,0
FILING_PROXY_RAIN_20250822_8K,RAIN,2025-08-22,2028293,HIGH,,V19_V20_DEVELOPMENT,,DEVELOPMENT_OR_PRIOR_SEAL,1,2025-08-12,2025-08-27,0
FILING_PROXY_RANI_20241114_10Q,RANI,2024-11-14,1856725,HIGH,,V19_V20_DEVELOPMENT,,DEVELOPMENT_OR_PRIOR_SEAL,1,2024-11-04,2024-11-19,1
FILING_PROXY_RANI_20250626_8K,RANI,2025-06-26,1856725,HIGH,,V19_V20_DEVELOPMENT,,DEVELOPMENT_OR_PRIOR_SEAL,1,2025-06-16,2025-07-01,1
FILING_PROXY_RANI_20251106_8K,RANI,2025-11-06,1856725,HIGH,,V19_V20_DEVELOPMENT,,DEVELOPMENT_OR_PRIOR_SEAL,1,2025-10-27,2025-11-11,0
FILING_PROXY_RAPT_20250306_10K,RAPT,2025-03-06,1673772,HIGH,,V19_V20_DEVELOPMENT,,DEVELOPMENT_OR_PRIOR_SEAL,1,2025-02-24,2025-03-11,1
FILING_PROXY_RAPT_20250708_8K,RAPT,2025-07-08,1673772,HIGH,,V19_V20_DEVELOPMENT,,DEVELOPMENT_OR_PRIOR_SEAL,1,2025-06-28,2025-07-13,0
FILING_PROXY_RAPT_20251128_8K,RAPT,2025-11-28,1673772,HIGH,,V19_V20_DEVELOPMENT,,DEVELOPMENT_OR_PRIOR_SEAL,1,2025-11-18,2025-12-03,0
FILING_PROXY_RAVE_20250508_8K,RAVE,2025-05-08,718332,HIGH,,V19_V20_DEVELOPMENT,,DEVELOPMENT_OR_PRIOR_SEAL,1,2025-04-28,2025-05-13,1
FILING_PROXY_RAYA_20250804_6K,RAYA,2025-08-04,1825875,HIGH,,V19_V20_DEVELOPMENT,,DEVELOPMENT_OR_PRIOR_SEAL,1,2025-07-25,2025-08-09,0
FILING_PROXY_RAYA_20251202_6K,RAYA,2025-12-02,1825875,HIGH,,V19_V20_DEVELOPMENT,,DEVELOPMENT_OR_PRIOR_SEAL,1,2025-11-22,2025-12-07,0
FILING_PROXY_RAY_20250703_6K,RAY,2025-07-03,1948443,HIGH,,V19_V20_DEVELOPMENT,,DEVELOPMENT_OR_PRIOR_SEAL,1,2025-06-23,2025-07-08,0
FILING_PROXY_RAY_20251229_6K,RAY,2025-12-29,1948443,HIGH,,V19_V20_DEVELOPMENT,,DEVELOPMENT_OR_PRIOR_SEAL,1,2025-12-19,2026-01-03,0
FILING_PROXY_RBB_20241108_10Q,RBB,2024-11-08,1499422,HIGH,,V19_V20_DEVELOPMENT,,DEVELOPMENT_OR_PRIOR_SEAL,1,2024-10-29,2024-11-13,1
FILING_PROXY_RBB_20250529_8K,RBB,2025-05-29,1499422,HIGH,,V19_V20_DEVELOPMENT,,DEVELOPMENT_OR_PRIOR_SEAL,1,2025-05-19,2025-06-03,1
FILING_PROXY_RBLX_20250218_10K,RBLX,2025-02-18,1315098,HIGH,,V19_V20_DEVELOPMENT,,DEVELOPMENT_OR_PRIOR_SEAL,1,2025-02-08,2025-02-23,1
FILING_PROXY_RBLX_20250701_8K,RBLX,2025-07-01,1315098,HIGH,,V19_V20_DEVELOPMENT,,DEVELOPMENT_OR_PRIOR_SEAL,1,2025-06-21,2025-07-06,0
FILING_PROXY_RBRK_20241212_10Q,RBRK,2024-12-12,1943896,HIGH,,V19_V20_DEVELOPMENT,,DEVELOPMENT_OR_PRIOR_SEAL,1,2024-12-02,2024-12-17,1
FILING_PROXY_RBRK_20250627_8K,RBRK,2025-06-27,1943896,HIGH,,V19_V20_DEVELOPMENT,,DEVELOPMENT_OR_PRIOR_SEAL,1,2025-06-17,2025-07-02,1
FILING_PROXY_RBRK_20251204_8K,RBRK,2025-12-04,1943896,HIGH,,V19_V20_DEVELOPMENT,,DEVELOPMENT_OR_PRIOR_SEAL,1,2025-11-24,2025-12-09,0
FILING_PROXY_RCEL_20250605_8K,RCEL,2025-06-05,1762303,HIGH,,V19_V20_DEVELOPMENT,,DEVELOPMENT_OR_PRIOR_SEAL,1,2025-05-26,2025-06-10,1
FILING_PROXY_RCEL_20251106_8K,RCEL,2025-11-06,1762303,HIGH,,V19_V20_DEVELOPMENT,,DEVELOPMENT_OR_PRIOR_SEAL,1,2025-10-27,2025-11-11,0
FILING_PROXY_RCI_20250620_6K,RCI,2025-06-20,733099,HIGH,,V19_V20_DEVELOPMENT,,DEVELOPMENT_OR_PRIOR_SEAL,1,2025-06-10,2025-06-25,1
FILING_PROXY_RCI_20251023_6K,RCI,2025-10-23,733099,HIGH,,V19_V20_DEVELOPMENT,,DEVELOPMENT_OR_PRIOR_SEAL,1,2025-10-13,2025-10-28,0
FILING_PROXY_RCKT_20250618_8K,RCKT,2025-06-18,1281895,HIGH,,V19_V20_DEVELOPMENT,,DEVELOPMENT_OR_PRIOR_SEAL,1,2025-06-08,2025-06-23,1
FILING_PROXY_RCKT_20251106_8K,RCKT,2025-11-06,1281895,HIGH,,V19_V20_DEVELOPMENT,,DEVELOPMENT_OR_PRIOR_SEAL,1,2025-10-27,2025-11-11,0
FILING_PROXY_RCKY_20251028_8K,RCKY,2025-10-28,895456,HIGH,,V19_V20_DEVELOPMENT,,DEVELOPMENT_OR_PRIOR_SEAL,1,2025-10-18,2025-11-02,0
FILING_PROXY_RCL_20250214_10K,RCL,2025-02-14,884887,HIGH,,V19_V20_DEVELOPMENT,,DEVELOPMENT_OR_PRIOR_SEAL,1,2025-02-04,2025-02-19,1
FILING_PROXY_RCL_20250627_8K,RCL,2025-06-27,884887,HIGH,,V19_V20_DEVELOPMENT,,DEVELOPMENT_OR_PRIOR_SEAL,1,2025-06-17,2025-07-02,1
FILING_PROXY_RCMT_20250807_8K,RCMT,2025-08-07,700841,HIGH,,V19_V20_DEVELOPMENT,,DEVELOPMENT_OR_PRIOR_SEAL,1,2025-07-28,2025-08-12,0
FILING_PROXY_RCON_20250519_6K,RCON,2025-05-19,1442620,HIGH,,V19_V20_DEVELOPMENT,,DEVELOPMENT_OR_PRIOR_SEAL,1,2025-05-09,2025-05-24,1
FILING_PROXY_RCON_20251230_6K,RCON,2025-12-30,1442620,HIGH,,V19_V20_DEVELOPMENT,,DEVELOPMENT_OR_PRIOR_SEAL,1,2025-12-20,2026-01-04,0
FILING_PROXY_RCT_20251211_6K,RCT,2025-12-11,2027360,HIGH,,V19_V20_DEVELOPMENT,,DEVELOPMENT_OR_PRIOR_SEAL,1,2025-12-01,2025-12-16,0
FILING_PROXY_RCUS_20250225_10K,RCUS,2025-02-25,1724521,HIGH,,V19_V20_DEVELOPMENT,,DEVELOPMENT_OR_PRIOR_SEAL,1,2025-02-15,2025-03-02,1
FILING_PROXY_RCUS_20250806_8K,RCUS,2025-08-06,1724521,HIGH,,V19_V20_DEVELOPMENT,,DEVELOPMENT_OR_PRIOR_SEAL,1,2025-07-27,2025-08-11,0
FILING_PROXY_RCUS_20251218_8K,RCUS,2025-12-18,1724521,HIGH,,V19_V20_DEVELOPMENT,,DEVELOPMENT_OR_PRIOR_SEAL,1,2025-12-08,2025-12-23,0
FILING_PROXY_RDCM_20250514_6K,RDCM,2025-05-14,1016838,HIGH,,V19_V20_DEVELOPMENT,,DEVELOPMENT_OR_PRIOR_SEAL,1,2025-05-04,2025-05-19,1
FILING_PROXY_RDCM_20251203_6K,RDCM,2025-12-03,1016838,HIGH,,V19_V20_DEVELOPMENT,,DEVELOPMENT_OR_PRIOR_SEAL,1,2025-11-23,2025-12-08,0
FILING_PROXY_RDDT_20250213_10K,RDDT,2025-02-13,1713445,HIGH,,V19_V20_DEVELOPMENT,,DEVELOPMENT_OR_PRIOR_SEAL,1,2025-02-03,2025-02-18,1
FILING_PROXY_RDDT_20250702_8K,RDDT,2025-07-02,1713445,HIGH,,V19_V20_DEVELOPMENT,,DEVELOPMENT_OR_PRIOR_SEAL,1,2025-06-22,2025-07-07,0
FILING_PROXY_RDDT_20251030_8K,RDDT,2025-10-30,1713445,HIGH,,V19_V20_DEVELOPMENT,,DEVELOPMENT_OR_PRIOR_SEAL,1,2025-10-20,2025-11-04,0
FILING_PROXY_RDGT_20250728_6K,RDGT,2025-07-28,1856084,HIGH,,V19_V20_DEVELOPMENT,,DEVELOPMENT_OR_PRIOR_SEAL,1,2025-07-18,2025-08-02,0
FILING_PROXY_RDGT_20251230_6K,RDGT,2025-12-30,1856084,HIGH,,V19_V20_DEVELOPMENT,,DEVELOPMENT_OR_PRIOR_SEAL,1,2025-12-20,2026-01-04,0
FILING_PROXY_RDHL_20251231_6K,RDHL,2025-12-31,1553846,HIGH,,V19_V20_DEVELOPMENT,,DEVELOPMENT_OR_PRIOR_SEAL,1,2025-12-21,2026-01-05,0
FILING_PROXY_RDIB_20241114_10Q,RDIB,2024-11-14,716634,HIGH,,V19_V20_DEVELOPMENT,,DEVELOPMENT_OR_PRIOR_SEAL,1,2024-11-04,2024-11-19,1
FILING_PROXY_RDIB_20250516_8K,RDIB,2025-05-16,716634,HIGH,,V19_V20_DEVELOPMENT,,DEVELOPMENT_OR_PRIOR_SEAL,1,2025-05-06,2025-05-21,1
FILING_PROXY_RDIB_20251210_8K,RDIB,2025-12-10,716634,HIGH,,V19_V20_DEVELOPMENT,,DEVELOPMENT_OR_PRIOR_SEAL,1,2025-11-30,2025-12-15,0
FILING_PROXY_RDZN_20250212_10Q,RDZN,2025-02-12,1868640,HIGH,,V19_V20_DEVELOPMENT,,DEVELOPMENT_OR_PRIOR_SEAL,1,2025-02-02,2025-02-17,1
FILING_PROXY_RDZN_20250626_8K,RDZN,2025-06-26,1868640,HIGH,,V19_V20_DEVELOPMENT,,DEVELOPMENT_OR_PRIOR_SEAL,1,2025-06-16,2025-07-01,1
FILING_PROXY_RDZN_20251120_8K,RDZN,2025-11-20,1868640,HIGH,,V19_V20_DEVELOPMENT,,DEVELOPMENT_OR_PRIOR_SEAL,1,2025-11-10,2025-11-25,0
FILING_PROXY_REBN_20250801_8K,REBN,2025-08-01,1707910,HIGH,,V19_V20_DEVELOPMENT,,DEVELOPMENT_OR_PRIOR_SEAL,1,2025-07-22,2025-08-06,0
FILING_PROXY_REGCO_20251216_8K,REGCO,2025-12-16,910606,HIGH,,V19_V20_DEVELOPMENT,,DEVELOPMENT_OR_PRIOR_SEAL,1,2025-12-06,2025-12-21,0
FILING_PROXY_REGN_20250205_10K,REGN,2025-02-05,872589,HIGH,,V19_V20_DEVELOPMENT,,DEVELOPMENT_OR_PRIOR_SEAL,1,2025-01-26,2025-02-10,1
FILING_PROXY_REKR_20250331_10K,REKR,2025-03-31,1697851,HIGH,,V19_V20_DEVELOPMENT,,DEVELOPMENT_OR_PRIOR_SEAL,1,2025-03-21,2025-04-05,1
FILING_PROXY_REKR_20250812_8K,REKR,2025-08-12,1697851,HIGH,,V19_V20_DEVELOPMENT,,DEVELOPMENT_OR_PRIOR_SEAL,1,2025-08-02,2025-08-17,0
FILING_PROXY_RELL_20241010_10Q,RELL,2024-10-10,355948,HIGH,,V19_V20_DEVELOPMENT,,DEVELOPMENT_OR_PRIOR_SEAL,1,2024-09-30,2024-10-15,1
FILING_PROXY_RELL_20250409_8K,RELL,2025-04-09,355948,HIGH,,V19_V20_DEVELOPMENT,,DEVELOPMENT_OR_PRIOR_SEAL,1,2025-03-30,2025-04-14,1
FILING_PROXY_RELL_20251008_8K,RELL,2025-10-08,355948,HIGH,,V19_V20_DEVELOPMENT,,DEVELOPMENT_OR_PRIOR_SEAL,1,2025-09-28,2025-10-13,0
FILING_PROXY_RENT_20251212_8K,RENT,2025-12-12,1468327,HIGH,,V19_V20_DEVELOPMENT,,DEVELOPMENT_OR_PRIOR_SEAL,1,2025-12-02,2025-12-17,0
FILING_PROXY_RENX_20250331_10K,RENX,2025-03-31,1959023,HIGH,,V19_V20_DEVELOPMENT,,DEVELOPMENT_OR_PRIOR_SEAL,1,2025-03-21,2025-04-05,1
FILING_PROXY_RENX_20250818_8K,RENX,2025-08-18,1959023,HIGH,,V19_V20_DEVELOPMENT,,DEVELOPMENT_OR_PRIOR_SEAL,1,2025-08-08,2025-08-23,0
FILING_PROXY_RENX_20251222_8K,RENX,2025-12-22,1959023,HIGH,,V19_V20_DEVELOPMENT,,DEVELOPMENT_OR_PRIOR_SEAL,1,2025-12-12,2025-12-27,0
FILING_PROXY_RETO_20250623_6K,RETO,2025-06-23,1687277,HIGH,,V19_V20_DEVELOPMENT,,DEVELOPMENT_OR_PRIOR_SEAL,1,2025-06-13,2025-06-28,1
FILING_PROXY_RETO_20251229_6K,RETO,2025-12-29,1687277,HIGH,,V19_V20_DEVELOPMENT,,DEVELOPMENT_OR_PRIOR_SEAL,1,2025-12-19,2026-01-03,0
FILING_PROXY_REVB_20251203_8K,REVB,2025-12-03,1810560,HIGH,,V19_V20_DEVELOPMENT,,DEVELOPMENT_OR_PRIOR_SEAL,1,2025-11-23,2025-12-08,0
FILING_PROXY_RFIL_20250121_10K,RFIL,2025-01-21,740664,HIGH,,V19_V20_DEVELOPMENT,,DEVELOPMENT_OR_PRIOR_SEAL,1,2025-01-11,2025-01-26,1
FILING_PROXY_RFIL_20250616_8K,RFIL,2025-06-16,740664,HIGH,,V19_V20_DEVELOPMENT,,DEVELOPMENT_OR_PRIOR_SEAL,1,2025-06-06,2025-06-21,1
FILING_PROXY_RFIL_20251106_8K,RFIL,2025-11-06,740664,HIGH,,V19_V20_DEVELOPMENT,,DEVELOPMENT_OR_PRIOR_SEAL,1,2025-10-27,2025-11-11,0
FILING_PROXY_RFL_20251211_8K,RFL,2025-12-11,1713863,HIGH,,V19_V20_DEVELOPMENT,,DEVELOPMENT_OR_PRIOR_SEAL,1,2025-12-01,2025-12-16,0
FILING_PROXY_RF_20241105_10Q,RF,2024-11-05,1281761,HIGH,,V19_V20_DEVELOPMENT,,DEVELOPMENT_OR_PRIOR_SEAL,1,2024-10-26,2024-11-10,1
FILING_PROXY_RGCO_20250519_8K,RGCO,2025-05-19,1069533,HIGH,,V19_V20_DEVELOPMENT,,DEVELOPMENT_OR_PRIOR_SEAL,1,2025-05-09,2025-05-24,1
FILING_PROXY_RGP_20250102_10Q,RGP,2025-01-02,1084765,HIGH,,V19_V20_DEVELOPMENT,,DEVELOPMENT_OR_PRIOR_SEAL,1,2024-12-23,2025-01-07,1
FILING_PROXY_RGP_20251103_8K,RGP,2025-11-03,1084765,HIGH,,V19_V20_DEVELOPMENT,,DEVELOPMENT_OR_PRIOR_SEAL,1,2025-10-24,2025-11-08,0
FILING_PROXY_RGTI_20241112_10Q,RGTI,2024-11-12,1838359,HIGH,,V19_V20_DEVELOPMENT,,DEVELOPMENT_OR_PRIOR_SEAL,1,2024-11-02,2024-11-17,1
FILING_PROXY_RGTI_20250611_8K,RGTI,2025-06-11,1838359,HIGH,,V19_V20_DEVELOPMENT,,DEVELOPMENT_OR_PRIOR_SEAL,1,2025-06-01,2025-06-16,1
FILING_PROXY_RGTI_20251110_8K,RGTI,2025-11-10,1838359,HIGH,,V19_V20_DEVELOPMENT,,DEVELOPMENT_OR_PRIOR_SEAL,1,2025-10-31,2025-11-15,0
FILING_PROXY_RHI_20251022_8K,RHI,2025-10-22,315213,HIGH,,V19_V20_DEVELOPMENT,,DEVELOPMENT_OR_PRIOR_SEAL,1,2025-10-12,2025-10-27,0
FILING_PROXY_RILYL_20250221_10Q,RILYL,2025-02-21,1464790,HIGH,,V19_V20_DEVELOPMENT,,DEVELOPMENT_OR_PRIOR_SEAL,1,2025-02-11,2025-02-26,1
FILING_PROXY_RILYL_20251215_8K,RILYL,2025-12-15,1464790,HIGH,,V19_V20_DEVELOPMENT,,DEVELOPMENT_OR_PRIOR_SEAL,1,2025-12-05,2025-12-20,0
FILING_PROXY_RILY_20251215_8K,RILY,2025-12-15,1464790,HIGH,,V19_V20_DEVELOPMENT,,DEVELOPMENT_OR_PRIOR_SEAL,1,2025-12-05,2025-12-20,0
FILING_PROXY_RIME_20250415_10K,RIME,2025-04-15,923601,HIGH,,V19_V20_DEVELOPMENT,,DEVELOPMENT_OR_PRIOR_SEAL,1,2025-04-05,2025-04-20,1
FILING_PROXY_RIME_20250827_8K,RIME,2025-08-27,923601,HIGH,,V19_V20_DEVELOPMENT,,DEVELOPMENT_OR_PRIOR_SEAL,1,2025-08-17,2025-09-01,0
FILING_PROXY_RIME_20251229_8K,RIME,2025-12-29,923601,HIGH,,V19_V20_DEVELOPMENT,,DEVELOPMENT_OR_PRIOR_SEAL,1,2025-12-19,2026-01-03,0
FILING_PROXY_RIOT_20250228_10K,RIOT,2025-02-28,1167419,HIGH,,V19_V20_DEVELOPMENT,,DEVELOPMENT_OR_PRIOR_SEAL,1,2025-02-18,2025-03-05,1
FILING_PROXY_RIOT_20250731_8K,RIOT,2025-07-31,1167419,HIGH,,V19_V20_DEVELOPMENT,,DEVELOPMENT_OR_PRIOR_SEAL,1,2025-07-21,2025-08-05,0
FILING_PROXY_RIVN_20250805_8K,RIVN,2025-08-05,1874178,HIGH,,V19_V20_DEVELOPMENT,,DEVELOPMENT_OR_PRIOR_SEAL,1,2025-07-26,2025-08-10,0
FILING_PROXY_RKDA_20250829_8K,RKDA,2025-08-29,1469443,HIGH,,V19_V20_DEVELOPMENT,,DEVELOPMENT_OR_PRIOR_SEAL,1,2025-08-19,2025-09-03,0
FILING_PROXY_RKDA_20251229_8K,RKDA,2025-12-29,1469443,HIGH,,V19_V20_DEVELOPMENT,,DEVELOPMENT_OR_PRIOR_SEAL,1,2025-12-19,2026-01-03,0
FILING_PROXY_RKTO_20241112_10Q,RKTO,2024-11-12,1711786,HIGH,,V19_V20_DEVELOPMENT,,DEVELOPMENT_OR_PRIOR_SEAL,1,2024-11-02,2024-11-17,1
FILING_PROXY_RKTO_20250609_8K,RKTO,2025-06-09,1711786,HIGH,,V19_V20_DEVELOPMENT,,DEVELOPMENT_OR_PRIOR_SEAL,1,2025-05-30,2025-06-14,1
FILING_PROXY_RKTO_20251017_8K,RKTO,2025-10-17,1711786,HIGH,,V19_V20_DEVELOPMENT,,DEVELOPMENT_OR_PRIOR_SEAL,1,2025-10-07,2025-10-22,0
FILING_PROXY_RKT_20250820_8K,RKT,2025-08-20,1805284,HIGH,,V19_V20_DEVELOPMENT,,DEVELOPMENT_OR_PRIOR_SEAL,1,2025-08-10,2025-08-25,0
FILING_PROXY_RLI_20241023_10Q,RLI,2024-10-23,84246,HIGH,,V19_V20_DEVELOPMENT,,DEVELOPMENT_OR_PRIOR_SEAL,1,2024-10-13,2024-10-28,1
FILING_PROXY_RLMD_20250807_8K,RLMD,2025-08-07,1553643,HIGH,,V19_V20_DEVELOPMENT,,DEVELOPMENT_OR_PRIOR_SEAL,1,2025-07-28,2025-08-12,0
FILING_PROXY_RLMD_20251215_8K,RLMD,2025-12-15,1553643,HIGH,,V19_V20_DEVELOPMENT,,DEVELOPMENT_OR_PRIOR_SEAL,1,2025-12-05,2025-12-20,0
FILING_PROXY_RMAX_20241031_10Q,RMAX,2024-10-31,1581091,HIGH,,V19_V20_DEVELOPMENT,,DEVELOPMENT_OR_PRIOR_SEAL,1,2024-10-21,2024-11-05,1
FILING_PROXY_RMAX_20250617_8K,RMAX,2025-06-17,1581091,HIGH,,V19_V20_DEVELOPMENT,,DEVELOPMENT_OR_PRIOR_SEAL,1,2025-06-07,2025-06-22,1
FILING_PROXY_RMAX_20251030_8K,RMAX,2025-10-30,1581091,HIGH,,V19_V20_DEVELOPMENT,,DEVELOPMENT_OR_PRIOR_SEAL,1,2025-10-20,2025-11-04,0
FILING_PROXY_RMCF_20250115_10Q,RMCF,2025-01-15,1616262,HIGH,,V19_V20_DEVELOPMENT,,DEVELOPMENT_OR_PRIOR_SEAL,1,2025-01-05,2025-01-20,1
FILING_PROXY_RMCF_20250815_8K,RMCF,2025-08-15,1616262,HIGH,,V19_V20_DEVELOPMENT,,DEVELOPMENT_OR_PRIOR_SEAL,1,2025-08-05,2025-08-20,0
FILING_PROXY_RMCO_20250626_8K,RMCO,2025-06-26,1843656,HIGH,,V19_V20_DEVELOPMENT,,DEVELOPMENT_OR_PRIOR_SEAL,1,2025-06-16,2025-07-01,1
FILING_PROXY_RMCO_20251113_10Q,RMCO,2025-11-13,1843656,HIGH,,V19_V20_DEVELOPMENT,,DEVELOPMENT_OR_PRIOR_SEAL,1,2025-11-03,2025-11-18,0
FILING_PROXY_RMD_20241025_10Q,RMD,2024-10-25,943819,HIGH,,V19_V20_DEVELOPMENT,,DEVELOPMENT_OR_PRIOR_SEAL,1,2024-10-15,2024-10-30,1
FILING_PROXY_RMD_20250423_8K,RMD,2025-04-23,943819,HIGH,,V19_V20_DEVELOPMENT,,DEVELOPMENT_OR_PRIOR_SEAL,1,2025-04-13,2025-04-28,1
FILING_PROXY_RNAC_20250807_8K,RNAC,2025-08-07,1453687,HIGH,,V19_V20_DEVELOPMENT,,DEVELOPMENT_OR_PRIOR_SEAL,1,2025-07-28,2025-08-12,0
FILING_PROXY_RNAZ_20241114_10Q,RNAZ,2024-11-14,1829635,HIGH,,V19_V20_DEVELOPMENT,,DEVELOPMENT_OR_PRIOR_SEAL,1,2024-11-04,2024-11-19,1
FILING_PROXY_RNAZ_20250613_8K,RNAZ,2025-06-13,1829635,HIGH,,V19_V20_DEVELOPMENT,,DEVELOPMENT_OR_PRIOR_SEAL,1,2025-06-03,2025-06-18,1
FILING_PROXY_RNAZ_20251222_8K,RNAZ,2025-12-22,1829635,HIGH,,V19_V20_DEVELOPMENT,,DEVELOPMENT_OR_PRIOR_SEAL,1,2025-12-12,2025-12-27,0
FILING_PROXY_ROAD_20250207_10Q,ROAD,2025-02-07,1718227,HIGH,,V19_V20_DEVELOPMENT,,DEVELOPMENT_OR_PRIOR_SEAL,1,2025-01-28,2025-02-12,1
FILING_PROXY_ROCK_20250630_8K,ROCK,2025-06-30,912562,HIGH,,V19_V20_DEVELOPMENT,,DEVELOPMENT_OR_PRIOR_SEAL,1,2025-06-20,2025-07-05,1
FILING_PROXY_ROG_20241025_10Q,ROG,2024-10-25,84748,HIGH,,V19_V20_DEVELOPMENT,,DEVELOPMENT_OR_PRIOR_SEAL,1,2024-10-15,2024-10-30,1
FILING_PROXY_ROG_20250506_8K,ROG,2025-05-06,84748,HIGH,,V19_V20_DEVELOPMENT,,DEVELOPMENT_OR_PRIOR_SEAL,1,2025-04-26,2025-05-11,1
FILING_PROXY_ROIV_20250210_10Q,ROIV,2025-02-10,1635088,HIGH,,V19_V20_DEVELOPMENT,,DEVELOPMENT_OR_PRIOR_SEAL,1,2025-01-31,2025-02-15,1
FILING_PROXY_ROIV_20250811_8K,ROIV,2025-08-11,1635088,HIGH,,V19_V20_DEVELOPMENT,,DEVELOPMENT_OR_PRIOR_SEAL,1,2025-08-01,2025-08-16,0
FILING_PROXY_ROIV_20251211_8K,ROIV,2025-12-11,1635088,HIGH,,V19_V20_DEVELOPMENT,,DEVELOPMENT_OR_PRIOR_SEAL,1,2025-12-01,2025-12-16,0
FILING_PROXY_ROKU_20250612_8K,ROKU,2025-06-12,1428439,HIGH,,V19_V20_DEVELOPMENT,,DEVELOPMENT_OR_PRIOR_SEAL,1,2025-06-02,2025-06-17,1
FILING_PROXY_ROKU_20251030_8K,ROKU,2025-10-30,1428439,HIGH,,V19_V20_DEVELOPMENT,,DEVELOPMENT_OR_PRIOR_SEAL,1,2025-10-20,2025-11-04,0
FILING_PROXY_ROK_20251121_8K,ROK,2025-11-21,1024478,HIGH,,V19_V20_DEVELOPMENT,,DEVELOPMENT_OR_PRIOR_SEAL,1,2025-11-11,2025-11-26,0
FILING_PROXY_ROP_20241101_10Q,ROP,2024-11-01,882835,HIGH,,V19_V20_DEVELOPMENT,,DEVELOPMENT_OR_PRIOR_SEAL,1,2024-10-22,2024-11-06,1
FILING_PROXY_ROP_20251023_8K,ROP,2025-10-23,882835,HIGH,,V19_V20_DEVELOPMENT,,DEVELOPMENT_OR_PRIOR_SEAL,1,2025-10-13,2025-10-28,0
FILING_PROXY_ROST_20250630_8K,ROST,2025-06-30,745732,HIGH,,V19_V20_DEVELOPMENT,,DEVELOPMENT_OR_PRIOR_SEAL,1,2025-06-20,2025-07-05,1
FILING_PROXY_RPID_20241107_10Q,RPID,2024-11-07,1380106,HIGH,,V19_V20_DEVELOPMENT,,DEVELOPMENT_OR_PRIOR_SEAL,1,2024-10-28,2024-11-12,1
FILING_PROXY_RPID_20250617_8K,RPID,2025-06-17,1380106,HIGH,,V19_V20_DEVELOPMENT,,DEVELOPMENT_OR_PRIOR_SEAL,1,2025-06-07,2025-06-22,1
FILING_PROXY_RPID_20251107_8K,RPID,2025-11-07,1380106,HIGH,,V19_V20_DEVELOPMENT,,DEVELOPMENT_OR_PRIOR_SEAL,1,2025-10-28,2025-11-12,0
FILING_PROXY_RRBI_20250314_10K,RRBI,2025-03-14,1071236,HIGH,,V19_V20_DEVELOPMENT,,DEVELOPMENT_OR_PRIOR_SEAL,1,2025-03-04,2025-03-19,1
FILING_PROXY_RRBI_20250807_8K,RRBI,2025-08-07,1071236,HIGH,,V19_V20_DEVELOPMENT,,DEVELOPMENT_OR_PRIOR_SEAL,1,2025-07-28,2025-08-12,0
FILING_PROXY_RRBI_20251218_8K,RRBI,2025-12-18,1071236,HIGH,,V19_V20_DEVELOPMENT,,DEVELOPMENT_OR_PRIOR_SEAL,1,2025-12-08,2025-12-23,0
FILING_PROXY_RRC_20241022_10Q,RRC,2024-10-22,315852,HIGH,,V19_V20_DEVELOPMENT,,DEVELOPMENT_OR_PRIOR_SEAL,1,2024-10-12,2024-10-27,1
FILING_PROXY_RRC_20251029_8K,RRC,2025-10-29,315852,HIGH,,V19_V20_DEVELOPMENT,,DEVELOPMENT_OR_PRIOR_SEAL,1,2025-10-19,2025-11-03,0
FILING_PROXY_RRX_20250221_10K,RRX,2025-02-21,82811,HIGH,,V19_V20_DEVELOPMENT,,DEVELOPMENT_OR_PRIOR_SEAL,1,2025-02-11,2025-02-26,1
FILING_PROXY_RRX_20251125_8K,RRX,2025-11-25,82811,HIGH,,V19_V20_DEVELOPMENT,,DEVELOPMENT_OR_PRIOR_SEAL,1,2025-11-15,2025-11-30,0
FILING_PROXY_RSG_20241030_10Q,RSG,2024-10-30,1060391,HIGH,,V19_V20_DEVELOPMENT,,DEVELOPMENT_OR_PRIOR_SEAL,1,2024-10-20,2024-11-04,1
FILING_PROXY_RSG_20251030_8K,RSG,2025-10-30,1060391,HIGH,,V19_V20_DEVELOPMENT,,DEVELOPMENT_OR_PRIOR_SEAL,1,2025-10-20,2025-11-04,0
FILING_PROXY_RSSS_20250214_10Q,RSSS,2025-02-14,1386301,HIGH,,V19_V20_DEVELOPMENT,,DEVELOPMENT_OR_PRIOR_SEAL,1,2025-02-04,2025-02-19,1
FILING_PROXY_RSSS_20250703_8K,RSSS,2025-07-03,1386301,HIGH,,V19_V20_DEVELOPMENT,,DEVELOPMENT_OR_PRIOR_SEAL,1,2025-06-23,2025-07-08,0
FILING_PROXY_RSSS_20251211_8K,RSSS,2025-12-11,1386301,HIGH,,V19_V20_DEVELOPMENT,,DEVELOPMENT_OR_PRIOR_SEAL,1,2025-12-01,2025-12-16,0
FILING_PROXY_RTB_20250829_8K,RTB,2025-08-29,1419275,HIGH,,V19_V20_DEVELOPMENT,,DEVELOPMENT_OR_PRIOR_SEAL,1,2025-08-19,2025-09-03,0
FILING_PROXY_RTB_20251230_8K,RTB,2025-12-30,1419275,HIGH,,V19_V20_DEVELOPMENT,,DEVELOPMENT_OR_PRIOR_SEAL,1,2025-12-20,2026-01-04,0
FILING_PROXY_RUM_20241112_10Q,RUM,2024-11-12,1830081,HIGH,,V19_V20_DEVELOPMENT,,DEVELOPMENT_OR_PRIOR_SEAL,1,2024-11-02,2024-11-17,1
FILING_PROXY_RUM_20251110_8K,RUM,2025-11-10,1830081,HIGH,,V19_V20_DEVELOPMENT,,DEVELOPMENT_OR_PRIOR_SEAL,1,2025-10-31,2025-11-15,0
FILING_PROXY_RUSHA_20250224_10K,RUSHA,2025-02-24,1012019,HIGH,,V19_V20_DEVELOPMENT,,DEVELOPMENT_OR_PRIOR_SEAL,1,2025-02-14,2025-03-01,1
FILING_PROXY_RUSHA_20250730_8K,RUSHA,2025-07-30,1012019,HIGH,,V19_V20_DEVELOPMENT,,DEVELOPMENT_OR_PRIOR_SEAL,1,2025-07-20,2025-08-04,0
FILING_PROXY_RVMD_20250627_8K,RVMD,2025-06-27,1628171,HIGH,,V19_V20_DEVELOPMENT,,DEVELOPMENT_OR_PRIOR_SEAL,1,2025-06-17,2025-07-02,1
FILING_PROXY_RVSN_20250811_6K,RVSN,2025-08-11,1743905,HIGH,,V19_V20_DEVELOPMENT,,DEVELOPMENT_OR_PRIOR_SEAL,1,2025-08-01,2025-08-16,0
FILING_PROXY_RVSN_20251215_6K,RVSN,2025-12-15,1743905,HIGH,,V19_V20_DEVELOPMENT,,DEVELOPMENT_OR_PRIOR_SEAL,1,2025-12-05,2025-12-20,0
FILING_PROXY_RVTY_20241106_10Q,RVTY,2024-11-06,31791,HIGH,,V19_V20_DEVELOPMENT,,DEVELOPMENT_OR_PRIOR_SEAL,1,2024-10-27,2024-11-11,1
FILING_PROXY_RVTY_20250428_8K,RVTY,2025-04-28,31791,HIGH,,V19_V20_DEVELOPMENT,,DEVELOPMENT_OR_PRIOR_SEAL,1,2025-04-18,2025-05-03,1
FILING_PROXY_RVTY_20251027_8K,RVTY,2025-10-27,31791,HIGH,,V19_V20_DEVELOPMENT,,DEVELOPMENT_OR_PRIOR_SEAL,1,2025-10-17,2025-11-01,0
FILING_PROXY_RWT_20250730_8K,RWT,2025-07-30,930236,HIGH,,V19_V20_DEVELOPMENT,,DEVELOPMENT_OR_PRIOR_SEAL,1,2025-07-20,2025-08-04,0
FILING_PROXY_RXO_20241107_10Q,RXO,2024-11-07,1929561,HIGH,,V19_V20_DEVELOPMENT,,DEVELOPMENT_OR_PRIOR_SEAL,1,2024-10-28,2024-11-12,1
FILING_PROXY_RXO_20251106_8K,RXO,2025-11-06,1929561,HIGH,,V19_V20_DEVELOPMENT,,DEVELOPMENT_OR_PRIOR_SEAL,1,2025-10-27,2025-11-11,0
FILING_PROXY_RYAM_20250812_8K,RYAM,2025-08-12,1597672,HIGH,,V19_V20_DEVELOPMENT,,DEVELOPMENT_OR_PRIOR_SEAL,1,2025-08-02,2025-08-17,0
FILING_PROXY_RYAM_20251210_8K,RYAM,2025-12-10,1597672,HIGH,,V19_V20_DEVELOPMENT,,DEVELOPMENT_OR_PRIOR_SEAL,1,2025-11-30,2025-12-15,0
FILING_PROXY_RYM_20241114_10Q,RYM,2024-11-14,1800637,HIGH,,V19_V20_DEVELOPMENT,,DEVELOPMENT_OR_PRIOR_SEAL,1,2024-11-04,2024-11-19,1
FILING_PROXY_RYM_20251107_8K,RYM,2025-11-07,1800637,HIGH,,V19_V20_DEVELOPMENT,,DEVELOPMENT_OR_PRIOR_SEAL,1,2025-10-28,2025-11-12,0
FILING_PROXY_RZLT_20250212_10Q,RZLT,2025-02-12,1509261,HIGH,,V19_V20_DEVELOPMENT,,DEVELOPMENT_OR_PRIOR_SEAL,1,2025-02-02,2025-02-17,1
FILING_PROXY_RZLT_20250718_8K,RZLT,2025-07-18,1509261,HIGH,,V19_V20_DEVELOPMENT,,DEVELOPMENT_OR_PRIOR_SEAL,1,2025-07-08,2025-07-23,0
FILING_PROXY_SABR_20250220_10K,SABR,2025-02-20,1597033,HIGH,,V19_V20_DEVELOPMENT,,DEVELOPMENT_OR_PRIOR_SEAL,1,2025-02-10,2025-02-25,1
FILING_PROXY_SABR_20251223_8K,SABR,2025-12-23,1597033,HIGH,,V19_V20_DEVELOPMENT,,DEVELOPMENT_OR_PRIOR_SEAL,1,2025-12-13,2025-12-28,0
FILING_PROXY_SAFX_20251212_8K,SAFX,2025-12-12,2019793,HIGH,,V19_V20_DEVELOPMENT,,DEVELOPMENT_OR_PRIOR_SEAL,1,2025-12-02,2025-12-17,0
FILING_PROXY_SAGT_20251125_6K,SAGT,2025-11-25,2029138,HIGH,,V19_V20_DEVELOPMENT,,DEVELOPMENT_OR_PRIOR_SEAL,1,2025-11-15,2025-11-30,0
FILING_PROXY_SAIH_20250709_6K,SAIH,2025-07-09,1847075,HIGH,,V19_V20_DEVELOPMENT,,DEVELOPMENT_OR_PRIOR_SEAL,1,2025-06-29,2025-07-14,0
FILING_PROXY_SAIH_20251117_6K,SAIH,2025-11-17,1847075,HIGH,,V19_V20_DEVELOPMENT,,DEVELOPMENT_OR_PRIOR_SEAL,1,2025-11-07,2025-11-22,0
FILING_PROXY_SANA_20241108_10Q,SANA,2024-11-08,1770121,HIGH,,V19_V20_DEVELOPMENT,,DEVELOPMENT_OR_PRIOR_SEAL,1,2024-10-29,2024-11-13,1
FILING_PROXY_SANA_20250623_8K,SANA,2025-06-23,1770121,HIGH,,V19_V20_DEVELOPMENT,,DEVELOPMENT_OR_PRIOR_SEAL,1,2025-06-13,2025-06-28,1
FILING_PROXY_SANA_20251106_8K,SANA,2025-11-06,1770121,HIGH,,V19_V20_DEVELOPMENT,,DEVELOPMENT_OR_PRIOR_SEAL,1,2025-10-27,2025-11-11,0
FILING_PROXY_SA_20251218_6K,SA,2025-12-18,1231346,HIGH,,V19_V20_DEVELOPMENT,,DEVELOPMENT_OR_PRIOR_SEAL,1,2025-12-08,2025-12-23,0
FILING_PROXY_SBET_20250314_10K,SBET,2025-03-14,1981535,HIGH,,V19_V20_DEVELOPMENT,,DEVELOPMENT_OR_PRIOR_SEAL,1,2025-03-04,2025-03-19,1
FILING_PROXY_SBET_20250819_8K,SBET,2025-08-19,1981535,HIGH,,V19_V20_DEVELOPMENT,,DEVELOPMENT_OR_PRIOR_SEAL,1,2025-08-09,2025-08-24,0
FILING_PROXY_SBET_20251217_8K,SBET,2025-12-17,1981535,HIGH,,V19_V20_DEVELOPMENT,,DEVELOPMENT_OR_PRIOR_SEAL,1,2025-12-07,2025-12-22,0
FILING_PROXY_SBFM_20241105_10Q,SBFM,2024-11-05,1402328,HIGH,,V19_V20_DEVELOPMENT,,DEVELOPMENT_OR_PRIOR_SEAL,1,2024-10-26,2024-11-10,1
FILING_PROXY_SBFM_20250519_8K,SBFM,2025-05-19,1402328,HIGH,,V19_V20_DEVELOPMENT,,DEVELOPMENT_OR_PRIOR_SEAL,1,2025-05-09,2025-05-24,1
FILING_PROXY_SBFM_20251212_8K,SBFM,2025-12-12,1402328,HIGH,,V19_V20_DEVELOPMENT,,DEVELOPMENT_OR_PRIOR_SEAL,1,2025-12-02,2025-12-17,0
FILING_PROXY_SBUX_20250128_10Q,SBUX,2025-01-28,829224,HIGH,,V19_V20_DEVELOPMENT,,DEVELOPMENT_OR_PRIOR_SEAL,1,2025-01-18,2025-02-02,1
FILING_PROXY_SCKT_20241108_10Q,SCKT,2024-11-08,944075,HIGH,,V19_V20_DEVELOPMENT,,DEVELOPMENT_OR_PRIOR_SEAL,1,2024-10-29,2024-11-13,1
FILING_PROXY_SCKT_20250604_8K,SCKT,2025-06-04,944075,HIGH,,V19_V20_DEVELOPMENT,,DEVELOPMENT_OR_PRIOR_SEAL,1,2025-05-25,2025-06-09,1
FILING_PROXY_SCLX_20250331_10K,SCLX,2025-03-31,1820190,HIGH,,V19_V20_DEVELOPMENT,,DEVELOPMENT_OR_PRIOR_SEAL,1,2025-03-21,2025-04-05,1
FILING_PROXY_SCLX_20250821_8K,SCLX,2025-08-21,1820190,HIGH,,V19_V20_DEVELOPMENT,,DEVELOPMENT_OR_PRIOR_SEAL,1,2025-08-11,2025-08-26,0
FILING_PROXY_SCLX_20251230_8K,SCLX,2025-12-30,1820190,HIGH,,V19_V20_DEVELOPMENT,,DEVELOPMENT_OR_PRIOR_SEAL,1,2025-12-20,2026-01-04,0
FILING_PROXY_SCL_20250227_10K,SCL,2025-02-27,94049,HIGH,,V19_V20_DEVELOPMENT,,DEVELOPMENT_OR_PRIOR_SEAL,1,2025-02-17,2025-03-04,1
FILING_PROXY_SCNI_20230515_10Q,SCNI,2023-05-15,1611747,HIGH,,V19_V20_DEVELOPMENT,,DEVELOPMENT_OR_PRIOR_SEAL,1,2023-05-05,2023-05-20,1
FILING_PROXY_SCNI_20251223_6K,SCNI,2025-12-23,1611747,HIGH,,V19_V20_DEVELOPMENT,,DEVELOPMENT_OR_PRIOR_SEAL,1,2025-12-13,2025-12-28,0
FILING_PROXY_SCYX_20241106_8K,SCYX,2024-11-06,1178253,HIGH,,V19_V20_DEVELOPMENT,,DEVELOPMENT_OR_PRIOR_SEAL,1,2024-10-27,2024-11-11,1
FILING_PROXY_SCYX_20251015_8K,SCYX,2025-10-15,1178253,HIGH,,V19_V20_DEVELOPMENT,,DEVELOPMENT_OR_PRIOR_SEAL,1,2025-10-05,2025-10-20,0
FILING_PROXY_SDA_20250530_6K,SDA,2025-05-30,1936804,HIGH,,V19_V20_DEVELOPMENT,,DEVELOPMENT_OR_PRIOR_SEAL,1,2025-05-20,2025-06-04,1
FILING_PROXY_SDHC_20241112_10Q,SDHC,2024-11-12,1982518,HIGH,,V19_V20_DEVELOPMENT,,DEVELOPMENT_OR_PRIOR_SEAL,1,2024-11-02,2024-11-17,1
FILING_PROXY_SDHC_20250609_8K,SDHC,2025-06-09,1982518,HIGH,,V19_V20_DEVELOPMENT,,DEVELOPMENT_OR_PRIOR_SEAL,1,2025-05-30,2025-06-14,1
FILING_PROXY_SDOT_20250311_10K,SDOT,2025-03-11,1701756,HIGH,,V19_V20_DEVELOPMENT,,DEVELOPMENT_OR_PRIOR_SEAL,1,2025-03-01,2025-03-16,1
FILING_PROXY_SDOT_20250814_8K,SDOT,2025-08-14,1701756,HIGH,,V19_V20_DEVELOPMENT,,DEVELOPMENT_OR_PRIOR_SEAL,1,2025-08-04,2025-08-19,0
FILING_PROXY_SDST_20250626_8K,SDST,2025-06-26,1831979,HIGH,,V19_V20_DEVELOPMENT,,DEVELOPMENT_OR_PRIOR_SEAL,1,2025-06-16,2025-07-01,1
FILING_PROXY_SDST_20251231_8K,SDST,2025-12-31,1831979,HIGH,,V19_V20_DEVELOPMENT,,DEVELOPMENT_OR_PRIOR_SEAL,1,2025-12-21,2026-01-05,0
FILING_PROXY_SEAT_20250312_10K,SEAT,2025-03-12,1856031,HIGH,,V19_V20_DEVELOPMENT,,DEVELOPMENT_OR_PRIOR_SEAL,1,2025-03-02,2025-03-17,1
FILING_PROXY_SEAT_20250805_8K,SEAT,2025-08-05,1856031,HIGH,,V19_V20_DEVELOPMENT,,DEVELOPMENT_OR_PRIOR_SEAL,1,2025-07-26,2025-08-10,0
FILING_PROXY_SEED_20241223_6K,SEED,2024-12-23,1321851,HIGH,,V19_V20_DEVELOPMENT,,DEVELOPMENT_OR_PRIOR_SEAL,1,2024-12-13,2024-12-28,1
FILING_PROXY_SEED_20250930_6K,SEED,2025-09-30,1321851,HIGH,,V19_V20_DEVELOPMENT,,DEVELOPMENT_OR_PRIOR_SEAL,1,2025-09-20,2025-10-05,0
FILING_PROXY_SEER_20250303_10K,SEER,2025-03-03,1726445,HIGH,,V19_V20_DEVELOPMENT,,DEVELOPMENT_OR_PRIOR_SEAL,1,2025-02-21,2025-03-08,1
FILING_PROXY_SEER_20250806_8K,SEER,2025-08-06,1726445,HIGH,,V19_V20_DEVELOPMENT,,DEVELOPMENT_OR_PRIOR_SEAL,1,2025-07-27,2025-08-11,0
FILING_PROXY_SEGG_20241216_10Q,SEGG,2024-12-16,1673481,HIGH,,V19_V20_DEVELOPMENT,,DEVELOPMENT_OR_PRIOR_SEAL,1,2024-12-06,2024-12-21,1
FILING_PROXY_SEGG_20250722_8K,SEGG,2025-07-22,1673481,HIGH,,V19_V20_DEVELOPMENT,,DEVELOPMENT_OR_PRIOR_SEAL,1,2025-07-12,2025-07-27,0
FILING_PROXY_SELXF_20250612_6K,SELXF,2025-06-12,1990950,HIGH,,V19_V20_DEVELOPMENT,,DEVELOPMENT_OR_PRIOR_SEAL,1,2025-06-02,2025-06-17,1
FILING_PROXY_SELXF_20251112_6K,SELXF,2025-11-12,1990950,HIGH,,V19_V20_DEVELOPMENT,,DEVELOPMENT_OR_PRIOR_SEAL,1,2025-11-02,2025-11-17,0
FILING_PROXY_SENEB_20241230_8K,SENEB,2024-12-30,88948,HIGH,,V19_V20_DEVELOPMENT,,DEVELOPMENT_OR_PRIOR_SEAL,1,2024-12-20,2025-01-04,1
FILING_PROXY_SENEB_20250812_8K,SENEB,2025-08-12,88948,HIGH,,V19_V20_DEVELOPMENT,,DEVELOPMENT_OR_PRIOR_SEAL,1,2025-08-02,2025-08-17,0
FILING_PROXY_SENS_20241107_10Q,SENS,2024-11-07,1616543,HIGH,,V19_V20_DEVELOPMENT,,DEVELOPMENT_OR_PRIOR_SEAL,1,2024-10-28,2024-11-12,1
FILING_PROXY_SENS_20251105_8K,SENS,2025-11-05,1616543,HIGH,,V19_V20_DEVELOPMENT,,DEVELOPMENT_OR_PRIOR_SEAL,1,2025-10-26,2025-11-10,0
FILING_PROXY_SES_20241101_10Q,SES,2024-11-01,1819142,HIGH,,V19_V20_DEVELOPMENT,,DEVELOPMENT_OR_PRIOR_SEAL,1,2024-10-22,2024-11-06,1
FILING_PROXY_SES_20251107_8K,SES,2025-11-07,1819142,HIGH,,V19_V20_DEVELOPMENT,,DEVELOPMENT_OR_PRIOR_SEAL,1,2025-10-28,2025-11-12,0
FILING_PROXY_SE_20251117_6K,SE,2025-11-17,1703399,HIGH,,V19_V20_DEVELOPMENT,,DEVELOPMENT_OR_PRIOR_SEAL,1,2025-11-07,2025-11-22,0
FILING_PROXY_SFIX_20241211_10Q,SFIX,2024-12-11,1576942,HIGH,,V19_V20_DEVELOPMENT,,DEVELOPMENT_OR_PRIOR_SEAL,1,2024-12-01,2024-12-16,1
FILING_PROXY_SFIX_20250610_8K,SFIX,2025-06-10,1576942,HIGH,,V19_V20_DEVELOPMENT,,DEVELOPMENT_OR_PRIOR_SEAL,1,2025-05-31,2025-06-15,1
FILING_PROXY_SFIX_20251216_8K,SFIX,2025-12-16,1576942,HIGH,,V19_V20_DEVELOPMENT,,DEVELOPMENT_OR_PRIOR_SEAL,1,2025-12-06,2025-12-21,0
FILING_PROXY_SFST_20241101_10Q,SFST,2024-11-01,1090009,HIGH,,V19_V20_DEVELOPMENT,,DEVELOPMENT_OR_PRIOR_SEAL,1,2024-10-22,2024-11-06,1
FILING_PROXY_SFST_20250618_8K,SFST,2025-06-18,1090009,HIGH,,V19_V20_DEVELOPMENT,,DEVELOPMENT_OR_PRIOR_SEAL,1,2025-06-08,2025-06-23,1
FILING_PROXY_SFST_20251028_8K,SFST,2025-10-28,1090009,HIGH,,V19_V20_DEVELOPMENT,,DEVELOPMENT_OR_PRIOR_SEAL,1,2025-10-18,2025-11-02,0
FILING_PROXY_SFWL_20250827_6K,SFWL,2025-08-27,1863218,HIGH,,V19_V20_DEVELOPMENT,,DEVELOPMENT_OR_PRIOR_SEAL,1,2025-08-17,2025-09-01,0
FILING_PROXY_SGHT_20241107_10Q,SGHT,2024-11-07,1531177,HIGH,,V19_V20_DEVELOPMENT,,DEVELOPMENT_OR_PRIOR_SEAL,1,2024-10-28,2024-11-12,1
FILING_PROXY_SGHT_20251106_8K,SGHT,2025-11-06,1531177,HIGH,,V19_V20_DEVELOPMENT,,DEVELOPMENT_OR_PRIOR_SEAL,1,2025-10-27,2025-11-11,0
FILING_PROXY_SGLY_20250219_10Q,SGLY,2025-02-19,1422892,HIGH,,V19_V20_DEVELOPMENT,,DEVELOPMENT_OR_PRIOR_SEAL,1,2025-02-09,2025-02-24,1
FILING_PROXY_SGLY_20250701_8K,SGLY,2025-07-01,1422892,HIGH,,V19_V20_DEVELOPMENT,,DEVELOPMENT_OR_PRIOR_SEAL,1,2025-06-21,2025-07-06,0
FILING_PROXY_SGRP_20241114_10Q,SGRP,2024-11-14,1004989,HIGH,,V19_V20_DEVELOPMENT,,DEVELOPMENT_OR_PRIOR_SEAL,1,2024-11-04,2024-11-19,1
FILING_PROXY_SGRP_20250721_8K,SGRP,2025-07-21,1004989,HIGH,,V19_V20_DEVELOPMENT,,DEVELOPMENT_OR_PRIOR_SEAL,1,2025-07-11,2025-07-26,0
FILING_PROXY_SHFS_20241112_10Q,SHFS,2024-11-12,1854963,HIGH,,V19_V20_DEVELOPMENT,,DEVELOPMENT_OR_PRIOR_SEAL,1,2024-11-02,2024-11-17,1
FILING_PROXY_SHFS_20250711_8K,SHFS,2025-07-11,1854963,HIGH,,V19_V20_DEVELOPMENT,,DEVELOPMENT_OR_PRIOR_SEAL,1,2025-07-01,2025-07-16,0
FILING_PROXY_SHIM_20241112_10Q,SHIM,2024-11-12,1887944,HIGH,,V19_V20_DEVELOPMENT,,DEVELOPMENT_OR_PRIOR_SEAL,1,2024-11-02,2024-11-17,1
FILING_PROXY_SHIM_20250605_8K,SHIM,2025-06-05,1887944,HIGH,,V19_V20_DEVELOPMENT,,DEVELOPMENT_OR_PRIOR_SEAL,1,2025-05-26,2025-06-10,1
FILING_PROXY_SHIM_20251113_8K,SHIM,2025-11-13,1887944,HIGH,,V19_V20_DEVELOPMENT,,DEVELOPMENT_OR_PRIOR_SEAL,1,2025-11-03,2025-11-18,0
FILING_PROXY_SHMD_20250521_6K,SHMD,2025-05-21,1987240,HIGH,,V19_V20_DEVELOPMENT,,DEVELOPMENT_OR_PRIOR_SEAL,1,2025-05-11,2025-05-26,1
FILING_PROXY_SHOP_20250211_10K,SHOP,2025-02-11,1594805,HIGH,,V19_V20_DEVELOPMENT,,DEVELOPMENT_OR_PRIOR_SEAL,1,2025-02-01,2025-02-16,1
FILING_PROXY_SHOP_20250618_8K,SHOP,2025-06-18,1594805,HIGH,,V19_V20_DEVELOPMENT,,DEVELOPMENT_OR_PRIOR_SEAL,1,2025-06-08,2025-06-23,1
FILING_PROXY_SHPH_20250226_10K,SHPH,2025-02-26,1757499,HIGH,,V19_V20_DEVELOPMENT,,DEVELOPMENT_OR_PRIOR_SEAL,1,2025-02-16,2025-03-03,1
FILING_PROXY_SHPH_20250730_8K,SHPH,2025-07-30,1757499,HIGH,,V19_V20_DEVELOPMENT,,DEVELOPMENT_OR_PRIOR_SEAL,1,2025-07-20,2025-08-04,0
FILING_PROXY_SHPH_20251229_8K,SHPH,2025-12-29,1757499,HIGH,,V19_V20_DEVELOPMENT,,DEVELOPMENT_OR_PRIOR_SEAL,1,2025-12-19,2026-01-03,0
FILING_PROXY_SHW_20241022_10Q,SHW,2024-10-22,89800,HIGH,,V19_V20_DEVELOPMENT,,DEVELOPMENT_OR_PRIOR_SEAL,1,2024-10-12,2024-10-27,1
FILING_PROXY_SHW_20250429_8K,SHW,2025-04-29,89800,HIGH,,V19_V20_DEVELOPMENT,,DEVELOPMENT_OR_PRIOR_SEAL,1,2025-04-19,2025-05-04,1
FILING_PROXY_SIBN_20251110_8K,SIBN,2025-11-10,1459839,HIGH,,V19_V20_DEVELOPMENT,,DEVELOPMENT_OR_PRIOR_SEAL,1,2025-10-31,2025-11-15,0
FILING_PROXY_SIG_20250319_10K,SIG,2025-03-19,832988,HIGH,,V19_V20_DEVELOPMENT,,DEVELOPMENT_OR_PRIOR_SEAL,1,2025-03-09,2025-03-24,1
FILING_PROXY_SIG_20250731_8K,SIG,2025-07-31,832988,HIGH,,V19_V20_DEVELOPMENT,,DEVELOPMENT_OR_PRIOR_SEAL,1,2025-07-21,2025-08-05,0
FILING_PROXY_SIG_20251202_8K,SIG,2025-12-02,832988,HIGH,,V19_V20_DEVELOPMENT,,DEVELOPMENT_OR_PRIOR_SEAL,1,2025-11-22,2025-12-07,0
FILING_PROXY_SILO_20250328_10K,SILO,2025-03-28,1514183,HIGH,,V19_V20_DEVELOPMENT,,DEVELOPMENT_OR_PRIOR_SEAL,1,2025-03-18,2025-04-02,1
FILING_PROXY_SITE_20241030_10Q,SITE,2024-10-30,1650729,HIGH,,V19_V20_DEVELOPMENT,,DEVELOPMENT_OR_PRIOR_SEAL,1,2024-10-20,2024-11-04,1
FILING_PROXY_SITE_20251029_8K,SITE,2025-10-29,1650729,HIGH,,V19_V20_DEVELOPMENT,,DEVELOPMENT_OR_PRIOR_SEAL,1,2025-10-19,2025-11-03,0
FILING_PROXY_SJ_20200506_10Q,SJ,2020-05-06,1753673,HIGH,,V19_V20_DEVELOPMENT,,DEVELOPMENT_OR_PRIOR_SEAL,1,2020-04-26,2020-05-11,0
FILING_PROXY_SKE_20250814_6K,SKE,2025-08-14,1713748,HIGH,,V19_V20_DEVELOPMENT,,DEVELOPMENT_OR_PRIOR_SEAL,1,2025-08-04,2025-08-19,0
FILING_PROXY_SKE_20251215_6K,SKE,2025-12-15,1713748,HIGH,,V19_V20_DEVELOPMENT,,DEVELOPMENT_OR_PRIOR_SEAL,1,2025-12-05,2025-12-20,0
FILING_PROXY_SKIL_20241210_10Q,SKIL,2024-12-10,1774675,HIGH,,V19_V20_DEVELOPMENT,,DEVELOPMENT_OR_PRIOR_SEAL,1,2024-11-30,2024-12-15,1
FILING_PROXY_SKIL_20250718_8K,SKIL,2025-07-18,1774675,HIGH,,V19_V20_DEVELOPMENT,,DEVELOPMENT_OR_PRIOR_SEAL,1,2025-07-08,2025-07-23,0
FILING_PROXY_SKIL_20251210_8K,SKIL,2025-12-10,1774675,HIGH,,V19_V20_DEVELOPMENT,,DEVELOPMENT_OR_PRIOR_SEAL,1,2025-11-30,2025-12-15,0
FILING_PROXY_SKIN_20250617_8K,SKIN,2025-06-17,1818093,HIGH,,V19_V20_DEVELOPMENT,,DEVELOPMENT_OR_PRIOR_SEAL,1,2025-06-07,2025-06-22,1
FILING_PROXY_SKK_20250416_6K,SKK,2025-04-16,1991261,HIGH,,V19_V20_DEVELOPMENT,,DEVELOPMENT_OR_PRIOR_SEAL,1,2025-04-06,2025-04-21,1
FILING_PROXY_SKK_20251223_6K,SKK,2025-12-23,1991261,HIGH,,V19_V20_DEVELOPMENT,,DEVELOPMENT_OR_PRIOR_SEAL,1,2025-12-13,2025-12-28,0
FILING_PROXY_SKT_20241107_10Q,SKT,2024-11-07,899715,HIGH,,V19_V20_DEVELOPMENT,,DEVELOPMENT_OR_PRIOR_SEAL,1,2024-10-28,2024-11-12,1
FILING_PROXY_SKT_20250512_8K,SKT,2025-05-12,899715,HIGH,,V19_V20_DEVELOPMENT,,DEVELOPMENT_OR_PRIOR_SEAL,1,2025-05-02,2025-05-17,1
FILING_PROXY_SKT_20251104_8K,SKT,2025-11-04,899715,HIGH,,V19_V20_DEVELOPMENT,,DEVELOPMENT_OR_PRIOR_SEAL,1,2025-10-25,2025-11-09,0
FILING_PROXY_SKYA_20250825_8K,SKYA,2025-08-25,1737995,HIGH,,V19_V20_DEVELOPMENT,,DEVELOPMENT_OR_PRIOR_SEAL,1,2025-08-15,2025-08-30,0
FILING_PROXY_SKYE_20250807_8K,SKYE,2025-08-07,1516551,HIGH,,V19_V20_DEVELOPMENT,,DEVELOPMENT_OR_PRIOR_SEAL,1,2025-07-28,2025-08-12,0
FILING_PROXY_SKYE_20251223_8K,SKYE,2025-12-23,1516551,HIGH,,V19_V20_DEVELOPMENT,,DEVELOPMENT_OR_PRIOR_SEAL,1,2025-12-13,2025-12-28,0
FILING_PROXY_SKYH_20250327_10K,SKYH,2025-03-27,1823587,HIGH,,V19_V20_DEVELOPMENT,,DEVELOPMENT_OR_PRIOR_SEAL,1,2025-03-17,2025-04-01,1
FILING_PROXY_SKYH_20251215_8K,SKYH,2025-12-15,1823587,HIGH,,V19_V20_DEVELOPMENT,,DEVELOPMENT_OR_PRIOR_SEAL,1,2025-12-05,2025-12-20,0
FILING_PROXY_SKYQ_20250808_8K,SKYQ,2025-08-08,1812447,HIGH,,V19_V20_DEVELOPMENT,,DEVELOPMENT_OR_PRIOR_SEAL,1,2025-07-29,2025-08-13,0
FILING_PROXY_SKYQ_20251215_8K,SKYQ,2025-12-15,1812447,HIGH,,V19_V20_DEVELOPMENT,,DEVELOPMENT_OR_PRIOR_SEAL,1,2025-12-05,2025-12-20,0
FILING_PROXY_SLAB_20241104_10Q,SLAB,2024-11-04,1038074,HIGH,,V19_V20_DEVELOPMENT,,DEVELOPMENT_OR_PRIOR_SEAL,1,2024-10-25,2024-11-09,1
FILING_PROXY_SLAB_20250513_8K,SLAB,2025-05-13,1038074,HIGH,,V19_V20_DEVELOPMENT,,DEVELOPMENT_OR_PRIOR_SEAL,1,2025-05-03,2025-05-18,1
FILING_PROXY_SLAB_20251104_8K,SLAB,2025-11-04,1038074,HIGH,,V19_V20_DEVELOPMENT,,DEVELOPMENT_OR_PRIOR_SEAL,1,2025-10-25,2025-11-09,0
FILING_PROXY_SLB_20250425_8K,SLB,2025-04-25,87347,HIGH,,V19_V20_DEVELOPMENT,,DEVELOPMENT_OR_PRIOR_SEAL,1,2025-04-15,2025-04-30,1
FILING_PROXY_SLB_20251017_8K,SLB,2025-10-17,87347,HIGH,,V19_V20_DEVELOPMENT,,DEVELOPMENT_OR_PRIOR_SEAL,1,2025-10-07,2025-10-22,0
FILING_PROXY_SLE_20241114_10Q,SLE,2024-11-14,1621672,HIGH,,V19_V20_DEVELOPMENT,,DEVELOPMENT_OR_PRIOR_SEAL,1,2024-11-04,2024-11-19,1
FILING_PROXY_SLE_20251216_8K,SLE,2025-12-16,1621672,HIGH,,V19_V20_DEVELOPMENT,,DEVELOPMENT_OR_PRIOR_SEAL,1,2025-12-06,2025-12-21,0
FILING_PROXY_SLGL_20250815_6K,SLGL,2025-08-15,1684693,HIGH,,V19_V20_DEVELOPMENT,,DEVELOPMENT_OR_PRIOR_SEAL,1,2025-08-05,2025-08-20,0
FILING_PROXY_SLGL_20251217_6K,SLGL,2025-12-17,1684693,HIGH,,V19_V20_DEVELOPMENT,,DEVELOPMENT_OR_PRIOR_SEAL,1,2025-12-07,2025-12-22,0
FILING_PROXY_SLMT_20250714_6K,SLMT,2025-07-14,1939965,HIGH,,V19_V20_DEVELOPMENT,,DEVELOPMENT_OR_PRIOR_SEAL,1,2025-07-04,2025-07-19,0
FILING_PROXY_SLMT_20251204_6K,SLMT,2025-12-04,1939965,HIGH,,V19_V20_DEVELOPMENT,,DEVELOPMENT_OR_PRIOR_SEAL,1,2025-11-24,2025-12-09,0
FILING_PROXY_SLNG_20250225_10K,SLNG,2025-02-25,1043186,HIGH,,V19_V20_DEVELOPMENT,,DEVELOPMENT_OR_PRIOR_SEAL,1,2025-02-15,2025-03-02,1
FILING_PROXY_SLNG_20251218_8K,SLNG,2025-12-18,1043186,HIGH,,V19_V20_DEVELOPMENT,,DEVELOPMENT_OR_PRIOR_SEAL,1,2025-12-08,2025-12-23,0
FILING_PROXY_SLP_20250108_10Q,SLP,2025-01-08,1023459,HIGH,,V19_V20_DEVELOPMENT,,DEVELOPMENT_OR_PRIOR_SEAL,1,2024-12-29,2025-01-13,1
FILING_PROXY_SLP_20250715_8K,SLP,2025-07-15,1023459,HIGH,,V19_V20_DEVELOPMENT,,DEVELOPMENT_OR_PRIOR_SEAL,1,2025-07-05,2025-07-20,0
FILING_PROXY_SLQT_20250210_10Q,SLQT,2025-02-10,1794783,HIGH,,V19_V20_DEVELOPMENT,,DEVELOPMENT_OR_PRIOR_SEAL,1,2025-01-31,2025-02-15,1
FILING_PROXY_SLQT_20250702_8K,SLQT,2025-07-02,1794783,HIGH,,V19_V20_DEVELOPMENT,,DEVELOPMENT_OR_PRIOR_SEAL,1,2025-06-22,2025-07-07,0
FILING_PROXY_SLQT_20251114_8K,SLQT,2025-11-14,1794783,HIGH,,V19_V20_DEVELOPMENT,,DEVELOPMENT_OR_PRIOR_SEAL,1,2025-11-04,2025-11-19,0
FILING_PROXY_SLSN_20251203_8K,SLSN,2025-12-03,883107,HIGH,,V19_V20_DEVELOPMENT,,DEVELOPMENT_OR_PRIOR_SEAL,1,2025-11-23,2025-12-08,0
FILING_PROXY_SLXN_20250318_10K,SLXN,2025-03-18,2022416,HIGH,,V19_V20_DEVELOPMENT,,DEVELOPMENT_OR_PRIOR_SEAL,1,2025-03-08,2025-03-23,1
FILING_PROXY_SLXN_20250812_8K,SLXN,2025-08-12,2022416,HIGH,,V19_V20_DEVELOPMENT,,DEVELOPMENT_OR_PRIOR_SEAL,1,2025-08-02,2025-08-17,0
FILING_PROXY_SLXN_20251216_8K,SLXN,2025-12-16,2022416,HIGH,,V19_V20_DEVELOPMENT,,DEVELOPMENT_OR_PRIOR_SEAL,1,2025-12-06,2025-12-21,0
FILING_PROXY_SMID_20250710_8K,SMID,2025-07-10,924719,HIGH,,V19_V20_DEVELOPMENT,,DEVELOPMENT_OR_PRIOR_SEAL,1,2025-06-30,2025-07-15,0
FILING_PROXY_SMID_20251114_8K,SMID,2025-11-14,924719,HIGH,,V19_V20_DEVELOPMENT,,DEVELOPMENT_OR_PRIOR_SEAL,1,2025-11-04,2025-11-19,0
FILING_PROXY_SMRT_20241106_10Q,SMRT,2024-11-06,1837014,HIGH,,V19_V20_DEVELOPMENT,,DEVELOPMENT_OR_PRIOR_SEAL,1,2024-10-27,2024-11-11,1
FILING_PROXY_SMRT_20250624_8K,SMRT,2025-06-24,1837014,HIGH,,V19_V20_DEVELOPMENT,,DEVELOPMENT_OR_PRIOR_SEAL,1,2025-06-14,2025-06-29,1
FILING_PROXY_SMR_20250303_10K,SMR,2025-03-03,1822966,HIGH,,V19_V20_DEVELOPMENT,,DEVELOPMENT_OR_PRIOR_SEAL,1,2025-02-21,2025-03-08,1
FILING_PROXY_SMR_20250813_8K,SMR,2025-08-13,1822966,HIGH,,V19_V20_DEVELOPMENT,,DEVELOPMENT_OR_PRIOR_SEAL,1,2025-08-03,2025-08-18,0
FILING_PROXY_SMR_20251217_8K,SMR,2025-12-17,1822966,HIGH,,V19_V20_DEVELOPMENT,,DEVELOPMENT_OR_PRIOR_SEAL,1,2025-12-07,2025-12-22,0
FILING_PROXY_SMSI_20251223_8K,SMSI,2025-12-23,948708,HIGH,,V19_V20_DEVELOPMENT,,DEVELOPMENT_OR_PRIOR_SEAL,1,2025-12-13,2025-12-28,0
FILING_PROXY_SMTC_20250609_8K,SMTC,2025-06-09,88941,HIGH,,V19_V20_DEVELOPMENT,,DEVELOPMENT_OR_PRIOR_SEAL,1,2025-05-30,2025-06-14,1
FILING_PROXY_SMTC_20251124_8K,SMTC,2025-11-24,88941,HIGH,,V19_V20_DEVELOPMENT,,DEVELOPMENT_OR_PRIOR_SEAL,1,2025-11-14,2025-11-29,0
FILING_PROXY_SMTK_20250709_8K,SMTK,2025-07-09,1817760,HIGH,,V19_V20_DEVELOPMENT,,DEVELOPMENT_OR_PRIOR_SEAL,1,2025-06-29,2025-07-14,0
FILING_PROXY_SMX_20251231_6K,SMX,2025-12-31,1940674,HIGH,,V19_V20_DEVELOPMENT,,DEVELOPMENT_OR_PRIOR_SEAL,1,2025-12-21,2026-01-05,0
FILING_PROXY_SNAL_20250625_8K,SNAL,2025-06-25,1886894,HIGH,,V19_V20_DEVELOPMENT,,DEVELOPMENT_OR_PRIOR_SEAL,1,2025-06-15,2025-06-30,1
FILING_PROXY_SNAL_20251203_8K,SNAL,2025-12-03,1886894,HIGH,,V19_V20_DEVELOPMENT,,DEVELOPMENT_OR_PRIOR_SEAL,1,2025-11-23,2025-12-08,0
FILING_PROXY_SNAP_20250205_10K,SNAP,2025-02-05,1564408,HIGH,,V19_V20_DEVELOPMENT,,DEVELOPMENT_OR_PRIOR_SEAL,1,2025-01-26,2025-02-10,1
FILING_PROXY_SNBRQ_20250307_10K,SNBRQ,2025-03-07,827187,HIGH,,V19_V20_DEVELOPMENT,,DEVELOPMENT_OR_PRIOR_SEAL,1,2025-02-25,2025-03-12,1
FILING_PROXY_SNBRQ_20250730_8K,SNBRQ,2025-07-30,827187,HIGH,,V19_V20_DEVELOPMENT,,DEVELOPMENT_OR_PRIOR_SEAL,1,2025-07-20,2025-08-04,0
FILING_PROXY_SNBRQ_20251202_8K,SNBRQ,2025-12-02,827187,HIGH,,V19_V20_DEVELOPMENT,,DEVELOPMENT_OR_PRIOR_SEAL,1,2025-11-22,2025-12-07,0
FILING_PROXY_SNDA_20250317_10K,SNDA,2025-03-17,1043000,HIGH,,V19_V20_DEVELOPMENT,,DEVELOPMENT_OR_PRIOR_SEAL,1,2025-03-07,2025-03-22,1
FILING_PROXY_SNDA_20251216_8K,SNDA,2025-12-16,1043000,HIGH,,V19_V20_DEVELOPMENT,,DEVELOPMENT_OR_PRIOR_SEAL,1,2025-12-06,2025-12-21,0
FILING_PROXY_SNGX_20241108_10Q,SNGX,2024-11-08,812796,HIGH,,V19_V20_DEVELOPMENT,,DEVELOPMENT_OR_PRIOR_SEAL,1,2024-10-29,2024-11-13,1
FILING_PROXY_SNGX_20250620_8K,SNGX,2025-06-20,812796,HIGH,,V19_V20_DEVELOPMENT,,DEVELOPMENT_OR_PRIOR_SEAL,1,2025-06-10,2025-06-25,1
FILING_PROXY_SNOA_20241107_10Q,SNOA,2024-11-07,1367083,HIGH,,V19_V20_DEVELOPMENT,,DEVELOPMENT_OR_PRIOR_SEAL,1,2024-10-28,2024-11-12,1
FILING_PROXY_SNOA_20251023_8K,SNOA,2025-10-23,1367083,HIGH,,V19_V20_DEVELOPMENT,,DEVELOPMENT_OR_PRIOR_SEAL,1,2025-10-13,2025-10-28,0
FILING_PROXY_SNOW_20251203_8K,SNOW,2025-12-03,1640147,HIGH,,V19_V20_DEVELOPMENT,,DEVELOPMENT_OR_PRIOR_SEAL,1,2025-11-23,2025-12-08,0
FILING_PROXY_SNPS_20250717_8K,SNPS,2025-07-17,883241,HIGH,,V19_V20_DEVELOPMENT,,DEVELOPMENT_OR_PRIOR_SEAL,1,2025-07-07,2025-07-22,0
FILING_PROXY_SNTI_20251209_8K,SNTI,2025-12-09,1854270,HIGH,,V19_V20_DEVELOPMENT,,DEVELOPMENT_OR_PRIOR_SEAL,1,2025-11-29,2025-12-14,0
FILING_PROXY_SNYR_20250630_8K,SNYR,2025-06-30,1562733,HIGH,,V19_V20_DEVELOPMENT,,DEVELOPMENT_OR_PRIOR_SEAL,1,2025-06-20,2025-07-05,1
FILING_PROXY_SNYR_20251113_8K,SNYR,2025-11-13,1562733,HIGH,,V19_V20_DEVELOPMENT,,DEVELOPMENT_OR_PRIOR_SEAL,1,2025-11-03,2025-11-18,0
FILING_PROXY_SN_20250620_6K,SN,2025-06-20,1957132,HIGH,,V19_V20_DEVELOPMENT,,DEVELOPMENT_OR_PRIOR_SEAL,1,2025-06-10,2025-06-25,1
FILING_PROXY_SOAR_20250331_10K,SOAR,2025-03-31,1853070,HIGH,,V19_V20_DEVELOPMENT,,DEVELOPMENT_OR_PRIOR_SEAL,1,2025-03-21,2025-04-05,1
FILING_PROXY_SOBR_20241114_10Q,SOBR,2024-11-14,1425627,HIGH,,V19_V20_DEVELOPMENT,,DEVELOPMENT_OR_PRIOR_SEAL,1,2024-11-04,2024-11-19,1
FILING_PROXY_SOBR_20250807_8K,SOBR,2025-08-07,1425627,HIGH,,V19_V20_DEVELOPMENT,,DEVELOPMENT_OR_PRIOR_SEAL,1,2025-07-28,2025-08-12,0
FILING_PROXY_SOFI_20250731_8K,SOFI,2025-07-31,1818874,HIGH,,V19_V20_DEVELOPMENT,,DEVELOPMENT_OR_PRIOR_SEAL,1,2025-07-21,2025-08-05,0
FILING_PROXY_SOHU_20251117_6K,SOHU,2025-11-17,1734107,HIGH,,V19_V20_DEVELOPMENT,,DEVELOPMENT_OR_PRIOR_SEAL,1,2025-11-07,2025-11-22,0
FILING_PROXY_SONM_20250827_8K,SONM,2025-08-27,1178697,HIGH,,V19_V20_DEVELOPMENT,,DEVELOPMENT_OR_PRIOR_SEAL,1,2025-08-17,2025-09-01,0
FILING_PROXY_SONM_20251231_8K,SONM,2025-12-31,1178697,HIGH,,V19_V20_DEVELOPMENT,,DEVELOPMENT_OR_PRIOR_SEAL,1,2025-12-21,2026-01-05,0
FILING_PROXY_SOPH_20251104_6K,SOPH,2025-11-04,1840706,HIGH,,V19_V20_DEVELOPMENT,,DEVELOPMENT_OR_PRIOR_SEAL,1,2025-10-25,2025-11-09,0
FILING_PROXY_SORA_20251215_6K,SORA,2025-12-15,2033515,HIGH,,V19_V20_DEVELOPMENT,,DEVELOPMENT_OR_PRIOR_SEAL,1,2025-12-05,2025-12-20,0
FILING_PROXY_SOS_20250715_6K,SOS,2025-07-15,1346610,HIGH,,V19_V20_DEVELOPMENT,,DEVELOPMENT_OR_PRIOR_SEAL,1,2025-07-05,2025-07-20,0
FILING_PROXY_SOS_20251112_6K,SOS,2025-11-12,1346610,HIGH,,V19_V20_DEVELOPMENT,,DEVELOPMENT_OR_PRIOR_SEAL,1,2025-11-02,2025-11-17,0
FILING_PROXY_SOUN_20241112_10Q,SOUN,2024-11-12,1840856,HIGH,,V19_V20_DEVELOPMENT,,DEVELOPMENT_OR_PRIOR_SEAL,1,2024-11-02,2024-11-17,1
FILING_PROXY_SOUN_20250530_8K,SOUN,2025-05-30,1840856,HIGH,,V19_V20_DEVELOPMENT,,DEVELOPMENT_OR_PRIOR_SEAL,1,2025-05-20,2025-06-04,1
FILING_PROXY_SOUN_20251106_8K,SOUN,2025-11-06,1840856,HIGH,,V19_V20_DEVELOPMENT,,DEVELOPMENT_OR_PRIOR_SEAL,1,2025-10-27,2025-11-11,0
FILING_PROXY_SOWG_20241114_10Q,SOWG,2024-11-14,1490161,HIGH,,V19_V20_DEVELOPMENT,,DEVELOPMENT_OR_PRIOR_SEAL,1,2024-11-04,2024-11-19,1
FILING_PROXY_SOWG_20250616_8K,SOWG,2025-06-16,1490161,HIGH,,V19_V20_DEVELOPMENT,,DEVELOPMENT_OR_PRIOR_SEAL,1,2025-06-06,2025-06-21,1
FILING_PROXY_SO_20250731_8K,SO,2025-07-31,92122,HIGH,,V19_V20_DEVELOPMENT,,DEVELOPMENT_OR_PRIOR_SEAL,1,2025-07-21,2025-08-05,0
FILING_PROXY_SO_20251219_8K,SO,2025-12-19,92122,HIGH,,V19_V20_DEVELOPMENT,,DEVELOPMENT_OR_PRIOR_SEAL,1,2025-12-09,2025-12-24,0
FILING_PROXY_SPAI_20250627_8K,SPAI,2025-06-27,2011208,HIGH,,V19_V20_DEVELOPMENT,,DEVELOPMENT_OR_PRIOR_SEAL,1,2025-06-17,2025-07-02,1
FILING_PROXY_SPCB_20250519_6K,SPCB,2025-05-19,1291855,HIGH,,V19_V20_DEVELOPMENT,,DEVELOPMENT_OR_PRIOR_SEAL,1,2025-05-09,2025-05-24,1
FILING_PROXY_SPCB_20250926_6K,SPCB,2025-09-26,1291855,HIGH,,V19_V20_DEVELOPMENT,,DEVELOPMENT_OR_PRIOR_SEAL,1,2025-09-16,2025-10-01,0
FILING_PROXY_SPFI_20250718_8K,SPFI,2025-07-18,1163668,HIGH,,V19_V20_DEVELOPMENT,,DEVELOPMENT_OR_PRIOR_SEAL,1,2025-07-08,2025-07-23,0
FILING_PROXY_SPGI_20250731_8K,SPGI,2025-07-31,64040,HIGH,,V19_V20_DEVELOPMENT,,DEVELOPMENT_OR_PRIOR_SEAL,1,2025-07-21,2025-08-05,0
FILING_PROXY_SPG_20251103_8K,SPG,2025-11-03,1063761,HIGH,,V19_V20_DEVELOPMENT,,DEVELOPMENT_OR_PRIOR_SEAL,1,2025-10-24,2025-11-08,0
FILING_PROXY_SPHL_20250616_6K,SPHL,2025-06-16,2002236,HIGH,,V19_V20_DEVELOPMENT,,DEVELOPMENT_OR_PRIOR_SEAL,1,2025-06-06,2025-06-21,1
FILING_PROXY_SPHL_20251230_6K,SPHL,2025-12-30,2002236,HIGH,,V19_V20_DEVELOPMENT,,DEVELOPMENT_OR_PRIOR_SEAL,1,2025-12-20,2026-01-04,0
FILING_PROXY_SPH_20250206_10Q,SPH,2025-02-06,1005210,HIGH,,V19_V20_DEVELOPMENT,,DEVELOPMENT_OR_PRIOR_SEAL,1,2025-01-27,2025-02-11,1
FILING_PROXY_SPOT_20250729_6K,SPOT,2025-07-29,1639920,HIGH,,V19_V20_DEVELOPMENT,,DEVELOPMENT_OR_PRIOR_SEAL,1,2025-07-19,2025-08-03,0
FILING_PROXY_SPPL_20250610_6K,SPPL,2025-06-10,1948697,HIGH,,V19_V20_DEVELOPMENT,,DEVELOPMENT_OR_PRIOR_SEAL,1,2025-05-31,2025-06-15,1
FILING_PROXY_SPPL_20251022_6K,SPPL,2025-10-22,1948697,HIGH,,V19_V20_DEVELOPMENT,,DEVELOPMENT_OR_PRIOR_SEAL,1,2025-10-12,2025-10-27,0
FILING_PROXY_SPPP_20250613_6K,SPPP,2025-06-13,1539190,HIGH,,V19_V20_DEVELOPMENT,,DEVELOPMENT_OR_PRIOR_SEAL,1,2025-06-03,2025-06-18,1
FILING_PROXY_SPPP_20251107_6K,SPPP,2025-11-07,1539190,HIGH,,V19_V20_DEVELOPMENT,,DEVELOPMENT_OR_PRIOR_SEAL,1,2025-10-28,2025-11-12,0
FILING_PROXY_SPRC_20250829_6K,SPRC,2025-08-29,1611746,HIGH,,V19_V20_DEVELOPMENT,,DEVELOPMENT_OR_PRIOR_SEAL,1,2025-08-19,2025-09-03,0
FILING_PROXY_SPRC_20251231_6K,SPRC,2025-12-31,1611746,HIGH,,V19_V20_DEVELOPMENT,,DEVELOPMENT_OR_PRIOR_SEAL,1,2025-12-21,2026-01-05,0
FILING_PROXY_SPRO_20250812_8K,SPRO,2025-08-12,1701108,HIGH,,V19_V20_DEVELOPMENT,,DEVELOPMENT_OR_PRIOR_SEAL,1,2025-08-02,2025-08-17,0
FILING_PROXY_SPRO_20251219_8K,SPRO,2025-12-19,1701108,HIGH,,V19_V20_DEVELOPMENT,,DEVELOPMENT_OR_PRIOR_SEAL,1,2025-12-09,2025-12-24,0
FILING_PROXY_SPWR_20250804_8K,SPWR,2025-08-04,1838987,HIGH,,V19_V20_DEVELOPMENT,,DEVELOPMENT_OR_PRIOR_SEAL,1,2025-07-25,2025-08-09,0
FILING_PROXY_SRE_20250225_10K,SRE,2025-02-25,1032208,HIGH,,V19_V20_DEVELOPMENT,,DEVELOPMENT_OR_PRIOR_SEAL,1,2025-02-15,2025-03-02,1
FILING_PROXY_SRFM_20241114_10Q,SRFM,2024-11-14,1936224,HIGH,,V19_V20_DEVELOPMENT,,DEVELOPMENT_OR_PRIOR_SEAL,1,2024-11-04,2024-11-19,1
FILING_PROXY_SRL_20250430_6K,SRL,2025-04-30,16859,HIGH,,V19_V20_DEVELOPMENT,,DEVELOPMENT_OR_PRIOR_SEAL,1,2025-04-20,2025-05-05,1
FILING_PROXY_SRL_20251231_6K,SRL,2025-12-31,16859,HIGH,,V19_V20_DEVELOPMENT,,DEVELOPMENT_OR_PRIOR_SEAL,1,2025-12-21,2026-01-05,0
FILING_PROXY_SRPT_20250228_10K,SRPT,2025-02-28,873303,HIGH,,V19_V20_DEVELOPMENT,,DEVELOPMENT_OR_PRIOR_SEAL,1,2025-02-18,2025-03-05,1
FILING_PROXY_SRPT_20250821_8K,SRPT,2025-08-21,873303,HIGH,,V19_V20_DEVELOPMENT,,DEVELOPMENT_OR_PRIOR_SEAL,1,2025-08-11,2025-08-26,0
FILING_PROXY_SRPT_20251219_8K,SRPT,2025-12-19,873303,HIGH,,V19_V20_DEVELOPMENT,,DEVELOPMENT_OR_PRIOR_SEAL,1,2025-12-09,2025-12-24,0
FILING_PROXY_SRZN_20241106_10Q,SRZN,2024-11-06,1824893,HIGH,,V19_V20_DEVELOPMENT,,DEVELOPMENT_OR_PRIOR_SEAL,1,2024-10-27,2024-11-11,1
FILING_PROXY_SSII_20251216_8K,SSII,2025-12-16,1676163,HIGH,,V19_V20_DEVELOPMENT,,DEVELOPMENT_OR_PRIOR_SEAL,1,2025-12-06,2025-12-21,0
FILING_PROXY_SSTI_20241113_10Q,SSTI,2024-11-13,1351636,HIGH,,V19_V20_DEVELOPMENT,,DEVELOPMENT_OR_PRIOR_SEAL,1,2024-11-03,2024-11-18,1
FILING_PROXY_SSTI_20250605_8K,SSTI,2025-06-05,1351636,HIGH,,V19_V20_DEVELOPMENT,,DEVELOPMENT_OR_PRIOR_SEAL,1,2025-05-26,2025-06-10,1
FILING_PROXY_SSTI_20251112_8K,SSTI,2025-11-12,1351636,HIGH,,V19_V20_DEVELOPMENT,,DEVELOPMENT_OR_PRIOR_SEAL,1,2025-11-02,2025-11-17,0
FILING_PROXY_SSTK_20250225_10K,SSTK,2025-02-25,1549346,HIGH,,V19_V20_DEVELOPMENT,,DEVELOPMENT_OR_PRIOR_SEAL,1,2025-02-15,2025-03-02,1
FILING_PROXY_SSTK_20250814_8K,SSTK,2025-08-14,1549346,HIGH,,V19_V20_DEVELOPMENT,,DEVELOPMENT_OR_PRIOR_SEAL,1,2025-08-04,2025-08-19,0
FILING_PROXY_SSTK_20251222_8K,SSTK,2025-12-22,1549346,HIGH,,V19_V20_DEVELOPMENT,,DEVELOPMENT_OR_PRIOR_SEAL,1,2025-12-12,2025-12-27,0
FILING_PROXY_SST_20250310_10K,SST,2025-03-10,1805833,HIGH,,V19_V20_DEVELOPMENT,,DEVELOPMENT_OR_PRIOR_SEAL,1,2025-02-28,2025-03-15,1
FILING_PROXY_SST_20250807_8K,SST,2025-08-07,1805833,HIGH,,V19_V20_DEVELOPMENT,,DEVELOPMENT_OR_PRIOR_SEAL,1,2025-07-28,2025-08-12,0
FILING_PROXY_SST_20251212_8K,SST,2025-12-12,1805833,HIGH,,V19_V20_DEVELOPMENT,,DEVELOPMENT_OR_PRIOR_SEAL,1,2025-12-02,2025-12-17,0
FILING_PROXY_STBA_20250519_8K,STBA,2025-05-19,719220,HIGH,,V19_V20_DEVELOPMENT,,DEVELOPMENT_OR_PRIOR_SEAL,1,2025-05-09,2025-05-24,1
FILING_PROXY_STEX_20251231_8K,STEX,2025-12-31,1530766,HIGH,,V19_V20_DEVELOPMENT,,DEVELOPMENT_OR_PRIOR_SEAL,1,2025-12-21,2026-01-05,0
FILING_PROXY_STFS_20251021_6K,STFS,2025-10-21,2003061,HIGH,,V19_V20_DEVELOPMENT,,DEVELOPMENT_OR_PRIOR_SEAL,1,2025-10-11,2025-10-26,0
FILING_PROXY_STG_20251120_6K,STG,2025-11-20,1723935,HIGH,,V19_V20_DEVELOPMENT,,DEVELOPMENT_OR_PRIOR_SEAL,1,2025-11-10,2025-11-25,0
FILING_PROXY_STIM_20241112_10Q,STIM,2024-11-12,1227636,HIGH,,V19_V20_DEVELOPMENT,,DEVELOPMENT_OR_PRIOR_SEAL,1,2024-11-02,2024-11-17,1
FILING_PROXY_STIM_20251104_8K,STIM,2025-11-04,1227636,HIGH,,V19_V20_DEVELOPMENT,,DEVELOPMENT_OR_PRIOR_SEAL,1,2025-10-25,2025-11-09,0
FILING_PROXY_STI_20241119_10Q,STI,2024-11-19,1881551,HIGH,,V19_V20_DEVELOPMENT,,DEVELOPMENT_OR_PRIOR_SEAL,1,2024-11-09,2024-11-24,1
FILING_PROXY_STI_20250422_8K,STI,2025-04-22,1881551,HIGH,,V19_V20_DEVELOPMENT,,DEVELOPMENT_OR_PRIOR_SEAL,1,2025-04-12,2025-04-27,1
FILING_PROXY_STI_20251126_8K,STI,2025-11-26,1881551,HIGH,,V19_V20_DEVELOPMENT,,DEVELOPMENT_OR_PRIOR_SEAL,1,2025-11-16,2025-12-01,0
FILING_PROXY_STKH_20250716_6K,STKH,2025-07-16,1828098,HIGH,,V19_V20_DEVELOPMENT,,DEVELOPMENT_OR_PRIOR_SEAL,1,2025-07-06,2025-07-21,0
FILING_PROXY_STLD_20250228_10K,STLD,2025-02-28,1022671,HIGH,,V19_V20_DEVELOPMENT,,DEVELOPMENT_OR_PRIOR_SEAL,1,2025-02-18,2025-03-05,1
FILING_PROXY_STLD_20250819_8K,STLD,2025-08-19,1022671,HIGH,,V19_V20_DEVELOPMENT,,DEVELOPMENT_OR_PRIOR_SEAL,1,2025-08-09,2025-08-24,0
FILING_PROXY_STM_20250820_6K,STM,2025-08-20,932787,HIGH,,V19_V20_DEVELOPMENT,,DEVELOPMENT_OR_PRIOR_SEAL,1,2025-08-10,2025-08-25,0
FILING_PROXY_STOK_20241105_10Q,STOK,2024-11-05,1623526,HIGH,,V19_V20_DEVELOPMENT,,DEVELOPMENT_OR_PRIOR_SEAL,1,2024-10-26,2024-11-10,1
FILING_PROXY_STOK_20251205_8K,STOK,2025-12-05,1623526,HIGH,,V19_V20_DEVELOPMENT,,DEVELOPMENT_OR_PRIOR_SEAL,1,2025-11-25,2025-12-10,0
FILING_PROXY_STT_20251029_8K,STT,2025-10-29,93751,HIGH,,V19_V20_DEVELOPMENT,,DEVELOPMENT_OR_PRIOR_SEAL,1,2025-10-19,2025-11-03,0
FILING_PROXY_STZ_20250110_10Q,STZ,2025-01-10,16918,HIGH,,V19_V20_DEVELOPMENT,,DEVELOPMENT_OR_PRIOR_SEAL,1,2024-12-31,2025-01-15,1
FILING_PROXY_STZ_20250701_8K,STZ,2025-07-01,16918,HIGH,,V19_V20_DEVELOPMENT,,DEVELOPMENT_OR_PRIOR_SEAL,1,2025-06-21,2025-07-06,0
FILING_PROXY_SUGP_20251002_6K,SUGP,2025-10-02,1969863,HIGH,,V19_V20_DEVELOPMENT,,DEVELOPMENT_OR_PRIOR_SEAL,1,2025-09-22,2025-10-07,0
FILING_PROXY_SUNE_20250818_8K,SUNE,2025-08-18,22701,HIGH,,V19_V20_DEVELOPMENT,,DEVELOPMENT_OR_PRIOR_SEAL,1,2025-08-08,2025-08-23,0
FILING_PROXY_SUPX_20250807_6K,SUPX,2025-08-07,1897087,HIGH,,V19_V20_DEVELOPMENT,,DEVELOPMENT_OR_PRIOR_SEAL,1,2025-07-28,2025-08-12,0
FILING_PROXY_SUPX_20251216_6K,SUPX,2025-12-16,1897087,HIGH,,V19_V20_DEVELOPMENT,,DEVELOPMENT_OR_PRIOR_SEAL,1,2025-12-06,2025-12-21,0
FILING_PROXY_SUZ_20250822_6K,SUZ,2025-08-22,909327,HIGH,,V19_V20_DEVELOPMENT,,DEVELOPMENT_OR_PRIOR_SEAL,1,2025-08-12,2025-08-27,0
FILING_PROXY_SU_20251211_6K,SU,2025-12-11,311337,HIGH,,V19_V20_DEVELOPMENT,,DEVELOPMENT_OR_PRIOR_SEAL,1,2025-12-01,2025-12-16,0
FILING_PROXY_SVCO_20250305_10K,SVCO,2025-03-05,1943289,HIGH,,V19_V20_DEVELOPMENT,,DEVELOPMENT_OR_PRIOR_SEAL,1,2025-02-23,2025-03-10,1
FILING_PROXY_SVCO_20251126_8K,SVCO,2025-11-26,1943289,HIGH,,V19_V20_DEVELOPMENT,,DEVELOPMENT_OR_PRIOR_SEAL,1,2025-11-16,2025-12-01,0
FILING_PROXY_SVRE_20250711_6K,SVRE,2025-07-11,1894693,HIGH,,V19_V20_DEVELOPMENT,,DEVELOPMENT_OR_PRIOR_SEAL,1,2025-07-01,2025-07-16,0
FILING_PROXY_SVRE_20251205_6K,SVRE,2025-12-05,1894693,HIGH,,V19_V20_DEVELOPMENT,,DEVELOPMENT_OR_PRIOR_SEAL,1,2025-11-25,2025-12-10,0
FILING_PROXY_SVRN_20250812_6K,SVRN,2025-08-12,1869467,HIGH,,V19_V20_DEVELOPMENT,,DEVELOPMENT_OR_PRIOR_SEAL,1,2025-08-02,2025-08-17,0
FILING_PROXY_SVRN_20251211_6K,SVRN,2025-12-11,1869467,HIGH,,V19_V20_DEVELOPMENT,,DEVELOPMENT_OR_PRIOR_SEAL,1,2025-12-01,2025-12-16,0
FILING_PROXY_SWIM_20250305_10K,SWIM,2025-03-05,1833197,HIGH,,V19_V20_DEVELOPMENT,,DEVELOPMENT_OR_PRIOR_SEAL,1,2025-02-23,2025-03-10,1
FILING_PROXY_SWIM_20250805_8K,SWIM,2025-08-05,1833197,HIGH,,V19_V20_DEVELOPMENT,,DEVELOPMENT_OR_PRIOR_SEAL,1,2025-07-26,2025-08-10,0
FILING_PROXY_SWIM_20251208_8K,SWIM,2025-12-08,1833197,HIGH,,V19_V20_DEVELOPMENT,,DEVELOPMENT_OR_PRIOR_SEAL,1,2025-11-28,2025-12-13,0
FILING_PROXY_SWKS_20250205_10Q,SWKS,2025-02-05,4127,HIGH,,V19_V20_DEVELOPMENT,,DEVELOPMENT_OR_PRIOR_SEAL,1,2025-01-26,2025-02-10,1
FILING_PROXY_SWK_20250729_8K,SWK,2025-07-29,93556,HIGH,,V19_V20_DEVELOPMENT,,DEVELOPMENT_OR_PRIOR_SEAL,1,2025-07-19,2025-08-03,0
FILING_PROXY_SWK_20251222_8K,SWK,2025-12-22,93556,HIGH,,V19_V20_DEVELOPMENT,,DEVELOPMENT_OR_PRIOR_SEAL,1,2025-12-12,2025-12-27,0
FILING_PROXY_SWVL_20250603_6K,SWVL,2025-06-03,1875609,HIGH,,V19_V20_DEVELOPMENT,,DEVELOPMENT_OR_PRIOR_SEAL,1,2025-05-24,2025-06-08,1
FILING_PROXY_SWVL_20251126_6K,SWVL,2025-11-26,1875609,HIGH,,V19_V20_DEVELOPMENT,,DEVELOPMENT_OR_PRIOR_SEAL,1,2025-11-16,2025-12-01,0
FILING_PROXY_SXC_20241031_10Q,SXC,2024-10-31,1514705,HIGH,,V19_V20_DEVELOPMENT,,DEVELOPMENT_OR_PRIOR_SEAL,1,2024-10-21,2024-11-05,1
FILING_PROXY_SXC_20251118_8K,SXC,2025-11-18,1514705,HIGH,,V19_V20_DEVELOPMENT,,DEVELOPMENT_OR_PRIOR_SEAL,1,2025-11-08,2025-11-23,0
FILING_PROXY_SXTC_20250729_6K,SXTC,2025-07-29,1723980,HIGH,,V19_V20_DEVELOPMENT,,DEVELOPMENT_OR_PRIOR_SEAL,1,2025-07-19,2025-08-03,0
FILING_PROXY_SXTC_20251231_6K,SXTC,2025-12-31,1723980,HIGH,,V19_V20_DEVELOPMENT,,DEVELOPMENT_OR_PRIOR_SEAL,1,2025-12-21,2026-01-05,0
FILING_PROXY_SXTP_20250409_8K,SXTP,2025-04-09,1946563,HIGH,,V19_V20_DEVELOPMENT,,DEVELOPMENT_OR_PRIOR_SEAL,1,2025-03-30,2025-04-14,1
FILING_PROXY_SXTP_20251010_8K,SXTP,2025-10-10,1946563,HIGH,,V19_V20_DEVELOPMENT,,DEVELOPMENT_OR_PRIOR_SEAL,1,2025-09-30,2025-10-15,0
FILING_PROXY_SYBT_20241105_10Q,SYBT,2024-11-05,835324,HIGH,,V19_V20_DEVELOPMENT,,DEVELOPMENT_OR_PRIOR_SEAL,1,2024-10-26,2024-11-10,1
FILING_PROXY_SYK_20250731_8K,SYK,2025-07-31,310764,HIGH,,V19_V20_DEVELOPMENT,,DEVELOPMENT_OR_PRIOR_SEAL,1,2025-07-21,2025-08-05,0
FILING_PROXY_SYM_20250205_10Q,SYM,2025-02-05,1837240,HIGH,,V19_V20_DEVELOPMENT,,DEVELOPMENT_OR_PRIOR_SEAL,1,2025-01-26,2025-02-10,1
FILING_PROXY_SYM_20250806_8K,SYM,2025-08-06,1837240,HIGH,,V19_V20_DEVELOPMENT,,DEVELOPMENT_OR_PRIOR_SEAL,1,2025-07-27,2025-08-11,0
FILING_PROXY_SYM_20251208_8K,SYM,2025-12-08,1837240,HIGH,,V19_V20_DEVELOPMENT,,DEVELOPMENT_OR_PRIOR_SEAL,1,2025-11-28,2025-12-13,0
FILING_PROXY_SYRE_20241107_10Q,SYRE,2024-11-07,1636282,HIGH,,V19_V20_DEVELOPMENT,,DEVELOPMENT_OR_PRIOR_SEAL,1,2024-10-28,2024-11-12,1
FILING_PROXY_SY_20250815_6K,SY,2025-08-15,1758530,HIGH,,V19_V20_DEVELOPMENT,,DEVELOPMENT_OR_PRIOR_SEAL,1,2025-08-05,2025-08-20,0
FILING_PROXY_S_20241204_10Q,S,2024-12-04,1583708,HIGH,,V19_V20_DEVELOPMENT,,DEVELOPMENT_OR_PRIOR_SEAL,1,2024-11-24,2024-12-09,1
FILING_PROXY_S_20251204_8K,S,2025-12-04,1583708,HIGH,,V19_V20_DEVELOPMENT,,DEVELOPMENT_OR_PRIOR_SEAL,1,2025-11-24,2025-12-09,0
FILING_PROXY_TAK_20250731_6K,TAK,2025-07-31,1395064,HIGH,,V19_V20_DEVELOPMENT,,DEVELOPMENT_OR_PRIOR_SEAL,1,2025-07-21,2025-08-05,0
FILING_PROXY_TAK_20251218_6K,TAK,2025-12-18,1395064,HIGH,,V19_V20_DEVELOPMENT,,DEVELOPMENT_OR_PRIOR_SEAL,1,2025-12-08,2025-12-23,0
FILING_PROXY_TANH_20251231_6K,TANH,2025-12-31,1588084,HIGH,,V19_V20_DEVELOPMENT,,DEVELOPMENT_OR_PRIOR_SEAL,1,2025-12-21,2026-01-05,0
FILING_PROXY_TAP_20250627_8K,TAP,2025-06-27,24545,HIGH,,V19_V20_DEVELOPMENT,,DEVELOPMENT_OR_PRIOR_SEAL,1,2025-06-17,2025-07-02,1
FILING_PROXY_TARA_20250305_10K,TARA,2025-03-05,1359931,HIGH,,V19_V20_DEVELOPMENT,,DEVELOPMENT_OR_PRIOR_SEAL,1,2025-02-23,2025-03-10,1
FILING_PROXY_TARA_20250811_8K,TARA,2025-08-11,1359931,HIGH,,V19_V20_DEVELOPMENT,,DEVELOPMENT_OR_PRIOR_SEAL,1,2025-08-01,2025-08-16,0
FILING_PROXY_TARA_20251215_8K,TARA,2025-12-15,1359931,HIGH,,V19_V20_DEVELOPMENT,,DEVELOPMENT_OR_PRIOR_SEAL,1,2025-12-05,2025-12-20,0
FILING_PROXY_TBI_20250219_10K,TBI,2025-02-19,768899,HIGH,,V19_V20_DEVELOPMENT,,DEVELOPMENT_OR_PRIOR_SEAL,1,2025-02-09,2025-02-24,1
FILING_PROXY_TBI_20250804_8K,TBI,2025-08-04,768899,HIGH,,V19_V20_DEVELOPMENT,,DEVELOPMENT_OR_PRIOR_SEAL,1,2025-07-25,2025-08-09,0
FILING_PROXY_TBI_20251211_8K,TBI,2025-12-11,768899,HIGH,,V19_V20_DEVELOPMENT,,DEVELOPMENT_OR_PRIOR_SEAL,1,2025-12-01,2025-12-16,0
FILING_PROXY_TCBI_20250717_8K,TCBI,2025-07-17,1077428,HIGH,,V19_V20_DEVELOPMENT,,DEVELOPMENT_OR_PRIOR_SEAL,1,2025-07-07,2025-07-22,0
FILING_PROXY_TCI_20251212_8K,TCI,2025-12-12,733590,HIGH,,V19_V20_DEVELOPMENT,,DEVELOPMENT_OR_PRIOR_SEAL,1,2025-12-02,2025-12-17,0
FILING_PROXY_TCPC_20250227_10K,TCPC,2025-02-27,1370755,HIGH,,V19_V20_DEVELOPMENT,,DEVELOPMENT_OR_PRIOR_SEAL,1,2025-02-17,2025-03-04,1
FILING_PROXY_TCPC_20251106_8K,TCPC,2025-11-06,1370755,HIGH,,V19_V20_DEVELOPMENT,,DEVELOPMENT_OR_PRIOR_SEAL,1,2025-10-27,2025-11-11,0
FILING_PROXY_TCRT_20251223_8K,TCRT,2025-12-23,1107421,HIGH,,V19_V20_DEVELOPMENT,,DEVELOPMENT_OR_PRIOR_SEAL,1,2025-12-13,2025-12-28,0
FILING_PROXY_TCX_20241107_10Q,TCX,2024-11-07,909494,HIGH,,V19_V20_DEVELOPMENT,,DEVELOPMENT_OR_PRIOR_SEAL,1,2024-10-28,2024-11-12,1
FILING_PROXY_TCX_20250522_8K,TCX,2025-05-22,909494,HIGH,,V19_V20_DEVELOPMENT,,DEVELOPMENT_OR_PRIOR_SEAL,1,2025-05-12,2025-05-27,1
FILING_PROXY_TCX_20251205_8K,TCX,2025-12-05,909494,HIGH,,V19_V20_DEVELOPMENT,,DEVELOPMENT_OR_PRIOR_SEAL,1,2025-11-25,2025-12-10,0
FILING_PROXY_TC_20251106_6K,TC,2025-11-06,1743340,HIGH,,V19_V20_DEVELOPMENT,,DEVELOPMENT_OR_PRIOR_SEAL,1,2025-10-27,2025-11-11,0
FILING_PROXY_TDG_20250204_10Q,TDG,2025-02-04,1260221,HIGH,,V19_V20_DEVELOPMENT,,DEVELOPMENT_OR_PRIOR_SEAL,1,2025-01-25,2025-02-09,1
FILING_PROXY_TDTH_20250818_6K,TDTH,2025-08-18,1983550,HIGH,,V19_V20_DEVELOPMENT,,DEVELOPMENT_OR_PRIOR_SEAL,1,2025-08-08,2025-08-23,0
FILING_PROXY_TDTH_20251223_6K,TDTH,2025-12-23,1983550,HIGH,,V19_V20_DEVELOPMENT,,DEVELOPMENT_OR_PRIOR_SEAL,1,2025-12-13,2025-12-28,0
FILING_PROXY_TDUP_20241104_10Q,TDUP,2024-11-04,1484778,HIGH,,V19_V20_DEVELOPMENT,,DEVELOPMENT_OR_PRIOR_SEAL,1,2024-10-25,2024-11-09,1
FILING_PROXY_TDUP_20250523_8K,TDUP,2025-05-23,1484778,HIGH,,V19_V20_DEVELOPMENT,,DEVELOPMENT_OR_PRIOR_SEAL,1,2025-05-13,2025-05-28,1
FILING_PROXY_TDUP_20251117_8K,TDUP,2025-11-17,1484778,HIGH,,V19_V20_DEVELOPMENT,,DEVELOPMENT_OR_PRIOR_SEAL,1,2025-11-07,2025-11-22,0
FILING_PROXY_TEAD_20250307_10K,TEAD,2025-03-07,1454938,HIGH,,V19_V20_DEVELOPMENT,,DEVELOPMENT_OR_PRIOR_SEAL,1,2025-02-25,2025-03-12,1
FILING_PROXY_TEAD_20250807_8K,TEAD,2025-08-07,1454938,HIGH,,V19_V20_DEVELOPMENT,,DEVELOPMENT_OR_PRIOR_SEAL,1,2025-07-28,2025-08-12,0
FILING_PROXY_TECH_20241105_10Q,TECH,2024-11-05,842023,HIGH,,V19_V20_DEVELOPMENT,,DEVELOPMENT_OR_PRIOR_SEAL,1,2024-10-26,2024-11-10,1
FILING_PROXY_TECH_20251105_8K,TECH,2025-11-05,842023,HIGH,,V19_V20_DEVELOPMENT,,DEVELOPMENT_OR_PRIOR_SEAL,1,2025-10-26,2025-11-10,0
FILING_PROXY_TELA_20250602_8K,TELA,2025-06-02,1561921,HIGH,,V19_V20_DEVELOPMENT,,DEVELOPMENT_OR_PRIOR_SEAL,1,2025-05-23,2025-06-07,1
FILING_PROXY_TEL_20250723_8K,TEL,2025-07-23,1385157,HIGH,,V19_V20_DEVELOPMENT,,DEVELOPMENT_OR_PRIOR_SEAL,1,2025-07-13,2025-07-28,0
FILING_PROXY_TEL_20251120_8K,TEL,2025-11-20,1385157,HIGH,,V19_V20_DEVELOPMENT,,DEVELOPMENT_OR_PRIOR_SEAL,1,2025-11-10,2025-11-25,0
FILING_PROXY_TEM_20250224_10K,TEM,2025-02-24,1717115,HIGH,,V19_V20_DEVELOPMENT,,DEVELOPMENT_OR_PRIOR_SEAL,1,2025-02-14,2025-03-01,1
FILING_PROXY_TEM_20250703_8K,TEM,2025-07-03,1717115,HIGH,,V19_V20_DEVELOPMENT,,DEVELOPMENT_OR_PRIOR_SEAL,1,2025-06-23,2025-07-08,0
FILING_PROXY_TEM_20251104_8K,TEM,2025-11-04,1717115,HIGH,,V19_V20_DEVELOPMENT,,DEVELOPMENT_OR_PRIOR_SEAL,1,2025-10-25,2025-11-09,0
FILING_PROXY_TENB_20251029_8K,TENB,2025-10-29,1660280,HIGH,,V19_V20_DEVELOPMENT,,DEVELOPMENT_OR_PRIOR_SEAL,1,2025-10-19,2025-11-03,0
FILING_PROXY_TE_20250331_10K,TE,2025-03-31,1992243,HIGH,,V19_V20_DEVELOPMENT,,DEVELOPMENT_OR_PRIOR_SEAL,1,2025-03-21,2025-04-05,1
FILING_PROXY_TE_20250820_8K,TE,2025-08-20,1992243,HIGH,,V19_V20_DEVELOPMENT,,DEVELOPMENT_OR_PRIOR_SEAL,1,2025-08-10,2025-08-25,0
FILING_PROXY_TE_20251230_8K,TE,2025-12-30,1992243,HIGH,,V19_V20_DEVELOPMENT,,DEVELOPMENT_OR_PRIOR_SEAL,1,2025-12-20,2026-01-04,0
FILING_PROXY_TGE_20251229_6K,TGE,2025-12-29,2053456,HIGH,,V19_V20_DEVELOPMENT,,DEVELOPMENT_OR_PRIOR_SEAL,1,2025-12-19,2026-01-03,0
FILING_PROXY_TGTX_20250613_8K,TGTX,2025-06-13,1001316,HIGH,,V19_V20_DEVELOPMENT,,DEVELOPMENT_OR_PRIOR_SEAL,1,2025-06-03,2025-06-18,1
FILING_PROXY_TGTX_20251103_8K,TGTX,2025-11-03,1001316,HIGH,,V19_V20_DEVELOPMENT,,DEVELOPMENT_OR_PRIOR_SEAL,1,2025-10-24,2025-11-08,0
FILING_PROXY_TGT_20241127_10Q,TGT,2024-11-27,27419,HIGH,,V19_V20_DEVELOPMENT,,DEVELOPMENT_OR_PRIOR_SEAL,1,2024-11-17,2024-12-02,1
FILING_PROXY_TGT_20251119_8K,TGT,2025-11-19,27419,HIGH,,V19_V20_DEVELOPMENT,,DEVELOPMENT_OR_PRIOR_SEAL,1,2025-11-09,2025-11-24,0
FILING_PROXY_THCH_20250811_6K,THCH,2025-08-11,1877333,HIGH,,V19_V20_DEVELOPMENT,,DEVELOPMENT_OR_PRIOR_SEAL,1,2025-08-01,2025-08-16,0
FILING_PROXY_THCH_20251209_6K,THCH,2025-12-09,1877333,HIGH,,V19_V20_DEVELOPMENT,,DEVELOPMENT_OR_PRIOR_SEAL,1,2025-11-29,2025-12-14,0
FILING_PROXY_THO_20241204_10Q,THO,2024-12-04,730263,HIGH,,V19_V20_DEVELOPMENT,,DEVELOPMENT_OR_PRIOR_SEAL,1,2024-11-24,2024-12-09,1
FILING_PROXY_THO_20250623_8K,THO,2025-06-23,730263,HIGH,,V19_V20_DEVELOPMENT,,DEVELOPMENT_OR_PRIOR_SEAL,1,2025-06-13,2025-06-28,1
FILING_PROXY_THRY_20250617_8K,THRY,2025-06-17,1556739,HIGH,,V19_V20_DEVELOPMENT,,DEVELOPMENT_OR_PRIOR_SEAL,1,2025-06-07,2025-06-22,1
FILING_PROXY_THRY_20251030_8K,THRY,2025-10-30,1556739,HIGH,,V19_V20_DEVELOPMENT,,DEVELOPMENT_OR_PRIOR_SEAL,1,2025-10-20,2025-11-04,0
FILING_PROXY_TIGR_20251204_6K,TIGR,2025-12-04,1756699,HIGH,,V19_V20_DEVELOPMENT,,DEVELOPMENT_OR_PRIOR_SEAL,1,2025-11-24,2025-12-09,0
FILING_PROXY_TISI_20241112_10Q,TISI,2024-11-12,318833,HIGH,,V19_V20_DEVELOPMENT,,DEVELOPMENT_OR_PRIOR_SEAL,1,2024-11-02,2024-11-17,1
FILING_PROXY_TISI_20250620_8K,TISI,2025-06-20,318833,HIGH,,V19_V20_DEVELOPMENT,,DEVELOPMENT_OR_PRIOR_SEAL,1,2025-06-10,2025-06-25,1
FILING_PROXY_TKLF_20250710_6K,TKLF,2025-07-10,1836242,HIGH,,V19_V20_DEVELOPMENT,,DEVELOPMENT_OR_PRIOR_SEAL,1,2025-06-30,2025-07-15,0
FILING_PROXY_TKLF_20251219_6K,TKLF,2025-12-19,1836242,HIGH,,V19_V20_DEVELOPMENT,,DEVELOPMENT_OR_PRIOR_SEAL,1,2025-12-09,2025-12-24,0
FILING_PROXY_TLPH_20241113_10Q,TLPH,2024-11-13,1427925,HIGH,,V19_V20_DEVELOPMENT,,DEVELOPMENT_OR_PRIOR_SEAL,1,2024-11-03,2024-11-18,1
FILING_PROXY_TLPH_20250605_8K,TLPH,2025-06-05,1427925,HIGH,,V19_V20_DEVELOPMENT,,DEVELOPMENT_OR_PRIOR_SEAL,1,2025-05-26,2025-06-10,1
FILING_PROXY_TLPH_20251112_8K,TLPH,2025-11-12,1427925,HIGH,,V19_V20_DEVELOPMENT,,DEVELOPMENT_OR_PRIOR_SEAL,1,2025-11-02,2025-11-17,0
FILING_PROXY_TLRY_20250728_8K,TLRY,2025-07-28,1731348,HIGH,,V19_V20_DEVELOPMENT,,DEVELOPMENT_OR_PRIOR_SEAL,1,2025-07-18,2025-08-02,0
FILING_PROXY_TLRY_20251126_8K,TLRY,2025-11-26,1731348,HIGH,,V19_V20_DEVELOPMENT,,DEVELOPMENT_OR_PRIOR_SEAL,1,2025-11-16,2025-12-01,0
FILING_PROXY_TLSA_20250814_6K,TLSA,2025-08-14,1723069,HIGH,,V19_V20_DEVELOPMENT,,DEVELOPMENT_OR_PRIOR_SEAL,1,2025-08-04,2025-08-19,0
FILING_PROXY_TLSA_20251229_6K,TLSA,2025-12-29,1723069,HIGH,,V19_V20_DEVELOPMENT,,DEVELOPMENT_OR_PRIOR_SEAL,1,2025-12-19,2026-01-03,0
FILING_PROXY_TLSI_20241114_10Q,TLSI,2024-11-14,1826667,HIGH,,V19_V20_DEVELOPMENT,,DEVELOPMENT_OR_PRIOR_SEAL,1,2024-11-04,2024-11-19,1
FILING_PROXY_TLSI_20251113_8K,TLSI,2025-11-13,1826667,HIGH,,V19_V20_DEVELOPMENT,,DEVELOPMENT_OR_PRIOR_SEAL,1,2025-11-03,2025-11-18,0
FILING_PROXY_TLYS_20251203_8K,TLYS,2025-12-03,1524025,HIGH,,V19_V20_DEVELOPMENT,,DEVELOPMENT_OR_PRIOR_SEAL,1,2025-11-23,2025-12-08,0
FILING_PROXY_TMC_20241115_10Q,TMC,2024-11-15,1798562,HIGH,,V19_V20_DEVELOPMENT,,DEVELOPMENT_OR_PRIOR_SEAL,1,2024-11-05,2024-11-20,1
FILING_PROXY_TMC_20250701_8K,TMC,2025-07-01,1798562,HIGH,,V19_V20_DEVELOPMENT,,DEVELOPMENT_OR_PRIOR_SEAL,1,2025-06-21,2025-07-06,0
FILING_PROXY_TMO_20250723_8K,TMO,2025-07-23,97745,HIGH,,V19_V20_DEVELOPMENT,,DEVELOPMENT_OR_PRIOR_SEAL,1,2025-07-13,2025-07-28,0
FILING_PROXY_TMO_20251201_8K,TMO,2025-12-01,97745,HIGH,,V19_V20_DEVELOPMENT,,DEVELOPMENT_OR_PRIOR_SEAL,1,2025-11-21,2025-12-06,0
FILING_PROXY_TNMG_20251229_6K,TNMG,2025-12-29,2013186,HIGH,,V19_V20_DEVELOPMENT,,DEVELOPMENT_OR_PRIOR_SEAL,1,2025-12-19,2026-01-03,0
FILING_PROXY_TNON_20241114_10Q,TNON,2024-11-14,1560293,HIGH,,V19_V20_DEVELOPMENT,,DEVELOPMENT_OR_PRIOR_SEAL,1,2024-11-04,2024-11-19,1
FILING_PROXY_TOL_20251219_8K,TOL,2025-12-19,794170,HIGH,,V19_V20_DEVELOPMENT,,DEVELOPMENT_OR_PRIOR_SEAL,1,2025-12-09,2025-12-24,0
FILING_PROXY_TONX_20241105_10Q,TONX,2024-11-05,1566610,HIGH,,V19_V20_DEVELOPMENT,,DEVELOPMENT_OR_PRIOR_SEAL,1,2024-10-26,2024-11-10,1
FILING_PROXY_TONX_20250425_8K,TONX,2025-04-25,1566610,HIGH,,V19_V20_DEVELOPMENT,,DEVELOPMENT_OR_PRIOR_SEAL,1,2025-04-15,2025-04-30,1
FILING_PROXY_TOP_20250127_6K,TOP,2025-01-27,1848275,HIGH,,V19_V20_DEVELOPMENT,,DEVELOPMENT_OR_PRIOR_SEAL,1,2025-01-17,2025-02-01,1
FILING_PROXY_TOP_20250825_6K,TOP,2025-08-25,1848275,HIGH,,V19_V20_DEVELOPMENT,,DEVELOPMENT_OR_PRIOR_SEAL,1,2025-08-15,2025-08-30,0
FILING_PROXY_TORO_20251229_6K,TORO,2025-12-29,1941131,HIGH,,V19_V20_DEVELOPMENT,,DEVELOPMENT_OR_PRIOR_SEAL,1,2025-12-19,2026-01-03,0
FILING_PROXY_TOST_20241108_10Q,TOST,2024-11-08,1650164,HIGH,,V19_V20_DEVELOPMENT,,DEVELOPMENT_OR_PRIOR_SEAL,1,2024-10-29,2024-11-13,1
FILING_PROXY_TOST_20251104_8K,TOST,2025-11-04,1650164,HIGH,,V19_V20_DEVELOPMENT,,DEVELOPMENT_OR_PRIOR_SEAL,1,2025-10-25,2025-11-09,0
FILING_PROXY_TOYO_20250805_6K,TOYO,2025-08-05,1985273,HIGH,,V19_V20_DEVELOPMENT,,DEVELOPMENT_OR_PRIOR_SEAL,1,2025-07-26,2025-08-10,0
FILING_PROXY_TPL_20250219_10K,TPL,2025-02-19,1811074,HIGH,,V19_V20_DEVELOPMENT,,DEVELOPMENT_OR_PRIOR_SEAL,1,2025-02-09,2025-02-24,1
FILING_PROXY_TPL_20250814_8K,TPL,2025-08-14,1811074,HIGH,,V19_V20_DEVELOPMENT,,DEVELOPMENT_OR_PRIOR_SEAL,1,2025-08-04,2025-08-19,0
FILING_PROXY_TPL_20251217_8K,TPL,2025-12-17,1811074,HIGH,,V19_V20_DEVELOPMENT,,DEVELOPMENT_OR_PRIOR_SEAL,1,2025-12-07,2025-12-22,0
FILING_PROXY_TPR_20250523_8K,TPR,2025-05-23,1116132,HIGH,,V19_V20_DEVELOPMENT,,DEVELOPMENT_OR_PRIOR_SEAL,1,2025-05-13,2025-05-28,1
FILING_PROXY_TPST_20250612_8K,TPST,2025-06-12,1544227,HIGH,,V19_V20_DEVELOPMENT,,DEVELOPMENT_OR_PRIOR_SEAL,1,2025-06-02,2025-06-17,1
FILING_PROXY_TPST_20251126_8K,TPST,2025-11-26,1544227,HIGH,,V19_V20_DEVELOPMENT,,DEVELOPMENT_OR_PRIOR_SEAL,1,2025-11-16,2025-12-01,0
FILING_PROXY_TRAW_20250331_10K,TRAW,2025-03-31,1130598,HIGH,,V19_V20_DEVELOPMENT,,DEVELOPMENT_OR_PRIOR_SEAL,1,2025-03-21,2025-04-05,1
FILING_PROXY_TRAW_20250818_8K,TRAW,2025-08-18,1130598,HIGH,,V19_V20_DEVELOPMENT,,DEVELOPMENT_OR_PRIOR_SEAL,1,2025-08-08,2025-08-23,0
FILING_PROXY_TRAW_20251217_8K,TRAW,2025-12-17,1130598,HIGH,,V19_V20_DEVELOPMENT,,DEVELOPMENT_OR_PRIOR_SEAL,1,2025-12-07,2025-12-22,0
FILING_PROXY_TREX_20250224_10K,TREX,2025-02-24,1069878,HIGH,,V19_V20_DEVELOPMENT,,DEVELOPMENT_OR_PRIOR_SEAL,1,2025-02-14,2025-03-01,1
FILING_PROXY_TRGP_20241105_10Q,TRGP,2024-11-05,1389170,HIGH,,V19_V20_DEVELOPMENT,,DEVELOPMENT_OR_PRIOR_SEAL,1,2024-10-26,2024-11-10,1
FILING_PROXY_TRIB_20250820_6K,TRIB,2025-08-20,888721,HIGH,,V19_V20_DEVELOPMENT,,DEVELOPMENT_OR_PRIOR_SEAL,1,2025-08-10,2025-08-25,0
FILING_PROXY_TRIB_20251223_6K,TRIB,2025-12-23,888721,HIGH,,V19_V20_DEVELOPMENT,,DEVELOPMENT_OR_PRIOR_SEAL,1,2025-12-13,2025-12-28,0
FILING_PROXY_TRMB_20250116_10Q,TRMB,2025-01-16,864749,HIGH,,V19_V20_DEVELOPMENT,,DEVELOPMENT_OR_PRIOR_SEAL,1,2025-01-06,2025-01-21,1
FILING_PROXY_TRMB_20250806_8K,TRMB,2025-08-06,864749,HIGH,,V19_V20_DEVELOPMENT,,DEVELOPMENT_OR_PRIOR_SEAL,1,2025-07-27,2025-08-11,0
FILING_PROXY_TRNO_20251105_8K,TRNO,2025-11-05,1476150,HIGH,,V19_V20_DEVELOPMENT,,DEVELOPMENT_OR_PRIOR_SEAL,1,2025-10-26,2025-11-10,0
FILING_PROXY_TRNR_20250331_10K,TRNR,2025-03-31,1785056,HIGH,,V19_V20_DEVELOPMENT,,DEVELOPMENT_OR_PRIOR_SEAL,1,2025-03-21,2025-04-05,1
FILING_PROXY_TRNR_20250814_8K,TRNR,2025-08-14,1785056,HIGH,,V19_V20_DEVELOPMENT,,DEVELOPMENT_OR_PRIOR_SEAL,1,2025-08-04,2025-08-19,0
FILING_PROXY_TRON_20250331_10K,TRON,2025-03-31,1956744,HIGH,,V19_V20_DEVELOPMENT,,DEVELOPMENT_OR_PRIOR_SEAL,1,2025-03-21,2025-04-05,1
FILING_PROXY_TRON_20250829_8K,TRON,2025-08-29,1956744,HIGH,,V19_V20_DEVELOPMENT,,DEVELOPMENT_OR_PRIOR_SEAL,1,2025-08-19,2025-09-03,0
FILING_PROXY_TRON_20251229_8K,TRON,2025-12-29,1956744,HIGH,,V19_V20_DEVELOPMENT,,DEVELOPMENT_OR_PRIOR_SEAL,1,2025-12-19,2026-01-03,0
FILING_PROXY_TROO_20250821_6K,TROO,2025-08-21,1412095,HIGH,,V19_V20_DEVELOPMENT,,DEVELOPMENT_OR_PRIOR_SEAL,1,2025-08-11,2025-08-26,0
FILING_PROXY_TROO_20251223_6K,TROO,2025-12-23,1412095,HIGH,,V19_V20_DEVELOPMENT,,DEVELOPMENT_OR_PRIOR_SEAL,1,2025-12-13,2025-12-28,0
FILING_PROXY_TRUG_20241114_10Q,TRUG,2024-11-14,1857086,HIGH,,V19_V20_DEVELOPMENT,,DEVELOPMENT_OR_PRIOR_SEAL,1,2024-11-04,2024-11-19,1
FILING_PROXY_TRUG_20250404_8K,TRUG,2025-04-04,1857086,HIGH,,V19_V20_DEVELOPMENT,,DEVELOPMENT_OR_PRIOR_SEAL,1,2025-03-25,2025-04-09,1
FILING_PROXY_TRUG_20250804_8K,TRUG,2025-08-04,1857086,HIGH,,V19_V20_DEVELOPMENT,,DEVELOPMENT_OR_PRIOR_SEAL,1,2025-07-25,2025-08-09,0
FILING_PROXY_TRUP_20241101_10Q,TRUP,2024-11-01,1371285,HIGH,,V19_V20_DEVELOPMENT,,DEVELOPMENT_OR_PRIOR_SEAL,1,2024-10-22,2024-11-06,1
FILING_PROXY_TRUP_20250617_8K,TRUP,2025-06-17,1371285,HIGH,,V19_V20_DEVELOPMENT,,DEVELOPMENT_OR_PRIOR_SEAL,1,2025-06-07,2025-06-22,1
FILING_PROXY_TRUP_20251106_8K,TRUP,2025-11-06,1371285,HIGH,,V19_V20_DEVELOPMENT,,DEVELOPMENT_OR_PRIOR_SEAL,1,2025-10-27,2025-11-11,0
FILING_PROXY_TRU_20250724_8K,TRU,2025-07-24,1552033,HIGH,,V19_V20_DEVELOPMENT,,DEVELOPMENT_OR_PRIOR_SEAL,1,2025-07-14,2025-07-29,0
FILING_PROXY_TRVI_20250318_10K,TRVI,2025-03-18,1563880,HIGH,,V19_V20_DEVELOPMENT,,DEVELOPMENT_OR_PRIOR_SEAL,1,2025-03-08,2025-03-23,1
FILING_PROXY_TRVI_20250807_8K,TRVI,2025-08-07,1563880,HIGH,,V19_V20_DEVELOPMENT,,DEVELOPMENT_OR_PRIOR_SEAL,1,2025-07-28,2025-08-12,0
FILING_PROXY_TRVI_20251205_8K,TRVI,2025-12-05,1563880,HIGH,,V19_V20_DEVELOPMENT,,DEVELOPMENT_OR_PRIOR_SEAL,1,2025-11-25,2025-12-10,0
FILING_PROXY_TRV_20241017_10Q,TRV,2024-10-17,86312,HIGH,,V19_V20_DEVELOPMENT,,DEVELOPMENT_OR_PRIOR_SEAL,1,2024-10-07,2024-10-22,1
FILING_PROXY_TRV_20251016_8K,TRV,2025-10-16,86312,HIGH,,V19_V20_DEVELOPMENT,,DEVELOPMENT_OR_PRIOR_SEAL,1,2025-10-06,2025-10-21,0
FILING_PROXY_TR_20241108_10Q,TR,2024-11-08,98677,HIGH,,V19_V20_DEVELOPMENT,,DEVELOPMENT_OR_PRIOR_SEAL,1,2024-10-29,2024-11-13,1
FILING_PROXY_TR_20251023_8K,TR,2025-10-23,98677,HIGH,,V19_V20_DEVELOPMENT,,DEVELOPMENT_OR_PRIOR_SEAL,1,2025-10-13,2025-10-28,0
FILING_PROXY_TSAT_20251209_6K,TSAT,2025-12-09,1845840,HIGH,,V19_V20_DEVELOPMENT,,DEVELOPMENT_OR_PRIOR_SEAL,1,2025-11-29,2025-12-14,0
FILING_PROXY_TSEM_20250825_6K,TSEM,2025-08-25,928876,HIGH,,V19_V20_DEVELOPMENT,,DEVELOPMENT_OR_PRIOR_SEAL,1,2025-08-15,2025-08-30,0
FILING_PROXY_TSEM_20251229_6K,TSEM,2025-12-29,928876,HIGH,,V19_V20_DEVELOPMENT,,DEVELOPMENT_OR_PRIOR_SEAL,1,2025-12-19,2026-01-03,0
FILING_PROXY_TSLA_20250130_10K,TSLA,2025-01-30,1318605,HIGH,,V19_V20_DEVELOPMENT,,DEVELOPMENT_OR_PRIOR_SEAL,1,2025-01-20,2025-02-04,1
FILING_PROXY_TSLA_20250710_8K,TSLA,2025-07-10,1318605,HIGH,,V19_V20_DEVELOPMENT,,DEVELOPMENT_OR_PRIOR_SEAL,1,2025-06-30,2025-07-15,0
FILING_PROXY_TSLA_20251107_8K,TSLA,2025-11-07,1318605,HIGH,,V19_V20_DEVELOPMENT,,DEVELOPMENT_OR_PRIOR_SEAL,1,2025-10-28,2025-11-12,0
FILING_PROXY_TTGT_20250701_8K,TTGT,2025-07-01,2018064,HIGH,,V19_V20_DEVELOPMENT,,DEVELOPMENT_OR_PRIOR_SEAL,1,2025-06-21,2025-07-06,0
FILING_PROXY_TTI_20241029_10Q,TTI,2024-10-29,844965,HIGH,,V19_V20_DEVELOPMENT,,DEVELOPMENT_OR_PRIOR_SEAL,1,2024-10-19,2024-11-03,1
FILING_PROXY_TTI_20250612_8K,TTI,2025-06-12,844965,HIGH,,V19_V20_DEVELOPMENT,,DEVELOPMENT_OR_PRIOR_SEAL,1,2025-06-02,2025-06-17,1
FILING_PROXY_TTI_20251028_8K,TTI,2025-10-28,844965,HIGH,,V19_V20_DEVELOPMENT,,DEVELOPMENT_OR_PRIOR_SEAL,1,2025-10-18,2025-11-02,0
FILING_PROXY_TTMI_20241105_10Q,TTMI,2024-11-05,1116942,HIGH,,V19_V20_DEVELOPMENT,,DEVELOPMENT_OR_PRIOR_SEAL,1,2024-10-26,2024-11-10,1
FILING_PROXY_TTWO_20250522_8K,TTWO,2025-05-22,946581,HIGH,,V19_V20_DEVELOPMENT,,DEVELOPMENT_OR_PRIOR_SEAL,1,2025-05-12,2025-05-27,1
FILING_PROXY_TTWO_20251106_8K,TTWO,2025-11-06,946581,HIGH,,V19_V20_DEVELOPMENT,,DEVELOPMENT_OR_PRIOR_SEAL,1,2025-10-27,2025-11-11,0
FILING_PROXY_TT_20250730_8K,TT,2025-07-30,1466258,HIGH,,V19_V20_DEVELOPMENT,,DEVELOPMENT_OR_PRIOR_SEAL,1,2025-07-20,2025-08-04,0
FILING_PROXY_TURB_20251112_6K,TURB,2025-11-12,1963439,HIGH,,V19_V20_DEVELOPMENT,,DEVELOPMENT_OR_PRIOR_SEAL,1,2025-11-02,2025-11-17,0
FILING_PROXY_TUSK_20250703_8K,TUSK,2025-07-03,1679268,HIGH,,V19_V20_DEVELOPMENT,,DEVELOPMENT_OR_PRIOR_SEAL,1,2025-06-23,2025-07-08,0
FILING_PROXY_TUSK_20251204_8K,TUSK,2025-12-04,1679268,HIGH,,V19_V20_DEVELOPMENT,,DEVELOPMENT_OR_PRIOR_SEAL,1,2025-11-24,2025-12-09,0
FILING_PROXY_TUYA_20250707_6K,TUYA,2025-07-07,1829118,HIGH,,V19_V20_DEVELOPMENT,,DEVELOPMENT_OR_PRIOR_SEAL,1,2025-06-27,2025-07-12,0
FILING_PROXY_TVGN_20241119_10Q,TVGN,2024-11-19,1860871,HIGH,,V19_V20_DEVELOPMENT,,DEVELOPMENT_OR_PRIOR_SEAL,1,2024-11-09,2024-11-24,1
FILING_PROXY_TVGN_20250425_8K,TVGN,2025-04-25,1860871,HIGH,,V19_V20_DEVELOPMENT,,DEVELOPMENT_OR_PRIOR_SEAL,1,2025-04-15,2025-04-30,1
FILING_PROXY_TVRD_20250311_10K,TVRD,2025-03-11,1346830,HIGH,,V19_V20_DEVELOPMENT,,DEVELOPMENT_OR_PRIOR_SEAL,1,2025-03-01,2025-03-16,1
FILING_PROXY_TWAV_20250318_10K,TWAV,2025-03-18,746210,HIGH,,V19_V20_DEVELOPMENT,,DEVELOPMENT_OR_PRIOR_SEAL,1,2025-03-08,2025-03-23,1
FILING_PROXY_TWAV_20250814_8K,TWAV,2025-08-14,746210,HIGH,,V19_V20_DEVELOPMENT,,DEVELOPMENT_OR_PRIOR_SEAL,1,2025-08-04,2025-08-19,0
FILING_PROXY_TWG_20250812_6K,TWG,2025-08-12,1978057,HIGH,,V19_V20_DEVELOPMENT,,DEVELOPMENT_OR_PRIOR_SEAL,1,2025-08-02,2025-08-17,0
FILING_PROXY_TWG_20251211_6K,TWG,2025-12-11,1978057,HIGH,,V19_V20_DEVELOPMENT,,DEVELOPMENT_OR_PRIOR_SEAL,1,2025-12-01,2025-12-16,0
FILING_PROXY_TWST_20241118_10K,TWST,2024-11-18,1581280,HIGH,,V19_V20_DEVELOPMENT,,DEVELOPMENT_OR_PRIOR_SEAL,1,2024-11-08,2024-11-23,1
FILING_PROXY_TWST_20251114_8K,TWST,2025-11-14,1581280,HIGH,,V19_V20_DEVELOPMENT,,DEVELOPMENT_OR_PRIOR_SEAL,1,2025-11-04,2025-11-19,0
FILING_PROXY_TXG_20241029_10Q,TXG,2024-10-29,1770787,HIGH,,V19_V20_DEVELOPMENT,,DEVELOPMENT_OR_PRIOR_SEAL,1,2024-10-19,2024-11-03,1
FILING_PROXY_TXG_20250605_8K,TXG,2025-06-05,1770787,HIGH,,V19_V20_DEVELOPMENT,,DEVELOPMENT_OR_PRIOR_SEAL,1,2025-05-26,2025-06-10,1
FILING_PROXY_TXG_20251114_8K,TXG,2025-11-14,1770787,HIGH,,V19_V20_DEVELOPMENT,,DEVELOPMENT_OR_PRIOR_SEAL,1,2025-11-04,2025-11-19,0
FILING_PROXY_TXMD_20250327_10K,TXMD,2025-03-27,25743,HIGH,,V19_V20_DEVELOPMENT,,DEVELOPMENT_OR_PRIOR_SEAL,1,2025-03-17,2025-04-01,1
FILING_PROXY_TXMD_20250812_8K,TXMD,2025-08-12,25743,HIGH,,V19_V20_DEVELOPMENT,,DEVELOPMENT_OR_PRIOR_SEAL,1,2025-08-02,2025-08-17,0
FILING_PROXY_TXNM_20250228_10K,TXNM,2025-02-28,1108426,HIGH,,V19_V20_DEVELOPMENT,,DEVELOPMENT_OR_PRIOR_SEAL,1,2025-02-18,2025-03-05,1
FILING_PROXY_TXNM_20251219_8K,TXNM,2025-12-19,1108426,HIGH,,V19_V20_DEVELOPMENT,,DEVELOPMENT_OR_PRIOR_SEAL,1,2025-12-09,2025-12-24,0
FILING_PROXY_TXRH_20250228_10K,TXRH,2025-02-28,1289460,HIGH,,V19_V20_DEVELOPMENT,,DEVELOPMENT_OR_PRIOR_SEAL,1,2025-02-18,2025-03-05,1
FILING_PROXY_TXRH_20251231_8K,TXRH,2025-12-31,1289460,HIGH,,V19_V20_DEVELOPMENT,,DEVELOPMENT_OR_PRIOR_SEAL,1,2025-12-21,2026-01-05,0
FILING_PROXY_TYGO_20250320_10K,TYGO,2025-03-20,1855447,HIGH,,V19_V20_DEVELOPMENT,,DEVELOPMENT_OR_PRIOR_SEAL,1,2025-03-10,2025-03-25,1
FILING_PROXY_TYGO_20250729_8K,TYGO,2025-07-29,1855447,HIGH,,V19_V20_DEVELOPMENT,,DEVELOPMENT_OR_PRIOR_SEAL,1,2025-07-19,2025-08-03,0
FILING_PROXY_TYGO_20251219_8K,TYGO,2025-12-19,1855447,HIGH,,V19_V20_DEVELOPMENT,,DEVELOPMENT_OR_PRIOR_SEAL,1,2025-12-09,2025-12-24,0
FILING_PROXY_TYL_20241023_10Q,TYL,2024-10-23,860731,HIGH,,V19_V20_DEVELOPMENT,,DEVELOPMENT_OR_PRIOR_SEAL,1,2024-10-13,2024-10-28,1
FILING_PROXY_TYL_20251029_8K,TYL,2025-10-29,860731,HIGH,,V19_V20_DEVELOPMENT,,DEVELOPMENT_OR_PRIOR_SEAL,1,2025-10-19,2025-11-03,0
FILING_PROXY_TYRA_20241107_10Q,TYRA,2024-11-07,1863127,HIGH,,V19_V20_DEVELOPMENT,,DEVELOPMENT_OR_PRIOR_SEAL,1,2024-10-28,2024-11-12,1
FILING_PROXY_T_20251103_8K,T,2025-11-03,732717,HIGH,,V19_V20_DEVELOPMENT,,DEVELOPMENT_OR_PRIOR_SEAL,1,2025-10-24,2025-11-08,0
FILING_PROXY_UAL_20241016_10Q,UAL,2024-10-16,100517,HIGH,,V19_V20_DEVELOPMENT,,DEVELOPMENT_OR_PRIOR_SEAL,1,2024-10-06,2024-10-21,1
FILING_PROXY_UAN_20241029_10Q,UAN,2024-10-29,1425292,HIGH,,V19_V20_DEVELOPMENT,,DEVELOPMENT_OR_PRIOR_SEAL,1,2024-10-19,2024-11-03,1
FILING_PROXY_UAN_20251029_8K,UAN,2025-10-29,1425292,HIGH,,V19_V20_DEVELOPMENT,,DEVELOPMENT_OR_PRIOR_SEAL,1,2025-10-19,2025-11-03,0
FILING_PROXY_UBER_20241031_10Q,UBER,2024-10-31,1543151,HIGH,,V19_V20_DEVELOPMENT,,DEVELOPMENT_OR_PRIOR_SEAL,1,2024-10-21,2024-11-05,1
FILING_PROXY_UBER_20251104_8K,UBER,2025-11-04,1543151,HIGH,,V19_V20_DEVELOPMENT,,DEVELOPMENT_OR_PRIOR_SEAL,1,2025-10-25,2025-11-09,0
FILING_PROXY_UBS_20251215_6K,UBS,2025-12-15,1610520,HIGH,,V19_V20_DEVELOPMENT,,DEVELOPMENT_OR_PRIOR_SEAL,1,2025-12-05,2025-12-20,0
FILING_PROXY_UCAR_20251208_6K,UCAR,2025-12-08,1939780,HIGH,,V19_V20_DEVELOPMENT,,DEVELOPMENT_OR_PRIOR_SEAL,1,2025-11-28,2025-12-13,0
FILING_PROXY_UCL_20251112_6K,UCL,2025-11-12,1775898,HIGH,,V19_V20_DEVELOPMENT,,DEVELOPMENT_OR_PRIOR_SEAL,1,2025-11-02,2025-11-17,0
FILING_PROXY_UCTT_20250225_10K,UCTT,2025-02-25,1275014,HIGH,,V19_V20_DEVELOPMENT,,DEVELOPMENT_OR_PRIOR_SEAL,1,2025-02-15,2025-03-02,1
FILING_PROXY_UCTT_20251028_8K,UCTT,2025-10-28,1275014,HIGH,,V19_V20_DEVELOPMENT,,DEVELOPMENT_OR_PRIOR_SEAL,1,2025-10-18,2025-11-02,0
FILING_PROXY_UFG_20250804_6K,UFG,2025-08-04,2021688,HIGH,,V19_V20_DEVELOPMENT,,DEVELOPMENT_OR_PRIOR_SEAL,1,2025-07-25,2025-08-09,0
FILING_PROXY_UFG_20251210_6K,UFG,2025-12-10,2021688,HIGH,,V19_V20_DEVELOPMENT,,DEVELOPMENT_OR_PRIOR_SEAL,1,2025-11-30,2025-12-15,0
FILING_PROXY_UFPT_20250303_10K,UFPT,2025-03-03,914156,HIGH,,V19_V20_DEVELOPMENT,,DEVELOPMENT_OR_PRIOR_SEAL,1,2025-02-21,2025-03-08,1
FILING_PROXY_UFPT_20251202_8K,UFPT,2025-12-02,914156,HIGH,,V19_V20_DEVELOPMENT,,DEVELOPMENT_OR_PRIOR_SEAL,1,2025-11-22,2025-12-07,0
FILING_PROXY_UGP_20250825_6K,UGP,2025-08-25,1094972,HIGH,,V19_V20_DEVELOPMENT,,DEVELOPMENT_OR_PRIOR_SEAL,1,2025-08-15,2025-08-30,0
FILING_PROXY_UHAL-B_20251210_8K,UHAL-B,2025-12-10,4457,HIGH,,V19_V20_DEVELOPMENT,,DEVELOPMENT_OR_PRIOR_SEAL,1,2025-11-30,2025-12-15,0
FILING_PROXY_UK_20250811_6K,UK,2025-08-11,1821424,HIGH,,V19_V20_DEVELOPMENT,,DEVELOPMENT_OR_PRIOR_SEAL,1,2025-08-01,2025-08-16,0
FILING_PROXY_UK_20251229_6K,UK,2025-12-29,1821424,HIGH,,V19_V20_DEVELOPMENT,,DEVELOPMENT_OR_PRIOR_SEAL,1,2025-12-19,2026-01-03,0
FILING_PROXY_ULBI_20241112_10Q,ULBI,2024-11-12,875657,HIGH,,V19_V20_DEVELOPMENT,,DEVELOPMENT_OR_PRIOR_SEAL,1,2024-11-02,2024-11-17,1
FILING_PROXY_ULH_20241107_10Q,ULH,2024-11-07,1308208,HIGH,,V19_V20_DEVELOPMENT,,DEVELOPMENT_OR_PRIOR_SEAL,1,2024-10-28,2024-11-12,1
FILING_PROXY_ULH_20250502_8K,ULH,2025-05-02,1308208,HIGH,,V19_V20_DEVELOPMENT,,DEVELOPMENT_OR_PRIOR_SEAL,1,2025-04-22,2025-05-07,1
FILING_PROXY_ULTA_20251218_8K,ULTA,2025-12-18,1403568,HIGH,,V19_V20_DEVELOPMENT,,DEVELOPMENT_OR_PRIOR_SEAL,1,2025-12-08,2025-12-23,0
FILING_PROXY_UMC_20250813_6K,UMC,2025-08-13,1033767,HIGH,,V19_V20_DEVELOPMENT,,DEVELOPMENT_OR_PRIOR_SEAL,1,2025-08-03,2025-08-18,0
FILING_PROXY_UNCY_20241113_10Q,UNCY,2024-11-13,1766140,HIGH,,V19_V20_DEVELOPMENT,,DEVELOPMENT_OR_PRIOR_SEAL,1,2024-11-03,2024-11-18,1
FILING_PROXY_UNCY_20250708_8K,UNCY,2025-07-08,1766140,HIGH,,V19_V20_DEVELOPMENT,,DEVELOPMENT_OR_PRIOR_SEAL,1,2025-06-28,2025-07-13,0
FILING_PROXY_UNCY_20251114_8K,UNCY,2025-11-14,1766140,HIGH,,V19_V20_DEVELOPMENT,,DEVELOPMENT_OR_PRIOR_SEAL,1,2025-11-04,2025-11-19,0
FILING_PROXY_UNH_20250724_8K,UNH,2025-07-24,731766,HIGH,,V19_V20_DEVELOPMENT,,DEVELOPMENT_OR_PRIOR_SEAL,1,2025-07-14,2025-07-29,0
FILING_PROXY_UNH_20251121_8K,UNH,2025-11-21,731766,HIGH,,V19_V20_DEVELOPMENT,,DEVELOPMENT_OR_PRIOR_SEAL,1,2025-11-11,2025-11-26,0
FILING_PROXY_UNIT_20250502_8K,UNIT,2025-05-02,2020795,HIGH,,V19_V20_DEVELOPMENT,,DEVELOPMENT_OR_PRIOR_SEAL,1,2025-04-22,2025-05-07,1
FILING_PROXY_UNIT_20251104_8K,UNIT,2025-11-04,2020795,HIGH,,V19_V20_DEVELOPMENT,,DEVELOPMENT_OR_PRIOR_SEAL,1,2025-10-25,2025-11-09,0
FILING_PROXY_UNMA_20251204_8K,UNMA,2025-12-04,5513,HIGH,,V19_V20_DEVELOPMENT,,DEVELOPMENT_OR_PRIOR_SEAL,1,2025-11-24,2025-12-09,0
FILING_PROXY_UONEK_20250327_10K,UONEK,2025-03-27,1041657,HIGH,,V19_V20_DEVELOPMENT,,DEVELOPMENT_OR_PRIOR_SEAL,1,2025-03-17,2025-04-01,1
FILING_PROXY_UONEK_20251218_8K,UONEK,2025-12-18,1041657,HIGH,,V19_V20_DEVELOPMENT,,DEVELOPMENT_OR_PRIOR_SEAL,1,2025-12-08,2025-12-23,0
FILING_PROXY_UONE_20250327_10K,UONE,2025-03-27,1041657,HIGH,,V19_V20_DEVELOPMENT,,DEVELOPMENT_OR_PRIOR_SEAL,1,2025-03-17,2025-04-01,1
FILING_PROXY_UPLD_20241107_10Q,UPLD,2024-11-07,1505155,HIGH,,V19_V20_DEVELOPMENT,,DEVELOPMENT_OR_PRIOR_SEAL,1,2024-10-28,2024-11-12,1
FILING_PROXY_UPLD_20250604_8K,UPLD,2025-06-04,1505155,HIGH,,V19_V20_DEVELOPMENT,,DEVELOPMENT_OR_PRIOR_SEAL,1,2025-05-25,2025-06-09,1
FILING_PROXY_UPLD_20251106_8K,UPLD,2025-11-06,1505155,HIGH,,V19_V20_DEVELOPMENT,,DEVELOPMENT_OR_PRIOR_SEAL,1,2025-10-27,2025-11-11,0
FILING_PROXY_UPST_20241108_10Q,UPST,2024-11-08,1647639,HIGH,,V19_V20_DEVELOPMENT,,DEVELOPMENT_OR_PRIOR_SEAL,1,2024-10-29,2024-11-13,1
FILING_PROXY_UPST_20250523_8K,UPST,2025-05-23,1647639,HIGH,,V19_V20_DEVELOPMENT,,DEVELOPMENT_OR_PRIOR_SEAL,1,2025-05-13,2025-05-28,1
FILING_PROXY_UPXI_20250827_8K,UPXI,2025-08-27,1775194,HIGH,,V19_V20_DEVELOPMENT,,DEVELOPMENT_OR_PRIOR_SEAL,1,2025-08-17,2025-09-01,0
FILING_PROXY_UP_20250807_8K,UP,2025-08-07,1819516,HIGH,,V19_V20_DEVELOPMENT,,DEVELOPMENT_OR_PRIOR_SEAL,1,2025-07-28,2025-08-12,0
FILING_PROXY_UP_20251223_8K,UP,2025-12-23,1819516,HIGH,,V19_V20_DEVELOPMENT,,DEVELOPMENT_OR_PRIOR_SEAL,1,2025-12-13,2025-12-28,0
FILING_PROXY_URGN_20241106_10Q,URGN,2024-11-06,1668243,HIGH,,V19_V20_DEVELOPMENT,,DEVELOPMENT_OR_PRIOR_SEAL,1,2024-10-27,2024-11-11,1
FILING_PROXY_URGN_20250703_8K,URGN,2025-07-03,1668243,HIGH,,V19_V20_DEVELOPMENT,,DEVELOPMENT_OR_PRIOR_SEAL,1,2025-06-23,2025-07-08,0
FILING_PROXY_UROY_20250801_6K,UROY,2025-08-01,1711570,HIGH,,V19_V20_DEVELOPMENT,,DEVELOPMENT_OR_PRIOR_SEAL,1,2025-07-22,2025-08-06,0
FILING_PROXY_UROY_20251211_6K,UROY,2025-12-11,1711570,HIGH,,V19_V20_DEVELOPMENT,,DEVELOPMENT_OR_PRIOR_SEAL,1,2025-12-01,2025-12-16,0
FILING_PROXY_USGO_20250811_8K,USGO,2025-08-11,1947244,HIGH,,V19_V20_DEVELOPMENT,,DEVELOPMENT_OR_PRIOR_SEAL,1,2025-08-01,2025-08-16,0
FILING_PROXY_USGO_20251217_8K,USGO,2025-12-17,1947244,HIGH,,V19_V20_DEVELOPMENT,,DEVELOPMENT_OR_PRIOR_SEAL,1,2025-12-07,2025-12-22,0
FILING_PROXY_USIO_20241106_10Q,USIO,2024-11-06,1088034,HIGH,,V19_V20_DEVELOPMENT,,DEVELOPMENT_OR_PRIOR_SEAL,1,2024-10-27,2024-11-11,1
FILING_PROXY_USNA_20241105_10Q,USNA,2024-11-05,896264,HIGH,,V19_V20_DEVELOPMENT,,DEVELOPMENT_OR_PRIOR_SEAL,1,2024-10-26,2024-11-10,1
FILING_PROXY_USNA_20251022_8K,USNA,2025-10-22,896264,HIGH,,V19_V20_DEVELOPMENT,,DEVELOPMENT_OR_PRIOR_SEAL,1,2025-10-12,2025-10-27,0
FILING_PROXY_UTHR_20250226_10K,UTHR,2025-02-26,1082554,HIGH,,V19_V20_DEVELOPMENT,,DEVELOPMENT_OR_PRIOR_SEAL,1,2025-02-16,2025-03-03,1
FILING_PROXY_UTI_20241205_10K,UTI,2024-12-05,1261654,HIGH,,V19_V20_DEVELOPMENT,,DEVELOPMENT_OR_PRIOR_SEAL,1,2024-11-25,2024-12-10,1
FILING_PROXY_UTI_20250507_8K,UTI,2025-05-07,1261654,HIGH,,V19_V20_DEVELOPMENT,,DEVELOPMENT_OR_PRIOR_SEAL,1,2025-04-27,2025-05-12,1
FILING_PROXY_UTI_20251119_8K,UTI,2025-11-19,1261654,HIGH,,V19_V20_DEVELOPMENT,,DEVELOPMENT_OR_PRIOR_SEAL,1,2025-11-09,2025-11-24,0
FILING_PROXY_UTZ_20241031_10Q,UTZ,2024-10-31,1739566,HIGH,,V19_V20_DEVELOPMENT,,DEVELOPMENT_OR_PRIOR_SEAL,1,2024-10-21,2024-11-05,1
FILING_PROXY_UTZ_20250501_8K,UTZ,2025-05-01,1739566,HIGH,,V19_V20_DEVELOPMENT,,DEVELOPMENT_OR_PRIOR_SEAL,1,2025-04-21,2025-05-06,1
FILING_PROXY_UTZ_20251030_8K,UTZ,2025-10-30,1739566,HIGH,,V19_V20_DEVELOPMENT,,DEVELOPMENT_OR_PRIOR_SEAL,1,2025-10-20,2025-11-04,0
FILING_PROXY_UUU_20250214_10Q,UUU,2025-02-14,102109,HIGH,,V19_V20_DEVELOPMENT,,DEVELOPMENT_OR_PRIOR_SEAL,1,2025-02-04,2025-02-19,1
FILING_PROXY_UUU_20250814_8K,UUU,2025-08-14,102109,HIGH,,V19_V20_DEVELOPMENT,,DEVELOPMENT_OR_PRIOR_SEAL,1,2025-08-04,2025-08-19,0
FILING_PROXY_UVE_20250709_8K,UVE,2025-07-09,891166,HIGH,,V19_V20_DEVELOPMENT,,DEVELOPMENT_OR_PRIOR_SEAL,1,2025-06-29,2025-07-14,0
FILING_PROXY_UVV_20240807_10Q,UVV,2024-08-07,102037,HIGH,,V19_V20_DEVELOPMENT,,DEVELOPMENT_OR_PRIOR_SEAL,1,2024-07-28,2024-08-12,1
FILING_PROXY_UWMC_20251229_8K,UWMC,2025-12-29,1783398,HIGH,,V19_V20_DEVELOPMENT,,DEVELOPMENT_OR_PRIOR_SEAL,1,2025-12-19,2026-01-03,0
FILING_PROXY_UXIN_20251229_6K,UXIN,2025-12-29,1729173,HIGH,,V19_V20_DEVELOPMENT,,DEVELOPMENT_OR_PRIOR_SEAL,1,2025-12-19,2026-01-03,0
FILING_PROXY_UZX_20251203_6K,UZX,2025-12-03,1969401,HIGH,,V19_V20_DEVELOPMENT,,DEVELOPMENT_OR_PRIOR_SEAL,1,2025-11-23,2025-12-08,0
FILING_PROXY_U_20250613_8K,U,2025-06-13,1810806,HIGH,,V19_V20_DEVELOPMENT,,DEVELOPMENT_OR_PRIOR_SEAL,1,2025-06-03,2025-06-18,1
FILING_PROXY_U_20251112_8K,U,2025-11-12,1810806,HIGH,,V19_V20_DEVELOPMENT,,DEVELOPMENT_OR_PRIOR_SEAL,1,2025-11-02,2025-11-17,0
FILING_PROXY_VATE_20251216_8K,VATE,2025-12-16,1006837,HIGH,,V19_V20_DEVELOPMENT,,DEVELOPMENT_OR_PRIOR_SEAL,1,2025-12-06,2025-12-21,0
FILING_PROXY_VBIO_20250707_8K,VBIO,2025-07-07,1787740,HIGH,,V19_V20_DEVELOPMENT,,DEVELOPMENT_OR_PRIOR_SEAL,1,2025-06-27,2025-07-12,0
FILING_PROXY_VCIG_20251211_6K,VCIG,2025-12-11,1930510,HIGH,,V19_V20_DEVELOPMENT,,DEVELOPMENT_OR_PRIOR_SEAL,1,2025-12-01,2025-12-16,0
FILING_PROXY_VCYT_20241107_10Q,VCYT,2024-11-07,1384101,HIGH,,V19_V20_DEVELOPMENT,,DEVELOPMENT_OR_PRIOR_SEAL,1,2024-10-28,2024-11-12,1
FILING_PROXY_VCYT_20251104_8K,VCYT,2025-11-04,1384101,HIGH,,V19_V20_DEVELOPMENT,,DEVELOPMENT_OR_PRIOR_SEAL,1,2025-10-25,2025-11-09,0
FILING_PROXY_VEEA_20250519_8K,VEEA,2025-05-19,1840317,HIGH,,V19_V20_DEVELOPMENT,,DEVELOPMENT_OR_PRIOR_SEAL,1,2025-05-09,2025-05-24,1
FILING_PROXY_VEEE_20250320_10K,VEEE,2025-03-20,1855509,HIGH,,V19_V20_DEVELOPMENT,,DEVELOPMENT_OR_PRIOR_SEAL,1,2025-03-10,2025-03-25,1
FILING_PROXY_VEEE_20250812_8K,VEEE,2025-08-12,1855509,HIGH,,V19_V20_DEVELOPMENT,,DEVELOPMENT_OR_PRIOR_SEAL,1,2025-08-02,2025-08-17,0
FILING_PROXY_VEEV_20251211_8K,VEEV,2025-12-11,1393052,HIGH,,V19_V20_DEVELOPMENT,,DEVELOPMENT_OR_PRIOR_SEAL,1,2025-12-01,2025-12-16,0
FILING_PROXY_VERU_20250213_10Q,VERU,2025-02-13,863894,HIGH,,V19_V20_DEVELOPMENT,,DEVELOPMENT_OR_PRIOR_SEAL,1,2025-02-03,2025-02-18,1
FILING_PROXY_VERU_20250812_8K,VERU,2025-08-12,863894,HIGH,,V19_V20_DEVELOPMENT,,DEVELOPMENT_OR_PRIOR_SEAL,1,2025-08-02,2025-08-17,0
FILING_PROXY_VERU_20251217_8K,VERU,2025-12-17,863894,HIGH,,V19_V20_DEVELOPMENT,,DEVELOPMENT_OR_PRIOR_SEAL,1,2025-12-07,2025-12-22,0
FILING_PROXY_VGAS_20241113_10Q,VGAS,2024-11-13,1841425,HIGH,,V19_V20_DEVELOPMENT,,DEVELOPMENT_OR_PRIOR_SEAL,1,2024-11-03,2024-11-18,1
FILING_PROXY_VGAS_20250612_8K,VGAS,2025-06-12,1841425,HIGH,,V19_V20_DEVELOPMENT,,DEVELOPMENT_OR_PRIOR_SEAL,1,2025-06-02,2025-06-17,1
FILING_PROXY_VGAS_20251114_8K,VGAS,2025-11-14,1841425,HIGH,,V19_V20_DEVELOPMENT,,DEVELOPMENT_OR_PRIOR_SEAL,1,2025-11-04,2025-11-19,0
FILING_PROXY_VG_20250729_8K,VG,2025-07-29,2007855,HIGH,,V19_V20_DEVELOPMENT,,DEVELOPMENT_OR_PRIOR_SEAL,1,2025-07-19,2025-08-03,0
FILING_PROXY_VHC_20241113_10Q,VHC,2024-11-13,1082324,HIGH,,V19_V20_DEVELOPMENT,,DEVELOPMENT_OR_PRIOR_SEAL,1,2024-11-03,2024-11-18,1
FILING_PROXY_VHC_20250617_8K,VHC,2025-06-17,1082324,HIGH,,V19_V20_DEVELOPMENT,,DEVELOPMENT_OR_PRIOR_SEAL,1,2025-06-07,2025-06-22,1
FILING_PROXY_VHC_20251017_8K,VHC,2025-10-17,1082324,HIGH,,V19_V20_DEVELOPMENT,,DEVELOPMENT_OR_PRIOR_SEAL,1,2025-10-07,2025-10-22,0
FILING_PROXY_VHI_20250807_8K,VHI,2025-08-07,59255,HIGH,,V19_V20_DEVELOPMENT,,DEVELOPMENT_OR_PRIOR_SEAL,1,2025-07-28,2025-08-12,0
FILING_PROXY_VIAV_20250131_10Q,VIAV,2025-01-31,912093,HIGH,,V19_V20_DEVELOPMENT,,DEVELOPMENT_OR_PRIOR_SEAL,1,2025-01-21,2025-02-05,1
FILING_PROXY_VIAV_20250814_8K,VIAV,2025-08-14,912093,HIGH,,V19_V20_DEVELOPMENT,,DEVELOPMENT_OR_PRIOR_SEAL,1,2025-08-04,2025-08-19,0
FILING_PROXY_VIAV_20251216_8K,VIAV,2025-12-16,912093,HIGH,,V19_V20_DEVELOPMENT,,DEVELOPMENT_OR_PRIOR_SEAL,1,2025-12-06,2025-12-21,0
FILING_PROXY_VICR_20251021_8K,VICR,2025-10-21,751978,HIGH,,V19_V20_DEVELOPMENT,,DEVELOPMENT_OR_PRIOR_SEAL,1,2025-10-11,2025-10-26,0
FILING_PROXY_VIP_20250331_10K,VIP,2025-03-31,1844971,HIGH,,V19_V20_DEVELOPMENT,,DEVELOPMENT_OR_PRIOR_SEAL,1,2025-03-21,2025-04-05,1
FILING_PROXY_VIP_20250813_8K,VIP,2025-08-13,1844971,HIGH,,V19_V20_DEVELOPMENT,,DEVELOPMENT_OR_PRIOR_SEAL,1,2025-08-03,2025-08-18,0
FILING_PROXY_VIP_20251218_8K,VIP,2025-12-18,1844971,HIGH,,V19_V20_DEVELOPMENT,,DEVELOPMENT_OR_PRIOR_SEAL,1,2025-12-08,2025-12-23,0
FILING_PROXY_VIVK_20250415_10K,VIVK,2025-04-15,1450704,HIGH,,V19_V20_DEVELOPMENT,,DEVELOPMENT_OR_PRIOR_SEAL,1,2025-04-05,2025-04-20,1
FILING_PROXY_VIVK_20251230_8K,VIVK,2025-12-30,1450704,HIGH,,V19_V20_DEVELOPMENT,,DEVELOPMENT_OR_PRIOR_SEAL,1,2025-12-20,2026-01-04,0
FILING_PROXY_VIVO_20250701_6K,VIVO,2025-07-01,1681348,HIGH,,V19_V20_DEVELOPMENT,,DEVELOPMENT_OR_PRIOR_SEAL,1,2025-06-21,2025-07-06,0
FILING_PROXY_VIVO_20251229_6K,VIVO,2025-12-29,1681348,HIGH,,V19_V20_DEVELOPMENT,,DEVELOPMENT_OR_PRIOR_SEAL,1,2025-12-19,2026-01-03,0
FILING_PROXY_VIVS_20251218_8K,VIVS,2025-12-18,1497253,HIGH,,V19_V20_DEVELOPMENT,,DEVELOPMENT_OR_PRIOR_SEAL,1,2025-12-08,2025-12-23,0
FILING_PROXY_VLO_20250509_8K,VLO,2025-05-09,1035002,HIGH,,V19_V20_DEVELOPMENT,,DEVELOPMENT_OR_PRIOR_SEAL,1,2025-04-29,2025-05-14,1
FILING_PROXY_VMAR_20250818_6K,VMAR,2025-08-18,1813783,HIGH,,V19_V20_DEVELOPMENT,,DEVELOPMENT_OR_PRIOR_SEAL,1,2025-08-08,2025-08-23,0
FILING_PROXY_VMC_20250220_10K,VMC,2025-02-20,1396009,HIGH,,V19_V20_DEVELOPMENT,,DEVELOPMENT_OR_PRIOR_SEAL,1,2025-02-10,2025-02-25,1
FILING_PROXY_VMC_20250731_8K,VMC,2025-07-31,1396009,HIGH,,V19_V20_DEVELOPMENT,,DEVELOPMENT_OR_PRIOR_SEAL,1,2025-07-21,2025-08-05,0
FILING_PROXY_VMC_20251212_8K,VMC,2025-12-12,1396009,HIGH,,V19_V20_DEVELOPMENT,,DEVELOPMENT_OR_PRIOR_SEAL,1,2025-12-02,2025-12-17,0
FILING_PROXY_VNDA_20250214_10K,VNDA,2025-02-14,1347178,HIGH,,V19_V20_DEVELOPMENT,,DEVELOPMENT_OR_PRIOR_SEAL,1,2025-02-04,2025-02-19,1
FILING_PROXY_VNDA_20250731_8K,VNDA,2025-07-31,1347178,HIGH,,V19_V20_DEVELOPMENT,,DEVELOPMENT_OR_PRIOR_SEAL,1,2025-07-21,2025-08-05,0
FILING_PROXY_VNDA_20251231_8K,VNDA,2025-12-31,1347178,HIGH,,V19_V20_DEVELOPMENT,,DEVELOPMENT_OR_PRIOR_SEAL,1,2025-12-21,2026-01-05,0
FILING_PROXY_VOR_20250320_10K,VOR,2025-03-20,1817229,HIGH,,V19_V20_DEVELOPMENT,,DEVELOPMENT_OR_PRIOR_SEAL,1,2025-03-10,2025-03-25,1
FILING_PROXY_VOYA_20250221_10K,VOYA,2025-02-21,1535929,HIGH,,V19_V20_DEVELOPMENT,,DEVELOPMENT_OR_PRIOR_SEAL,1,2025-02-11,2025-02-26,1
FILING_PROXY_VOYA_20251209_8K,VOYA,2025-12-09,1535929,HIGH,,V19_V20_DEVELOPMENT,,DEVELOPMENT_OR_PRIOR_SEAL,1,2025-11-29,2025-12-14,0
FILING_PROXY_VRAX_20250730_6K,VRAX,2025-07-30,1885827,HIGH,,V19_V20_DEVELOPMENT,,DEVELOPMENT_OR_PRIOR_SEAL,1,2025-07-20,2025-08-04,0
FILING_PROXY_VRAX_20251204_6K,VRAX,2025-12-04,1885827,HIGH,,V19_V20_DEVELOPMENT,,DEVELOPMENT_OR_PRIOR_SEAL,1,2025-11-24,2025-12-09,0
FILING_PROXY_VRCA_20250311_10K,VRCA,2025-03-11,1660334,HIGH,,V19_V20_DEVELOPMENT,,DEVELOPMENT_OR_PRIOR_SEAL,1,2025-03-01,2025-03-16,1
FILING_PROXY_VRCA_20250812_8K,VRCA,2025-08-12,1660334,HIGH,,V19_V20_DEVELOPMENT,,DEVELOPMENT_OR_PRIOR_SEAL,1,2025-08-02,2025-08-17,0
FILING_PROXY_VRCA_20251230_8K,VRCA,2025-12-30,1660334,HIGH,,V19_V20_DEVELOPMENT,,DEVELOPMENT_OR_PRIOR_SEAL,1,2025-12-20,2026-01-04,0
FILING_PROXY_VRM_20251126_8K,VRM,2025-11-26,1580864,HIGH,,V19_V20_DEVELOPMENT,,DEVELOPMENT_OR_PRIOR_SEAL,1,2025-11-16,2025-12-01,0
FILING_PROXY_VRTX_20241105_10Q,VRTX,2024-11-05,875320,HIGH,,V19_V20_DEVELOPMENT,,DEVELOPMENT_OR_PRIOR_SEAL,1,2024-10-26,2024-11-10,1
FILING_PROXY_VRTX_20251103_8K,VRTX,2025-11-03,875320,HIGH,,V19_V20_DEVELOPMENT,,DEVELOPMENT_OR_PRIOR_SEAL,1,2025-10-24,2025-11-08,0
FILING_PROXY_VRT_20250730_8K,VRT,2025-07-30,1674101,HIGH,,V19_V20_DEVELOPMENT,,DEVELOPMENT_OR_PRIOR_SEAL,1,2025-07-20,2025-08-04,0
FILING_PROXY_VSA_20250804_6K,VSA,2025-08-04,1592560,HIGH,,V19_V20_DEVELOPMENT,,DEVELOPMENT_OR_PRIOR_SEAL,1,2025-07-25,2025-08-09,0
FILING_PROXY_VSA_20251219_6K,VSA,2025-12-19,1592560,HIGH,,V19_V20_DEVELOPMENT,,DEVELOPMENT_OR_PRIOR_SEAL,1,2025-12-09,2025-12-24,0
FILING_PROXY_VSEE_20250811_8K,VSEE,2025-08-11,1864531,HIGH,,V19_V20_DEVELOPMENT,,DEVELOPMENT_OR_PRIOR_SEAL,1,2025-08-01,2025-08-16,0
FILING_PROXY_VSME_20250703_6K,VSME,2025-07-03,1951294,HIGH,,V19_V20_DEVELOPMENT,,DEVELOPMENT_OR_PRIOR_SEAL,1,2025-06-23,2025-07-08,0
FILING_PROXY_VSTD_20250327_10K,VSTD,2025-03-27,1898604,HIGH,,V19_V20_DEVELOPMENT,,DEVELOPMENT_OR_PRIOR_SEAL,1,2025-03-17,2025-04-01,1
FILING_PROXY_VSTD_20250811_8K,VSTD,2025-08-11,1898604,HIGH,,V19_V20_DEVELOPMENT,,DEVELOPMENT_OR_PRIOR_SEAL,1,2025-08-01,2025-08-16,0
FILING_PROXY_VSTD_20251217_8K,VSTD,2025-12-17,1898604,HIGH,,V19_V20_DEVELOPMENT,,DEVELOPMENT_OR_PRIOR_SEAL,1,2025-12-07,2025-12-22,0
FILING_PROXY_VST_20250228_10K,VST,2025-02-28,1692819,HIGH,,V19_V20_DEVELOPMENT,,DEVELOPMENT_OR_PRIOR_SEAL,1,2025-02-18,2025-03-05,1
FILING_PROXY_VST_20250807_8K,VST,2025-08-07,1692819,HIGH,,V19_V20_DEVELOPMENT,,DEVELOPMENT_OR_PRIOR_SEAL,1,2025-07-28,2025-08-12,0
FILING_PROXY_VST_20251217_8K,VST,2025-12-17,1692819,HIGH,,V19_V20_DEVELOPMENT,,DEVELOPMENT_OR_PRIOR_SEAL,1,2025-12-07,2025-12-22,0
FILING_PROXY_VS_20241114_10Q,VS,2024-11-14,1701963,HIGH,,V19_V20_DEVELOPMENT,,DEVELOPMENT_OR_PRIOR_SEAL,1,2024-11-04,2024-11-19,1
FILING_PROXY_VS_20251223_8K,VS,2025-12-23,1701963,HIGH,,V19_V20_DEVELOPMENT,,DEVELOPMENT_OR_PRIOR_SEAL,1,2025-12-13,2025-12-28,0
FILING_PROXY_VTGN_20250213_10Q,VTGN,2025-02-13,1411685,HIGH,,V19_V20_DEVELOPMENT,,DEVELOPMENT_OR_PRIOR_SEAL,1,2025-02-03,2025-02-18,1
FILING_PROXY_VTGN_20250807_8K,VTGN,2025-08-07,1411685,HIGH,,V19_V20_DEVELOPMENT,,DEVELOPMENT_OR_PRIOR_SEAL,1,2025-07-28,2025-08-12,0
FILING_PROXY_VTVT_20250320_10K,VTVT,2025-03-20,1641489,HIGH,,V19_V20_DEVELOPMENT,,DEVELOPMENT_OR_PRIOR_SEAL,1,2025-03-10,2025-03-25,1
FILING_PROXY_VTVT_20251219_8K,VTVT,2025-12-19,1641489,HIGH,,V19_V20_DEVELOPMENT,,DEVELOPMENT_OR_PRIOR_SEAL,1,2025-12-09,2025-12-24,0
FILING_PROXY_VUZI_20240814_10Q,VUZI,2024-08-14,1463972,HIGH,,V19_V20_DEVELOPMENT,,DEVELOPMENT_OR_PRIOR_SEAL,1,2024-08-04,2024-08-19,1
FILING_PROXY_VUZI_20250620_8K,VUZI,2025-06-20,1463972,HIGH,,V19_V20_DEVELOPMENT,,DEVELOPMENT_OR_PRIOR_SEAL,1,2025-06-10,2025-06-25,1
FILING_PROXY_VVOS_20241114_10Q,VVOS,2024-11-14,1716166,HIGH,,V19_V20_DEVELOPMENT,,DEVELOPMENT_OR_PRIOR_SEAL,1,2024-11-04,2024-11-19,1
FILING_PROXY_VVOS_20250613_8K,VVOS,2025-06-13,1716166,HIGH,,V19_V20_DEVELOPMENT,,DEVELOPMENT_OR_PRIOR_SEAL,1,2025-06-03,2025-06-18,1
FILING_PROXY_VVOS_20251217_8K,VVOS,2025-12-17,1716166,HIGH,,V19_V20_DEVELOPMENT,,DEVELOPMENT_OR_PRIOR_SEAL,1,2025-12-07,2025-12-22,0
FILING_PROXY_VYGR_20250605_8K,VYGR,2025-06-05,1640266,HIGH,,V19_V20_DEVELOPMENT,,DEVELOPMENT_OR_PRIOR_SEAL,1,2025-05-26,2025-06-10,1
FILING_PROXY_VYGR_20251110_8K,VYGR,2025-11-10,1640266,HIGH,,V19_V20_DEVELOPMENT,,DEVELOPMENT_OR_PRIOR_SEAL,1,2025-10-31,2025-11-15,0
FILING_PROXY_WABC_20250812_8K,WABC,2025-08-12,311094,HIGH,,V19_V20_DEVELOPMENT,,DEVELOPMENT_OR_PRIOR_SEAL,1,2025-08-02,2025-08-17,0
FILING_PROXY_WAFU_20240726_6K,WAFU,2024-07-26,1716770,HIGH,,V19_V20_DEVELOPMENT,,DEVELOPMENT_OR_PRIOR_SEAL,1,2024-07-16,2024-07-31,1
FILING_PROXY_WALD_20250818_6K,WALD,2025-08-18,1840199,HIGH,,V19_V20_DEVELOPMENT,,DEVELOPMENT_OR_PRIOR_SEAL,1,2025-08-08,2025-08-23,0
FILING_PROXY_WAL_20250801_8K,WAL,2025-08-01,1212545,HIGH,,V19_V20_DEVELOPMENT,,DEVELOPMENT_OR_PRIOR_SEAL,1,2025-07-22,2025-08-06,0
FILING_PROXY_WATT_20250227_10K,WATT,2025-02-27,1575793,HIGH,,V19_V20_DEVELOPMENT,,DEVELOPMENT_OR_PRIOR_SEAL,1,2025-02-17,2025-03-04,1
FILING_PROXY_WATT_20250708_8K,WATT,2025-07-08,1575793,HIGH,,V19_V20_DEVELOPMENT,,DEVELOPMENT_OR_PRIOR_SEAL,1,2025-06-28,2025-07-13,0
FILING_PROXY_WATT_20251112_8K,WATT,2025-11-12,1575793,HIGH,,V19_V20_DEVELOPMENT,,DEVELOPMENT_OR_PRIOR_SEAL,1,2025-11-02,2025-11-17,0
FILING_PROXY_WAT_20241101_10Q,WAT,2024-11-01,1000697,HIGH,,V19_V20_DEVELOPMENT,,DEVELOPMENT_OR_PRIOR_SEAL,1,2024-10-22,2024-11-06,1
FILING_PROXY_WAT_20250529_8K,WAT,2025-05-29,1000697,HIGH,,V19_V20_DEVELOPMENT,,DEVELOPMENT_OR_PRIOR_SEAL,1,2025-05-19,2025-06-03,1
FILING_PROXY_WAT_20251104_8K,WAT,2025-11-04,1000697,HIGH,,V19_V20_DEVELOPMENT,,DEVELOPMENT_OR_PRIOR_SEAL,1,2025-10-25,2025-11-09,0
FILING_PROXY_WAVE_20250715_6K,WAVE,2025-07-15,1846715,HIGH,,V19_V20_DEVELOPMENT,,DEVELOPMENT_OR_PRIOR_SEAL,1,2025-07-05,2025-07-20,0
FILING_PROXY_WAVE_20251113_6K,WAVE,2025-11-13,1846715,HIGH,,V19_V20_DEVELOPMENT,,DEVELOPMENT_OR_PRIOR_SEAL,1,2025-11-03,2025-11-18,0
FILING_PROXY_WBD_20250227_10K,WBD,2025-02-27,1437107,HIGH,,V19_V20_DEVELOPMENT,,DEVELOPMENT_OR_PRIOR_SEAL,1,2025-02-17,2025-03-04,1
FILING_PROXY_WBD_20250807_8K,WBD,2025-08-07,1437107,HIGH,,V19_V20_DEVELOPMENT,,DEVELOPMENT_OR_PRIOR_SEAL,1,2025-07-28,2025-08-12,0
FILING_PROXY_WBS_20241108_10Q,WBS,2024-11-08,801337,HIGH,,V19_V20_DEVELOPMENT,,DEVELOPMENT_OR_PRIOR_SEAL,1,2024-10-29,2024-11-13,1
FILING_PROXY_WBUY_20250801_6K,WBUY,2025-08-01,1946703,HIGH,,V19_V20_DEVELOPMENT,,DEVELOPMENT_OR_PRIOR_SEAL,1,2025-07-22,2025-08-06,0
FILING_PROXY_WBUY_20251229_6K,WBUY,2025-12-29,1946703,HIGH,,V19_V20_DEVELOPMENT,,DEVELOPMENT_OR_PRIOR_SEAL,1,2025-12-19,2026-01-03,0
FILING_PROXY_WBX_20250819_6K,WBX,2025-08-19,1866501,HIGH,,V19_V20_DEVELOPMENT,,DEVELOPMENT_OR_PRIOR_SEAL,1,2025-08-09,2025-08-24,0
FILING_PROXY_WBX_20251223_6K,WBX,2025-12-23,1866501,HIGH,,V19_V20_DEVELOPMENT,,DEVELOPMENT_OR_PRIOR_SEAL,1,2025-12-13,2025-12-28,0
FILING_PROXY_WCT_20250625_6K,WCT,2025-06-25,1990251,HIGH,,V19_V20_DEVELOPMENT,,DEVELOPMENT_OR_PRIOR_SEAL,1,2025-06-15,2025-06-30,1
FILING_PROXY_WCT_20251030_6K,WCT,2025-10-30,1990251,HIGH,,V19_V20_DEVELOPMENT,,DEVELOPMENT_OR_PRIOR_SEAL,1,2025-10-20,2025-11-04,0
FILING_PROXY_WDC_20241031_10Q,WDC,2024-10-31,106040,HIGH,,V19_V20_DEVELOPMENT,,DEVELOPMENT_OR_PRIOR_SEAL,1,2024-10-21,2024-11-05,1
FILING_PROXY_WDC_20250508_8K,WDC,2025-05-08,106040,HIGH,,V19_V20_DEVELOPMENT,,DEVELOPMENT_OR_PRIOR_SEAL,1,2025-04-28,2025-05-13,1
FILING_PROXY_WDC_20251124_8K,WDC,2025-11-24,106040,HIGH,,V19_V20_DEVELOPMENT,,DEVELOPMENT_OR_PRIOR_SEAL,1,2025-11-14,2025-11-29,0
FILING_PROXY_WELL_20250212_10K,WELL,2025-02-12,766704,HIGH,,V19_V20_DEVELOPMENT,,DEVELOPMENT_OR_PRIOR_SEAL,1,2025-02-02,2025-02-17,1
FILING_PROXY_WES_20250806_8K,WES,2025-08-06,1423902,HIGH,,V19_V20_DEVELOPMENT,,DEVELOPMENT_OR_PRIOR_SEAL,1,2025-07-27,2025-08-11,0
FILING_PROXY_WES_20251204_8K,WES,2025-12-04,1423902,HIGH,,V19_V20_DEVELOPMENT,,DEVELOPMENT_OR_PRIOR_SEAL,1,2025-11-24,2025-12-09,0
FILING_PROXY_WETH_20241114_10Q,WETH,2024-11-14,1826660,HIGH,,V19_V20_DEVELOPMENT,,DEVELOPMENT_OR_PRIOR_SEAL,1,2024-11-04,2024-11-19,1
FILING_PROXY_WETH_20250826_8K,WETH,2025-08-26,1826660,HIGH,,V19_V20_DEVELOPMENT,,DEVELOPMENT_OR_PRIOR_SEAL,1,2025-08-16,2025-08-31,0
FILING_PROXY_WETH_20251231_8K,WETH,2025-12-31,1826660,HIGH,,V19_V20_DEVELOPMENT,,DEVELOPMENT_OR_PRIOR_SEAL,1,2025-12-21,2026-01-05,0
FILING_PROXY_WETO_20251125_6K,WETO,2025-11-25,1941158,HIGH,,V19_V20_DEVELOPMENT,,DEVELOPMENT_OR_PRIOR_SEAL,1,2025-11-15,2025-11-30,0
FILING_PROXY_WEX_20241024_10Q,WEX,2024-10-24,1309108,HIGH,,V19_V20_DEVELOPMENT,,DEVELOPMENT_OR_PRIOR_SEAL,1,2024-10-14,2024-10-29,1
FILING_PROXY_WEX_20251029_8K,WEX,2025-10-29,1309108,HIGH,,V19_V20_DEVELOPMENT,,DEVELOPMENT_OR_PRIOR_SEAL,1,2025-10-19,2025-11-03,0
FILING_PROXY_WFCF_20250512_8K,WFCF,2025-05-12,1360565,HIGH,,V19_V20_DEVELOPMENT,,DEVELOPMENT_OR_PRIOR_SEAL,1,2025-05-02,2025-05-17,1
FILING_PROXY_WFF_20251231_6K,WFF,2025-12-31,1980210,HIGH,,V19_V20_DEVELOPMENT,,DEVELOPMENT_OR_PRIOR_SEAL,1,2025-12-21,2026-01-05,0
FILING_PROXY_WFG_20250724_6K,WFG,2025-07-24,1402388,HIGH,,V19_V20_DEVELOPMENT,,DEVELOPMENT_OR_PRIOR_SEAL,1,2025-07-14,2025-07-29,0
FILING_PROXY_WGS_20241029_10Q,WGS,2024-10-29,1818331,HIGH,,V19_V20_DEVELOPMENT,,DEVELOPMENT_OR_PRIOR_SEAL,1,2024-10-19,2024-11-03,1
FILING_PROXY_WGS_20250618_8K,WGS,2025-06-18,1818331,HIGH,,V19_V20_DEVELOPMENT,,DEVELOPMENT_OR_PRIOR_SEAL,1,2025-06-08,2025-06-23,1
FILING_PROXY_WGS_20251028_8K,WGS,2025-10-28,1818331,HIGH,,V19_V20_DEVELOPMENT,,DEVELOPMENT_OR_PRIOR_SEAL,1,2025-10-18,2025-11-02,0
FILING_PROXY_WHF_20241107_10Q,WHF,2024-11-07,1552198,HIGH,,V19_V20_DEVELOPMENT,,DEVELOPMENT_OR_PRIOR_SEAL,1,2024-10-28,2024-11-12,1
FILING_PROXY_WHF_20250701_8K,WHF,2025-07-01,1552198,HIGH,,V19_V20_DEVELOPMENT,,DEVELOPMENT_OR_PRIOR_SEAL,1,2025-06-21,2025-07-06,0
FILING_PROXY_WHF_20251110_8K,WHF,2025-11-10,1552198,HIGH,,V19_V20_DEVELOPMENT,,DEVELOPMENT_OR_PRIOR_SEAL,1,2025-10-31,2025-11-15,0
FILING_PROXY_WHLR_20250304_10K,WHLR,2025-03-04,1527541,HIGH,,V19_V20_DEVELOPMENT,,DEVELOPMENT_OR_PRIOR_SEAL,1,2025-02-22,2025-03-09,1
FILING_PROXY_WHLR_20250806_8K,WHLR,2025-08-06,1527541,HIGH,,V19_V20_DEVELOPMENT,,DEVELOPMENT_OR_PRIOR_SEAL,1,2025-07-27,2025-08-11,0
FILING_PROXY_WHLR_20251217_8K,WHLR,2025-12-17,1527541,HIGH,,V19_V20_DEVELOPMENT,,DEVELOPMENT_OR_PRIOR_SEAL,1,2025-12-07,2025-12-22,0
FILING_PROXY_WKHS_20251215_8K,WKHS,2025-12-15,1425287,HIGH,,V19_V20_DEVELOPMENT,,DEVELOPMENT_OR_PRIOR_SEAL,1,2025-12-05,2025-12-20,0
FILING_PROXY_WKSP_20251212_8K,WKSP,2025-12-12,1096275,HIGH,,V19_V20_DEVELOPMENT,,DEVELOPMENT_OR_PRIOR_SEAL,1,2025-12-02,2025-12-17,0
FILING_PROXY_WLDN_20241101_10Q,WLDN,2024-11-01,1370450,HIGH,,V19_V20_DEVELOPMENT,,DEVELOPMENT_OR_PRIOR_SEAL,1,2024-10-22,2024-11-06,1
FILING_PROXY_WLDN_20250613_8K,WLDN,2025-06-13,1370450,HIGH,,V19_V20_DEVELOPMENT,,DEVELOPMENT_OR_PRIOR_SEAL,1,2025-06-03,2025-06-18,1
FILING_PROXY_WLDS_20251211_6K,WLDS,2025-12-11,1887673,HIGH,,V19_V20_DEVELOPMENT,,DEVELOPMENT_OR_PRIOR_SEAL,1,2025-12-01,2025-12-16,0
FILING_PROXY_WMB_20250630_8K,WMB,2025-06-30,107263,HIGH,,V19_V20_DEVELOPMENT,,DEVELOPMENT_OR_PRIOR_SEAL,1,2025-06-20,2025-07-05,1
FILING_PROXY_WMT_20250314_10K,WMT,2025-03-14,104169,HIGH,,V19_V20_DEVELOPMENT,,DEVELOPMENT_OR_PRIOR_SEAL,1,2025-03-04,2025-03-19,1
FILING_PROXY_WMT_20250821_8K,WMT,2025-08-21,104169,HIGH,,V19_V20_DEVELOPMENT,,DEVELOPMENT_OR_PRIOR_SEAL,1,2025-08-11,2025-08-26,0
FILING_PROXY_WOK_20251230_6K,WOK,2025-12-30,1929783,HIGH,,V19_V20_DEVELOPMENT,,DEVELOPMENT_OR_PRIOR_SEAL,1,2025-12-20,2026-01-04,0
FILING_PROXY_WOR_20250409_10Q,WOR,2025-04-09,108516,HIGH,,V19_V20_DEVELOPMENT,,DEVELOPMENT_OR_PRIOR_SEAL,1,2025-03-30,2025-04-14,1
FILING_PROXY_WPM_20250709_6K,WPM,2025-07-09,1323404,HIGH,,V19_V20_DEVELOPMENT,,DEVELOPMENT_OR_PRIOR_SEAL,1,2025-06-29,2025-07-14,0
FILING_PROXY_WPM_20251128_6K,WPM,2025-11-28,1323404,HIGH,,V19_V20_DEVELOPMENT,,DEVELOPMENT_OR_PRIOR_SEAL,1,2025-11-18,2025-12-03,0
FILING_PROXY_WPRT_20250626_6K,WPRT,2025-06-26,1370416,HIGH,,V19_V20_DEVELOPMENT,,DEVELOPMENT_OR_PRIOR_SEAL,1,2025-06-16,2025-07-01,1
FILING_PROXY_WRAP_20250331_10K,WRAP,2025-03-31,1702924,HIGH,,V19_V20_DEVELOPMENT,,DEVELOPMENT_OR_PRIOR_SEAL,1,2025-03-21,2025-04-05,1
FILING_PROXY_WRAP_20250818_8K,WRAP,2025-08-18,1702924,HIGH,,V19_V20_DEVELOPMENT,,DEVELOPMENT_OR_PRIOR_SEAL,1,2025-08-08,2025-08-23,0
FILING_PROXY_WRAP_20251217_8K,WRAP,2025-12-17,1702924,HIGH,,V19_V20_DEVELOPMENT,,DEVELOPMENT_OR_PRIOR_SEAL,1,2025-12-07,2025-12-22,0
FILING_PROXY_WRLD_20250724_8K,WRLD,2025-07-24,108385,HIGH,,V19_V20_DEVELOPMENT,,DEVELOPMENT_OR_PRIOR_SEAL,1,2025-07-14,2025-07-29,0
FILING_PROXY_WRLD_20251204_8K,WRLD,2025-12-04,108385,HIGH,,V19_V20_DEVELOPMENT,,DEVELOPMENT_OR_PRIOR_SEAL,1,2025-11-24,2025-12-09,0
FILING_PROXY_WSM_20241122_10Q,WSM,2024-11-22,719955,HIGH,,V19_V20_DEVELOPMENT,,DEVELOPMENT_OR_PRIOR_SEAL,1,2024-11-12,2024-11-27,1
FILING_PROXY_WSM_20250627_8K,WSM,2025-06-27,719955,HIGH,,V19_V20_DEVELOPMENT,,DEVELOPMENT_OR_PRIOR_SEAL,1,2025-06-17,2025-07-02,1
FILING_PROXY_WSM_20251119_8K,WSM,2025-11-19,719955,HIGH,,V19_V20_DEVELOPMENT,,DEVELOPMENT_OR_PRIOR_SEAL,1,2025-11-09,2025-11-24,0
FILING_PROXY_WTIU_20251215_6K,WTIU,2025-12-15,927971,HIGH,,V19_V20_DEVELOPMENT,,DEVELOPMENT_OR_PRIOR_SEAL,1,2025-12-05,2025-12-20,0
FILING_PROXY_WXM_20251230_6K,WXM,2025-12-30,1979610,HIGH,,V19_V20_DEVELOPMENT,,DEVELOPMENT_OR_PRIOR_SEAL,1,2025-12-20,2026-01-04,0
FILING_PROXY_WYHG_20250528_6K,WYHG,2025-05-28,1999860,HIGH,,V19_V20_DEVELOPMENT,,DEVELOPMENT_OR_PRIOR_SEAL,1,2025-05-18,2025-06-02,1
FILING_PROXY_WYNN_20251106_8K,WYNN,2025-11-06,1174922,HIGH,,V19_V20_DEVELOPMENT,,DEVELOPMENT_OR_PRIOR_SEAL,1,2025-10-27,2025-11-11,0
FILING_PROXY_W_20241101_10Q,W,2024-11-01,1616707,HIGH,,V19_V20_DEVELOPMENT,,DEVELOPMENT_OR_PRIOR_SEAL,1,2024-10-22,2024-11-06,1
FILING_PROXY_W_20250522_8K,W,2025-05-22,1616707,HIGH,,V19_V20_DEVELOPMENT,,DEVELOPMENT_OR_PRIOR_SEAL,1,2025-05-12,2025-05-27,1
FILING_PROXY_W_20251112_8K,W,2025-11-12,1616707,HIGH,,V19_V20_DEVELOPMENT,,DEVELOPMENT_OR_PRIOR_SEAL,1,2025-11-02,2025-11-17,0
FILING_PROXY_XAIR_20250210_10Q,XAIR,2025-02-10,1641631,HIGH,,V19_V20_DEVELOPMENT,,DEVELOPMENT_OR_PRIOR_SEAL,1,2025-01-31,2025-02-15,1
FILING_PROXY_XBIO_20250318_10K,XBIO,2025-03-18,1534525,HIGH,,V19_V20_DEVELOPMENT,,DEVELOPMENT_OR_PRIOR_SEAL,1,2025-03-08,2025-03-23,1
FILING_PROXY_XBIO_20251211_8K,XBIO,2025-12-11,1534525,HIGH,,V19_V20_DEVELOPMENT,,DEVELOPMENT_OR_PRIOR_SEAL,1,2025-12-01,2025-12-16,0
FILING_PROXY_XBP_20250319_10K,XBP,2025-03-19,1839530,HIGH,,V19_V20_DEVELOPMENT,,DEVELOPMENT_OR_PRIOR_SEAL,1,2025-03-09,2025-03-24,1
FILING_PROXY_XBP_20250814_8K,XBP,2025-08-14,1839530,HIGH,,V19_V20_DEVELOPMENT,,DEVELOPMENT_OR_PRIOR_SEAL,1,2025-08-04,2025-08-19,0
FILING_PROXY_XBP_20251212_8K,XBP,2025-12-12,1839530,HIGH,,V19_V20_DEVELOPMENT,,DEVELOPMENT_OR_PRIOR_SEAL,1,2025-12-02,2025-12-17,0
FILING_PROXY_XCH_20251219_6K,XCH,2025-12-19,1979887,HIGH,,V19_V20_DEVELOPMENT,,DEVELOPMENT_OR_PRIOR_SEAL,1,2025-12-09,2025-12-24,0
FILING_PROXY_XCUR_20241114_10Q,XCUR,2024-11-14,1698530,HIGH,,V19_V20_DEVELOPMENT,,DEVELOPMENT_OR_PRIOR_SEAL,1,2024-11-04,2024-11-19,1
FILING_PROXY_XCUR_20250627_8K,XCUR,2025-06-27,1698530,HIGH,,V19_V20_DEVELOPMENT,,DEVELOPMENT_OR_PRIOR_SEAL,1,2025-06-17,2025-07-02,1
FILING_PROXY_XELB_20241220_10Q,XELB,2024-12-20,1083220,HIGH,,V19_V20_DEVELOPMENT,,DEVELOPMENT_OR_PRIOR_SEAL,1,2024-12-10,2024-12-25,1
FILING_PROXY_XELB_20250815_8K,XELB,2025-08-15,1083220,HIGH,,V19_V20_DEVELOPMENT,,DEVELOPMENT_OR_PRIOR_SEAL,1,2025-08-05,2025-08-20,0
FILING_PROXY_XELB_20251219_8K,XELB,2025-12-19,1083220,HIGH,,V19_V20_DEVELOPMENT,,DEVELOPMENT_OR_PRIOR_SEAL,1,2025-12-09,2025-12-24,0
FILING_PROXY_XEL_20251217_8K,XEL,2025-12-17,72903,HIGH,,V19_V20_DEVELOPMENT,,DEVELOPMENT_OR_PRIOR_SEAL,1,2025-12-07,2025-12-22,0
FILING_PROXY_XFOR_20241113_10Q,XFOR,2024-11-13,1501697,HIGH,,V19_V20_DEVELOPMENT,,DEVELOPMENT_OR_PRIOR_SEAL,1,2024-11-03,2024-11-18,1
FILING_PROXY_XGN_20241112_10Q,XGN,2024-11-12,1274737,HIGH,,V19_V20_DEVELOPMENT,,DEVELOPMENT_OR_PRIOR_SEAL,1,2024-11-02,2024-11-17,1
FILING_PROXY_XGN_20251104_8K,XGN,2025-11-04,1274737,HIGH,,V19_V20_DEVELOPMENT,,DEVELOPMENT_OR_PRIOR_SEAL,1,2025-10-25,2025-11-09,0
FILING_PROXY_XHLD_20250814_8K,XHLD,2025-08-14,2030954,HIGH,,V19_V20_DEVELOPMENT,,DEVELOPMENT_OR_PRIOR_SEAL,1,2025-08-04,2025-08-19,0
FILING_PROXY_XHLD_20251229_8K,XHLD,2025-12-29,2030954,HIGH,,V19_V20_DEVELOPMENT,,DEVELOPMENT_OR_PRIOR_SEAL,1,2025-12-19,2026-01-03,0
FILING_PROXY_XOS_20250627_8K,XOS,2025-06-27,1819493,HIGH,,V19_V20_DEVELOPMENT,,DEVELOPMENT_OR_PRIOR_SEAL,1,2025-06-17,2025-07-02,1
FILING_PROXY_XPL_20240625_8K,XPL,2024-06-25,917225,HIGH,,V19_V20_DEVELOPMENT,,DEVELOPMENT_OR_PRIOR_SEAL,1,2024-06-15,2024-06-30,1
FILING_PROXY_XPL_20251031_10Q,XPL,2025-10-31,917225,HIGH,,V19_V20_DEVELOPMENT,,DEVELOPMENT_OR_PRIOR_SEAL,1,2025-10-21,2025-11-05,0
FILING_PROXY_XPON_20250331_10K,XPON,2025-03-31,1894954,HIGH,,V19_V20_DEVELOPMENT,,DEVELOPMENT_OR_PRIOR_SEAL,1,2025-03-21,2025-04-05,1
FILING_PROXY_XPON_20250814_8K,XPON,2025-08-14,1894954,HIGH,,V19_V20_DEVELOPMENT,,DEVELOPMENT_OR_PRIOR_SEAL,1,2025-08-04,2025-08-19,0
FILING_PROXY_XPON_20251215_8K,XPON,2025-12-15,1894954,HIGH,,V19_V20_DEVELOPMENT,,DEVELOPMENT_OR_PRIOR_SEAL,1,2025-12-05,2025-12-20,0
FILING_PROXY_XRTX_20251117_6K,XRTX,2025-11-17,1729214,HIGH,,V19_V20_DEVELOPMENT,,DEVELOPMENT_OR_PRIOR_SEAL,1,2025-11-07,2025-11-22,0
FILING_PROXY_XTLB_20250728_6K,XTLB,2025-07-28,1023549,HIGH,,V19_V20_DEVELOPMENT,,DEVELOPMENT_OR_PRIOR_SEAL,1,2025-07-18,2025-08-02,0
FILING_PROXY_XTLB_20251230_6K,XTLB,2025-12-30,1023549,HIGH,,V19_V20_DEVELOPMENT,,DEVELOPMENT_OR_PRIOR_SEAL,1,2025-12-20,2026-01-04,0
FILING_PROXY_XWEL_20250415_10K,XWEL,2025-04-15,1410428,HIGH,,V19_V20_DEVELOPMENT,,DEVELOPMENT_OR_PRIOR_SEAL,1,2025-04-05,2025-04-20,1
FILING_PROXY_XWEL_20250814_8K,XWEL,2025-08-14,1410428,HIGH,,V19_V20_DEVELOPMENT,,DEVELOPMENT_OR_PRIOR_SEAL,1,2025-08-04,2025-08-19,0
FILING_PROXY_XWEL_20251218_8K,XWEL,2025-12-18,1410428,HIGH,,V19_V20_DEVELOPMENT,,DEVELOPMENT_OR_PRIOR_SEAL,1,2025-12-08,2025-12-23,0
FILING_PROXY_XXII_20250814_8K,XXII,2025-08-14,1347858,HIGH,,V19_V20_DEVELOPMENT,,DEVELOPMENT_OR_PRIOR_SEAL,1,2025-08-04,2025-08-19,0
FILING_PROXY_XYZ_20241107_10Q,XYZ,2024-11-07,1512673,HIGH,,V19_V20_DEVELOPMENT,,DEVELOPMENT_OR_PRIOR_SEAL,1,2024-10-28,2024-11-12,1
FILING_PROXY_YAAS_20251210_6K,YAAS,2025-12-10,1964946,HIGH,,V19_V20_DEVELOPMENT,,DEVELOPMENT_OR_PRIOR_SEAL,1,2025-11-30,2025-12-15,0
FILING_PROXY_YARW_20251217_8K,YARW,2025-12-17,1566044,HIGH,,V19_V20_DEVELOPMENT,,DEVELOPMENT_OR_PRIOR_SEAL,1,2025-12-07,2025-12-22,0
FILING_PROXY_YELP_20251219_8K,YELP,2025-12-19,1345016,HIGH,,V19_V20_DEVELOPMENT,,DEVELOPMENT_OR_PRIOR_SEAL,1,2025-12-09,2025-12-24,0
FILING_PROXY_YHC_20250812_8K,YHC,2025-08-12,1843165,HIGH,,V19_V20_DEVELOPMENT,,DEVELOPMENT_OR_PRIOR_SEAL,1,2025-08-02,2025-08-17,0
FILING_PROXY_YHC_20251219_8K,YHC,2025-12-19,1843165,HIGH,,V19_V20_DEVELOPMENT,,DEVELOPMENT_OR_PRIOR_SEAL,1,2025-12-09,2025-12-24,0
FILING_PROXY_YIBO_20250804_6K,YIBO,2025-08-04,1868395,HIGH,,V19_V20_DEVELOPMENT,,DEVELOPMENT_OR_PRIOR_SEAL,1,2025-07-25,2025-08-09,0
FILING_PROXY_YI_20250620_6K,YI,2025-06-20,1738906,HIGH,,V19_V20_DEVELOPMENT,,DEVELOPMENT_OR_PRIOR_SEAL,1,2025-06-10,2025-06-25,1
FILING_PROXY_YI_20251217_6K,YI,2025-12-17,1738906,HIGH,,V19_V20_DEVELOPMENT,,DEVELOPMENT_OR_PRIOR_SEAL,1,2025-12-07,2025-12-22,0
FILING_PROXY_YJ_20250421_6K,YJ,2025-04-21,1759614,HIGH,,V19_V20_DEVELOPMENT,,DEVELOPMENT_OR_PRIOR_SEAL,1,2025-04-11,2025-04-26,1
FILING_PROXY_YMM_20251117_6K,YMM,2025-11-17,1838413,HIGH,,V19_V20_DEVELOPMENT,,DEVELOPMENT_OR_PRIOR_SEAL,1,2025-11-07,2025-11-22,0
FILING_PROXY_YQ_20250611_6K,YQ,2025-06-11,1821468,HIGH,,V19_V20_DEVELOPMENT,,DEVELOPMENT_OR_PRIOR_SEAL,1,2025-06-01,2025-06-16,1
FILING_PROXY_YQ_20251210_6K,YQ,2025-12-10,1821468,HIGH,,V19_V20_DEVELOPMENT,,DEVELOPMENT_OR_PRIOR_SEAL,1,2025-11-30,2025-12-15,0
FILING_PROXY_YSG_20250516_6K,YSG,2025-05-16,1819580,HIGH,,V19_V20_DEVELOPMENT,,DEVELOPMENT_OR_PRIOR_SEAL,1,2025-05-06,2025-05-21,1
FILING_PROXY_YSXT_20250731_6K,YSXT,2025-07-31,1993463,HIGH,,V19_V20_DEVELOPMENT,,DEVELOPMENT_OR_PRIOR_SEAL,1,2025-07-21,2025-08-05,0
FILING_PROXY_YSXT_20251219_6K,YSXT,2025-12-19,1993463,HIGH,,V19_V20_DEVELOPMENT,,DEVELOPMENT_OR_PRIOR_SEAL,1,2025-12-09,2025-12-24,0
FILING_PROXY_YXT_20250630_6K,YXT,2025-06-30,1872090,HIGH,,V19_V20_DEVELOPMENT,,DEVELOPMENT_OR_PRIOR_SEAL,1,2025-06-20,2025-07-05,1
FILING_PROXY_YYAI_20250324_10Q,YYAI,2025-03-24,1674440,HIGH,,V19_V20_DEVELOPMENT,,DEVELOPMENT_OR_PRIOR_SEAL,1,2025-03-14,2025-03-29,1
FILING_PROXY_YYAI_20251222_8K,YYAI,2025-12-22,1674440,HIGH,,V19_V20_DEVELOPMENT,,DEVELOPMENT_OR_PRIOR_SEAL,1,2025-12-12,2025-12-27,0
FILING_PROXY_YYGH_20251229_6K,YYGH,2025-12-29,1985337,HIGH,,V19_V20_DEVELOPMENT,,DEVELOPMENT_OR_PRIOR_SEAL,1,2025-12-19,2026-01-03,0
FILING_PROXY_ZBAO_20250722_6K,ZBAO,2025-07-22,1966750,HIGH,,V19_V20_DEVELOPMENT,,DEVELOPMENT_OR_PRIOR_SEAL,1,2025-07-12,2025-07-27,0
FILING_PROXY_ZBAO_20251205_6K,ZBAO,2025-12-05,1966750,HIGH,,V19_V20_DEVELOPMENT,,DEVELOPMENT_OR_PRIOR_SEAL,1,2025-11-25,2025-12-10,0
FILING_PROXY_ZBRA_20250213_10K,ZBRA,2025-02-13,877212,HIGH,,V19_V20_DEVELOPMENT,,DEVELOPMENT_OR_PRIOR_SEAL,1,2025-02-03,2025-02-18,1
FILING_PROXY_ZBRA_20250805_8K,ZBRA,2025-08-05,877212,HIGH,,V19_V20_DEVELOPMENT,,DEVELOPMENT_OR_PRIOR_SEAL,1,2025-07-26,2025-08-10,0
FILING_PROXY_ZCMD_20241220_6K,ZCMD,2024-12-20,1785566,HIGH,,V19_V20_DEVELOPMENT,,DEVELOPMENT_OR_PRIOR_SEAL,1,2024-12-10,2024-12-25,1
FILING_PROXY_ZCMD_20251201_6K,ZCMD,2025-12-01,1785566,HIGH,,V19_V20_DEVELOPMENT,,DEVELOPMENT_OR_PRIOR_SEAL,1,2025-11-21,2025-12-06,0
FILING_PROXY_ZDAI_20250716_6K,ZDAI,2025-07-16,1966678,HIGH,,V19_V20_DEVELOPMENT,,DEVELOPMENT_OR_PRIOR_SEAL,1,2025-07-06,2025-07-21,0
FILING_PROXY_ZDAI_20251216_6K,ZDAI,2025-12-16,1966678,HIGH,,V19_V20_DEVELOPMENT,,DEVELOPMENT_OR_PRIOR_SEAL,1,2025-12-06,2025-12-21,0
FILING_PROXY_ZENA_20250811_6K,ZENA,2025-08-11,1997403,HIGH,,V19_V20_DEVELOPMENT,,DEVELOPMENT_OR_PRIOR_SEAL,1,2025-08-01,2025-08-16,0
FILING_PROXY_ZENA_20251216_6K,ZENA,2025-12-16,1997403,HIGH,,V19_V20_DEVELOPMENT,,DEVELOPMENT_OR_PRIOR_SEAL,1,2025-12-06,2025-12-21,0
FILING_PROXY_ZEO_20250123_10Q,ZEO,2025-01-23,1865506,HIGH,,V19_V20_DEVELOPMENT,,DEVELOPMENT_OR_PRIOR_SEAL,1,2025-01-13,2025-01-28,1
FILING_PROXY_ZEO_20251104_8K,ZEO,2025-11-04,1865506,HIGH,,V19_V20_DEVELOPMENT,,DEVELOPMENT_OR_PRIOR_SEAL,1,2025-10-25,2025-11-09,0
FILING_PROXY_ZEPP_20250520_6K,ZEPP,2025-05-20,1720446,HIGH,,V19_V20_DEVELOPMENT,,DEVELOPMENT_OR_PRIOR_SEAL,1,2025-05-10,2025-05-25,1
FILING_PROXY_ZETA_20241112_10Q,ZETA,2024-11-12,1851003,HIGH,,V19_V20_DEVELOPMENT,,DEVELOPMENT_OR_PRIOR_SEAL,1,2024-11-02,2024-11-17,1
FILING_PROXY_ZETA_20250609_8K,ZETA,2025-06-09,1851003,HIGH,,V19_V20_DEVELOPMENT,,DEVELOPMENT_OR_PRIOR_SEAL,1,2025-05-30,2025-06-14,1
FILING_PROXY_ZETA_20251124_8K,ZETA,2025-11-24,1851003,HIGH,,V19_V20_DEVELOPMENT,,DEVELOPMENT_OR_PRIOR_SEAL,1,2025-11-14,2025-11-29,0
FILING_PROXY_ZIP_20241106_10Q,ZIP,2024-11-06,1617553,HIGH,,V19_V20_DEVELOPMENT,,DEVELOPMENT_OR_PRIOR_SEAL,1,2024-10-27,2024-11-11,1
FILING_PROXY_ZJK_20250821_6K,ZJK,2025-08-21,1941506,HIGH,,V19_V20_DEVELOPMENT,,DEVELOPMENT_OR_PRIOR_SEAL,1,2025-08-11,2025-08-26,0
FILING_PROXY_ZJK_20251222_6K,ZJK,2025-12-22,1941506,HIGH,,V19_V20_DEVELOPMENT,,DEVELOPMENT_OR_PRIOR_SEAL,1,2025-12-12,2025-12-27,0
FILING_PROXY_ZKIN_20250224_6K,ZKIN,2025-02-24,1687451,HIGH,,V19_V20_DEVELOPMENT,,DEVELOPMENT_OR_PRIOR_SEAL,1,2025-02-14,2025-03-01,1
FILING_PROXY_ZKIN_20251117_6K,ZKIN,2025-11-17,1687451,HIGH,,V19_V20_DEVELOPMENT,,DEVELOPMENT_OR_PRIOR_SEAL,1,2025-11-07,2025-11-22,0
FILING_PROXY_ZNB_20250604_6K,ZNB,2025-06-04,1747661,HIGH,,V19_V20_DEVELOPMENT,,DEVELOPMENT_OR_PRIOR_SEAL,1,2025-05-25,2025-06-09,1
FILING_PROXY_ZSQR_20241227_8K,ZSQR,2024-12-27,1759186,HIGH,,V19_V20_DEVELOPMENT,,DEVELOPMENT_OR_PRIOR_SEAL,1,2024-12-17,2025-01-01,1
FILING_PROXY_ZSTK_20250827_8K,ZSTK,2025-08-27,1790169,HIGH,,V19_V20_DEVELOPMENT,,DEVELOPMENT_OR_PRIOR_SEAL,1,2025-08-17,2025-09-01,0
FILING_PROXY_ZS_20241205_10Q,ZS,2024-12-05,1713683,HIGH,,V19_V20_DEVELOPMENT,,DEVELOPMENT_OR_PRIOR_SEAL,1,2024-11-25,2024-12-10,1
FILING_PROXY_ZS_20251125_8K,ZS,2025-11-25,1713683,HIGH,,V19_V20_DEVELOPMENT,,DEVELOPMENT_OR_PRIOR_SEAL,1,2025-11-15,2025-11-30,0
FILING_PROXY_ZTEK_20251217_6K,ZTEK,2025-12-17,1904501,HIGH,,V19_V20_DEVELOPMENT,,DEVELOPMENT_OR_PRIOR_SEAL,1,2025-12-07,2025-12-22,0
FILING_PROXY_ZTS_20251218_8K,ZTS,2025-12-18,1555280,HIGH,,V19_V20_DEVELOPMENT,,DEVELOPMENT_OR_PRIOR_SEAL,1,2025-12-08,2025-12-23,0
FILING_PROXY_ZUMZ_20241205_10Q,ZUMZ,2024-12-05,1318008,HIGH,,V19_V20_DEVELOPMENT,,DEVELOPMENT_OR_PRIOR_SEAL,1,2024-11-25,2024-12-10,1
FILING_PROXY_ZYBT_20251212_6K,ZYBT,2025-12-12,1975641,HIGH,,V19_V20_DEVELOPMENT,,DEVELOPMENT_OR_PRIOR_SEAL,1,2025-12-02,2025-12-17,0
FISHOFF_AMPE_20120709,AMPE,2012-07-10,1411906,HIGH,,V19_V20_DEVELOPMENT,,DEVELOPMENT_OR_PRIOR_SEAL,1,2012-06-30,2012-07-15,1
FISHOFF_CVU_20120530,CVU,2012-05-31,889348,HIGH,,V19_V20_DEVELOPMENT,,DEVELOPMENT_OR_PRIOR_SEAL,1,2012-05-21,2012-06-05,1
FISHOFF_PLUG1_20110511,PLUG,2011-05-12,1093691,HIGH,,V19_V20_DEVELOPMENT,,DEVELOPMENT_OR_PRIOR_SEAL,1,2011-05-02,2011-05-17,1
FISHOFF_PLUG2_20120320,PLUG,2012-03-21,1093691,HIGH,,V19_V20_DEVELOPMENT,,DEVELOPMENT_OR_PRIOR_SEAL,1,2012-03-11,2012-03-26,1
FISHOFF_SGMO_20131216,SGMO,2014-01-09,1001233,HIGH,,V19_V20_DEVELOPMENT,,DEVELOPMENT_OR_PRIOR_SEAL,1,2013-12-30,2014-01-14,1
FISHOFF_XPL_20110328,XPL,2011-03-29,917225,HIGH,,V19_V20_DEVELOPMENT,,DEVELOPMENT_OR_PRIOR_SEAL,1,2011-03-19,2011-04-03,1
GALLAGHER_ALPP,ALPP,2020-12-11,,UNRESOLVED,,V19_V20_DEVELOPMENT,,DEVELOPMENT_OR_PRIOR_SEAL,1,2020-12-01,2020-12-16,1
GALLAGHER_ATOS,ATOS,2021-04-26,1488039,HIGH,,V19_V20_DEVELOPMENT,,DEVELOPMENT_OR_PRIOR_SEAL,1,2021-04-16,2021-05-01,1
GALLAGHER_BFCH,BFCH,2021-02-09,1395005,HIGH,,V19_V20_DEVELOPMENT,,DEVELOPMENT_OR_PRIOR_SEAL,1,2021-01-30,2021-02-14,1
GALLAGHER_BNGO,BNGO,2020-12-23,1411690,HIGH,,V19_V20_DEVELOPMENT,,DEVELOPMENT_OR_PRIOR_SEAL,1,2020-12-13,2020-12-28,1
GALLAGHER_BOTY,BOTY,2021-07-23,1407704,HIGH,,V19_V20_DEVELOPMENT,,DEVELOPMENT_OR_PRIOR_SEAL,1,2021-07-13,2021-07-28,1
GALLAGHER_BZWR,BZWR,2021-02-01,1830503,MEDIUM,,V19_V20_DEVELOPMENT,,DEVELOPMENT_OR_PRIOR_SEAL,1,2021-01-22,2021-02-06,1
GALLAGHER_DPLS,DPLS,2020-11-18,866439,HIGH,,V19_V20_DEVELOPMENT,,DEVELOPMENT_OR_PRIOR_SEAL,1,2020-11-08,2020-11-23,1
GALLAGHER_DSGT,DSGT,2020-08-21,1413909,HIGH,,V19_V20_DEVELOPMENT,,DEVELOPMENT_OR_PRIOR_SEAL,1,2020-08-11,2020-08-26,1
GALLAGHER_GEGP,GEGP,2022-06-10,1081188,HIGH,,V19_V20_DEVELOPMENT,,DEVELOPMENT_OR_PRIOR_SEAL,1,2022-05-31,2022-06-15,1
GALLAGHER_GHST,GHST,2022-01-03,1121795,HIGH,,V19_V20_DEVELOPMENT,,DEVELOPMENT_OR_PRIOR_SEAL,1,2021-12-24,2022-01-08,1
GALLAGHER_GTLL,GTLL,2020-12-28,932021,HIGH,,V19_V20_DEVELOPMENT,,DEVELOPMENT_OR_PRIOR_SEAL,1,2020-12-18,2021-01-02,1
GALLAGHER_INND,INND,2021-01-29,1609139,HIGH,,V19_V20_DEVELOPMENT,,DEVELOPMENT_OR_PRIOR_SEAL,1,2021-01-19,2021-02-03,1
GALLAGHER_PHBI,PHBI,2021-02-04,1435181,HIGH,,V19_V20_DEVELOPMENT,,DEVELOPMENT_OR_PRIOR_SEAL,1,2021-01-25,2021-02-09,1
GALLAGHER_TLSS,TLSS,2020-05-18,1463208,HIGH,,V19_V20_DEVELOPMENT,,DEVELOPMENT_OR_PRIOR_SEAL,1,2020-05-08,2020-05-23,0
GALLAGHER_TSNP,HMBL,2020-11-11,1119190,HIGH,,V19_V20_DEVELOPMENT,,DEVELOPMENT_OR_PRIOR_SEAL,1,2020-11-01,2020-11-16,1
GENERAL_SURGE_AACG_20210204,AACG,2021-02-04,1420529,HIGH,,V19_V20_DEVELOPMENT,,DEVELOPMENT_OR_PRIOR_SEAL,1,2021-01-25,2021-02-09,1
GENERAL_SURGE_AAL_20200324,AAL,2020-03-24,6201,HIGH,,V19_V20_DEVELOPMENT,,DEVELOPMENT_OR_PRIOR_SEAL,1,2020-03-14,2020-03-29,0
GENERAL_SURGE_AAPL_20250409,AAPL,2025-04-09,320193,HIGH,,V19_V20_DEVELOPMENT,,DEVELOPMENT_OR_PRIOR_SEAL,1,2025-03-30,2025-04-14,1
GENERAL_SURGE_AAP_20230531,AAP,2023-05-31,1158449,HIGH,,V19_V20_DEVELOPMENT,,DEVELOPMENT_OR_PRIOR_SEAL,1,2023-05-21,2023-06-05,1
GENERAL_SURGE_ABBV_20190625,ABBV,2019-06-25,1551152,HIGH,,V19_V20_DEVELOPMENT,,DEVELOPMENT_OR_PRIOR_SEAL,1,2019-06-15,2019-06-30,0
GENERAL_SURGE_ABLG_20200310,ABLG,2020-03-10,,UNRESOLVED,,V19_V20_DEVELOPMENT,,DEVELOPMENT_OR_PRIOR_SEAL,1,2020-02-29,2020-03-15,0
GENERAL_SURGE_ABTS_20250509,ABTS,2025-05-09,1864055,HIGH,,V19_V20_DEVELOPMENT,,DEVELOPMENT_OR_PRIOR_SEAL,1,2025-04-29,2025-05-14,1
GENERAL_SURGE_ABT_20210601,ABT,2021-06-01,1800,HIGH,,V19_V20_DEVELOPMENT,,DEVELOPMENT_OR_PRIOR_SEAL,1,2021-05-22,2021-06-06,1
GENERAL_SURGE_ABVC_20230105,ABVC,2023-01-05,1173313,HIGH,,V19_V20_DEVELOPMENT,,DEVELOPMENT_OR_PRIOR_SEAL,1,2022-12-26,2023-01-10,1
GENERAL_SURGE_ACHV_20190222,ACHV,2019-02-22,949858,HIGH,,V19_V20_DEVELOPMENT,,DEVELOPMENT_OR_PRIOR_SEAL,1,2019-02-12,2019-02-27,0
GENERAL_SURGE_ACLS_20210113,ACLS,2021-01-13,1113232,HIGH,,V19_V20_DEVELOPMENT,,DEVELOPMENT_OR_PRIOR_SEAL,1,2021-01-03,2021-01-18,1
GENERAL_SURGE_ACMR_20240228,ACMR,2024-02-28,1680062,HIGH,,V19_V20_DEVELOPMENT,,DEVELOPMENT_OR_PRIOR_SEAL,1,2024-02-18,2024-03-04,1
GENERAL_SURGE_ACNB_20241106,ACNB,2024-11-06,715579,HIGH,,V19_V20_DEVELOPMENT,,DEVELOPMENT_OR_PRIOR_SEAL,1,2024-10-27,2024-11-11,1
GENERAL_SURGE_ACN_20240321,ACN,2024-03-21,1467373,HIGH,,V19_V20_DEVELOPMENT,,DEVELOPMENT_OR_PRIOR_SEAL,1,2024-03-11,2024-03-26,1
GENERAL_SURGE_ACRV_20240409,ACRV,2024-04-09,1781174,HIGH,,V19_V20_DEVELOPMENT,,DEVELOPMENT_OR_PRIOR_SEAL,1,2024-03-30,2024-04-14,1
GENERAL_SURGE_ACTU_20250910,ACTU,2025-09-10,1652935,HIGH,,V19_V20_DEVELOPMENT,,DEVELOPMENT_OR_PRIOR_SEAL,1,2025-08-31,2025-09-15,0
GENERAL_SURGE_ACV_20200318,ACV,2020-03-18,1636289,HIGH,,V19_V20_DEVELOPMENT,,DEVELOPMENT_OR_PRIOR_SEAL,1,2020-03-08,2020-03-23,0
GENERAL_SURGE_ADCT_20231213,ADCT,2023-12-13,1771910,HIGH,,V19_V20_DEVELOPMENT,,DEVELOPMENT_OR_PRIOR_SEAL,1,2023-12-03,2023-12-18,1
GENERAL_SURGE_ADGM_20250417,ADGM,2025-04-17,2006986,HIGH,,V19_V20_DEVELOPMENT,,DEVELOPMENT_OR_PRIOR_SEAL,1,2025-04-07,2025-04-22,1
GENERAL_SURGE_ADV_20250807,ADV,2025-08-07,1776661,HIGH,,V19_V20_DEVELOPMENT,,DEVELOPMENT_OR_PRIOR_SEAL,1,2025-07-28,2025-08-12,0
GENERAL_SURGE_ADX_20200312,ADX,2020-03-12,2230,HIGH,,V19_V20_DEVELOPMENT,,DEVELOPMENT_OR_PRIOR_SEAL,1,2020-03-02,2020-03-17,0
GENERAL_SURGE_AEG_20200312,AEG,2020-03-12,769218,HIGH,,V19_V20_DEVELOPMENT,,DEVELOPMENT_OR_PRIOR_SEAL,1,2020-03-02,2020-03-17,0
GENERAL_SURGE_AEI_20250102,AEI,2025-01-02,1750106,HIGH,,V19_V20_DEVELOPMENT,,DEVELOPMENT_OR_PRIOR_SEAL,1,2024-12-23,2025-01-07,1
GENERAL_SURGE_AEMD_20210609,AEMD,2021-06-09,882291,HIGH,,V19_V20_DEVELOPMENT,,DEVELOPMENT_OR_PRIOR_SEAL,1,2021-05-30,2021-06-14,1
GENERAL_SURGE_AERT_20250814,AERT,2025-08-14,1853044,HIGH,,V19_V20_DEVELOPMENT,,DEVELOPMENT_OR_PRIOR_SEAL,1,2025-08-04,2025-08-19,0
GENERAL_SURGE_AFRM_20210830,AFRM,2021-08-30,1820953,HIGH,,V19_V20_DEVELOPMENT,,DEVELOPMENT_OR_PRIOR_SEAL,1,2021-08-20,2021-09-04,1
GENERAL_SURGE_AGMH_20250919,AGMH,2025-09-19,1705402,HIGH,,V19_V20_DEVELOPMENT,,DEVELOPMENT_OR_PRIOR_SEAL,1,2025-09-09,2025-09-24,0
GENERAL_SURGE_AGNT_20210804,AGNT,2021-08-04,1495932,HIGH,,V19_V20_DEVELOPMENT,,DEVELOPMENT_OR_PRIOR_SEAL,1,2021-07-25,2021-08-09,1
GENERAL_SURGE_AHCO_20230228,AHCO,2023-02-28,1725255,HIGH,,V19_V20_DEVELOPMENT,,DEVELOPMENT_OR_PRIOR_SEAL,1,2023-02-18,2023-03-05,1
GENERAL_SURGE_AHG_20200813,AHG,2020-08-13,1702318,HIGH,,V19_V20_DEVELOPMENT,,DEVELOPMENT_OR_PRIOR_SEAL,1,2020-08-03,2020-08-18,1
GENERAL_SURGE_AIIO_20250514,AIIO,2025-05-14,1932737,HIGH,,V19_V20_DEVELOPMENT,,DEVELOPMENT_OR_PRIOR_SEAL,1,2025-05-04,2025-05-19,1
GENERAL_SURGE_AIOS_20240712,AIOS,2024-07-12,1603993,HIGH,,V19_V20_DEVELOPMENT,,DEVELOPMENT_OR_PRIOR_SEAL,1,2024-07-02,2024-07-17,1
GENERAL_SURGE_AIO_20250409,AIO,2025-04-09,1778114,HIGH,,V19_V20_DEVELOPMENT,,DEVELOPMENT_OR_PRIOR_SEAL,1,2025-03-30,2025-04-14,1
GENERAL_SURGE_AIP_20240503,AIP,2024-05-03,1667011,HIGH,,V19_V20_DEVELOPMENT,,DEVELOPMENT_OR_PRIOR_SEAL,1,2024-04-23,2024-05-08,1
GENERAL_SURGE_AIRE_20250721,AIRE,2025-07-21,1859199,HIGH,,V19_V20_DEVELOPMENT,,DEVELOPMENT_OR_PRIOR_SEAL,1,2025-07-11,2025-07-26,0
GENERAL_SURGE_AIRTP_20200114,AIRTP,2020-01-14,353184,HIGH,,V19_V20_DEVELOPMENT,,DEVELOPMENT_OR_PRIOR_SEAL,1,2020-01-04,2020-01-19,0
GENERAL_SURGE_AIRT_20201224,AIRT,2020-12-24,353184,HIGH,,V19_V20_DEVELOPMENT,,DEVELOPMENT_OR_PRIOR_SEAL,1,2020-12-14,2020-12-29,1
GENERAL_SURGE_AKAM_20181030,AKAM,2018-10-30,1086222,HIGH,,V19_V20_DEVELOPMENT,,DEVELOPMENT_OR_PRIOR_SEAL,1,2018-10-20,2018-11-04,0
GENERAL_SURGE_AKBA_20200903,AKBA,2020-09-03,1517022,HIGH,,V19_V20_DEVELOPMENT,,DEVELOPMENT_OR_PRIOR_SEAL,1,2020-08-24,2020-09-08,1
GENERAL_SURGE_AKTX_20190313,AKTX,2019-03-13,1541157,HIGH,,V19_V20_DEVELOPMENT,,DEVELOPMENT_OR_PRIOR_SEAL,1,2019-03-03,2019-03-18,0
GENERAL_SURGE_ALAB_20250127,ALAB,2025-01-27,1736297,HIGH,,V19_V20_DEVELOPMENT,,DEVELOPMENT_OR_PRIOR_SEAL,1,2025-01-17,2025-02-01,1
GENERAL_SURGE_ALAR_20230526,ALAR,2023-05-26,1725332,HIGH,,V19_V20_DEVELOPMENT,,DEVELOPMENT_OR_PRIOR_SEAL,1,2023-05-16,2023-05-31,1
GENERAL_SURGE_ALDX_20250403,ALDX,2025-04-03,1341235,HIGH,,V19_V20_DEVELOPMENT,,DEVELOPMENT_OR_PRIOR_SEAL,1,2025-03-24,2025-04-08,1
GENERAL_SURGE_ALEC_20210702,ALEC,2021-07-02,1653087,HIGH,,V19_V20_DEVELOPMENT,,DEVELOPMENT_OR_PRIOR_SEAL,1,2021-06-22,2021-07-07,1
GENERAL_SURGE_ALGM_20250303,ALGM,2025-03-03,866291,HIGH,,V19_V20_DEVELOPMENT,,DEVELOPMENT_OR_PRIOR_SEAL,1,2025-02-21,2025-03-08,1
GENERAL_SURGE_ALIT_20240508,ALIT,2024-05-08,1809104,HIGH,,V19_V20_DEVELOPMENT,,DEVELOPMENT_OR_PRIOR_SEAL,1,2024-04-28,2024-05-13,1
GENERAL_SURGE_ALLE_20250424,ALLE,2025-04-24,1579241,HIGH,,V19_V20_DEVELOPMENT,,DEVELOPMENT_OR_PRIOR_SEAL,1,2025-04-14,2025-04-29,1
GENERAL_SURGE_ALLY_20240910,ALLY,2024-09-10,40729,HIGH,,V19_V20_DEVELOPMENT,,DEVELOPMENT_OR_PRIOR_SEAL,1,2024-08-31,2024-09-15,1
GENERAL_SURGE_ALL_20221020,ALL,2022-10-20,899051,HIGH,,V19_V20_DEVELOPMENT,,DEVELOPMENT_OR_PRIOR_SEAL,1,2022-10-10,2022-10-25,1
GENERAL_SURGE_ALNY_20220803,ALNY,2022-08-03,1178670,HIGH,,V19_V20_DEVELOPMENT,,DEVELOPMENT_OR_PRIOR_SEAL,1,2022-07-24,2022-08-08,1
GENERAL_SURGE_ALOT_20250630,ALOT,2025-06-30,8146,HIGH,,V19_V20_DEVELOPMENT,,DEVELOPMENT_OR_PRIOR_SEAL,1,2025-06-20,2025-07-05,1
GENERAL_SURGE_ALTG_20200515,ALTG,2020-05-15,1759824,HIGH,,V19_V20_DEVELOPMENT,,DEVELOPMENT_OR_PRIOR_SEAL,1,2020-05-05,2020-05-20,0
GENERAL_SURGE_ALTI_20230125,ALTI,2023-01-25,1838615,HIGH,,V19_V20_DEVELOPMENT,,DEVELOPMENT_OR_PRIOR_SEAL,1,2023-01-15,2023-01-30,1
GENERAL_SURGE_ALTO_20231107,ALTO,2023-11-07,778164,HIGH,,V19_V20_DEVELOPMENT,,DEVELOPMENT_OR_PRIOR_SEAL,1,2023-10-28,2023-11-12,1
GENERAL_SURGE_ALT_20180919,ALT,2018-09-19,1326190,HIGH,,V19_V20_DEVELOPMENT,,DEVELOPMENT_OR_PRIOR_SEAL,1,2018-09-09,2018-09-24,0
GENERAL_SURGE_ALXO_20231003,ALXO,2023-10-03,1810182,HIGH,,V19_V20_DEVELOPMENT,,DEVELOPMENT_OR_PRIOR_SEAL,1,2023-09-23,2023-10-08,1
GENERAL_SURGE_AMAT_20250815,AMAT,2025-08-15,6951,HIGH,,V19_V20_DEVELOPMENT,,DEVELOPMENT_OR_PRIOR_SEAL,1,2025-08-05,2025-08-20,0
GENERAL_SURGE_AMCI_20251021,AMCI,2025-10-21,1937891,HIGH,,V19_V20_DEVELOPMENT,,DEVELOPMENT_OR_PRIOR_SEAL,1,2025-10-11,2025-10-26,0
GENERAL_SURGE_AMGN_20240503,AMGN,2024-05-03,318154,HIGH,,V19_V20_DEVELOPMENT,,DEVELOPMENT_OR_PRIOR_SEAL,1,2024-04-23,2024-05-08,1
GENERAL_SURGE_AMPX_20241111,AMPX,2024-11-11,1899287,HIGH,,V19_V20_DEVELOPMENT,,DEVELOPMENT_OR_PRIOR_SEAL,1,2024-11-01,2024-11-16,1
GENERAL_SURGE_AMP_20200316,AMP,2020-03-16,820027,HIGH,,V19_V20_DEVELOPMENT,,DEVELOPMENT_OR_PRIOR_SEAL,1,2020-03-06,2020-03-21,0
GENERAL_SURGE_AMST_20240424,AMST,2024-04-24,1807166,HIGH,,V19_V20_DEVELOPMENT,,DEVELOPMENT_OR_PRIOR_SEAL,1,2024-04-14,2024-04-29,1
GENERAL_SURGE_AMS_20210503,AMS,2021-05-03,744825,HIGH,,V19_V20_DEVELOPMENT,,DEVELOPMENT_OR_PRIOR_SEAL,1,2021-04-23,2021-05-08,1
GENERAL_SURGE_AMTD_20220802,AMTD,2022-08-02,1769731,HIGH,,V19_V20_DEVELOPMENT,,DEVELOPMENT_OR_PRIOR_SEAL,1,2022-07-23,2022-08-07,1
GENERAL_SURGE_AMTX_20180316,AMTX,2018-03-16,738214,HIGH,,V19_V20_DEVELOPMENT,,DEVELOPMENT_OR_PRIOR_SEAL,1,2018-03-06,2018-03-21,0
GENERAL_SURGE_AMT_20200316,AMT,2020-03-16,1053507,HIGH,,V19_V20_DEVELOPMENT,,DEVELOPMENT_OR_PRIOR_SEAL,1,2020-03-06,2020-03-21,0
GENERAL_SURGE_AMZN_20220429,AMZN,2022-04-29,1018724,HIGH,,V19_V20_DEVELOPMENT,,DEVELOPMENT_OR_PRIOR_SEAL,1,2022-04-19,2022-05-04,1
GENERAL_SURGE_ANET_20191101,ANET,2019-11-01,1596532,HIGH,,V19_V20_DEVELOPMENT,,DEVELOPMENT_OR_PRIOR_SEAL,1,2019-10-22,2019-11-06,0
GENERAL_SURGE_ANIK_20180620,ANIK,2018-06-20,898437,HIGH,,V19_V20_DEVELOPMENT,,DEVELOPMENT_OR_PRIOR_SEAL,1,2018-06-10,2018-06-25,0
GENERAL_SURGE_ANVS_20210521,ANVS,2021-05-21,1477845,HIGH,,V19_V20_DEVELOPMENT,,DEVELOPMENT_OR_PRIOR_SEAL,1,2021-05-11,2021-05-26,1
GENERAL_SURGE_APPN_20201130,APPN,2020-11-30,1441683,HIGH,,V19_V20_DEVELOPMENT,,DEVELOPMENT_OR_PRIOR_SEAL,1,2020-11-20,2020-12-05,1
GENERAL_SURGE_APP_20241107,APP,2024-11-07,1751008,HIGH,,V19_V20_DEVELOPMENT,,DEVELOPMENT_OR_PRIOR_SEAL,1,2024-10-28,2024-11-12,1
GENERAL_SURGE_APRE_20201228,APRE,2020-12-28,1781983,HIGH,,V19_V20_DEVELOPMENT,,DEVELOPMENT_OR_PRIOR_SEAL,1,2020-12-18,2021-01-02,1
GENERAL_SURGE_APTV_20200318,APTV,2020-03-18,1521332,HIGH,,V19_V20_DEVELOPMENT,,DEVELOPMENT_OR_PRIOR_SEAL,1,2020-03-08,2020-03-23,0
GENERAL_SURGE_AQB_20190308,AQB,2019-03-08,1603978,HIGH,,V19_V20_DEVELOPMENT,,DEVELOPMENT_OR_PRIOR_SEAL,1,2019-02-26,2019-03-13,0
GENERAL_SURGE_AQMS_20251014,AQMS,2025-10-14,1621832,HIGH,,V19_V20_DEVELOPMENT,,DEVELOPMENT_OR_PRIOR_SEAL,1,2025-10-04,2025-10-19,0
GENERAL_SURGE_AQNB_20200320,AQNB,2020-03-20,1174169,HIGH,,V19_V20_DEVELOPMENT,,DEVELOPMENT_OR_PRIOR_SEAL,1,2020-03-10,2020-03-25,0
GENERAL_SURGE_ARAY_20240815,ARAY,2024-08-15,1138723,HIGH,,V19_V20_DEVELOPMENT,,DEVELOPMENT_OR_PRIOR_SEAL,1,2024-08-05,2024-08-20,1
GENERAL_SURGE_ARBB_20231226,ARBB,2023-12-26,1930179,HIGH,,V19_V20_DEVELOPMENT,,DEVELOPMENT_OR_PRIOR_SEAL,1,2023-12-16,2023-12-31,1
GENERAL_SURGE_AREC_20250416,AREC,2025-04-16,1590715,HIGH,,V19_V20_DEVELOPMENT,,DEVELOPMENT_OR_PRIOR_SEAL,1,2025-04-06,2025-04-21,1
GENERAL_SURGE_ARGX_20200526,ARGX,2020-05-26,1697862,HIGH,,V19_V20_DEVELOPMENT,,DEVELOPMENT_OR_PRIOR_SEAL,1,2020-05-16,2020-05-31,1
GENERAL_SURGE_ARIS_20250409,ARIS,2025-04-09,1964504,HIGH,,V19_V20_DEVELOPMENT,,DEVELOPMENT_OR_PRIOR_SEAL,1,2025-03-30,2025-04-14,1
GENERAL_SURGE_ARKO_20240508,ARKO,2024-05-08,1823794,HIGH,,V19_V20_DEVELOPMENT,,DEVELOPMENT_OR_PRIOR_SEAL,1,2024-04-28,2024-05-13,1
GENERAL_SURGE_ARKR_20250505,ARKR,2025-05-05,779544,HIGH,,V19_V20_DEVELOPMENT,,DEVELOPMENT_OR_PRIOR_SEAL,1,2025-04-25,2025-05-10,1
GENERAL_SURGE_ARLO_20190206,ARLO,2019-02-06,1736946,HIGH,,V19_V20_DEVELOPMENT,,DEVELOPMENT_OR_PRIOR_SEAL,1,2019-01-27,2019-02-11,0
GENERAL_SURGE_ARL_20200626,ARL,2020-06-26,1102238,HIGH,,V19_V20_DEVELOPMENT,,DEVELOPMENT_OR_PRIOR_SEAL,1,2020-06-16,2020-07-01,1
GENERAL_SURGE_ARM_20250409,ARM,2025-04-09,1973239,HIGH,,V19_V20_DEVELOPMENT,,DEVELOPMENT_OR_PRIOR_SEAL,1,2025-03-30,2025-04-14,1
GENERAL_SURGE_ARTL_20190517,ARTL,2019-05-17,1621221,HIGH,,V19_V20_DEVELOPMENT,,DEVELOPMENT_OR_PRIOR_SEAL,1,2019-05-07,2019-05-22,0
GENERAL_SURGE_ARW_20241031,ARW,2024-10-31,7536,HIGH,,V19_V20_DEVELOPMENT,,DEVELOPMENT_OR_PRIOR_SEAL,1,2024-10-21,2024-11-05,1
GENERAL_SURGE_ASMB_20231017,ASMB,2023-10-17,1426800,HIGH,,V19_V20_DEVELOPMENT,,DEVELOPMENT_OR_PRIOR_SEAL,1,2023-10-07,2023-10-22,1
GENERAL_SURGE_ASML_20241015,ASML,2024-10-15,937966,HIGH,,V19_V20_DEVELOPMENT,,DEVELOPMENT_OR_PRIOR_SEAL,1,2024-10-05,2024-10-20,1
GENERAL_SURGE_ASND_20190304,ASND,2019-03-04,1612042,HIGH,,V19_V20_DEVELOPMENT,,DEVELOPMENT_OR_PRIOR_SEAL,1,2019-02-22,2019-03-09,0
GENERAL_SURGE_ASO_20221207,ASO,2022-12-07,1817358,HIGH,,V19_V20_DEVELOPMENT,,DEVELOPMENT_OR_PRIOR_SEAL,1,2022-11-27,2022-12-12,1
GENERAL_SURGE_ASPC_20251226,ASPC,2025-12-26,1890361,HIGH,,V19_V20_DEVELOPMENT,,DEVELOPMENT_OR_PRIOR_SEAL,1,2025-12-16,2025-12-31,0
GENERAL_SURGE_ASPSZ_20251216,ASPSZ,2025-12-16,1462418,HIGH,,V19_V20_DEVELOPMENT,,DEVELOPMENT_OR_PRIOR_SEAL,1,2025-12-06,2025-12-21,0
GENERAL_SURGE_ATCX_20221004,ATCX,2022-10-04,1684688,HIGH,,V19_V20_DEVELOPMENT,,DEVELOPMENT_OR_PRIOR_SEAL,1,2022-09-24,2022-10-09,1
GENERAL_SURGE_ATER_20210913,ATER,2021-09-13,1757715,HIGH,,V19_V20_DEVELOPMENT,,DEVELOPMENT_OR_PRIOR_SEAL,1,2021-09-03,2021-09-18,1
GENERAL_SURGE_ATGL_20251117,ATGL,2025-11-17,1967621,HIGH,,V19_V20_DEVELOPMENT,,DEVELOPMENT_OR_PRIOR_SEAL,1,2025-11-07,2025-11-22,0
GENERAL_SURGE_ATHM_20191105,ATHM,2019-11-05,1527636,HIGH,,V19_V20_DEVELOPMENT,,DEVELOPMENT_OR_PRIOR_SEAL,1,2019-10-26,2019-11-10,0
GENERAL_SURGE_ATLC_20180731,ATLC,2018-07-31,1464343,HIGH,,V19_V20_DEVELOPMENT,,DEVELOPMENT_OR_PRIOR_SEAL,1,2018-07-21,2018-08-05,0
GENERAL_SURGE_ATLX_20250804,ATLX,2025-08-04,1540684,HIGH,,V19_V20_DEVELOPMENT,,DEVELOPMENT_OR_PRIOR_SEAL,1,2025-07-25,2025-08-09,0
GENERAL_SURGE_ATOM_20230427,ATOM,2023-04-27,1420520,HIGH,,V19_V20_DEVELOPMENT,,DEVELOPMENT_OR_PRIOR_SEAL,1,2023-04-17,2023-05-02,1
GENERAL_SURGE_ATPC_20240830,ATPC,2024-08-30,1713210,HIGH,,V19_V20_DEVELOPMENT,,DEVELOPMENT_OR_PRIOR_SEAL,1,2024-08-20,2024-09-04,1
GENERAL_SURGE_ATXG_20230428,ATXG,2023-04-28,1650101,HIGH,,V19_V20_DEVELOPMENT,,DEVELOPMENT_OR_PRIOR_SEAL,1,2023-04-18,2023-05-03,1
GENERAL_SURGE_ATYR_20210913,ATYR,2021-09-13,1339970,HIGH,,V19_V20_DEVELOPMENT,,DEVELOPMENT_OR_PRIOR_SEAL,1,2021-09-03,2021-09-18,1
GENERAL_SURGE_AUPH_20191205,AUPH,2019-12-05,1600620,HIGH,,V19_V20_DEVELOPMENT,,DEVELOPMENT_OR_PRIOR_SEAL,1,2019-11-25,2019-12-10,0
GENERAL_SURGE_AURE_20240826,AURE,2024-08-26,1765850,HIGH,,V19_V20_DEVELOPMENT,,DEVELOPMENT_OR_PRIOR_SEAL,1,2024-08-16,2024-08-31,1
GENERAL_SURGE_AUTL_20221209,AUTL,2022-12-09,1730463,HIGH,,V19_V20_DEVELOPMENT,,DEVELOPMENT_OR_PRIOR_SEAL,1,2022-11-29,2022-12-14,1
GENERAL_SURGE_AVBP_20240826,AVBP,2024-08-26,1868279,HIGH,,V19_V20_DEVELOPMENT,,DEVELOPMENT_OR_PRIOR_SEAL,1,2024-08-16,2024-08-31,1
GENERAL_SURGE_AVX_20250922,AVX,2025-09-22,1826397,HIGH,,V19_V20_DEVELOPMENT,,DEVELOPMENT_OR_PRIOR_SEAL,1,2025-09-12,2025-09-27,0
GENERAL_SURGE_AWF_20200318,AWF,2020-03-18,906013,HIGH,,V19_V20_DEVELOPMENT,,DEVELOPMENT_OR_PRIOR_SEAL,1,2020-03-08,2020-03-23,0
GENERAL_SURGE_AXGN_20240808,AXGN,2024-08-08,805928,HIGH,,V19_V20_DEVELOPMENT,,DEVELOPMENT_OR_PRIOR_SEAL,1,2024-07-29,2024-08-13,1
GENERAL_SURGE_AXIA_20181008,AXIA,2018-10-08,1439124,HIGH,,V19_V20_DEVELOPMENT,,DEVELOPMENT_OR_PRIOR_SEAL,1,2018-09-28,2018-10-13,0
GENERAL_SURGE_AXON_20180228,AXON,2018-02-28,1069183,HIGH,,V19_V20_DEVELOPMENT,,DEVELOPMENT_OR_PRIOR_SEAL,1,2018-02-18,2018-03-05,0
GENERAL_SURGE_AZIO_20250130,AZIO,2025-01-30,1563568,HIGH,,V19_V20_DEVELOPMENT,,DEVELOPMENT_OR_PRIOR_SEAL,1,2025-01-20,2025-02-04,1
GENERAL_SURGE_AZN_20201214,AZN,2020-12-14,901832,HIGH,,V19_V20_DEVELOPMENT,,DEVELOPMENT_OR_PRIOR_SEAL,1,2020-12-04,2020-12-19,1
GENERAL_SURGE_AZO_20180227,AZO,2018-02-27,866787,HIGH,,V19_V20_DEVELOPMENT,,DEVELOPMENT_OR_PRIOR_SEAL,1,2018-02-17,2018-03-04,0
GENERAL_SURGE_A_20190515,A,2019-05-15,1090872,HIGH,,V19_V20_DEVELOPMENT,,DEVELOPMENT_OR_PRIOR_SEAL,1,2019-05-05,2019-05-20,0
GENERAL_SURGE_BAND_20221102,BAND,2022-11-02,1514416,HIGH,,V19_V20_DEVELOPMENT,,DEVELOPMENT_OR_PRIOR_SEAL,1,2022-10-23,2022-11-07,1
GENERAL_SURGE_BANX_20200319,BANX,2020-03-19,1578987,HIGH,,V19_V20_DEVELOPMENT,,DEVELOPMENT_OR_PRIOR_SEAL,1,2020-03-09,2020-03-24,0
GENERAL_SURGE_BAOS_20241224,BAOS,2024-12-24,1811216,HIGH,,V19_V20_DEVELOPMENT,,DEVELOPMENT_OR_PRIOR_SEAL,1,2024-12-14,2024-12-29,1
GENERAL_SURGE_BARK_20250605,BARK,2025-06-05,1819574,HIGH,,V19_V20_DEVELOPMENT,,DEVELOPMENT_OR_PRIOR_SEAL,1,2025-05-26,2025-06-10,1
GENERAL_SURGE_BAX_20251030,BAX,2025-10-30,10456,HIGH,,V19_V20_DEVELOPMENT,,DEVELOPMENT_OR_PRIOR_SEAL,1,2025-10-20,2025-11-04,0
GENERAL_SURGE_BBAI-WS_20230112,BBAI-WS,2023-01-12,,UNRESOLVED,,V19_V20_DEVELOPMENT,,DEVELOPMENT_OR_PRIOR_SEAL,1,2023-01-02,2023-01-17,1
GENERAL_SURGE_BBAI_20230112,BBAI,2023-01-12,1836981,HIGH,,V19_V20_DEVELOPMENT,,DEVELOPMENT_OR_PRIOR_SEAL,1,2023-01-02,2023-01-17,1
GENERAL_SURGE_BBCP_20200626,BBCP,2020-06-26,1703956,HIGH,,V19_V20_DEVELOPMENT,,DEVELOPMENT_OR_PRIOR_SEAL,1,2020-06-16,2020-07-01,1
GENERAL_SURGE_BBGI_20251210,BBGI,2025-12-10,1099160,HIGH,,V19_V20_DEVELOPMENT,,DEVELOPMENT_OR_PRIOR_SEAL,1,2025-11-30,2025-12-15,0
GENERAL_SURGE_BBSI_20180808,BBSI,2018-08-08,902791,HIGH,,V19_V20_DEVELOPMENT,,DEVELOPMENT_OR_PRIOR_SEAL,1,2018-07-29,2018-08-13,0
GENERAL_SURGE_BBUC_20250925,BBUC,2025-09-25,,UNRESOLVED_MULTIPLE_CIK,,V19_V20_DEVELOPMENT,,DEVELOPMENT_OR_PRIOR_SEAL,1,2025-09-15,2025-09-30,0
GENERAL_SURGE_BBWI_20200729,BBWI,2020-07-29,701985,HIGH,,V19_V20_DEVELOPMENT,,DEVELOPMENT_OR_PRIOR_SEAL,1,2020-07-19,2020-08-03,1
GENERAL_SURGE_BBY_20250403,BBY,2025-04-03,764478,HIGH,,V19_V20_DEVELOPMENT,,DEVELOPMENT_OR_PRIOR_SEAL,1,2025-03-24,2025-04-08,1
GENERAL_SURGE_BCC_20220223,BCC,2022-02-23,1328581,HIGH,,V19_V20_DEVELOPMENT,,DEVELOPMENT_OR_PRIOR_SEAL,1,2022-02-13,2022-02-28,1
GENERAL_SURGE_BCG_20250227,BCG,2025-02-27,1953984,HIGH,,V19_V20_DEVELOPMENT,,DEVELOPMENT_OR_PRIOR_SEAL,1,2025-02-17,2025-03-04,1
GENERAL_SURGE_BC_20190425,BC,2019-04-25,14930,HIGH,,V19_V20_DEVELOPMENT,,DEVELOPMENT_OR_PRIOR_SEAL,1,2019-04-15,2019-04-30,0
GENERAL_SURGE_BDMD_20250626,BDMD,2025-06-26,1982444,HIGH,,V19_V20_DEVELOPMENT,,DEVELOPMENT_OR_PRIOR_SEAL,1,2025-06-16,2025-07-01,1
GENERAL_SURGE_BDRX_20240328,BDRX,2024-03-28,1643918,HIGH,,V19_V20_DEVELOPMENT,,DEVELOPMENT_OR_PRIOR_SEAL,1,2024-03-18,2024-04-02,1
GENERAL_SURGE_BDTX_20210520,BDTX,2021-05-20,1701541,HIGH,,V19_V20_DEVELOPMENT,,DEVELOPMENT_OR_PRIOR_SEAL,1,2021-05-10,2021-05-25,1
GENERAL_SURGE_BEEP_20230828,BEEP,2023-08-28,1847874,HIGH,,V19_V20_DEVELOPMENT,,DEVELOPMENT_OR_PRIOR_SEAL,1,2023-08-18,2023-09-02,1
GENERAL_SURGE_BENF_20240503,BENF,2024-05-03,1775734,HIGH,,V19_V20_DEVELOPMENT,,DEVELOPMENT_OR_PRIOR_SEAL,1,2024-04-23,2024-05-08,1
GENERAL_SURGE_BEN_20240821,BEN,2024-08-21,38777,HIGH,,V19_V20_DEVELOPMENT,,DEVELOPMENT_OR_PRIOR_SEAL,1,2024-08-11,2024-08-26,1
GENERAL_SURGE_BEPC_20241016,BEPC,2024-10-16,1791863,HIGH,,V19_V20_DEVELOPMENT,,DEVELOPMENT_OR_PRIOR_SEAL,1,2024-10-06,2024-10-21,1
GENERAL_SURGE_BF-A_20250605,BF-A,2025-06-05,14693,HIGH,,V19_V20_DEVELOPMENT,,DEVELOPMENT_OR_PRIOR_SEAL,1,2025-05-26,2025-06-10,1
GENERAL_SURGE_BFLY_20230404,BFLY,2023-04-04,1804176,HIGH,,V19_V20_DEVELOPMENT,,DEVELOPMENT_OR_PRIOR_SEAL,1,2023-03-25,2023-04-09,1
GENERAL_SURGE_BFRI_20240220,BFRI,2024-02-20,1858685,HIGH,,V19_V20_DEVELOPMENT,,DEVELOPMENT_OR_PRIOR_SEAL,1,2024-02-10,2024-02-25,1
GENERAL_SURGE_BGDE_20241205,BGDE,2024-12-05,1218683,HIGH,,V19_V20_DEVELOPMENT,,DEVELOPMENT_OR_PRIOR_SEAL,1,2024-11-25,2024-12-10,1
GENERAL_SURGE_BGH_20200318,BGH,2020-03-18,1521404,HIGH,,V19_V20_DEVELOPMENT,,DEVELOPMENT_OR_PRIOR_SEAL,1,2020-03-08,2020-03-23,0
GENERAL_SURGE_BGLC_20240213,BGLC,2024-02-13,1737523,HIGH,,V19_V20_DEVELOPMENT,,DEVELOPMENT_OR_PRIOR_SEAL,1,2024-02-03,2024-02-18,1
GENERAL_SURGE_BGMS_20200421,BGMS,2020-04-21,1130166,HIGH,,V19_V20_DEVELOPMENT,,DEVELOPMENT_OR_PRIOR_SEAL,1,2020-04-11,2020-04-26,0
GENERAL_SURGE_BGM_20231229,BGM,2023-12-29,1779578,HIGH,,V19_V20_DEVELOPMENT,,DEVELOPMENT_OR_PRIOR_SEAL,1,2023-12-19,2024-01-03,1
GENERAL_SURGE_BGR_20220923,BGR,2022-09-23,1306550,HIGH,,V19_V20_DEVELOPMENT,,DEVELOPMENT_OR_PRIOR_SEAL,1,2022-09-13,2022-09-28,1
GENERAL_SURGE_BHP_20200312,BHP,2020-03-12,811809,HIGH,,V19_V20_DEVELOPMENT,,DEVELOPMENT_OR_PRIOR_SEAL,1,2020-03-02,2020-03-17,0
GENERAL_SURGE_BHST_20250912,BHST,2025-09-12,1723464,HIGH,,V19_V20_DEVELOPMENT,,DEVELOPMENT_OR_PRIOR_SEAL,1,2025-09-02,2025-09-17,0
GENERAL_SURGE_BIRD_20230310,BIRD,2023-03-10,1653909,HIGH,,V19_V20_DEVELOPMENT,,DEVELOPMENT_OR_PRIOR_SEAL,1,2023-02-28,2023-03-15,1
GENERAL_SURGE_BIYA_20251106,BIYA,2025-11-06,1944712,HIGH,,V19_V20_DEVELOPMENT,,DEVELOPMENT_OR_PRIOR_SEAL,1,2025-10-27,2025-11-11,0
GENERAL_SURGE_BJRI_20200324,BJRI,2020-03-24,1013488,HIGH,,V19_V20_DEVELOPMENT,,DEVELOPMENT_OR_PRIOR_SEAL,1,2020-03-14,2020-03-29,0
GENERAL_SURGE_BKD_20221116,BKD,2022-11-16,1332349,HIGH,,V19_V20_DEVELOPMENT,,DEVELOPMENT_OR_PRIOR_SEAL,1,2022-11-06,2022-11-21,1
GENERAL_SURGE_BKKT-WS_20241118,BKKT-WS,2024-11-18,,UNRESOLVED,,V19_V20_DEVELOPMENT,,DEVELOPMENT_OR_PRIOR_SEAL,1,2024-11-08,2024-11-23,1
GENERAL_SURGE_BKNG_20201109,BKNG,2020-11-09,1075531,HIGH,,V19_V20_DEVELOPMENT,,DEVELOPMENT_OR_PRIOR_SEAL,1,2020-10-30,2020-11-14,1
GENERAL_SURGE_BKR_20200309,BKR,2020-03-09,1701605,HIGH,,V19_V20_DEVELOPMENT,,DEVELOPMENT_OR_PRIOR_SEAL,1,2020-02-28,2020-03-14,0
GENERAL_SURGE_BKSY-WS_20220525,BKSY-WS,2022-05-25,,UNRESOLVED,,V19_V20_DEVELOPMENT,,DEVELOPMENT_OR_PRIOR_SEAL,1,2022-05-15,2022-05-30,1
GENERAL_SURGE_BLBD_20230209,BLBD,2023-02-09,1589526,HIGH,,V19_V20_DEVELOPMENT,,DEVELOPMENT_OR_PRIOR_SEAL,1,2023-01-30,2023-02-14,1
GENERAL_SURGE_BLNE_20240905,BLNE,2024-09-05,1534708,HIGH,,V19_V20_DEVELOPMENT,,DEVELOPMENT_OR_PRIOR_SEAL,1,2024-08-26,2024-09-10,1
GENERAL_SURGE_BLNK_20200706,BLNK,2020-07-06,1429764,HIGH,,V19_V20_DEVELOPMENT,,DEVELOPMENT_OR_PRIOR_SEAL,1,2020-06-26,2020-07-11,1
GENERAL_SURGE_BMEA_20230328,BMEA,2023-03-28,1840439,HIGH,,V19_V20_DEVELOPMENT,,DEVELOPMENT_OR_PRIOR_SEAL,1,2023-03-18,2023-04-02,1
GENERAL_SURGE_BMRN_20200819,BMRN,2020-08-19,1048477,HIGH,,V19_V20_DEVELOPMENT,,DEVELOPMENT_OR_PRIOR_SEAL,1,2020-08-09,2020-08-24,1
GENERAL_SURGE_BNKK_20230710,BNKK,2023-07-10,1760903,HIGH,,V19_V20_DEVELOPMENT,,DEVELOPMENT_OR_PRIOR_SEAL,1,2023-06-30,2023-07-15,1
GENERAL_SURGE_BNRG_20240830,BNRG,2024-08-30,1901215,HIGH,,V19_V20_DEVELOPMENT,,DEVELOPMENT_OR_PRIOR_SEAL,1,2024-08-20,2024-09-04,1
GENERAL_SURGE_BNR_20250723,BNR,2025-07-23,1792267,HIGH,,V19_V20_DEVELOPMENT,,DEVELOPMENT_OR_PRIOR_SEAL,1,2025-07-13,2025-07-28,0
GENERAL_SURGE_BNTX_20200422,BNTX,2020-04-22,1776985,HIGH,,V19_V20_DEVELOPMENT,,DEVELOPMENT_OR_PRIOR_SEAL,1,2020-04-12,2020-04-27,0
GENERAL_SURGE_BNY_20190417,BNY,2019-04-17,,UNRESOLVED_MULTIPLE_CIK,,V19_V20_DEVELOPMENT,,DEVELOPMENT_OR_PRIOR_SEAL,1,2019-04-07,2019-04-22,0
GENERAL_SURGE_BOH_20230313,BOH,2023-03-13,46195,HIGH,,V19_V20_DEVELOPMENT,,DEVELOPMENT_OR_PRIOR_SEAL,1,2023-03-03,2023-03-18,1
GENERAL_SURGE_BOLD_20250527,BOLD,2025-05-27,1782303,HIGH,,V19_V20_DEVELOPMENT,,DEVELOPMENT_OR_PRIOR_SEAL,1,2025-05-17,2025-06-01,1
GENERAL_SURGE_BOXL_20250106,BOXL,2025-01-06,1624512,HIGH,,V19_V20_DEVELOPMENT,,DEVELOPMENT_OR_PRIOR_SEAL,1,2024-12-27,2025-01-11,1
GENERAL_SURGE_BRCC_20240808,BRCC,2024-08-08,1891101,HIGH,,V19_V20_DEVELOPMENT,,DEVELOPMENT_OR_PRIOR_SEAL,1,2024-07-29,2024-08-13,1
GENERAL_SURGE_BRK-B_20200312,BRK-B,2020-03-12,1067983,HIGH,,V19_V20_DEVELOPMENT,,DEVELOPMENT_OR_PRIOR_SEAL,1,2020-03-02,2020-03-17,0
GENERAL_SURGE_BRLS_20240521,BRLS,2024-05-21,1852973,HIGH,,V19_V20_DEVELOPMENT,,DEVELOPMENT_OR_PRIOR_SEAL,1,2024-05-11,2024-05-26,1
GENERAL_SURGE_BRNS_20230925,BRNS,2023-09-25,1828185,HIGH,,V19_V20_DEVELOPMENT,,DEVELOPMENT_OR_PRIOR_SEAL,1,2023-09-15,2023-09-30,1
GENERAL_SURGE_BRTX_20240613,BRTX,2024-06-13,1505497,HIGH,,V19_V20_DEVELOPMENT,,DEVELOPMENT_OR_PRIOR_SEAL,1,2024-06-03,2024-06-18,1
GENERAL_SURGE_BSX_20250404,BSX,2025-04-04,885725,HIGH,,V19_V20_DEVELOPMENT,,DEVELOPMENT_OR_PRIOR_SEAL,1,2025-03-25,2025-04-09,1
GENERAL_SURGE_BTBT_20210726,BTBT,2021-07-26,1710350,HIGH,,V19_V20_DEVELOPMENT,,DEVELOPMENT_OR_PRIOR_SEAL,1,2021-07-16,2021-07-31,1
GENERAL_SURGE_BTMD_20220614,BTMD,2022-06-14,1819253,HIGH,,V19_V20_DEVELOPMENT,,DEVELOPMENT_OR_PRIOR_SEAL,1,2022-06-04,2022-06-19,1
GENERAL_SURGE_BTOG_20250307,BTOG,2025-03-07,1735556,HIGH,,V19_V20_DEVELOPMENT,,DEVELOPMENT_OR_PRIOR_SEAL,1,2025-02-25,2025-03-12,1
GENERAL_SURGE_BURL_20200316,BURL,2020-03-16,1579298,HIGH,,V19_V20_DEVELOPMENT,,DEVELOPMENT_OR_PRIOR_SEAL,1,2020-03-06,2020-03-21,0
GENERAL_SURGE_BVC_20250909,BVC,2025-09-09,1785680,HIGH,,V19_V20_DEVELOPMENT,,DEVELOPMENT_OR_PRIOR_SEAL,1,2025-08-30,2025-09-14,0
GENERAL_SURGE_BVS_20230228,BVS,2023-02-28,1665988,HIGH,,V19_V20_DEVELOPMENT,,DEVELOPMENT_OR_PRIOR_SEAL,1,2023-02-18,2023-03-05,1
GENERAL_SURGE_BWEN_20230111,BWEN,2023-01-11,1120370,HIGH,,V19_V20_DEVELOPMENT,,DEVELOPMENT_OR_PRIOR_SEAL,1,2023-01-01,2023-01-16,1
GENERAL_SURGE_BWG_20200318,BWG,2020-03-18,1504545,HIGH,,V19_V20_DEVELOPMENT,,DEVELOPMENT_OR_PRIOR_SEAL,1,2020-03-08,2020-03-23,0
GENERAL_SURGE_BXC_20180312,BXC,2018-03-12,1301787,HIGH,,V19_V20_DEVELOPMENT,,DEVELOPMENT_OR_PRIOR_SEAL,1,2018-03-02,2018-03-17,0
GENERAL_SURGE_BX_20200312,BX,2020-03-12,1393818,HIGH,,V19_V20_DEVELOPMENT,,DEVELOPMENT_OR_PRIOR_SEAL,1,2020-03-02,2020-03-17,0
GENERAL_SURGE_BYAH_20250708,BYAH,2025-07-08,1986247,HIGH,,V19_V20_DEVELOPMENT,,DEVELOPMENT_OR_PRIOR_SEAL,1,2025-06-28,2025-07-13,0
GENERAL_SURGE_BYRN_20240904,BYRN,2024-09-04,1354866,HIGH,,V19_V20_DEVELOPMENT,,DEVELOPMENT_OR_PRIOR_SEAL,1,2024-08-25,2024-09-09,1
GENERAL_SURGE_CABA_20211214,CABA,2021-12-14,1759138,HIGH,,V19_V20_DEVELOPMENT,,DEVELOPMENT_OR_PRIOR_SEAL,1,2021-12-04,2021-12-19,1
GENERAL_SURGE_CABO_20250502,CABO,2025-05-02,1632127,HIGH,,V19_V20_DEVELOPMENT,,DEVELOPMENT_OR_PRIOR_SEAL,1,2025-04-22,2025-05-07,1
GENERAL_SURGE_CACC_20210603,CACC,2021-06-03,885550,HIGH,,V19_V20_DEVELOPMENT,,DEVELOPMENT_OR_PRIOR_SEAL,1,2021-05-24,2021-06-08,1
GENERAL_SURGE_CAH_20180503,CAH,2018-05-03,721371,HIGH,,V19_V20_DEVELOPMENT,,DEVELOPMENT_OR_PRIOR_SEAL,1,2018-04-23,2018-05-08,0
GENERAL_SURGE_CANG_20210128,CANG,2021-01-28,1725123,HIGH,,V19_V20_DEVELOPMENT,,DEVELOPMENT_OR_PRIOR_SEAL,1,2021-01-18,2021-02-02,1
GENERAL_SURGE_CAPR_20200429,CAPR,2020-04-29,1133869,HIGH,,V19_V20_DEVELOPMENT,,DEVELOPMENT_OR_PRIOR_SEAL,1,2020-04-19,2020-05-04,0
GENERAL_SURGE_CAPS_20250918,CAPS,2025-09-18,887151,HIGH,,V19_V20_DEVELOPMENT,,DEVELOPMENT_OR_PRIOR_SEAL,1,2025-09-08,2025-09-23,0
GENERAL_SURGE_CAR_20200318,CAR,2020-03-18,723612,HIGH,,V19_V20_DEVELOPMENT,,DEVELOPMENT_OR_PRIOR_SEAL,1,2020-03-08,2020-03-23,0
GENERAL_SURGE_CASY_20240612,CASY,2024-06-12,726958,HIGH,,V19_V20_DEVELOPMENT,,DEVELOPMENT_OR_PRIOR_SEAL,1,2024-06-02,2024-06-17,1
GENERAL_SURGE_CAT_20200309,CAT,2020-03-09,18230,HIGH,,V19_V20_DEVELOPMENT,,DEVELOPMENT_OR_PRIOR_SEAL,1,2020-02-28,2020-03-14,0
GENERAL_SURGE_CBNK_20200317,CBNK,2020-03-17,1419536,HIGH,,V19_V20_DEVELOPMENT,,DEVELOPMENT_OR_PRIOR_SEAL,1,2020-03-07,2020-03-22,0
GENERAL_SURGE_CBRL_20200319,CBRL,2020-03-19,1067294,HIGH,,V19_V20_DEVELOPMENT,,DEVELOPMENT_OR_PRIOR_SEAL,1,2020-03-09,2020-03-24,0
GENERAL_SURGE_CBU_20200320,CBU,2020-03-20,723188,HIGH,,V19_V20_DEVELOPMENT,,DEVELOPMENT_OR_PRIOR_SEAL,1,2020-03-10,2020-03-25,0
GENERAL_SURGE_CCBG_20200318,CCBG,2020-03-18,726601,HIGH,,V19_V20_DEVELOPMENT,,DEVELOPMENT_OR_PRIOR_SEAL,1,2020-03-08,2020-03-23,0
GENERAL_SURGE_CCIF_20230711,CCIF,2023-07-11,1517767,HIGH,,V19_V20_DEVELOPMENT,,DEVELOPMENT_OR_PRIOR_SEAL,1,2023-07-01,2023-07-16,1
GENERAL_SURGE_CCK_20221025,CCK,2022-10-25,1219601,HIGH,,V19_V20_DEVELOPMENT,,DEVELOPMENT_OR_PRIOR_SEAL,1,2022-10-15,2022-10-30,1
GENERAL_SURGE_CCL_20200401,CCL,2020-04-01,815097,HIGH,,V19_V20_DEVELOPMENT,,DEVELOPMENT_OR_PRIOR_SEAL,1,2020-03-22,2020-04-06,0
GENERAL_SURGE_CCO_20200326,CCO,2020-03-26,1334978,HIGH,,V19_V20_DEVELOPMENT,,DEVELOPMENT_OR_PRIOR_SEAL,1,2020-03-16,2020-03-31,0
GENERAL_SURGE_CCSI_20240509,CCSI,2024-05-09,1866633,HIGH,,V19_V20_DEVELOPMENT,,DEVELOPMENT_OR_PRIOR_SEAL,1,2024-04-29,2024-05-14,1
GENERAL_SURGE_CDE_20210201,CDE,2021-02-01,215466,HIGH,,V19_V20_DEVELOPMENT,,DEVELOPMENT_OR_PRIOR_SEAL,1,2021-01-22,2021-02-06,1
GENERAL_SURGE_CDNS_20181023,CDNS,2018-10-23,813672,HIGH,,V19_V20_DEVELOPMENT,,DEVELOPMENT_OR_PRIOR_SEAL,1,2018-10-13,2018-10-28,0
GENERAL_SURGE_CDRE_20220610,CDRE,2022-06-10,1860543,HIGH,,V19_V20_DEVELOPMENT,,DEVELOPMENT_OR_PRIOR_SEAL,1,2022-05-31,2022-06-15,1
GENERAL_SURGE_CDTG_20250909,CDTG,2025-09-09,1793895,HIGH,,V19_V20_DEVELOPMENT,,DEVELOPMENT_OR_PRIOR_SEAL,1,2025-08-30,2025-09-14,0
GENERAL_SURGE_CDT_20250207,CDT,2025-02-07,1896212,HIGH,,V19_V20_DEVELOPMENT,,DEVELOPMENT_OR_PRIOR_SEAL,1,2025-01-28,2025-02-12,1
GENERAL_SURGE_CDW_20230419,CDW,2023-04-19,1402057,HIGH,,V19_V20_DEVELOPMENT,,DEVELOPMENT_OR_PRIOR_SEAL,1,2023-04-09,2023-04-24,1
GENERAL_SURGE_CD_20190304,CD,2019-03-04,1527762,HIGH,,V19_V20_DEVELOPMENT,,DEVELOPMENT_OR_PRIOR_SEAL,1,2019-02-22,2019-03-09,0
GENERAL_SURGE_CEG_20250110,CEG,2025-01-10,1868275,HIGH,,V19_V20_DEVELOPMENT,,DEVELOPMENT_OR_PRIOR_SEAL,1,2024-12-31,2025-01-15,1
GENERAL_SURGE_CELC_20250728,CELC,2025-07-28,1603454,HIGH,,V19_V20_DEVELOPMENT,,DEVELOPMENT_OR_PRIOR_SEAL,1,2025-07-18,2025-08-02,0
GENERAL_SURGE_CELU_20241107,CELU,2024-11-07,1752828,HIGH,,V19_V20_DEVELOPMENT,,DEVELOPMENT_OR_PRIOR_SEAL,1,2024-10-28,2024-11-12,1
GENERAL_SURGE_CELZ_20230208,CELZ,2023-02-08,1187953,HIGH,,V19_V20_DEVELOPMENT,,DEVELOPMENT_OR_PRIOR_SEAL,1,2023-01-29,2023-02-13,1
GENERAL_SURGE_CENT_20190207,CENT,2019-02-07,887733,HIGH,,V19_V20_DEVELOPMENT,,DEVELOPMENT_OR_PRIOR_SEAL,1,2019-01-28,2019-02-12,0
GENERAL_SURGE_CETX_20251208,CETX,2025-12-08,1435064,HIGH,,V19_V20_DEVELOPMENT,,DEVELOPMENT_OR_PRIOR_SEAL,1,2025-11-28,2025-12-13,0
GENERAL_SURGE_CFFI_20240628,CFFI,2024-06-28,913341,HIGH,,V19_V20_DEVELOPMENT,,DEVELOPMENT_OR_PRIOR_SEAL,1,2024-06-18,2024-07-03,1
GENERAL_SURGE_CFG_20200309,CFG,2020-03-09,759944,HIGH,,V19_V20_DEVELOPMENT,,DEVELOPMENT_OR_PRIOR_SEAL,1,2020-02-28,2020-03-14,0
GENERAL_SURGE_CF_20180802,CF,2018-08-02,1324404,HIGH,,V19_V20_DEVELOPMENT,,DEVELOPMENT_OR_PRIOR_SEAL,1,2018-07-23,2018-08-07,0
GENERAL_SURGE_CGC_20240430,CGC,2024-04-30,1737927,HIGH,,V19_V20_DEVELOPMENT,,DEVELOPMENT_OR_PRIOR_SEAL,1,2024-04-20,2024-05-05,1
GENERAL_SURGE_CGON_20250428,CGON,2025-04-28,1991792,HIGH,,V19_V20_DEVELOPMENT,,DEVELOPMENT_OR_PRIOR_SEAL,1,2025-04-18,2025-05-03,1
GENERAL_SURGE_CGTL_20250612,CGTL,2025-06-12,1967822,HIGH,,V19_V20_DEVELOPMENT,,DEVELOPMENT_OR_PRIOR_SEAL,1,2025-06-02,2025-06-17,1
GENERAL_SURGE_CG_20200316,CG,2020-03-16,1527166,HIGH,,V19_V20_DEVELOPMENT,,DEVELOPMENT_OR_PRIOR_SEAL,1,2020-03-06,2020-03-21,0
GENERAL_SURGE_CHDN_20200312,CHDN,2020-03-12,20212,HIGH,,V19_V20_DEVELOPMENT,,DEVELOPMENT_OR_PRIOR_SEAL,1,2020-03-02,2020-03-17,0
GENERAL_SURGE_CHGG_20211102,CHGG,2021-11-02,1364954,HIGH,,V19_V20_DEVELOPMENT,,DEVELOPMENT_OR_PRIOR_SEAL,1,2021-10-23,2021-11-07,1
GENERAL_SURGE_CHKP_20241029,CHKP,2024-10-29,1015922,HIGH,,V19_V20_DEVELOPMENT,,DEVELOPMENT_OR_PRIOR_SEAL,1,2024-10-19,2024-11-03,1
GENERAL_SURGE_CHNR_20240215,CHNR,2024-02-15,793628,HIGH,,V19_V20_DEVELOPMENT,,DEVELOPMENT_OR_PRIOR_SEAL,1,2024-02-05,2024-02-20,1
GENERAL_SURGE_CHRN_20200625,CHRN,2020-06-25,1549084,HIGH,,V19_V20_DEVELOPMENT,,DEVELOPMENT_OR_PRIOR_SEAL,1,2020-06-15,2020-06-30,1
GENERAL_SURGE_CHR_20251001,CHR,2025-10-01,1738758,HIGH,,V19_V20_DEVELOPMENT,,DEVELOPMENT_OR_PRIOR_SEAL,1,2025-09-21,2025-10-06,0
GENERAL_SURGE_CHSN_20241004,CHSN,2024-10-04,1825349,HIGH,,V19_V20_DEVELOPMENT,,DEVELOPMENT_OR_PRIOR_SEAL,1,2024-09-24,2024-10-09,1
GENERAL_SURGE_CHW_20200318,CHW,2020-03-18,1396277,HIGH,,V19_V20_DEVELOPMENT,,DEVELOPMENT_OR_PRIOR_SEAL,1,2020-03-08,2020-03-23,0
GENERAL_SURGE_CIIT_20251017,CIIT,2025-10-17,1557798,HIGH,,V19_V20_DEVELOPMENT,,DEVELOPMENT_OR_PRIOR_SEAL,1,2025-10-07,2025-10-22,0
GENERAL_SURGE_CING_20240816,CING,2024-08-16,1862150,HIGH,,V19_V20_DEVELOPMENT,,DEVELOPMENT_OR_PRIOR_SEAL,1,2024-08-06,2024-08-21,1
GENERAL_SURGE_CJMB_20251203,CJMB,2025-12-03,2032545,HIGH,,V19_V20_DEVELOPMENT,,DEVELOPMENT_OR_PRIOR_SEAL,1,2025-11-23,2025-12-08,0
GENERAL_SURGE_CLFD_20200724,CLFD,2020-07-24,796505,HIGH,,V19_V20_DEVELOPMENT,,DEVELOPMENT_OR_PRIOR_SEAL,1,2020-07-14,2020-07-29,1
GENERAL_SURGE_CLIK_20250515,CLIK,2025-05-15,2020027,HIGH,,V19_V20_DEVELOPMENT,,DEVELOPMENT_OR_PRIOR_SEAL,1,2025-05-05,2025-05-20,1
GENERAL_SURGE_CLLS_20231101,CLLS,2023-11-01,1627281,HIGH,,V19_V20_DEVELOPMENT,,DEVELOPMENT_OR_PRIOR_SEAL,1,2023-10-22,2023-11-06,1
GENERAL_SURGE_CLOV_20210416,CLOV,2021-04-16,1801170,HIGH,,V19_V20_DEVELOPMENT,,DEVELOPMENT_OR_PRIOR_SEAL,1,2021-04-06,2021-04-21,1
GENERAL_SURGE_CLRO_20240312,CLRO,2024-03-12,840715,HIGH,,V19_V20_DEVELOPMENT,,DEVELOPMENT_OR_PRIOR_SEAL,1,2024-03-02,2024-03-17,1
GENERAL_SURGE_CLSK_20200810,CLSK,2020-08-10,827876,HIGH,,V19_V20_DEVELOPMENT,,DEVELOPMENT_OR_PRIOR_SEAL,1,2020-07-31,2020-08-15,1
GENERAL_SURGE_CLS_20250127,CLS,2025-01-27,1030894,HIGH,,V19_V20_DEVELOPMENT,,DEVELOPMENT_OR_PRIOR_SEAL,1,2025-01-17,2025-02-01,1
GENERAL_SURGE_CMCO_20181030,CMCO,2018-10-30,1005229,HIGH,,V19_V20_DEVELOPMENT,,DEVELOPMENT_OR_PRIOR_SEAL,1,2018-10-20,2018-11-04,0
GENERAL_SURGE_CMCT_20251112,CMCT,2025-11-12,908311,HIGH,,V19_V20_DEVELOPMENT,,DEVELOPMENT_OR_PRIOR_SEAL,1,2025-11-02,2025-11-17,0
GENERAL_SURGE_CME_20200316,CME,2020-03-16,1156375,HIGH,,V19_V20_DEVELOPMENT,,DEVELOPMENT_OR_PRIOR_SEAL,1,2020-03-06,2020-03-21,0
GENERAL_SURGE_CMG_20180426,CMG,2018-04-26,1058090,HIGH,,V19_V20_DEVELOPMENT,,DEVELOPMENT_OR_PRIOR_SEAL,1,2018-04-16,2018-05-01,0
GENERAL_SURGE_CMMB_20210210,CMMB,2021-02-10,1534248,HIGH,,V19_V20_DEVELOPMENT,,DEVELOPMENT_OR_PRIOR_SEAL,1,2021-01-31,2021-02-15,1
GENERAL_SURGE_CMPS_20211109,CMPS,2021-11-09,1816590,HIGH,,V19_V20_DEVELOPMENT,,DEVELOPMENT_OR_PRIOR_SEAL,1,2021-10-30,2021-11-14,1
GENERAL_SURGE_CMS_20200317,CMS,2020-03-17,811156,HIGH,,V19_V20_DEVELOPMENT,,DEVELOPMENT_OR_PRIOR_SEAL,1,2020-03-07,2020-03-22,0
GENERAL_SURGE_CMTL_20250113,CMTL,2025-01-13,23197,HIGH,,V19_V20_DEVELOPMENT,,DEVELOPMENT_OR_PRIOR_SEAL,1,2025-01-03,2025-01-18,1
GENERAL_SURGE_CNA_20190211,CNA,2019-02-11,21175,HIGH,,V19_V20_DEVELOPMENT,,DEVELOPMENT_OR_PRIOR_SEAL,1,2019-02-01,2019-02-16,0
GENERAL_SURGE_CNCK_20251224,CNCK,2025-12-24,1913847,HIGH,,V19_V20_DEVELOPMENT,,DEVELOPMENT_OR_PRIOR_SEAL,1,2025-12-14,2025-12-29,0
GENERAL_SURGE_CNC_20200304,CNC,2020-03-04,1071739,HIGH,,V19_V20_DEVELOPMENT,,DEVELOPMENT_OR_PRIOR_SEAL,1,2020-02-23,2020-03-09,0
GENERAL_SURGE_CNDT_20200807,CNDT,2020-08-07,1677703,HIGH,,V19_V20_DEVELOPMENT,,DEVELOPMENT_OR_PRIOR_SEAL,1,2020-07-28,2020-08-12,1
GENERAL_SURGE_CNF_20250905,CNF,2025-09-05,1733868,HIGH,,V19_V20_DEVELOPMENT,,DEVELOPMENT_OR_PRIOR_SEAL,1,2025-08-26,2025-09-10,0
GENERAL_SURGE_CNH_20231107,CNH,2023-11-07,1567094,HIGH,,V19_V20_DEVELOPMENT,,DEVELOPMENT_OR_PRIOR_SEAL,1,2023-10-28,2023-11-12,1
GENERAL_SURGE_CNI_20210831,CNI,2021-08-31,16868,HIGH,,V19_V20_DEVELOPMENT,,DEVELOPMENT_OR_PRIOR_SEAL,1,2021-08-21,2021-09-05,1
GENERAL_SURGE_CNP_20200507,CNP,2020-05-07,1130310,HIGH,,V19_V20_DEVELOPMENT,,DEVELOPMENT_OR_PRIOR_SEAL,1,2020-04-27,2020-05-12,0
GENERAL_SURGE_CNSY_20250306,CNSY,2025-03-06,,UNRESOLVED,,V19_V20_DEVELOPMENT,,DEVELOPMENT_OR_PRIOR_SEAL,1,2025-02-24,2025-03-11,1
GENERAL_SURGE_CNS_20200318,CNS,2020-03-18,1284812,HIGH,,V19_V20_DEVELOPMENT,,DEVELOPMENT_OR_PRIOR_SEAL,1,2020-03-08,2020-03-23,0
GENERAL_SURGE_CNTN_20230131,CNTN,2023-01-31,1861657,HIGH,,V19_V20_DEVELOPMENT,,DEVELOPMENT_OR_PRIOR_SEAL,1,2023-01-21,2023-02-05,1
GENERAL_SURGE_COF_20200318,COF,2020-03-18,927628,HIGH,,V19_V20_DEVELOPMENT,,DEVELOPMENT_OR_PRIOR_SEAL,1,2020-03-08,2020-03-23,0
GENERAL_SURGE_COHR_20230816,COHR,2023-08-16,820318,HIGH,,V19_V20_DEVELOPMENT,,DEVELOPMENT_OR_PRIOR_SEAL,1,2023-08-06,2023-08-21,1
GENERAL_SURGE_COIN_20220511,COIN,2022-05-11,1679788,HIGH,,V19_V20_DEVELOPMENT,,DEVELOPMENT_OR_PRIOR_SEAL,1,2022-05-01,2022-05-16,1
GENERAL_SURGE_COLB_20240125,COLB,2024-01-25,887343,HIGH,,V19_V20_DEVELOPMENT,,DEVELOPMENT_OR_PRIOR_SEAL,1,2024-01-15,2024-01-30,1
GENERAL_SURGE_COOK_20230803,COOK,2023-08-03,1857853,HIGH,,V19_V20_DEVELOPMENT,,DEVELOPMENT_OR_PRIOR_SEAL,1,2023-07-24,2023-08-08,1
GENERAL_SURGE_COOT_20251015,COOT,2025-10-15,1959994,HIGH,,V19_V20_DEVELOPMENT,,DEVELOPMENT_OR_PRIOR_SEAL,1,2025-10-05,2025-10-20,0
GENERAL_SURGE_COP_20200309,COP,2020-03-09,1163165,HIGH,,V19_V20_DEVELOPMENT,,DEVELOPMENT_OR_PRIOR_SEAL,1,2020-02-28,2020-03-14,0
GENERAL_SURGE_CORZ_20250626,CORZ,2025-06-26,1839341,HIGH,,V19_V20_DEVELOPMENT,,DEVELOPMENT_OR_PRIOR_SEAL,1,2025-06-16,2025-07-01,1
GENERAL_SURGE_COSM_20221216,COSM,2022-12-16,1474167,HIGH,,V19_V20_DEVELOPMENT,,DEVELOPMENT_OR_PRIOR_SEAL,1,2022-12-06,2022-12-21,1
GENERAL_SURGE_COTY_20190208,COTY,2019-02-08,1024305,HIGH,,V19_V20_DEVELOPMENT,,DEVELOPMENT_OR_PRIOR_SEAL,1,2019-01-29,2019-02-13,0
GENERAL_SURGE_CPBI_20240724,CPBI,2024-07-24,1979332,HIGH,,V19_V20_DEVELOPMENT,,DEVELOPMENT_OR_PRIOR_SEAL,1,2024-07-14,2024-07-29,1
GENERAL_SURGE_CPF_20200320,CPF,2020-03-20,701347,HIGH,,V19_V20_DEVELOPMENT,,DEVELOPMENT_OR_PRIOR_SEAL,1,2020-03-10,2020-03-25,0
GENERAL_SURGE_CPNG_20221110,CPNG,2022-11-10,1834584,HIGH,,V19_V20_DEVELOPMENT,,DEVELOPMENT_OR_PRIOR_SEAL,1,2022-10-31,2022-11-15,1
GENERAL_SURGE_CPRI_20230810,CPRI,2023-08-10,1530721,HIGH,,V19_V20_DEVELOPMENT,,DEVELOPMENT_OR_PRIOR_SEAL,1,2023-07-31,2023-08-15,1
GENERAL_SURGE_CPSH_20210203,CPSH,2021-02-03,814676,HIGH,,V19_V20_DEVELOPMENT,,DEVELOPMENT_OR_PRIOR_SEAL,1,2021-01-24,2021-02-08,1
GENERAL_SURGE_CP_20200309,CP,2020-03-09,16875,HIGH,,V19_V20_DEVELOPMENT,,DEVELOPMENT_OR_PRIOR_SEAL,1,2020-02-28,2020-03-14,0
GENERAL_SURGE_CRD-B_20240305,CRD-B,2024-03-05,25475,HIGH,,V19_V20_DEVELOPMENT,,DEVELOPMENT_OR_PRIOR_SEAL,1,2024-02-24,2024-03-10,1
GENERAL_SURGE_CRDL_20240215,CRDL,2024-02-15,1702123,HIGH,,V19_V20_DEVELOPMENT,,DEVELOPMENT_OR_PRIOR_SEAL,1,2024-02-05,2024-02-20,1
GENERAL_SURGE_CRDO_20230215,CRDO,2023-02-15,1807794,HIGH,,V19_V20_DEVELOPMENT,,DEVELOPMENT_OR_PRIOR_SEAL,1,2023-02-05,2023-02-20,1
GENERAL_SURGE_CRESY_20190812,CRESY,2019-08-12,1034957,HIGH,,V19_V20_DEVELOPMENT,,DEVELOPMENT_OR_PRIOR_SEAL,1,2019-08-02,2019-08-17,0
GENERAL_SURGE_CREX_20200428,CREX,2020-04-28,1356093,HIGH,,V19_V20_DEVELOPMENT,,DEVELOPMENT_OR_PRIOR_SEAL,1,2020-04-18,2020-05-03,0
GENERAL_SURGE_CRH_20200324,CRH,2020-03-24,849395,HIGH,,V19_V20_DEVELOPMENT,,DEVELOPMENT_OR_PRIOR_SEAL,1,2020-03-14,2020-03-29,0
GENERAL_SURGE_CRK_20180426,CRK,2018-04-26,23194,HIGH,,V19_V20_DEVELOPMENT,,DEVELOPMENT_OR_PRIOR_SEAL,1,2018-04-16,2018-05-01,0
GENERAL_SURGE_CRL_20250410,CRL,2025-04-10,1100682,HIGH,,V19_V20_DEVELOPMENT,,DEVELOPMENT_OR_PRIOR_SEAL,1,2025-03-31,2025-04-15,1
GENERAL_SURGE_CRMT_20220524,CRMT,2022-05-24,799850,HIGH,,V19_V20_DEVELOPMENT,,DEVELOPMENT_OR_PRIOR_SEAL,1,2022-05-14,2022-05-29,1
GENERAL_SURGE_CRON_20180830,CRON,2018-08-30,1656472,HIGH,,V19_V20_DEVELOPMENT,,DEVELOPMENT_OR_PRIOR_SEAL,1,2018-08-20,2018-09-04,0
GENERAL_SURGE_CRS_20251023,CRS,2025-10-23,17843,HIGH,,V19_V20_DEVELOPMENT,,DEVELOPMENT_OR_PRIOR_SEAL,1,2025-10-13,2025-10-28,0
GENERAL_SURGE_CRVL_20200527,CRVL,2020-05-27,874866,HIGH,,V19_V20_DEVELOPMENT,,DEVELOPMENT_OR_PRIOR_SEAL,1,2020-05-17,2020-06-01,1
GENERAL_SURGE_CRVO_20190502,CRVO,2019-05-02,1053691,HIGH,,V19_V20_DEVELOPMENT,,DEVELOPMENT_OR_PRIOR_SEAL,1,2019-04-22,2019-05-07,0
GENERAL_SURGE_CSAI_20251103,CSAI,2025-11-03,1709628,HIGH,,V19_V20_DEVELOPMENT,,DEVELOPMENT_OR_PRIOR_SEAL,1,2025-10-24,2025-11-08,0
GENERAL_SURGE_CSCO_20220519,CSCO,2022-05-19,858877,HIGH,,V19_V20_DEVELOPMENT,,DEVELOPMENT_OR_PRIOR_SEAL,1,2022-05-09,2022-05-24,1
GENERAL_SURGE_CSL_20221028,CSL,2022-10-28,790051,HIGH,,V19_V20_DEVELOPMENT,,DEVELOPMENT_OR_PRIOR_SEAL,1,2022-10-18,2022-11-02,1
GENERAL_SURGE_CSTE_20251125,CSTE,2025-11-25,1504379,HIGH,,V19_V20_DEVELOPMENT,,DEVELOPMENT_OR_PRIOR_SEAL,1,2025-11-15,2025-11-30,0
GENERAL_SURGE_CSTL_20230707,CSTL,2023-07-07,1447362,HIGH,,V19_V20_DEVELOPMENT,,DEVELOPMENT_OR_PRIOR_SEAL,1,2023-06-27,2023-07-12,1
GENERAL_SURGE_CTAS_20200316,CTAS,2020-03-16,723254,HIGH,,V19_V20_DEVELOPMENT,,DEVELOPMENT_OR_PRIOR_SEAL,1,2020-03-06,2020-03-21,0
GENERAL_SURGE_CTEV_20241224,CTEV,2024-12-24,1793229,HIGH,,V19_V20_DEVELOPMENT,,DEVELOPMENT_OR_PRIOR_SEAL,1,2024-12-14,2024-12-29,1
GENERAL_SURGE_CTNT_20240514,CTNT,2024-05-14,1951667,HIGH,,V19_V20_DEVELOPMENT,,DEVELOPMENT_OR_PRIOR_SEAL,1,2024-05-04,2024-05-19,1
GENERAL_SURGE_CTOR_20240805,CTOR,2024-08-05,1851484,HIGH,,V19_V20_DEVELOPMENT,,DEVELOPMENT_OR_PRIOR_SEAL,1,2024-07-26,2024-08-10,1
GENERAL_SURGE_CTSH_20190503,CTSH,2019-05-03,1058290,HIGH,,V19_V20_DEVELOPMENT,,DEVELOPMENT_OR_PRIOR_SEAL,1,2019-04-23,2019-05-08,0
GENERAL_SURGE_CTVA_20240201,CTVA,2024-02-01,1755672,HIGH,,V19_V20_DEVELOPMENT,,DEVELOPMENT_OR_PRIOR_SEAL,1,2024-01-22,2024-02-06,1
GENERAL_SURGE_CUE_20240927,CUE,2024-09-27,1645460,HIGH,,V19_V20_DEVELOPMENT,,DEVELOPMENT_OR_PRIOR_SEAL,1,2024-09-17,2024-10-02,1
GENERAL_SURGE_CUPR_20251027,CUPR,2025-10-27,1995704,HIGH,,V19_V20_DEVELOPMENT,,DEVELOPMENT_OR_PRIOR_SEAL,1,2025-10-17,2025-11-01,0
GENERAL_SURGE_CURR_20250108,CURR,2025-01-08,1862935,HIGH,,V19_V20_DEVELOPMENT,,DEVELOPMENT_OR_PRIOR_SEAL,1,2024-12-29,2025-01-13,1
GENERAL_SURGE_CVCO_20181109,CVCO,2018-11-09,278166,HIGH,,V19_V20_DEVELOPMENT,,DEVELOPMENT_OR_PRIOR_SEAL,1,2018-10-30,2018-11-14,0
GENERAL_SURGE_CVGI_20200810,CVGI,2020-08-10,1290900,HIGH,,V19_V20_DEVELOPMENT,,DEVELOPMENT_OR_PRIOR_SEAL,1,2020-07-31,2020-08-15,1
GENERAL_SURGE_CVLG_20211021,CVLG,2021-10-21,928658,HIGH,,V19_V20_DEVELOPMENT,,DEVELOPMENT_OR_PRIOR_SEAL,1,2021-10-11,2021-10-26,1
GENERAL_SURGE_CVNA_20230608,CVNA,2023-06-08,1690820,HIGH,,V19_V20_DEVELOPMENT,,DEVELOPMENT_OR_PRIOR_SEAL,1,2023-05-29,2023-06-13,1
GENERAL_SURGE_CWD_20250909,CWD,2025-09-09,1627282,HIGH,,V19_V20_DEVELOPMENT,,DEVELOPMENT_OR_PRIOR_SEAL,1,2025-08-30,2025-09-14,0
GENERAL_SURGE_CXAI_20240401,CXAI,2024-04-01,1820875,HIGH,,V19_V20_DEVELOPMENT,,DEVELOPMENT_OR_PRIOR_SEAL,1,2024-03-22,2024-04-06,1
GENERAL_SURGE_CXT_20250923,CXT,2025-09-23,25445,HIGH,,V19_V20_DEVELOPMENT,,DEVELOPMENT_OR_PRIOR_SEAL,1,2025-09-13,2025-09-28,0
GENERAL_SURGE_CYN_20250626,CYN,2025-06-26,1874097,HIGH,,V19_V20_DEVELOPMENT,,DEVELOPMENT_OR_PRIOR_SEAL,1,2025-06-16,2025-07-01,1
GENERAL_SURGE_CYPH_20251112,CYPH,2025-11-12,1509745,HIGH,,V19_V20_DEVELOPMENT,,DEVELOPMENT_OR_PRIOR_SEAL,1,2025-11-02,2025-11-17,0
GENERAL_SURGE_CZFS_20241106,CZFS,2024-11-06,739421,HIGH,,V19_V20_DEVELOPMENT,,DEVELOPMENT_OR_PRIOR_SEAL,1,2024-10-27,2024-11-11,1
GENERAL_SURGE_CZWI_20210420,CZWI,2021-04-20,1367859,HIGH,,V19_V20_DEVELOPMENT,,DEVELOPMENT_OR_PRIOR_SEAL,1,2021-04-10,2021-04-25,1
GENERAL_SURGE_DAC_20191122,DAC,2019-11-22,1369241,HIGH,,V19_V20_DEVELOPMENT,,DEVELOPMENT_OR_PRIOR_SEAL,1,2019-11-12,2019-11-27,0
GENERAL_SURGE_DARE_20190318,DARE,2019-03-18,1401914,HIGH,,V19_V20_DEVELOPMENT,,DEVELOPMENT_OR_PRIOR_SEAL,1,2019-03-08,2019-03-23,0
GENERAL_SURGE_DASH_20220217,DASH,2022-02-17,1792789,HIGH,,V19_V20_DEVELOPMENT,,DEVELOPMENT_OR_PRIOR_SEAL,1,2022-02-07,2022-02-22,1
GENERAL_SURGE_DBD_20250212,DBD,2025-02-12,28823,HIGH,,V19_V20_DEVELOPMENT,,DEVELOPMENT_OR_PRIOR_SEAL,1,2025-02-02,2025-02-17,1
GENERAL_SURGE_DBX_20200221,DBX,2020-02-21,1467623,HIGH,,V19_V20_DEVELOPMENT,,DEVELOPMENT_OR_PRIOR_SEAL,1,2020-02-11,2020-02-26,0
GENERAL_SURGE_DCOY_20250113,DCOY,2025-01-13,1615219,HIGH,,V19_V20_DEVELOPMENT,,DEVELOPMENT_OR_PRIOR_SEAL,1,2025-01-03,2025-01-18,1
GENERAL_SURGE_DDOG_20231107,DDOG,2023-11-07,1561550,HIGH,,V19_V20_DEVELOPMENT,,DEVELOPMENT_OR_PRIOR_SEAL,1,2023-10-28,2023-11-12,1
GENERAL_SURGE_DEFT_20251126,DEFT,2025-11-26,1888274,HIGH,,V19_V20_DEVELOPMENT,,DEVELOPMENT_OR_PRIOR_SEAL,1,2025-11-16,2025-12-01,0
GENERAL_SURGE_DELL_20240301,DELL,2024-03-01,1571996,HIGH,,V19_V20_DEVELOPMENT,,DEVELOPMENT_OR_PRIOR_SEAL,1,2024-02-20,2024-03-06,1
GENERAL_SURGE_DEVSF_20250512,DEVSF,2025-05-12,1854480,HIGH,,V19_V20_DEVELOPMENT,,DEVELOPMENT_OR_PRIOR_SEAL,1,2025-05-02,2025-05-17,1
GENERAL_SURGE_DE_20220520,DE,2022-05-20,315189,HIGH,,V19_V20_DEVELOPMENT,,DEVELOPMENT_OR_PRIOR_SEAL,1,2022-05-10,2022-05-25,1
GENERAL_SURGE_DFLI_20250722,DFLI,2025-07-22,1847986,HIGH,,V19_V20_DEVELOPMENT,,DEVELOPMENT_OR_PRIOR_SEAL,1,2025-07-12,2025-07-27,0
GENERAL_SURGE_DFSC_20240610,DFSC,2024-06-10,1889823,HIGH,,V19_V20_DEVELOPMENT,,DEVELOPMENT_OR_PRIOR_SEAL,1,2024-05-31,2024-06-15,1
GENERAL_SURGE_DGICB_20250620,DGICB,2025-06-20,800457,HIGH,,V19_V20_DEVELOPMENT,,DEVELOPMENT_OR_PRIOR_SEAL,1,2025-06-10,2025-06-25,1
GENERAL_SURGE_DGNX_20250910,DGNX,2025-09-10,2010499,HIGH,,V19_V20_DEVELOPMENT,,DEVELOPMENT_OR_PRIOR_SEAL,1,2025-08-31,2025-09-15,0
GENERAL_SURGE_DG_20240829,DG,2024-08-29,29534,HIGH,,V19_V20_DEVELOPMENT,,DEVELOPMENT_OR_PRIOR_SEAL,1,2024-08-19,2024-09-03,1
GENERAL_SURGE_DHR_20231002,DHR,2023-10-02,313616,HIGH,,V19_V20_DEVELOPMENT,,DEVELOPMENT_OR_PRIOR_SEAL,1,2023-09-22,2023-10-07,1
GENERAL_SURGE_DIOD_20181107,DIOD,2018-11-07,29002,HIGH,,V19_V20_DEVELOPMENT,,DEVELOPMENT_OR_PRIOR_SEAL,1,2018-10-28,2018-11-12,0
GENERAL_SURGE_DKNG_20221104,DKNG,2022-11-04,1883685,HIGH,,V19_V20_DEVELOPMENT,,DEVELOPMENT_OR_PRIOR_SEAL,1,2022-10-25,2022-11-09,1
GENERAL_SURGE_DKS_20230822,DKS,2023-08-22,1089063,HIGH,,V19_V20_DEVELOPMENT,,DEVELOPMENT_OR_PRIOR_SEAL,1,2023-08-12,2023-08-27,1
GENERAL_SURGE_DLHC_20250416,DLHC,2025-04-16,785557,HIGH,,V19_V20_DEVELOPMENT,,DEVELOPMENT_OR_PRIOR_SEAL,1,2025-04-06,2025-04-21,1
GENERAL_SURGE_DLPN_20210323,DLPN,2021-03-23,1282224,HIGH,,V19_V20_DEVELOPMENT,,DEVELOPMENT_OR_PRIOR_SEAL,1,2021-03-13,2021-03-28,1
GENERAL_SURGE_DLTH_20250904,DLTH,2025-09-04,1649744,HIGH,,V19_V20_DEVELOPMENT,,DEVELOPMENT_OR_PRIOR_SEAL,1,2025-08-25,2025-09-09,0
GENERAL_SURGE_DOGZ_20201019,DOGZ,2020-10-19,1707303,HIGH,,V19_V20_DEVELOPMENT,,DEVELOPMENT_OR_PRIOR_SEAL,1,2020-10-09,2020-10-24,1
GENERAL_SURGE_DOMO_20190906,DOMO,2019-09-06,1505952,HIGH,,V19_V20_DEVELOPMENT,,DEVELOPMENT_OR_PRIOR_SEAL,1,2019-08-27,2019-09-11,0
GENERAL_SURGE_DPZ_20200220,DPZ,2020-02-20,1286681,HIGH,,V19_V20_DEVELOPMENT,,DEVELOPMENT_OR_PRIOR_SEAL,1,2020-02-10,2020-02-25,0
GENERAL_SURGE_DQ_20241029,DQ,2024-10-29,1477641,HIGH,,V19_V20_DEVELOPMENT,,DEVELOPMENT_OR_PRIOR_SEAL,1,2024-10-19,2024-11-03,1
GENERAL_SURGE_DTE_20210701,DTE,2021-07-01,936340,HIGH,,V19_V20_DEVELOPMENT,,DEVELOPMENT_OR_PRIOR_SEAL,1,2021-06-21,2021-07-06,1
GENERAL_SURGE_DTM_20250127,DTM,2025-01-27,1842022,HIGH,,V19_V20_DEVELOPMENT,,DEVELOPMENT_OR_PRIOR_SEAL,1,2025-01-17,2025-02-01,1
GENERAL_SURGE_DT_20220202,DT,2022-02-02,1773383,HIGH,,V19_V20_DEVELOPMENT,,DEVELOPMENT_OR_PRIOR_SEAL,1,2022-01-23,2022-02-07,1
GENERAL_SURGE_DUK_20200930,DUK,2020-09-30,1326160,HIGH,,V19_V20_DEVELOPMENT,,DEVELOPMENT_OR_PRIOR_SEAL,1,2020-09-20,2020-10-05,1
GENERAL_SURGE_DULL_20251021,DULL,2025-10-21,927971,HIGH,,V19_V20_DEVELOPMENT,,DEVELOPMENT_OR_PRIOR_SEAL,1,2025-10-11,2025-10-26,0
GENERAL_SURGE_DUOT_20210813,DUOT,2021-08-13,1396536,HIGH,,V19_V20_DEVELOPMENT,,DEVELOPMENT_OR_PRIOR_SEAL,1,2021-08-03,2021-08-18,1
GENERAL_SURGE_DUO_20240517,DUO,2024-05-17,1750593,HIGH,,V19_V20_DEVELOPMENT,,DEVELOPMENT_OR_PRIOR_SEAL,1,2024-05-07,2024-05-22,1
GENERAL_SURGE_DVA_20221028,DVA,2022-10-28,927066,HIGH,,V19_V20_DEVELOPMENT,,DEVELOPMENT_OR_PRIOR_SEAL,1,2022-10-18,2022-11-02,1
GENERAL_SURGE_DWSN_20250717,DWSN,2025-07-17,799165,HIGH,,V19_V20_DEVELOPMENT,,DEVELOPMENT_OR_PRIOR_SEAL,1,2025-07-07,2025-07-22,0
GENERAL_SURGE_DXCM_20240726,DXCM,2024-07-26,1093557,HIGH,,V19_V20_DEVELOPMENT,,DEVELOPMENT_OR_PRIOR_SEAL,1,2024-07-16,2024-07-31,1
GENERAL_SURGE_DXC_20230803,DXC,2023-08-03,1688568,HIGH,,V19_V20_DEVELOPMENT,,DEVELOPMENT_OR_PRIOR_SEAL,1,2023-07-24,2023-08-08,1
GENERAL_SURGE_DXST_20251231,DXST,2025-12-31,1958133,HIGH,,V19_V20_DEVELOPMENT,,DEVELOPMENT_OR_PRIOR_SEAL,1,2025-12-21,2026-01-05,0
GENERAL_SURGE_EAF_20221121,EAF,2022-11-21,931148,HIGH,,V19_V20_DEVELOPMENT,,DEVELOPMENT_OR_PRIOR_SEAL,1,2022-11-11,2022-11-26,1
GENERAL_SURGE_EA_20190208,EA,2019-02-08,712515,HIGH,,V19_V20_DEVELOPMENT,,DEVELOPMENT_OR_PRIOR_SEAL,1,2019-01-29,2019-02-13,0
GENERAL_SURGE_EBF_20241011,EBF,2024-10-11,33002,HIGH,,V19_V20_DEVELOPMENT,,DEVELOPMENT_OR_PRIOR_SEAL,1,2024-10-01,2024-10-16,1
GENERAL_SURGE_EBS_20240502,EBS,2024-05-02,1367644,HIGH,,V19_V20_DEVELOPMENT,,DEVELOPMENT_OR_PRIOR_SEAL,1,2024-04-22,2024-05-07,1
GENERAL_SURGE_ECL_20220121,ECL,2022-01-21,31462,HIGH,,V19_V20_DEVELOPMENT,,DEVELOPMENT_OR_PRIOR_SEAL,1,2022-01-11,2022-01-26,1
GENERAL_SURGE_EDRY_20201112,EDRY,2020-11-12,1731388,HIGH,,V19_V20_DEVELOPMENT,,DEVELOPMENT_OR_PRIOR_SEAL,1,2020-11-02,2020-11-17,1
GENERAL_SURGE_EDU_20210723,EDU,2021-07-23,1372920,HIGH,,V19_V20_DEVELOPMENT,,DEVELOPMENT_OR_PRIOR_SEAL,1,2021-07-13,2021-07-28,1
GENERAL_SURGE_ED_20200317,ED,2020-03-17,1047862,HIGH,,V19_V20_DEVELOPMENT,,DEVELOPMENT_OR_PRIOR_SEAL,1,2020-03-07,2020-03-22,0
GENERAL_SURGE_EFSCP_20221220,EFSCP,2022-12-20,1025835,HIGH,,V19_V20_DEVELOPMENT,,DEVELOPMENT_OR_PRIOR_SEAL,1,2022-12-10,2022-12-25,1
GENERAL_SURGE_EFX_20181025,EFX,2018-10-25,33185,HIGH,,V19_V20_DEVELOPMENT,,DEVELOPMENT_OR_PRIOR_SEAL,1,2018-10-15,2018-10-30,0
GENERAL_SURGE_EHGO_20250113,EHGO,2025-01-13,1879754,HIGH,,V19_V20_DEVELOPMENT,,DEVELOPMENT_OR_PRIOR_SEAL,1,2025-01-03,2025-01-18,1
GENERAL_SURGE_EHI_20200318,EHI,2020-03-18,1228509,HIGH,,V19_V20_DEVELOPMENT,,DEVELOPMENT_OR_PRIOR_SEAL,1,2020-03-08,2020-03-23,0
GENERAL_SURGE_EIX_20250113,EIX,2025-01-13,827052,HIGH,,V19_V20_DEVELOPMENT,,DEVELOPMENT_OR_PRIOR_SEAL,1,2025-01-03,2025-01-18,1
GENERAL_SURGE_EJH_20240813,EJH,2024-08-13,1769768,HIGH,,V19_V20_DEVELOPMENT,,DEVELOPMENT_OR_PRIOR_SEAL,1,2024-08-03,2024-08-18,1
GENERAL_SURGE_ELAN_20250507,ELAN,2025-05-07,1739104,HIGH,,V19_V20_DEVELOPMENT,,DEVELOPMENT_OR_PRIOR_SEAL,1,2025-04-27,2025-05-12,1
GENERAL_SURGE_ELME_20250804,ELME,2025-08-04,104894,HIGH,,V19_V20_DEVELOPMENT,,DEVELOPMENT_OR_PRIOR_SEAL,1,2025-07-25,2025-08-09,0
GENERAL_SURGE_ELPW_20250820,ELPW,2025-08-20,2015691,HIGH,,V19_V20_DEVELOPMENT,,DEVELOPMENT_OR_PRIOR_SEAL,1,2025-08-10,2025-08-25,0
GENERAL_SURGE_ELVA_20241125,ELVA,2024-11-25,1844450,HIGH,,V19_V20_DEVELOPMENT,,DEVELOPMENT_OR_PRIOR_SEAL,1,2024-11-15,2024-11-30,1
GENERAL_SURGE_ELV_20241017,ELV,2024-10-17,1156039,HIGH,,V19_V20_DEVELOPMENT,,DEVELOPMENT_OR_PRIOR_SEAL,1,2024-10-07,2024-10-22,1
GENERAL_SURGE_EMD_20200318,EMD,2020-03-18,1227862,HIGH,,V19_V20_DEVELOPMENT,,DEVELOPMENT_OR_PRIOR_SEAL,1,2020-03-08,2020-03-23,0
GENERAL_SURGE_ENB_20200313,ENB,2020-03-13,895728,HIGH,,V19_V20_DEVELOPMENT,,DEVELOPMENT_OR_PRIOR_SEAL,1,2020-03-03,2020-03-18,0
GENERAL_SURGE_ENGN_20251111,ENGN,2025-11-11,1980845,HIGH,,V19_V20_DEVELOPMENT,,DEVELOPMENT_OR_PRIOR_SEAL,1,2025-11-01,2025-11-16,0
GENERAL_SURGE_ENGS_20251106,ENGS,2025-11-06,1971828,HIGH,,V19_V20_DEVELOPMENT,,DEVELOPMENT_OR_PRIOR_SEAL,1,2025-10-27,2025-11-11,0
GENERAL_SURGE_ENLT_20231009,ENLT,2023-10-09,1922641,HIGH,,V19_V20_DEVELOPMENT,,DEVELOPMENT_OR_PRIOR_SEAL,1,2023-09-29,2023-10-14,1
GENERAL_SURGE_ENLV_20201001,ENLV,2020-10-01,1596812,HIGH,,V19_V20_DEVELOPMENT,,DEVELOPMENT_OR_PRIOR_SEAL,1,2020-09-21,2020-10-06,1
GENERAL_SURGE_ENSC_20241022,ENSC,2024-10-22,1716947,HIGH,,V19_V20_DEVELOPMENT,,DEVELOPMENT_OR_PRIOR_SEAL,1,2024-10-12,2024-10-27,1
GENERAL_SURGE_ENTG_20221102,ENTG,2022-11-02,1101302,HIGH,,V19_V20_DEVELOPMENT,,DEVELOPMENT_OR_PRIOR_SEAL,1,2022-10-23,2022-11-07,1
GENERAL_SURGE_EOG_20200309,EOG,2020-03-09,821189,HIGH,,V19_V20_DEVELOPMENT,,DEVELOPMENT_OR_PRIOR_SEAL,1,2020-02-28,2020-03-14,0
GENERAL_SURGE_EOLS_20210219,EOLS,2021-02-19,1570562,HIGH,,V19_V20_DEVELOPMENT,,DEVELOPMENT_OR_PRIOR_SEAL,1,2021-02-09,2021-02-24,1
GENERAL_SURGE_EOS_20200312,EOS,2020-03-12,1308335,HIGH,,V19_V20_DEVELOPMENT,,DEVELOPMENT_OR_PRIOR_SEAL,1,2020-03-02,2020-03-17,0
GENERAL_SURGE_EPC_20200210,EPC,2020-02-10,1096752,HIGH,,V19_V20_DEVELOPMENT,,DEVELOPMENT_OR_PRIOR_SEAL,1,2020-01-31,2020-02-15,0
GENERAL_SURGE_EPOW_20250930,EPOW,2025-09-30,1780731,HIGH,,V19_V20_DEVELOPMENT,,DEVELOPMENT_OR_PRIOR_SEAL,1,2025-09-20,2025-10-05,0
GENERAL_SURGE_EPSM_20251118,EPSM,2025-11-18,1883437,HIGH,,V19_V20_DEVELOPMENT,,DEVELOPMENT_OR_PRIOR_SEAL,1,2025-11-08,2025-11-23,0
GENERAL_SURGE_EPSN_20210216,EPSN,2021-02-16,1726126,HIGH,,V19_V20_DEVELOPMENT,,DEVELOPMENT_OR_PRIOR_SEAL,1,2021-02-06,2021-02-21,1
GENERAL_SURGE_EQIX_20250626,EQIX,2025-06-26,1101239,HIGH,,V19_V20_DEVELOPMENT,,DEVELOPMENT_OR_PRIOR_SEAL,1,2025-06-16,2025-07-01,1
GENERAL_SURGE_EQT_20181025,EQT,2018-10-25,33213,HIGH,,V19_V20_DEVELOPMENT,,DEVELOPMENT_OR_PRIOR_SEAL,1,2018-10-15,2018-10-30,0
GENERAL_SURGE_EQ_20200713,EQ,2020-07-13,1746466,HIGH,,V19_V20_DEVELOPMENT,,DEVELOPMENT_OR_PRIOR_SEAL,1,2020-07-03,2020-07-18,1
GENERAL_SURGE_ESAB_20241029,ESAB,2024-10-29,1877322,HIGH,,V19_V20_DEVELOPMENT,,DEVELOPMENT_OR_PRIOR_SEAL,1,2024-10-19,2024-11-03,1
GENERAL_SURGE_ESE_20250207,ESE,2025-02-07,866706,HIGH,,V19_V20_DEVELOPMENT,,DEVELOPMENT_OR_PRIOR_SEAL,1,2025-01-28,2025-02-12,1
GENERAL_SURGE_ETHT_20250203,ETHT,2025-02-03,,UNRESOLVED,,V19_V20_DEVELOPMENT,,DEVELOPMENT_OR_PRIOR_SEAL,1,2025-01-24,2025-02-08,1
GENERAL_SURGE_ETR_20241031,ETR,2024-10-31,65984,HIGH,,V19_V20_DEVELOPMENT,,DEVELOPMENT_OR_PRIOR_SEAL,1,2024-10-21,2024-11-05,1
GENERAL_SURGE_ETSY_20180614,ETSY,2018-06-14,1370637,HIGH,,V19_V20_DEVELOPMENT,,DEVELOPMENT_OR_PRIOR_SEAL,1,2018-06-04,2018-06-19,0
GENERAL_SURGE_ETU_20250508,ETU,2025-05-08,,UNRESOLVED,,V19_V20_DEVELOPMENT,,DEVELOPMENT_OR_PRIOR_SEAL,1,2025-04-28,2025-05-13,1
GENERAL_SURGE_ET_20200309,ET,2020-03-09,1276187,HIGH,,V19_V20_DEVELOPMENT,,DEVELOPMENT_OR_PRIOR_SEAL,1,2020-02-28,2020-03-14,0
GENERAL_SURGE_EUDA_20230310,EUDA,2023-03-10,1847846,HIGH,,V19_V20_DEVELOPMENT,,DEVELOPMENT_OR_PRIOR_SEAL,1,2023-02-28,2023-03-15,1
GENERAL_SURGE_EVAX_20240124,EVAX,2024-01-24,1828253,HIGH,,V19_V20_DEVELOPMENT,,DEVELOPMENT_OR_PRIOR_SEAL,1,2024-01-14,2024-01-29,1
GENERAL_SURGE_EVCM_20230316,EVCM,2023-03-16,1853145,HIGH,,V19_V20_DEVELOPMENT,,DEVELOPMENT_OR_PRIOR_SEAL,1,2023-03-06,2023-03-21,1
GENERAL_SURGE_EVC_20240306,EVC,2024-03-06,1109116,HIGH,,V19_V20_DEVELOPMENT,,DEVELOPMENT_OR_PRIOR_SEAL,1,2024-02-25,2024-03-11,1
GENERAL_SURGE_EVEX-WS_20241016,EVEX-WS,2024-10-16,,UNRESOLVED,,V19_V20_DEVELOPMENT,,DEVELOPMENT_OR_PRIOR_SEAL,1,2024-10-06,2024-10-21,1
GENERAL_SURGE_EVF_20200318,EVF,2020-03-18,1070732,HIGH,,V19_V20_DEVELOPMENT,,DEVELOPMENT_OR_PRIOR_SEAL,1,2020-03-08,2020-03-23,0
GENERAL_SURGE_EVGO_20241217,EVGO,2024-12-17,1821159,HIGH,,V19_V20_DEVELOPMENT,,DEVELOPMENT_OR_PRIOR_SEAL,1,2024-12-07,2024-12-22,1
GENERAL_SURGE_EVH_20241108,EVH,2024-11-08,1628908,HIGH,,V19_V20_DEVELOPMENT,,DEVELOPMENT_OR_PRIOR_SEAL,1,2024-10-29,2024-11-13,1
GENERAL_SURGE_EVTL_20220715,EVTL,2022-07-15,1867102,HIGH,,V19_V20_DEVELOPMENT,,DEVELOPMENT_OR_PRIOR_SEAL,1,2022-07-05,2022-07-20,1
GENERAL_SURGE_EW_20240725,EW,2024-07-25,1099800,HIGH,,V19_V20_DEVELOPMENT,,DEVELOPMENT_OR_PRIOR_SEAL,1,2024-07-15,2024-07-30,1
GENERAL_SURGE_EXOZ_20250620,EXOZ,2025-06-20,2010788,HIGH,,V19_V20_DEVELOPMENT,,DEVELOPMENT_OR_PRIOR_SEAL,1,2025-06-10,2025-06-25,1
GENERAL_SURGE_EXPE_20191107,EXPE,2019-11-07,1324424,HIGH,,V19_V20_DEVELOPMENT,,DEVELOPMENT_OR_PRIOR_SEAL,1,2019-10-28,2019-11-12,0
GENERAL_SURGE_EZGO_20230906,EZGO,2023-09-06,1806904,HIGH,,V19_V20_DEVELOPMENT,,DEVELOPMENT_OR_PRIOR_SEAL,1,2023-08-27,2023-09-11,1
GENERAL_SURGE_E_20200309,E,2020-03-09,1002242,HIGH,,V19_V20_DEVELOPMENT,,DEVELOPMENT_OR_PRIOR_SEAL,1,2020-02-28,2020-03-14,0
GENERAL_SURGE_FAF_20200318,FAF,2020-03-18,1472787,HIGH,,V19_V20_DEVELOPMENT,,DEVELOPMENT_OR_PRIOR_SEAL,1,2020-03-08,2020-03-23,0
GENERAL_SURGE_FATN_20251219,FATN,2025-12-19,1993400,HIGH,,V19_V20_DEVELOPMENT,,DEVELOPMENT_OR_PRIOR_SEAL,1,2025-12-09,2025-12-24,0
GENERAL_SURGE_FBLG_20240910,FBLG,2024-09-10,1958777,HIGH,,V19_V20_DEVELOPMENT,,DEVELOPMENT_OR_PRIOR_SEAL,1,2024-08-31,2024-09-15,1
GENERAL_SURGE_FCFS_20240425,FCFS,2024-04-25,840489,HIGH,,V19_V20_DEVELOPMENT,,DEVELOPMENT_OR_PRIOR_SEAL,1,2024-04-15,2024-04-30,1
GENERAL_SURGE_FCUV_20250103,FCUV,2025-01-03,1590418,HIGH,,V19_V20_DEVELOPMENT,,DEVELOPMENT_OR_PRIOR_SEAL,1,2024-12-24,2025-01-08,1
GENERAL_SURGE_FDS_20200625,FDS,2020-06-25,1013237,HIGH,,V19_V20_DEVELOPMENT,,DEVELOPMENT_OR_PRIOR_SEAL,1,2020-06-15,2020-06-30,1
GENERAL_SURGE_FEBO_20240812,FEBO,2024-08-12,1957001,HIGH,,V19_V20_DEVELOPMENT,,DEVELOPMENT_OR_PRIOR_SEAL,1,2024-08-02,2024-08-17,1
GENERAL_SURGE_FEDU_20210326,FEDU,2021-03-26,1709819,HIGH,,V19_V20_DEVELOPMENT,,DEVELOPMENT_OR_PRIOR_SEAL,1,2021-03-16,2021-03-31,1
GENERAL_SURGE_FEED_20210723,FEED,2021-07-23,1326706,HIGH,,V19_V20_DEVELOPMENT,,DEVELOPMENT_OR_PRIOR_SEAL,1,2021-07-13,2021-07-28,1
GENERAL_SURGE_FFIV_20240730,FFIV,2024-07-30,1048695,HIGH,,V19_V20_DEVELOPMENT,,DEVELOPMENT_OR_PRIOR_SEAL,1,2024-07-20,2024-08-04,1
GENERAL_SURGE_FGBI_20200313,FGBI,2020-03-13,1408534,HIGH,,V19_V20_DEVELOPMENT,,DEVELOPMENT_OR_PRIOR_SEAL,1,2020-03-03,2020-03-18,0
GENERAL_SURGE_FGL_20250926,FGL,2025-09-26,1989930,HIGH,,V19_V20_DEVELOPMENT,,DEVELOPMENT_OR_PRIOR_SEAL,1,2025-09-16,2025-10-01,0
GENERAL_SURGE_FICO_20221110,FICO,2022-11-10,814547,HIGH,,V19_V20_DEVELOPMENT,,DEVELOPMENT_OR_PRIOR_SEAL,1,2022-10-31,2022-11-15,1
GENERAL_SURGE_FIEE_20251230,FIEE,2025-12-30,1467761,HIGH,,V19_V20_DEVELOPMENT,,DEVELOPMENT_OR_PRIOR_SEAL,1,2025-12-20,2026-01-04,0
GENERAL_SURGE_FIRY_20210421,FIRY,2021-04-21,1801661,HIGH,,V19_V20_DEVELOPMENT,,DEVELOPMENT_OR_PRIOR_SEAL,1,2021-04-11,2021-04-26,1
GENERAL_SURGE_FISV_20250424,FISV,2025-04-24,798354,HIGH,,V19_V20_DEVELOPMENT,,DEVELOPMENT_OR_PRIOR_SEAL,1,2025-04-14,2025-04-29,1
GENERAL_SURGE_FIS_20221103,FIS,2022-11-03,1136893,HIGH,,V19_V20_DEVELOPMENT,,DEVELOPMENT_OR_PRIOR_SEAL,1,2022-10-24,2022-11-08,1
GENERAL_SURGE_FIVN_20240809,FIVN,2024-08-09,1288847,HIGH,,V19_V20_DEVELOPMENT,,DEVELOPMENT_OR_PRIOR_SEAL,1,2024-07-30,2024-08-14,1
GENERAL_SURGE_FIX_20190726,FIX,2019-07-26,1035983,HIGH,,V19_V20_DEVELOPMENT,,DEVELOPMENT_OR_PRIOR_SEAL,1,2019-07-16,2019-07-31,0
GENERAL_SURGE_FLD_20250919,FLD,2025-09-19,1889123,HIGH,,V19_V20_DEVELOPMENT,,DEVELOPMENT_OR_PRIOR_SEAL,1,2025-09-09,2025-09-24,0
GENERAL_SURGE_FLUX_20250916,FLUX,2025-09-16,1083743,HIGH,,V19_V20_DEVELOPMENT,,DEVELOPMENT_OR_PRIOR_SEAL,1,2025-09-06,2025-09-21,0
GENERAL_SURGE_FLXS_20240112,FLXS,2024-01-12,37472,HIGH,,V19_V20_DEVELOPMENT,,DEVELOPMENT_OR_PRIOR_SEAL,1,2024-01-02,2024-01-17,1
GENERAL_SURGE_FLX_20250402,FLX,2025-04-02,1858724,HIGH,,V19_V20_DEVELOPMENT,,DEVELOPMENT_OR_PRIOR_SEAL,1,2025-03-23,2025-04-07,1
GENERAL_SURGE_FLYU_20250409,FLYU,2025-04-09,927971,HIGH,,V19_V20_DEVELOPMENT,,DEVELOPMENT_OR_PRIOR_SEAL,1,2025-03-30,2025-04-14,1
GENERAL_SURGE_FLZH_20251014,FLZH,2025-10-14,1706524,HIGH,,V19_V20_DEVELOPMENT,,DEVELOPMENT_OR_PRIOR_SEAL,1,2025-10-04,2025-10-19,0
GENERAL_SURGE_FMS_20231011,FMS,2023-10-11,1333141,HIGH,,V19_V20_DEVELOPMENT,,DEVELOPMENT_OR_PRIOR_SEAL,1,2023-10-01,2023-10-16,1
GENERAL_SURGE_FND_20181101,FND,2018-11-01,1507079,HIGH,,V19_V20_DEVELOPMENT,,DEVELOPMENT_OR_PRIOR_SEAL,1,2018-10-22,2018-11-06,0
GENERAL_SURGE_FNGR_20221003,FNGR,2022-10-03,1602409,HIGH,,V19_V20_DEVELOPMENT,,DEVELOPMENT_OR_PRIOR_SEAL,1,2022-09-23,2022-10-08,1
GENERAL_SURGE_FNLC_20200317,FNLC,2020-03-17,765207,HIGH,,V19_V20_DEVELOPMENT,,DEVELOPMENT_OR_PRIOR_SEAL,1,2020-03-07,2020-03-22,0
GENERAL_SURGE_FNV_20200316,FNV,2020-03-16,1456346,HIGH,,V19_V20_DEVELOPMENT,,DEVELOPMENT_OR_PRIOR_SEAL,1,2020-03-06,2020-03-21,0
GENERAL_SURGE_FNWB_20200323,FNWB,2020-03-23,1556727,HIGH,,V19_V20_DEVELOPMENT,,DEVELOPMENT_OR_PRIOR_SEAL,1,2020-03-13,2020-03-28,0
GENERAL_SURGE_FOXA_20221017,FOXA,2022-10-17,1754301,HIGH,,V19_V20_DEVELOPMENT,,DEVELOPMENT_OR_PRIOR_SEAL,1,2022-10-07,2022-10-22,1
GENERAL_SURGE_FPH_20250124,FPH,2025-01-24,1574197,HIGH,,V19_V20_DEVELOPMENT,,DEVELOPMENT_OR_PRIOR_SEAL,1,2025-01-14,2025-01-29,1
GENERAL_SURGE_FRD_20180629,FRD,2018-06-29,39092,HIGH,,V19_V20_DEVELOPMENT,,DEVELOPMENT_OR_PRIOR_SEAL,1,2018-06-19,2018-07-04,0
GENERAL_SURGE_FRMM_20241016,FRMM,2024-10-16,1690080,HIGH,,V19_V20_DEVELOPMENT,,DEVELOPMENT_OR_PRIOR_SEAL,1,2024-10-06,2024-10-21,1
GENERAL_SURGE_FRPH_20200316,FRPH,2020-03-16,844059,HIGH,,V19_V20_DEVELOPMENT,,DEVELOPMENT_OR_PRIOR_SEAL,1,2020-03-06,2020-03-21,0
GENERAL_SURGE_FRT_20201109,FRT,2020-11-09,34903,HIGH,,V19_V20_DEVELOPMENT,,DEVELOPMENT_OR_PRIOR_SEAL,1,2020-10-30,2020-11-14,1
GENERAL_SURGE_FSEA_20230120,FSEA,2023-01-20,1943802,HIGH,,V19_V20_DEVELOPMENT,,DEVELOPMENT_OR_PRIOR_SEAL,1,2023-01-10,2023-01-25,1
GENERAL_SURGE_FSLR_20230512,FSLR,2023-05-12,1274494,HIGH,,V19_V20_DEVELOPMENT,,DEVELOPMENT_OR_PRIOR_SEAL,1,2023-05-02,2023-05-17,1
GENERAL_SURGE_FSTR_20240806,FSTR,2024-08-06,352825,HIGH,,V19_V20_DEVELOPMENT,,DEVELOPMENT_OR_PRIOR_SEAL,1,2024-07-27,2024-08-11,1
GENERAL_SURGE_FTCI_20240911,FTCI,2024-09-11,1828161,HIGH,,V19_V20_DEVELOPMENT,,DEVELOPMENT_OR_PRIOR_SEAL,1,2024-09-01,2024-09-16,1
GENERAL_SURGE_FTHM_20250825,FTHM,2025-08-25,1753162,HIGH,,V19_V20_DEVELOPMENT,,DEVELOPMENT_OR_PRIOR_SEAL,1,2025-08-15,2025-08-30,0
GENERAL_SURGE_FTK_20190111,FTK,2019-01-11,928054,HIGH,,V19_V20_DEVELOPMENT,,DEVELOPMENT_OR_PRIOR_SEAL,1,2019-01-01,2019-01-16,0
GENERAL_SURGE_FTRK_20251124,FTRK,2025-11-24,2027262,HIGH,,V19_V20_DEVELOPMENT,,DEVELOPMENT_OR_PRIOR_SEAL,1,2025-11-14,2025-11-29,0
GENERAL_SURGE_FULC_20240912,FULC,2024-09-12,1680581,HIGH,,V19_V20_DEVELOPMENT,,DEVELOPMENT_OR_PRIOR_SEAL,1,2024-09-02,2024-09-17,1
GENERAL_SURGE_FULT_20200317,FULT,2020-03-17,700564,HIGH,,V19_V20_DEVELOPMENT,,DEVELOPMENT_OR_PRIOR_SEAL,1,2020-03-07,2020-03-22,0
GENERAL_SURGE_FWONK_20200312,FWONK,2020-03-12,1560385,HIGH,,V19_V20_DEVELOPMENT,,DEVELOPMENT_OR_PRIOR_SEAL,1,2020-03-02,2020-03-17,0
GENERAL_SURGE_FWRG_20250506,FWRG,2025-05-06,1789940,HIGH,,V19_V20_DEVELOPMENT,,DEVELOPMENT_OR_PRIOR_SEAL,1,2025-04-26,2025-05-11,1
GENERAL_SURGE_FXHO_20230501,FXHO,2023-05-01,1789299,HIGH,,V19_V20_DEVELOPMENT,,DEVELOPMENT_OR_PRIOR_SEAL,1,2023-04-21,2023-05-06,1
GENERAL_SURGE_GALT_20250617,GALT,2025-06-17,1133416,HIGH,,V19_V20_DEVELOPMENT,,DEVELOPMENT_OR_PRIOR_SEAL,1,2025-06-07,2025-06-22,1
GENERAL_SURGE_GAME_20221212,GAME,2022-12-12,1714562,HIGH,,V19_V20_DEVELOPMENT,,DEVELOPMENT_OR_PRIOR_SEAL,1,2022-12-02,2022-12-17,1
GENERAL_SURGE_GBDC_20200402,GBDC,2020-04-02,1476765,HIGH,,V19_V20_DEVELOPMENT,,DEVELOPMENT_OR_PRIOR_SEAL,1,2020-03-23,2020-04-07,0
GENERAL_SURGE_GBR_20210128,GBR,2021-01-28,105744,HIGH,,V19_V20_DEVELOPMENT,,DEVELOPMENT_OR_PRIOR_SEAL,1,2021-01-18,2021-02-02,1
GENERAL_SURGE_GCL_20250919,GCL,2025-09-19,2002045,HIGH,,V19_V20_DEVELOPMENT,,DEVELOPMENT_OR_PRIOR_SEAL,1,2025-09-09,2025-09-24,0
GENERAL_SURGE_GCMG_20201207,GCMG,2020-12-07,1819796,HIGH,,V19_V20_DEVELOPMENT,,DEVELOPMENT_OR_PRIOR_SEAL,1,2020-11-27,2020-12-12,1
GENERAL_SURGE_GCTK_20230406,GCTK,2023-04-06,1506983,HIGH,,V19_V20_DEVELOPMENT,,DEVELOPMENT_OR_PRIOR_SEAL,1,2023-03-27,2023-04-11,1
GENERAL_SURGE_GCT_20230524,GCT,2023-05-24,1857816,HIGH,,V19_V20_DEVELOPMENT,,DEVELOPMENT_OR_PRIOR_SEAL,1,2023-05-14,2023-05-29,1
GENERAL_SURGE_GDC_20190201,GDC,2019-02-01,1641398,HIGH,,V19_V20_DEVELOPMENT,,DEVELOPMENT_OR_PRIOR_SEAL,1,2019-01-22,2019-02-06,0
GENERAL_SURGE_GDHG_20250325,GDHG,2025-03-25,1928340,HIGH,,V19_V20_DEVELOPMENT,,DEVELOPMENT_OR_PRIOR_SEAL,1,2025-03-15,2025-03-30,1
GENERAL_SURGE_GDL_20200318,GDL,2020-03-18,1378701,HIGH,,V19_V20_DEVELOPMENT,,DEVELOPMENT_OR_PRIOR_SEAL,1,2020-03-08,2020-03-23,0
GENERAL_SURGE_GDTC_20241204,GDTC,2024-12-04,1873093,HIGH,,V19_V20_DEVELOPMENT,,DEVELOPMENT_OR_PRIOR_SEAL,1,2024-11-24,2024-12-09,1
GENERAL_SURGE_GDYN_20210701,GDYN,2021-07-01,1743725,HIGH,,V19_V20_DEVELOPMENT,,DEVELOPMENT_OR_PRIOR_SEAL,1,2021-06-21,2021-07-06,1
GENERAL_SURGE_GD_20200312,GD,2020-03-12,40533,HIGH,,V19_V20_DEVELOPMENT,,DEVELOPMENT_OR_PRIOR_SEAL,1,2020-03-02,2020-03-17,0
GENERAL_SURGE_GEN_20180511,GEN,2018-05-11,849399,HIGH,,V19_V20_DEVELOPMENT,,DEVELOPMENT_OR_PRIOR_SEAL,1,2018-05-01,2018-05-16,0
GENERAL_SURGE_GEOS_20250623,GEOS,2025-06-23,1001115,HIGH,,V19_V20_DEVELOPMENT,,DEVELOPMENT_OR_PRIOR_SEAL,1,2025-06-13,2025-06-28,1
GENERAL_SURGE_GEO_20210609,GEO,2021-06-09,923796,HIGH,,V19_V20_DEVELOPMENT,,DEVELOPMENT_OR_PRIOR_SEAL,1,2021-05-30,2021-06-14,1
GENERAL_SURGE_GETY_20230424,GETY,2023-04-24,1898496,HIGH,,V19_V20_DEVELOPMENT,,DEVELOPMENT_OR_PRIOR_SEAL,1,2023-04-14,2023-04-29,1
GENERAL_SURGE_GEV_20250127,GEV,2025-01-27,1996810,HIGH,,V19_V20_DEVELOPMENT,,DEVELOPMENT_OR_PRIOR_SEAL,1,2025-01-17,2025-02-01,1
GENERAL_SURGE_GE_20190815,GE,2019-08-15,40545,HIGH,,V19_V20_DEVELOPMENT,,DEVELOPMENT_OR_PRIOR_SEAL,1,2019-08-05,2019-08-20,0
GENERAL_SURGE_GFI_20220531,GFI,2022-05-31,1172724,HIGH,,V19_V20_DEVELOPMENT,,DEVELOPMENT_OR_PRIOR_SEAL,1,2022-05-21,2022-06-05,1
GENERAL_SURGE_GGRP_20241218,GGRP,2024-12-18,1854445,HIGH,,V19_V20_DEVELOPMENT,,DEVELOPMENT_OR_PRIOR_SEAL,1,2024-12-08,2024-12-23,1
GENERAL_SURGE_GHM_20220208,GHM,2022-02-08,716314,HIGH,,V19_V20_DEVELOPMENT,,DEVELOPMENT_OR_PRIOR_SEAL,1,2022-01-29,2022-02-13,1
GENERAL_SURGE_GH_20221216,GH,2022-12-16,1576280,HIGH,,V19_V20_DEVELOPMENT,,DEVELOPMENT_OR_PRIOR_SEAL,1,2022-12-06,2022-12-21,1
GENERAL_SURGE_GILD_20221028,GILD,2022-10-28,882095,HIGH,,V19_V20_DEVELOPMENT,,DEVELOPMENT_OR_PRIOR_SEAL,1,2022-10-18,2022-11-02,1
GENERAL_SURGE_GIPR_20251003,GIPR,2025-10-03,1651721,HIGH,,V19_V20_DEVELOPMENT,,DEVELOPMENT_OR_PRIOR_SEAL,1,2025-09-23,2025-10-08,0
GENERAL_SURGE_GITS_20250530,GITS,2025-05-30,1911545,HIGH,,V19_V20_DEVELOPMENT,,DEVELOPMENT_OR_PRIOR_SEAL,1,2025-05-20,2025-06-04,1
GENERAL_SURGE_GLBS_20190311,GLBS,2019-03-11,1499780,HIGH,,V19_V20_DEVELOPMENT,,DEVELOPMENT_OR_PRIOR_SEAL,1,2019-03-01,2019-03-16,0
GENERAL_SURGE_GLE_20250910,GLE,2025-09-10,1908705,HIGH,,V19_V20_DEVELOPMENT,,DEVELOPMENT_OR_PRIOR_SEAL,1,2025-08-31,2025-09-15,0
GENERAL_SURGE_GLPI_20200316,GLPI,2020-03-16,1575965,HIGH,,V19_V20_DEVELOPMENT,,DEVELOPMENT_OR_PRIOR_SEAL,1,2020-03-06,2020-03-21,0
GENERAL_SURGE_GLSI_20220712,GLSI,2022-07-12,1799788,HIGH,,V19_V20_DEVELOPMENT,,DEVELOPMENT_OR_PRIOR_SEAL,1,2022-07-02,2022-07-17,1
GENERAL_SURGE_GMEX_20251201,GMEX,2025-12-01,1928581,HIGH,,V19_V20_DEVELOPMENT,,DEVELOPMENT_OR_PRIOR_SEAL,1,2025-11-21,2025-12-06,0
GENERAL_SURGE_GME_20210127,GME,2021-01-27,1326380,HIGH,,V19_V20_DEVELOPMENT,,DEVELOPMENT_OR_PRIOR_SEAL,1,2021-01-17,2021-02-01,1
GENERAL_SURGE_GMHS_20250829,GMHS,2025-08-29,2000530,HIGH,,V19_V20_DEVELOPMENT,,DEVELOPMENT_OR_PRIOR_SEAL,1,2025-08-19,2025-09-03,0
GENERAL_SURGE_GM_20180531,GM,2018-05-31,1467858,HIGH,,V19_V20_DEVELOPMENT,,DEVELOPMENT_OR_PRIOR_SEAL,1,2018-05-21,2018-06-05,0
GENERAL_SURGE_GNLN_20240812,GNLN,2024-08-12,1743745,HIGH,,V19_V20_DEVELOPMENT,,DEVELOPMENT_OR_PRIOR_SEAL,1,2024-08-02,2024-08-17,1
GENERAL_SURGE_GNPX_20241021,GNPX,2024-10-21,1595248,HIGH,,V19_V20_DEVELOPMENT,,DEVELOPMENT_OR_PRIOR_SEAL,1,2024-10-11,2024-10-26,1
GENERAL_SURGE_GNTA_20240718,GNTA,2024-07-18,1838716,HIGH,,V19_V20_DEVELOPMENT,,DEVELOPMENT_OR_PRIOR_SEAL,1,2024-07-08,2024-07-23,1
GENERAL_SURGE_GPN_20250417,GPN,2025-04-17,1123360,HIGH,,V19_V20_DEVELOPMENT,,DEVELOPMENT_OR_PRIOR_SEAL,1,2025-04-07,2025-04-22,1
GENERAL_SURGE_GRDX_20231227,GRDX,2023-12-27,1604191,HIGH,,V19_V20_DEVELOPMENT,,DEVELOPMENT_OR_PRIOR_SEAL,1,2023-12-17,2024-01-01,1
GENERAL_SURGE_GREEL_20221122,GREEL,2022-11-22,1844971,HIGH,,V19_V20_DEVELOPMENT,,DEVELOPMENT_OR_PRIOR_SEAL,1,2022-11-12,2022-11-27,1
GENERAL_SURGE_GRI_20241021,GRI,2024-10-21,1824293,HIGH,,V19_V20_DEVELOPMENT,,DEVELOPMENT_OR_PRIOR_SEAL,1,2024-10-11,2024-10-26,1
GENERAL_SURGE_GRNQ_20200527,GRNQ,2020-05-27,1597846,HIGH,,V19_V20_DEVELOPMENT,,DEVELOPMENT_OR_PRIOR_SEAL,1,2020-05-17,2020-06-01,1
GENERAL_SURGE_GRNT_20230911,GRNT,2023-09-11,1928446,HIGH,,V19_V20_DEVELOPMENT,,DEVELOPMENT_OR_PRIOR_SEAL,1,2023-09-01,2023-09-16,1
GENERAL_SURGE_GROV_20220617,GROV,2022-06-17,1841761,HIGH,,V19_V20_DEVELOPMENT,,DEVELOPMENT_OR_PRIOR_SEAL,1,2022-06-07,2022-06-22,1
GENERAL_SURGE_GRRR_20230707,GRRR,2023-07-07,1903145,HIGH,,V19_V20_DEVELOPMENT,,DEVELOPMENT_OR_PRIOR_SEAL,1,2023-06-27,2023-07-12,1
GENERAL_SURGE_GRWG_20200813,GRWG,2020-08-13,1604868,HIGH,,V19_V20_DEVELOPMENT,,DEVELOPMENT_OR_PRIOR_SEAL,1,2020-08-03,2020-08-18,1
GENERAL_SURGE_GSAT_20250211,GSAT,2025-02-11,1366868,HIGH,,V19_V20_DEVELOPMENT,,DEVELOPMENT_OR_PRIOR_SEAL,1,2025-02-01,2025-02-16,1
GENERAL_SURGE_GSIT_20230512,GSIT,2023-05-12,1126741,HIGH,,V19_V20_DEVELOPMENT,,DEVELOPMENT_OR_PRIOR_SEAL,1,2023-05-02,2023-05-17,1
GENERAL_SURGE_GSK_20200316,GSK,2020-03-16,1131399,HIGH,,V19_V20_DEVELOPMENT,,DEVELOPMENT_OR_PRIOR_SEAL,1,2020-03-06,2020-03-21,0
GENERAL_SURGE_GSM_20181127,GSM,2018-11-27,1639877,HIGH,,V19_V20_DEVELOPMENT,,DEVELOPMENT_OR_PRIOR_SEAL,1,2018-11-17,2018-12-02,0
GENERAL_SURGE_GSUN_20240507,GSUN,2024-05-07,1826376,HIGH,,V19_V20_DEVELOPMENT,,DEVELOPMENT_OR_PRIOR_SEAL,1,2024-04-27,2024-05-12,1
GENERAL_SURGE_GTBP_20240520,GTBP,2024-05-20,109657,HIGH,,V19_V20_DEVELOPMENT,,DEVELOPMENT_OR_PRIOR_SEAL,1,2024-05-10,2024-05-25,1
GENERAL_SURGE_GTY_20200318,GTY,2020-03-18,1052752,HIGH,,V19_V20_DEVELOPMENT,,DEVELOPMENT_OR_PRIOR_SEAL,1,2020-03-08,2020-03-23,0
GENERAL_SURGE_GT_20220211,GT,2022-02-11,42582,HIGH,,V19_V20_DEVELOPMENT,,DEVELOPMENT_OR_PRIOR_SEAL,1,2022-02-01,2022-02-16,1
GENERAL_SURGE_GURE_20251205,GURE,2025-12-05,885462,HIGH,,V19_V20_DEVELOPMENT,,DEVELOPMENT_OR_PRIOR_SEAL,1,2025-11-25,2025-12-10,0
GENERAL_SURGE_GUTS_20250926,GUTS,2025-09-26,1572616,HIGH,,V19_V20_DEVELOPMENT,,DEVELOPMENT_OR_PRIOR_SEAL,1,2025-09-16,2025-10-01,0
GENERAL_SURGE_GVHGF_20250305,GVHGF,2025-03-05,1892274,HIGH,,V19_V20_DEVELOPMENT,,DEVELOPMENT_OR_PRIOR_SEAL,1,2025-02-23,2025-03-10,1
GENERAL_SURGE_GWAV_20240516,GWAV,2024-05-16,1589149,HIGH,,V19_V20_DEVELOPMENT,,DEVELOPMENT_OR_PRIOR_SEAL,1,2024-05-06,2024-05-21,1
GENERAL_SURGE_GWW_20180124,GWW,2018-01-24,277135,HIGH,,V19_V20_DEVELOPMENT,,DEVELOPMENT_OR_PRIOR_SEAL,1,2018-01-14,2018-01-29,0
GENERAL_SURGE_GYRE_20220523,GYRE,2022-05-23,1124105,HIGH,,V19_V20_DEVELOPMENT,,DEVELOPMENT_OR_PRIOR_SEAL,1,2022-05-13,2022-05-28,1
GENERAL_SURGE_HAIN_20250915,HAIN,2025-09-15,910406,HIGH,,V19_V20_DEVELOPMENT,,DEVELOPMENT_OR_PRIOR_SEAL,1,2025-09-05,2025-09-20,0
GENERAL_SURGE_HAL_20200309,HAL,2020-03-09,45012,HIGH,,V19_V20_DEVELOPMENT,,DEVELOPMENT_OR_PRIOR_SEAL,1,2020-02-28,2020-03-14,0
GENERAL_SURGE_HAS_20191022,HAS,2019-10-22,46080,HIGH,,V19_V20_DEVELOPMENT,,DEVELOPMENT_OR_PRIOR_SEAL,1,2019-10-12,2019-10-27,0
GENERAL_SURGE_HAYW_20220728,HAYW,2022-07-28,1834622,HIGH,,V19_V20_DEVELOPMENT,,DEVELOPMENT_OR_PRIOR_SEAL,1,2022-07-18,2022-08-02,1
GENERAL_SURGE_HBAN_20230313,HBAN,2023-03-13,49196,HIGH,,V19_V20_DEVELOPMENT,,DEVELOPMENT_OR_PRIOR_SEAL,1,2023-03-03,2023-03-18,1
GENERAL_SURGE_HBT_20241106,HBT,2024-11-06,775215,HIGH,,V19_V20_DEVELOPMENT,,DEVELOPMENT_OR_PRIOR_SEAL,1,2024-10-27,2024-11-11,1
GENERAL_SURGE_HCAI_20250909,HCAI,2025-09-09,1958399,HIGH,,V19_V20_DEVELOPMENT,,DEVELOPMENT_OR_PRIOR_SEAL,1,2025-08-30,2025-09-14,0
GENERAL_SURGE_HCAT_20220805,HCAT,2022-08-05,1636422,HIGH,,V19_V20_DEVELOPMENT,,DEVELOPMENT_OR_PRIOR_SEAL,1,2022-07-26,2022-08-10,1
GENERAL_SURGE_HCTI_20250612,HCTI,2025-06-12,1839285,HIGH,,V19_V20_DEVELOPMENT,,DEVELOPMENT_OR_PRIOR_SEAL,1,2025-06-02,2025-06-17,1
GENERAL_SURGE_HHH_20190627,HHH,2019-06-27,1981792,LOW,,V19_V20_DEVELOPMENT,,DEVELOPMENT_OR_PRIOR_SEAL,1,2019-06-17,2019-07-02,0
GENERAL_SURGE_HIG_20210318,HIG,2021-03-18,874766,HIGH,,V19_V20_DEVELOPMENT,,DEVELOPMENT_OR_PRIOR_SEAL,1,2021-03-08,2021-03-23,1
GENERAL_SURGE_HIHO_20200803,HIHO,2020-08-03,1026785,HIGH,,V19_V20_DEVELOPMENT,,DEVELOPMENT_OR_PRIOR_SEAL,1,2020-07-24,2020-08-08,1
GENERAL_SURGE_HII_20250206,HII,2025-02-06,1501585,HIGH,,V19_V20_DEVELOPMENT,,DEVELOPMENT_OR_PRIOR_SEAL,1,2025-01-27,2025-02-11,1
GENERAL_SURGE_HIMS_20240227,HIMS,2024-02-27,1773751,HIGH,,V19_V20_DEVELOPMENT,,DEVELOPMENT_OR_PRIOR_SEAL,1,2024-02-17,2024-03-03,1
GENERAL_SURGE_HKIT_20240208,HKIT,2024-02-08,1742341,HIGH,,V19_V20_DEVELOPMENT,,DEVELOPMENT_OR_PRIOR_SEAL,1,2024-01-29,2024-02-13,1
GENERAL_SURGE_HLIT_20190710,HLIT,2019-07-10,851310,HIGH,,V19_V20_DEVELOPMENT,,DEVELOPMENT_OR_PRIOR_SEAL,1,2019-06-30,2019-07-15,0
GENERAL_SURGE_HL_20210201,HL,2021-02-01,719413,HIGH,,V19_V20_DEVELOPMENT,,DEVELOPMENT_OR_PRIOR_SEAL,1,2021-01-22,2021-02-06,1
GENERAL_SURGE_HNST_20230316,HNST,2023-03-16,1530979,HIGH,,V19_V20_DEVELOPMENT,,DEVELOPMENT_OR_PRIOR_SEAL,1,2023-03-06,2023-03-21,1
GENERAL_SURGE_HOG_20201027,HOG,2020-10-27,793952,HIGH,,V19_V20_DEVELOPMENT,,DEVELOPMENT_OR_PRIOR_SEAL,1,2020-10-17,2020-11-01,1
GENERAL_SURGE_HON_20200312,HON,2020-03-12,773840,HIGH,,V19_V20_DEVELOPMENT,,DEVELOPMENT_OR_PRIOR_SEAL,1,2020-03-02,2020-03-17,0
GENERAL_SURGE_HOOD_20220329,HOOD,2022-03-29,1783879,HIGH,,V19_V20_DEVELOPMENT,,DEVELOPMENT_OR_PRIOR_SEAL,1,2022-03-19,2022-04-03,1
GENERAL_SURGE_HPAI_20250723,HPAI,2025-07-23,2001699,HIGH,,V19_V20_DEVELOPMENT,,DEVELOPMENT_OR_PRIOR_SEAL,1,2025-07-13,2025-07-28,0
GENERAL_SURGE_HPE_20240605,HPE,2024-06-05,1645590,HIGH,,V19_V20_DEVELOPMENT,,DEVELOPMENT_OR_PRIOR_SEAL,1,2024-05-26,2024-06-10,1
GENERAL_SURGE_HPP_20241220,HPP,2024-12-20,1482512,HIGH,,V19_V20_DEVELOPMENT,,DEVELOPMENT_OR_PRIOR_SEAL,1,2024-12-10,2024-12-25,1
GENERAL_SURGE_HPQ_20220407,HPQ,2022-04-07,47217,HIGH,,V19_V20_DEVELOPMENT,,DEVELOPMENT_OR_PRIOR_SEAL,1,2022-03-28,2022-04-12,1
GENERAL_SURGE_HRB_20180613,HRB,2018-06-13,12659,HIGH,,V19_V20_DEVELOPMENT,,DEVELOPMENT_OR_PRIOR_SEAL,1,2018-06-03,2018-06-18,0
GENERAL_SURGE_HST_20201109,HST,2020-11-09,1070750,HIGH,,V19_V20_DEVELOPMENT,,DEVELOPMENT_OR_PRIOR_SEAL,1,2020-10-30,2020-11-14,1
GENERAL_SURGE_HTCO_20250514,HTCO,2025-05-14,1928948,HIGH,,V19_V20_DEVELOPMENT,,DEVELOPMENT_OR_PRIOR_SEAL,1,2025-05-04,2025-05-19,1
GENERAL_SURGE_HTCR_20230523,HTCR,2023-05-23,1892322,HIGH,,V19_V20_DEVELOPMENT,,DEVELOPMENT_OR_PRIOR_SEAL,1,2023-05-13,2023-05-28,1
GENERAL_SURGE_HTGC_20200316,HTGC,2020-03-16,1280784,HIGH,,V19_V20_DEVELOPMENT,,DEVELOPMENT_OR_PRIOR_SEAL,1,2020-03-06,2020-03-21,0
GENERAL_SURGE_HUBC_20231009,HUBC,2023-10-09,1905660,HIGH,,V19_V20_DEVELOPMENT,,DEVELOPMENT_OR_PRIOR_SEAL,1,2023-09-29,2023-10-14,1
GENERAL_SURGE_HUBS_20240710,HUBS,2024-07-10,1404655,HIGH,,V19_V20_DEVELOPMENT,,DEVELOPMENT_OR_PRIOR_SEAL,1,2024-06-30,2024-07-15,1
GENERAL_SURGE_HUDI_20230428,HUDI,2023-04-28,1791725,HIGH,,V19_V20_DEVELOPMENT,,DEVELOPMENT_OR_PRIOR_SEAL,1,2023-04-18,2023-05-03,1
GENERAL_SURGE_HUMA_20241220,HUMA,2024-12-20,1818382,HIGH,,V19_V20_DEVELOPMENT,,DEVELOPMENT_OR_PRIOR_SEAL,1,2024-12-10,2024-12-25,1
GENERAL_SURGE_HUM_20220106,HUM,2022-01-06,49071,HIGH,,V19_V20_DEVELOPMENT,,DEVELOPMENT_OR_PRIOR_SEAL,1,2021-12-27,2022-01-11,1
GENERAL_SURGE_HUN_20190808,HUN,2019-08-08,1307954,HIGH,,V19_V20_DEVELOPMENT,,DEVELOPMENT_OR_PRIOR_SEAL,1,2019-07-29,2019-08-13,0
GENERAL_SURGE_HWBK_20200317,HWBK,2020-03-17,893847,HIGH,,V19_V20_DEVELOPMENT,,DEVELOPMENT_OR_PRIOR_SEAL,1,2020-03-07,2020-03-22,0
GENERAL_SURGE_HWH_20250902,HWH,2025-09-02,1897245,HIGH,,V19_V20_DEVELOPMENT,,DEVELOPMENT_OR_PRIOR_SEAL,1,2025-08-23,2025-09-07,0
GENERAL_SURGE_HWKN_20240801,HWKN,2024-08-01,46250,HIGH,,V19_V20_DEVELOPMENT,,DEVELOPMENT_OR_PRIOR_SEAL,1,2024-07-22,2024-08-06,1
GENERAL_SURGE_HWM_20180430,HWM,2018-04-30,4281,HIGH,,V19_V20_DEVELOPMENT,,DEVELOPMENT_OR_PRIOR_SEAL,1,2018-04-20,2018-05-05,0
GENERAL_SURGE_HXHX_20251119,HXHX,2025-11-19,1936817,HIGH,,V19_V20_DEVELOPMENT,,DEVELOPMENT_OR_PRIOR_SEAL,1,2025-11-09,2025-11-24,0
GENERAL_SURGE_HYFT_20210722,HYFT,2021-07-22,1715925,HIGH,,V19_V20_DEVELOPMENT,,DEVELOPMENT_OR_PRIOR_SEAL,1,2021-07-12,2021-07-27,1
GENERAL_SURGE_HYPD_20250606,HYPD,2025-06-06,1682639,HIGH,,V19_V20_DEVELOPMENT,,DEVELOPMENT_OR_PRIOR_SEAL,1,2025-05-27,2025-06-11,1
GENERAL_SURGE_IAG_20221220,IAG,2022-12-20,1203464,HIGH,,V19_V20_DEVELOPMENT,,DEVELOPMENT_OR_PRIOR_SEAL,1,2022-12-10,2022-12-25,1
GENERAL_SURGE_IBG_20250402,IBG,2025-04-02,1924482,HIGH,,V19_V20_DEVELOPMENT,,DEVELOPMENT_OR_PRIOR_SEAL,1,2025-03-23,2025-04-07,1
GENERAL_SURGE_IBKR_20250310,IBKR,2025-03-10,1381197,HIGH,,V19_V20_DEVELOPMENT,,DEVELOPMENT_OR_PRIOR_SEAL,1,2025-02-28,2025-03-15,1
GENERAL_SURGE_IBM_20211021,IBM,2021-10-21,51143,HIGH,,V19_V20_DEVELOPMENT,,DEVELOPMENT_OR_PRIOR_SEAL,1,2021-10-11,2021-10-26,1
GENERAL_SURGE_IBN_20190920,IBN,2019-09-20,1103838,HIGH,,V19_V20_DEVELOPMENT,,DEVELOPMENT_OR_PRIOR_SEAL,1,2019-09-10,2019-09-25,0
GENERAL_SURGE_IBTA_20250227,IBTA,2025-02-27,1538379,HIGH,,V19_V20_DEVELOPMENT,,DEVELOPMENT_OR_PRIOR_SEAL,1,2025-02-17,2025-03-04,1
GENERAL_SURGE_ICCM_20221220,ICCM,2022-12-20,1584371,HIGH,,V19_V20_DEVELOPMENT,,DEVELOPMENT_OR_PRIOR_SEAL,1,2022-12-10,2022-12-25,1
GENERAL_SURGE_ICU_20231018,ICU,2023-10-18,1831868,HIGH,,V19_V20_DEVELOPMENT,,DEVELOPMENT_OR_PRIOR_SEAL,1,2023-10-08,2023-10-23,1
GENERAL_SURGE_IDAI_20230412,IDAI,2023-04-12,1718939,HIGH,,V19_V20_DEVELOPMENT,,DEVELOPMENT_OR_PRIOR_SEAL,1,2023-04-02,2023-04-17,1
GENERAL_SURGE_IDN_20240322,IDN,2024-03-22,1040896,HIGH,,V19_V20_DEVELOPMENT,,DEVELOPMENT_OR_PRIOR_SEAL,1,2024-03-12,2024-03-27,1
GENERAL_SURGE_IDXX_20250804,IDXX,2025-08-04,874716,HIGH,,V19_V20_DEVELOPMENT,,DEVELOPMENT_OR_PRIOR_SEAL,1,2025-07-25,2025-08-09,0
GENERAL_SURGE_IEP_20230505,IEP,2023-05-05,813762,HIGH,,V19_V20_DEVELOPMENT,,DEVELOPMENT_OR_PRIOR_SEAL,1,2023-04-25,2023-05-10,1
GENERAL_SURGE_IFRX_20230404,IFRX,2023-04-04,1708688,HIGH,,V19_V20_DEVELOPMENT,,DEVELOPMENT_OR_PRIOR_SEAL,1,2023-03-25,2023-04-09,1
GENERAL_SURGE_IGC_20200812,IGC,2020-08-12,1326205,HIGH,,V19_V20_DEVELOPMENT,,DEVELOPMENT_OR_PRIOR_SEAL,1,2020-08-02,2020-08-17,1
GENERAL_SURGE_IHT_20201109,IHT,2020-11-09,82473,HIGH,,V19_V20_DEVELOPMENT,,DEVELOPMENT_OR_PRIOR_SEAL,1,2020-10-30,2020-11-14,1
GENERAL_SURGE_IIF_20200312,IIF,2020-03-12,916618,HIGH,,V19_V20_DEVELOPMENT,,DEVELOPMENT_OR_PRIOR_SEAL,1,2020-03-02,2020-03-17,0
GENERAL_SURGE_IKT_20231004,IKT,2023-10-04,1750149,HIGH,,V19_V20_DEVELOPMENT,,DEVELOPMENT_OR_PRIOR_SEAL,1,2023-09-24,2023-10-09,1
GENERAL_SURGE_ILAG_20240209,ILAG,2024-02-09,1814963,HIGH,,V19_V20_DEVELOPMENT,,DEVELOPMENT_OR_PRIOR_SEAL,1,2024-01-30,2024-02-14,1
GENERAL_SURGE_ILMN_20251031,ILMN,2025-10-31,1110803,HIGH,,V19_V20_DEVELOPMENT,,DEVELOPMENT_OR_PRIOR_SEAL,1,2025-10-21,2025-11-05,0
GENERAL_SURGE_IMAX_20200319,IMAX,2020-03-19,921582,HIGH,,V19_V20_DEVELOPMENT,,DEVELOPMENT_OR_PRIOR_SEAL,1,2020-03-09,2020-03-24,0
GENERAL_SURGE_IMTE_20250324,IMTE,2025-03-24,1668438,HIGH,,V19_V20_DEVELOPMENT,,DEVELOPMENT_OR_PRIOR_SEAL,1,2025-03-14,2025-03-29,1
GENERAL_SURGE_INBS_20230123,INBS,2023-01-23,1725430,HIGH,,V19_V20_DEVELOPMENT,,DEVELOPMENT_OR_PRIOR_SEAL,1,2023-01-13,2023-01-28,1
GENERAL_SURGE_INCR_20230403,INCR,2023-04-03,1857030,HIGH,,V19_V20_DEVELOPMENT,,DEVELOPMENT_OR_PRIOR_SEAL,1,2023-03-24,2023-04-08,1
GENERAL_SURGE_INEO_20250611,INEO,2025-06-11,1933951,HIGH,,V19_V20_DEVELOPMENT,,DEVELOPMENT_OR_PRIOR_SEAL,1,2025-06-01,2025-06-16,1
GENERAL_SURGE_INGR_20180713,INGR,2018-07-13,1046257,HIGH,,V19_V20_DEVELOPMENT,,DEVELOPMENT_OR_PRIOR_SEAL,1,2018-07-03,2018-07-18,0
GENERAL_SURGE_INMB_20200714,INMB,2020-07-14,1711754,HIGH,,V19_V20_DEVELOPMENT,,DEVELOPMENT_OR_PRIOR_SEAL,1,2020-07-04,2020-07-19,1
GENERAL_SURGE_INM_20240820,INM,2024-08-20,1728328,HIGH,,V19_V20_DEVELOPMENT,,DEVELOPMENT_OR_PRIOR_SEAL,1,2024-08-10,2024-08-25,1
GENERAL_SURGE_INNV_20211223,INNV,2021-12-23,1834376,HIGH,,V19_V20_DEVELOPMENT,,DEVELOPMENT_OR_PRIOR_SEAL,1,2021-12-13,2021-12-28,1
GENERAL_SURGE_INOD_20240508,INOD,2024-05-08,903651,HIGH,,V19_V20_DEVELOPMENT,,DEVELOPMENT_OR_PRIOR_SEAL,1,2024-04-28,2024-05-13,1
GENERAL_SURGE_INO_20200303,INO,2020-03-03,1055726,HIGH,,V19_V20_DEVELOPMENT,,DEVELOPMENT_OR_PRIOR_SEAL,1,2020-02-22,2020-03-08,0
GENERAL_SURGE_INSP_20250805,INSP,2025-08-05,1609550,HIGH,,V19_V20_DEVELOPMENT,,DEVELOPMENT_OR_PRIOR_SEAL,1,2025-07-26,2025-08-10,0
GENERAL_SURGE_INTC_20240802,INTC,2024-08-02,50863,HIGH,,V19_V20_DEVELOPMENT,,DEVELOPMENT_OR_PRIOR_SEAL,1,2024-07-23,2024-08-07,1
GENERAL_SURGE_INTJ_20250616,INTJ,2025-06-16,1916416,HIGH,,V19_V20_DEVELOPMENT,,DEVELOPMENT_OR_PRIOR_SEAL,1,2025-06-06,2025-06-21,1
GENERAL_SURGE_INTU_20200324,INTU,2020-03-24,896878,HIGH,,V19_V20_DEVELOPMENT,,DEVELOPMENT_OR_PRIOR_SEAL,1,2020-03-14,2020-03-29,0
GENERAL_SURGE_INVZ_20241223,INVZ,2024-12-23,1835654,HIGH,,V19_V20_DEVELOPMENT,,DEVELOPMENT_OR_PRIOR_SEAL,1,2024-12-13,2024-12-28,1
GENERAL_SURGE_IONQ-WS_20241107,IONQ-WS,2024-11-07,,UNRESOLVED,,V19_V20_DEVELOPMENT,,DEVELOPMENT_OR_PRIOR_SEAL,1,2024-10-28,2024-11-12,1
GENERAL_SURGE_IOTR_20251110,IOTR,2025-11-10,1997637,HIGH,,V19_V20_DEVELOPMENT,,DEVELOPMENT_OR_PRIOR_SEAL,1,2025-10-31,2025-11-15,0
GENERAL_SURGE_IOT_20230602,IOT,2023-06-02,1642896,HIGH,,V19_V20_DEVELOPMENT,,DEVELOPMENT_OR_PRIOR_SEAL,1,2023-05-23,2023-06-07,1
GENERAL_SURGE_IPDN_20250630,IPDN,2025-06-30,1546296,HIGH,,V19_V20_DEVELOPMENT,,DEVELOPMENT_OR_PRIOR_SEAL,1,2025-06-20,2025-07-05,1
GENERAL_SURGE_IPGP_20180731,IPGP,2018-07-31,1111928,HIGH,,V19_V20_DEVELOPMENT,,DEVELOPMENT_OR_PRIOR_SEAL,1,2018-07-21,2018-08-05,0
GENERAL_SURGE_IPHA_20241213,IPHA,2024-12-13,1598599,HIGH,,V19_V20_DEVELOPMENT,,DEVELOPMENT_OR_PRIOR_SEAL,1,2024-12-03,2024-12-18,1
GENERAL_SURGE_IPST_20250922,IPST,2025-09-22,1788230,HIGH,,V19_V20_DEVELOPMENT,,DEVELOPMENT_OR_PRIOR_SEAL,1,2025-09-12,2025-09-27,0
GENERAL_SURGE_IPWR_20190417,IPWR,2019-04-17,1507957,HIGH,,V19_V20_DEVELOPMENT,,DEVELOPMENT_OR_PRIOR_SEAL,1,2019-04-07,2019-04-22,0
GENERAL_SURGE_IP_20250731,IP,2025-07-31,51434,HIGH,,V19_V20_DEVELOPMENT,,DEVELOPMENT_OR_PRIOR_SEAL,1,2025-07-21,2025-08-05,0
GENERAL_SURGE_IQST_20251114,IQST,2025-11-14,1527702,HIGH,,V19_V20_DEVELOPMENT,,DEVELOPMENT_OR_PRIOR_SEAL,1,2025-11-04,2025-11-19,0
GENERAL_SURGE_IRTC_20211103,IRTC,2021-11-03,1388658,HIGH,,V19_V20_DEVELOPMENT,,DEVELOPMENT_OR_PRIOR_SEAL,1,2021-10-24,2021-11-08,1
GENERAL_SURGE_ISRG_20220422,ISRG,2022-04-22,1035267,HIGH,,V19_V20_DEVELOPMENT,,DEVELOPMENT_OR_PRIOR_SEAL,1,2022-04-12,2022-04-27,1
GENERAL_SURGE_IVDA_20251002,IVDA,2025-10-02,1397183,HIGH,,V19_V20_DEVELOPMENT,,DEVELOPMENT_OR_PRIOR_SEAL,1,2025-09-22,2025-10-07,0
GENERAL_SURGE_IVF_20231023,IVF,2023-10-23,1417926,HIGH,,V19_V20_DEVELOPMENT,,DEVELOPMENT_OR_PRIOR_SEAL,1,2023-10-13,2023-10-28,1
GENERAL_SURGE_IVVD_20250203,IVVD,2025-02-03,1832038,HIGH,,V19_V20_DEVELOPMENT,,DEVELOPMENT_OR_PRIOR_SEAL,1,2025-01-24,2025-02-08,1
GENERAL_SURGE_JACK_20200319,JACK,2020-03-19,807882,HIGH,,V19_V20_DEVELOPMENT,,DEVELOPMENT_OR_PRIOR_SEAL,1,2020-03-09,2020-03-24,0
GENERAL_SURGE_JBDI_20250910,JBDI,2025-09-10,1964314,HIGH,,V19_V20_DEVELOPMENT,,DEVELOPMENT_OR_PRIOR_SEAL,1,2025-08-31,2025-09-15,0
GENERAL_SURGE_JCSE_20240530,JCSE,2024-05-30,1905511,HIGH,,V19_V20_DEVELOPMENT,,DEVELOPMENT_OR_PRIOR_SEAL,1,2024-05-20,2024-06-04,1
GENERAL_SURGE_JCTC_20220321,JCTC,2022-03-21,885307,HIGH,,V19_V20_DEVELOPMENT,,DEVELOPMENT_OR_PRIOR_SEAL,1,2022-03-11,2022-03-26,1
GENERAL_SURGE_JDZG_20251014,JDZG,2025-10-14,1976908,HIGH,,V19_V20_DEVELOPMENT,,DEVELOPMENT_OR_PRIOR_SEAL,1,2025-10-04,2025-10-19,0
GENERAL_SURGE_JFB_20250929,JFB,2025-09-29,2024306,HIGH,,V19_V20_DEVELOPMENT,,DEVELOPMENT_OR_PRIOR_SEAL,1,2025-09-19,2025-10-04,0
GENERAL_SURGE_JFU_20240927,JFU,2024-09-27,1619544,HIGH,,V19_V20_DEVELOPMENT,,DEVELOPMENT_OR_PRIOR_SEAL,1,2024-09-17,2024-10-02,1
GENERAL_SURGE_JG_20250127,JG,2025-01-27,1737339,HIGH,,V19_V20_DEVELOPMENT,,DEVELOPMENT_OR_PRIOR_SEAL,1,2025-01-17,2025-02-01,1
GENERAL_SURGE_JLHL_20251219,JLHL,2025-12-19,2007846,HIGH,,V19_V20_DEVELOPMENT,,DEVELOPMENT_OR_PRIOR_SEAL,1,2025-12-09,2025-12-24,0
GENERAL_SURGE_JXG_20240215,JXG,2024-02-15,1546383,HIGH,,V19_V20_DEVELOPMENT,,DEVELOPMENT_OR_PRIOR_SEAL,1,2024-02-05,2024-02-20,1
GENERAL_SURGE_JYD_20250423,JYD,2025-04-23,1938186,HIGH,,V19_V20_DEVELOPMENT,,DEVELOPMENT_OR_PRIOR_SEAL,1,2025-04-13,2025-04-28,1
GENERAL_SURGE_JYNT_20220506,JYNT,2022-05-06,1612630,HIGH,,V19_V20_DEVELOPMENT,,DEVELOPMENT_OR_PRIOR_SEAL,1,2022-04-26,2022-05-11,1
GENERAL_SURGE_JZXN_20241211,JZXN,2024-12-11,1816172,HIGH,,V19_V20_DEVELOPMENT,,DEVELOPMENT_OR_PRIOR_SEAL,1,2024-12-01,2024-12-16,1
GENERAL_SURGE_KG_20201116,KG,2020-11-16,2055116,LOW,,V19_V20_DEVELOPMENT,,DEVELOPMENT_OR_PRIOR_SEAL,1,2020-11-06,2020-11-21,1
GENERAL_SURGE_KHC_20190222,KHC,2019-02-22,1637459,HIGH,,V19_V20_DEVELOPMENT,,DEVELOPMENT_OR_PRIOR_SEAL,1,2019-02-12,2019-02-27,0
GENERAL_SURGE_KLAC_20250409,KLAC,2025-04-09,319201,HIGH,,V19_V20_DEVELOPMENT,,DEVELOPMENT_OR_PRIOR_SEAL,1,2025-03-30,2025-04-14,1
GENERAL_SURGE_KLIC_20200313,KLIC,2020-03-13,56978,HIGH,,V19_V20_DEVELOPMENT,,DEVELOPMENT_OR_PRIOR_SEAL,1,2020-03-03,2020-03-18,0
GENERAL_SURGE_KLTR_20251111,KLTR,2025-11-11,1432133,HIGH,,V19_V20_DEVELOPMENT,,DEVELOPMENT_OR_PRIOR_SEAL,1,2025-11-01,2025-11-16,0
GENERAL_SURGE_KMB_20251103,KMB,2025-11-03,55785,HIGH,,V19_V20_DEVELOPMENT,,DEVELOPMENT_OR_PRIOR_SEAL,1,2025-10-24,2025-11-08,0
GENERAL_SURGE_KPLT_20201218,KPLT,2020-12-18,1785424,HIGH,,V19_V20_DEVELOPMENT,,DEVELOPMENT_OR_PRIOR_SEAL,1,2020-12-08,2020-12-23,1
GENERAL_SURGE_KPTI_20200302,KPTI,2020-03-02,1503802,HIGH,,V19_V20_DEVELOPMENT,,DEVELOPMENT_OR_PRIOR_SEAL,1,2020-02-21,2020-03-07,0
GENERAL_SURGE_KRKR_20250129,KRKR,2025-01-29,1779476,HIGH,,V19_V20_DEVELOPMENT,,DEVELOPMENT_OR_PRIOR_SEAL,1,2025-01-19,2025-02-03,1
GENERAL_SURGE_KRRO_20230714,KRRO,2023-07-14,1703647,HIGH,,V19_V20_DEVELOPMENT,,DEVELOPMENT_OR_PRIOR_SEAL,1,2023-07-04,2023-07-19,1
GENERAL_SURGE_KTTA_20251126,KTTA,2025-11-26,1841330,HIGH,,V19_V20_DEVELOPMENT,,DEVELOPMENT_OR_PRIOR_SEAL,1,2025-11-16,2025-12-01,0
GENERAL_SURGE_LAB_20200501,LAB,2020-05-01,1162194,HIGH,,V19_V20_DEVELOPMENT,,DEVELOPMENT_OR_PRIOR_SEAL,1,2020-04-21,2020-05-06,0
GENERAL_SURGE_LAMR_20200324,LAMR,2020-03-24,1090425,HIGH,,V19_V20_DEVELOPMENT,,DEVELOPMENT_OR_PRIOR_SEAL,1,2020-03-14,2020-03-29,0
GENERAL_SURGE_LBGJ_20250925,LBGJ,2025-09-25,1896425,HIGH,,V19_V20_DEVELOPMENT,,DEVELOPMENT_OR_PRIOR_SEAL,1,2025-09-15,2025-09-30,0
GENERAL_SURGE_LBRDK_20240924,LBRDK,2024-09-24,1611983,HIGH,,V19_V20_DEVELOPMENT,,DEVELOPMENT_OR_PRIOR_SEAL,1,2024-09-14,2024-09-29,1
GENERAL_SURGE_LCUT_20230623,LCUT,2023-06-23,874396,HIGH,,V19_V20_DEVELOPMENT,,DEVELOPMENT_OR_PRIOR_SEAL,1,2023-06-13,2023-06-28,1
GENERAL_SURGE_LEGN_20230419,LEGN,2023-04-19,1801198,HIGH,,V19_V20_DEVELOPMENT,,DEVELOPMENT_OR_PRIOR_SEAL,1,2023-04-09,2023-04-24,1
GENERAL_SURGE_LFCR_20230320,LFCR,2023-03-20,1005286,HIGH,,V19_V20_DEVELOPMENT,,DEVELOPMENT_OR_PRIOR_SEAL,1,2023-03-10,2023-03-25,1
GENERAL_SURGE_LFMD_20250429,LFMD,2025-04-29,948320,HIGH,,V19_V20_DEVELOPMENT,,DEVELOPMENT_OR_PRIOR_SEAL,1,2025-04-19,2025-05-04,1
GENERAL_SURGE_LGCL_20250910,LGCL,2025-09-10,1954694,HIGH,,V19_V20_DEVELOPMENT,,DEVELOPMENT_OR_PRIOR_SEAL,1,2025-08-31,2025-09-15,0
GENERAL_SURGE_LGO_20251015,LGO,2025-10-15,1400438,HIGH,,V19_V20_DEVELOPMENT,,DEVELOPMENT_OR_PRIOR_SEAL,1,2025-10-05,2025-10-20,0
GENERAL_SURGE_LGVN_20240612,LGVN,2024-06-12,1721484,HIGH,,V19_V20_DEVELOPMENT,,DEVELOPMENT_OR_PRIOR_SEAL,1,2024-06-02,2024-06-17,1
GENERAL_SURGE_LHSW_20251128,LHSW,2025-11-28,2004024,HIGH,,V19_V20_DEVELOPMENT,,DEVELOPMENT_OR_PRIOR_SEAL,1,2025-11-18,2025-12-03,0
GENERAL_SURGE_LICN_20241206,LICN,2024-12-06,1876766,HIGH,,V19_V20_DEVELOPMENT,,DEVELOPMENT_OR_PRIOR_SEAL,1,2024-11-26,2024-12-11,1
GENERAL_SURGE_LILAK_20250508,LILAK,2025-05-08,1712184,HIGH,,V19_V20_DEVELOPMENT,,DEVELOPMENT_OR_PRIOR_SEAL,1,2025-04-28,2025-05-13,1
GENERAL_SURGE_LILA_20200317,LILA,2020-03-17,1712184,HIGH,,V19_V20_DEVELOPMENT,,DEVELOPMENT_OR_PRIOR_SEAL,1,2020-03-07,2020-03-22,0
GENERAL_SURGE_LIN_20200313,LIN,2020-03-13,1707925,HIGH,,V19_V20_DEVELOPMENT,,DEVELOPMENT_OR_PRIOR_SEAL,1,2020-03-03,2020-03-18,0
GENERAL_SURGE_LITS_20250718,LITS,2025-07-18,1262104,HIGH,,V19_V20_DEVELOPMENT,,DEVELOPMENT_OR_PRIOR_SEAL,1,2025-07-08,2025-07-23,0
GENERAL_SURGE_LIVE_20210113,LIVE,2021-01-13,1045742,HIGH,,V19_V20_DEVELOPMENT,,DEVELOPMENT_OR_PRIOR_SEAL,1,2021-01-03,2021-01-18,1
GENERAL_SURGE_LNKS_20251223,LNKS,2025-12-23,1972074,HIGH,,V19_V20_DEVELOPMENT,,DEVELOPMENT_OR_PRIOR_SEAL,1,2025-12-13,2025-12-28,0
GENERAL_SURGE_LOBO_20250513,LOBO,2025-05-13,1932072,HIGH,,V19_V20_DEVELOPMENT,,DEVELOPMENT_OR_PRIOR_SEAL,1,2025-05-03,2025-05-18,1
GENERAL_SURGE_LOOP_20241213,LOOP,2024-12-13,1504678,HIGH,,V19_V20_DEVELOPMENT,,DEVELOPMENT_OR_PRIOR_SEAL,1,2024-12-03,2024-12-18,1
GENERAL_SURGE_LPLA_20200318,LPLA,2020-03-18,1397911,HIGH,,V19_V20_DEVELOPMENT,,DEVELOPMENT_OR_PRIOR_SEAL,1,2020-03-08,2020-03-23,0
GENERAL_SURGE_LPSN_20230316,LPSN,2023-03-16,1102993,HIGH,,V19_V20_DEVELOPMENT,,DEVELOPMENT_OR_PRIOR_SEAL,1,2023-03-06,2023-03-21,1
GENERAL_SURGE_LRCX_20190124,LRCX,2019-01-24,707549,HIGH,,V19_V20_DEVELOPMENT,,DEVELOPMENT_OR_PRIOR_SEAL,1,2019-01-14,2019-01-29,0
GENERAL_SURGE_LSTA_20210120,LSTA,2021-01-20,320017,HIGH,,V19_V20_DEVELOPMENT,,DEVELOPMENT_OR_PRIOR_SEAL,1,2021-01-10,2021-01-25,1
GENERAL_SURGE_LTRN_20240308,LTRN,2024-03-08,1763950,HIGH,,V19_V20_DEVELOPMENT,,DEVELOPMENT_OR_PRIOR_SEAL,1,2024-02-27,2024-03-13,1
GENERAL_SURGE_LUCY_20240524,LUCY,2024-05-24,1808377,HIGH,,V19_V20_DEVELOPMENT,,DEVELOPMENT_OR_PRIOR_SEAL,1,2024-05-14,2024-05-29,1
GENERAL_SURGE_LULU_20250905,LULU,2025-09-05,1397187,HIGH,,V19_V20_DEVELOPMENT,,DEVELOPMENT_OR_PRIOR_SEAL,1,2025-08-26,2025-09-10,0
GENERAL_SURGE_LUNR_20230309,LUNR,2023-03-09,1844452,HIGH,,V19_V20_DEVELOPMENT,,DEVELOPMENT_OR_PRIOR_SEAL,1,2023-02-27,2023-03-14,1
GENERAL_SURGE_LWAY_20190620,LWAY,2019-06-20,814586,HIGH,,V19_V20_DEVELOPMENT,,DEVELOPMENT_OR_PRIOR_SEAL,1,2019-06-10,2019-06-25,0
GENERAL_SURGE_LXEH_20240321,LXEH,2024-03-21,1814067,HIGH,,V19_V20_DEVELOPMENT,,DEVELOPMENT_OR_PRIOR_SEAL,1,2024-03-11,2024-03-26,1
GENERAL_SURGE_LYEL_20250604,LYEL,2025-06-04,1806952,HIGH,,V19_V20_DEVELOPMENT,,DEVELOPMENT_OR_PRIOR_SEAL,1,2025-05-25,2025-06-09,1
GENERAL_SURGE_LYRA_20250602,LYRA,2025-06-02,1327273,HIGH,,V19_V20_DEVELOPMENT,,DEVELOPMENT_OR_PRIOR_SEAL,1,2025-05-23,2025-06-07,1
GENERAL_SURGE_LZ_20250808,LZ,2025-08-08,1286139,HIGH,,V19_V20_DEVELOPMENT,,DEVELOPMENT_OR_PRIOR_SEAL,1,2025-07-29,2025-08-13,0
GENERAL_SURGE_MAMO_20251223,MAMO,2025-12-23,1952853,HIGH,,V19_V20_DEVELOPMENT,,DEVELOPMENT_OR_PRIOR_SEAL,1,2025-12-13,2025-12-28,0
GENERAL_SURGE_MASI_20230718,MASI,2023-07-18,937556,HIGH,,V19_V20_DEVELOPMENT,,DEVELOPMENT_OR_PRIOR_SEAL,1,2023-07-08,2023-07-23,1
GENERAL_SURGE_MASK_20251016,MASK,2025-10-16,1993097,HIGH,,V19_V20_DEVELOPMENT,,DEVELOPMENT_OR_PRIOR_SEAL,1,2025-10-06,2025-10-21,0
GENERAL_SURGE_MBIO_20240617,MBIO,2024-06-17,1680048,HIGH,,V19_V20_DEVELOPMENT,,DEVELOPMENT_OR_PRIOR_SEAL,1,2024-06-07,2024-06-22,1
GENERAL_SURGE_MBRX_20250213,MBRX,2025-02-13,1659617,HIGH,,V19_V20_DEVELOPMENT,,DEVELOPMENT_OR_PRIOR_SEAL,1,2025-02-03,2025-02-18,1
GENERAL_SURGE_MCHPP_20251203,MCHPP,2025-12-03,827054,HIGH,,V19_V20_DEVELOPMENT,,DEVELOPMENT_OR_PRIOR_SEAL,1,2025-11-23,2025-12-08,0
GENERAL_SURGE_MCHP_20250409,MCHP,2025-04-09,827054,HIGH,,V19_V20_DEVELOPMENT,,DEVELOPMENT_OR_PRIOR_SEAL,1,2025-03-30,2025-04-14,1
GENERAL_SURGE_MDCX_20250530,MDCX,2025-05-30,1997296,HIGH,,V19_V20_DEVELOPMENT,,DEVELOPMENT_OR_PRIOR_SEAL,1,2025-05-20,2025-06-04,1
GENERAL_SURGE_MDIA_20240405,MDIA,2024-04-05,1784254,HIGH,,V19_V20_DEVELOPMENT,,DEVELOPMENT_OR_PRIOR_SEAL,1,2024-03-26,2024-04-10,1
GENERAL_SURGE_MDXH_20230203,MDXH,2023-02-03,1872529,HIGH,,V19_V20_DEVELOPMENT,,DEVELOPMENT_OR_PRIOR_SEAL,1,2023-01-24,2023-02-08,1
GENERAL_SURGE_MEDP_20250722,MEDP,2025-07-22,1668397,HIGH,,V19_V20_DEVELOPMENT,,DEVELOPMENT_OR_PRIOR_SEAL,1,2025-07-12,2025-07-27,0
GENERAL_SURGE_MELI_20241107,MELI,2024-11-07,1099590,HIGH,,V19_V20_DEVELOPMENT,,DEVELOPMENT_OR_PRIOR_SEAL,1,2024-10-28,2024-11-12,1
GENERAL_SURGE_META_20220203,META,2022-02-03,1326801,HIGH,,V19_V20_DEVELOPMENT,,DEVELOPMENT_OR_PRIOR_SEAL,1,2022-01-24,2022-02-08,1
GENERAL_SURGE_METCB_20250710,METCB,2025-07-10,1687187,HIGH,,V19_V20_DEVELOPMENT,,DEVELOPMENT_OR_PRIOR_SEAL,1,2025-06-30,2025-07-15,0
GENERAL_SURGE_MF_20250826,MF,2025-08-26,1888525,HIGH,,V19_V20_DEVELOPMENT,,DEVELOPMENT_OR_PRIOR_SEAL,1,2025-08-16,2025-08-31,0
GENERAL_SURGE_MGIH_20240212,MGIH,2024-02-12,1903995,HIGH,,V19_V20_DEVELOPMENT,,DEVELOPMENT_OR_PRIOR_SEAL,1,2024-02-02,2024-02-17,1
GENERAL_SURGE_MIMI_20251104,MIMI,2025-11-04,1998560,HIGH,,V19_V20_DEVELOPMENT,,DEVELOPMENT_OR_PRIOR_SEAL,1,2025-10-25,2025-11-09,0
GENERAL_SURGE_MIRM_20201215,MIRM,2020-12-15,1759425,HIGH,,V19_V20_DEVELOPMENT,,DEVELOPMENT_OR_PRIOR_SEAL,1,2020-12-05,2020-12-20,1
GENERAL_SURGE_MKTW_20230911,MKTW,2023-09-11,1805651,HIGH,,V19_V20_DEVELOPMENT,,DEVELOPMENT_OR_PRIOR_SEAL,1,2023-09-01,2023-09-16,1
GENERAL_SURGE_MKZR_20251212,MKZR,2025-12-12,1550913,HIGH,,V19_V20_DEVELOPMENT,,DEVELOPMENT_OR_PRIOR_SEAL,1,2025-12-02,2025-12-17,0
GENERAL_SURGE_MLCO_20220926,MLCO,2022-09-26,1381640,HIGH,,V19_V20_DEVELOPMENT,,DEVELOPMENT_OR_PRIOR_SEAL,1,2022-09-16,2022-10-01,1
GENERAL_SURGE_MLKN_20200917,MLKN,2020-09-17,66382,HIGH,,V19_V20_DEVELOPMENT,,DEVELOPMENT_OR_PRIOR_SEAL,1,2020-09-07,2020-09-22,1
GENERAL_SURGE_MNDR_20250220,MNDR,2025-02-20,1976695,HIGH,,V19_V20_DEVELOPMENT,,DEVELOPMENT_OR_PRIOR_SEAL,1,2025-02-10,2025-02-25,1
GENERAL_SURGE_MNDY_20250811,MNDY,2025-08-11,1845338,HIGH,,V19_V20_DEVELOPMENT,,DEVELOPMENT_OR_PRIOR_SEAL,1,2025-08-01,2025-08-16,0
GENERAL_SURGE_MOB_20230710,MOB,2023-07-10,1898643,HIGH,,V19_V20_DEVELOPMENT,,DEVELOPMENT_OR_PRIOR_SEAL,1,2023-06-30,2023-07-15,1
GENERAL_SURGE_MOVE_20251110,MOVE,2025-11-10,1734750,HIGH,,V19_V20_DEVELOPMENT,,DEVELOPMENT_OR_PRIOR_SEAL,1,2025-10-31,2025-11-15,0
GENERAL_SURGE_MPB_20200313,MPB,2020-03-13,879635,HIGH,,V19_V20_DEVELOPMENT,,DEVELOPMENT_OR_PRIOR_SEAL,1,2020-03-03,2020-03-18,0
GENERAL_SURGE_MPWR_20241031,MPWR,2024-10-31,1280452,HIGH,,V19_V20_DEVELOPMENT,,DEVELOPMENT_OR_PRIOR_SEAL,1,2024-10-21,2024-11-05,1
GENERAL_SURGE_MRKR_20220805,MRKR,2022-08-05,1094038,HIGH,,V19_V20_DEVELOPMENT,,DEVELOPMENT_OR_PRIOR_SEAL,1,2022-07-26,2022-08-10,1
GENERAL_SURGE_MRNO_20251209,MRNO,2025-12-09,1988776,HIGH,,V19_V20_DEVELOPMENT,,DEVELOPMENT_OR_PRIOR_SEAL,1,2025-11-29,2025-12-14,0
GENERAL_SURGE_MRTN_20220719,MRTN,2022-07-19,799167,HIGH,,V19_V20_DEVELOPMENT,,DEVELOPMENT_OR_PRIOR_SEAL,1,2022-07-09,2022-07-24,1
GENERAL_SURGE_MRVI_20240223,MRVI,2024-02-23,1823239,HIGH,,V19_V20_DEVELOPMENT,,DEVELOPMENT_OR_PRIOR_SEAL,1,2024-02-13,2024-02-28,1
GENERAL_SURGE_MSBI_20250124,MSBI,2025-01-24,1466026,HIGH,,V19_V20_DEVELOPMENT,,DEVELOPMENT_OR_PRIOR_SEAL,1,2025-01-14,2025-01-29,1
GENERAL_SURGE_MSGM_20250417,MSGM,2025-04-17,1821175,HIGH,,V19_V20_DEVELOPMENT,,DEVELOPMENT_OR_PRIOR_SEAL,1,2025-04-07,2025-04-22,1
GENERAL_SURGE_MSS_20240924,MSS,2024-09-24,1892292,HIGH,,V19_V20_DEVELOPMENT,,DEVELOPMENT_OR_PRIOR_SEAL,1,2024-09-14,2024-09-29,1
GENERAL_SURGE_MTCH_20190807,MTCH,2019-08-07,891103,HIGH,,V19_V20_DEVELOPMENT,,DEVELOPMENT_OR_PRIOR_SEAL,1,2019-07-28,2019-08-12,0
GENERAL_SURGE_MTC_20251105,MTC,2025-11-05,1742518,HIGH,,V19_V20_DEVELOPMENT,,DEVELOPMENT_OR_PRIOR_SEAL,1,2025-10-26,2025-11-10,0
GENERAL_SURGE_MTEX_20210707,MTEX,2021-07-07,1056358,HIGH,,V19_V20_DEVELOPMENT,,DEVELOPMENT_OR_PRIOR_SEAL,1,2021-06-27,2021-07-12,1
GENERAL_SURGE_MTVA_20250915,MTVA,2025-09-15,1638287,HIGH,,V19_V20_DEVELOPMENT,,DEVELOPMENT_OR_PRIOR_SEAL,1,2025-09-05,2025-09-20,0
GENERAL_SURGE_MU_20241219,MU,2024-12-19,723125,HIGH,,V19_V20_DEVELOPMENT,,DEVELOPMENT_OR_PRIOR_SEAL,1,2024-12-09,2024-12-24,1
GENERAL_SURGE_MVST_20201209,MVST,2020-12-09,1760689,HIGH,,V19_V20_DEVELOPMENT,,DEVELOPMENT_OR_PRIOR_SEAL,1,2020-11-29,2020-12-14,1
GENERAL_SURGE_MWYN_20250910,MWYN,2025-09-10,2030522,HIGH,,V19_V20_DEVELOPMENT,,DEVELOPMENT_OR_PRIOR_SEAL,1,2025-08-31,2025-09-15,0
GENERAL_SURGE_MXC_20200722,MXC,2020-07-22,66418,HIGH,,V19_V20_DEVELOPMENT,,DEVELOPMENT_OR_PRIOR_SEAL,1,2020-07-12,2020-07-27,1
GENERAL_SURGE_MXL_20240725,MXL,2024-07-25,1288469,HIGH,,V19_V20_DEVELOPMENT,,DEVELOPMENT_OR_PRIOR_SEAL,1,2024-07-15,2024-07-30,1
GENERAL_SURGE_MYO_20200204,MYO,2020-02-04,1369290,HIGH,,V19_V20_DEVELOPMENT,,DEVELOPMENT_OR_PRIOR_SEAL,1,2020-01-25,2020-02-09,0
GENERAL_SURGE_MYRG_20240801,MYRG,2024-08-01,700923,HIGH,,V19_V20_DEVELOPMENT,,DEVELOPMENT_OR_PRIOR_SEAL,1,2024-07-22,2024-08-06,1
GENERAL_SURGE_MYSZ_20241220,MYSZ,2024-12-20,1211805,HIGH,,V19_V20_DEVELOPMENT,,DEVELOPMENT_OR_PRIOR_SEAL,1,2024-12-10,2024-12-25,1
GENERAL_SURGE_NAAS_20211025,NAAS,2021-10-25,1712178,HIGH,,V19_V20_DEVELOPMENT,,DEVELOPMENT_OR_PRIOR_SEAL,1,2021-10-15,2021-10-30,1
GENERAL_SURGE_NAKA_20250512,NAKA,2025-05-12,1946573,HIGH,,V19_V20_DEVELOPMENT,,DEVELOPMENT_OR_PRIOR_SEAL,1,2025-05-02,2025-05-17,1
GENERAL_SURGE_NAMI_20251215,NAMI,2025-12-15,1967631,HIGH,,V19_V20_DEVELOPMENT,,DEVELOPMENT_OR_PRIOR_SEAL,1,2025-12-05,2025-12-20,0
GENERAL_SURGE_NBIS_20250909,NBIS,2025-09-09,1513845,HIGH,,V19_V20_DEVELOPMENT,,DEVELOPMENT_OR_PRIOR_SEAL,1,2025-08-30,2025-09-14,0
GENERAL_SURGE_NBTX_20220801,NBTX,2022-08-01,1760854,HIGH,,V19_V20_DEVELOPMENT,,DEVELOPMENT_OR_PRIOR_SEAL,1,2022-07-22,2022-08-06,1
GENERAL_SURGE_NCPL_20230424,NCPL,2023-04-24,1414767,HIGH,,V19_V20_DEVELOPMENT,,DEVELOPMENT_OR_PRIOR_SEAL,1,2023-04-14,2023-04-29,1
GENERAL_SURGE_NCRA_20241025,NCRA,2024-10-25,1756180,HIGH,,V19_V20_DEVELOPMENT,,DEVELOPMENT_OR_PRIOR_SEAL,1,2024-10-15,2024-10-30,1
GENERAL_SURGE_NCTY_20210104,NCTY,2021-01-04,1296774,HIGH,,V19_V20_DEVELOPMENT,,DEVELOPMENT_OR_PRIOR_SEAL,1,2020-12-25,2021-01-09,1
GENERAL_SURGE_NCT_20251201,NCT,2025-12-01,2018529,HIGH,,V19_V20_DEVELOPMENT,,DEVELOPMENT_OR_PRIOR_SEAL,1,2025-11-21,2025-12-06,0
GENERAL_SURGE_NDRA_20241022,NDRA,2024-10-22,1681682,HIGH,,V19_V20_DEVELOPMENT,,DEVELOPMENT_OR_PRIOR_SEAL,1,2024-10-12,2024-10-27,1
GENERAL_SURGE_NEOG_20250409,NEOG,2025-04-09,711377,HIGH,,V19_V20_DEVELOPMENT,,DEVELOPMENT_OR_PRIOR_SEAL,1,2025-03-30,2025-04-14,1
GENERAL_SURGE_NEOV_20230616,NEOV,2023-06-16,1748137,HIGH,,V19_V20_DEVELOPMENT,,DEVELOPMENT_OR_PRIOR_SEAL,1,2023-06-06,2023-06-21,1
GENERAL_SURGE_NEPH_20230531,NEPH,2023-05-31,1196298,HIGH,,V19_V20_DEVELOPMENT,,DEVELOPMENT_OR_PRIOR_SEAL,1,2023-05-21,2023-06-05,1
GENERAL_SURGE_NEUP_20230928,NEUP,2023-09-28,1191070,HIGH,,V19_V20_DEVELOPMENT,,DEVELOPMENT_OR_PRIOR_SEAL,1,2023-09-18,2023-10-03,1
GENERAL_SURGE_NEXR_20230410,NEXR,2023-04-10,1885408,HIGH,,V19_V20_DEVELOPMENT,,DEVELOPMENT_OR_PRIOR_SEAL,1,2023-03-31,2023-04-15,1
GENERAL_SURGE_NFLX_20220420,NFLX,2022-04-20,1065280,HIGH,,V19_V20_DEVELOPMENT,,DEVELOPMENT_OR_PRIOR_SEAL,1,2022-04-10,2022-04-25,1
GENERAL_SURGE_NHPBP_20231025,NHPBP,2023-10-25,1561032,HIGH,,V19_V20_DEVELOPMENT,,DEVELOPMENT_OR_PRIOR_SEAL,1,2023-10-15,2023-10-30,1
GENERAL_SURGE_NIPG_20250317,NIPG,2025-03-17,1966233,HIGH,,V19_V20_DEVELOPMENT,,DEVELOPMENT_OR_PRIOR_SEAL,1,2025-03-07,2025-03-22,1
GENERAL_SURGE_NMRA_20250102,NMRA,2025-01-02,1885522,HIGH,,V19_V20_DEVELOPMENT,,DEVELOPMENT_OR_PRIOR_SEAL,1,2024-12-23,2025-01-07,1
GENERAL_SURGE_NMTC_20220803,NMTC,2022-08-03,1500198,HIGH,,V19_V20_DEVELOPMENT,,DEVELOPMENT_OR_PRIOR_SEAL,1,2022-07-24,2022-08-08,1
GENERAL_SURGE_NNOX_20240215,NNOX,2024-02-15,1795251,HIGH,,V19_V20_DEVELOPMENT,,DEVELOPMENT_OR_PRIOR_SEAL,1,2024-02-05,2024-02-20,1
GENERAL_SURGE_NNVC_20200121,NNVC,2020-01-21,1379006,HIGH,,V19_V20_DEVELOPMENT,,DEVELOPMENT_OR_PRIOR_SEAL,1,2020-01-11,2020-01-26,0
GENERAL_SURGE_NRDS_20231027,NRDS,2023-10-27,1625278,HIGH,,V19_V20_DEVELOPMENT,,DEVELOPMENT_OR_PRIOR_SEAL,1,2023-10-17,2023-11-01,1
GENERAL_SURGE_NRXP_20210520,NRXP,2021-05-20,1719406,HIGH,,V19_V20_DEVELOPMENT,,DEVELOPMENT_OR_PRIOR_SEAL,1,2021-05-10,2021-05-25,1
GENERAL_SURGE_NSLR_20241011,NSLR,2024-10-11,1509470,HIGH,,V19_V20_DEVELOPMENT,,DEVELOPMENT_OR_PRIOR_SEAL,1,2024-10-01,2024-10-16,1
GENERAL_SURGE_NSTS_20240920,NSTS,2024-09-20,1881592,HIGH,,V19_V20_DEVELOPMENT,,DEVELOPMENT_OR_PRIOR_SEAL,1,2024-09-10,2024-09-25,1
GENERAL_SURGE_NSYS_20180801,NSYS,2018-08-01,722313,HIGH,,V19_V20_DEVELOPMENT,,DEVELOPMENT_OR_PRIOR_SEAL,1,2018-07-22,2018-08-06,0
GENERAL_SURGE_NTAP_20190802,NTAP,2019-08-02,1002047,HIGH,,V19_V20_DEVELOPMENT,,DEVELOPMENT_OR_PRIOR_SEAL,1,2019-07-23,2019-08-07,0
GENERAL_SURGE_NTCL_20250620,NTCL,2025-06-20,1927578,HIGH,,V19_V20_DEVELOPMENT,,DEVELOPMENT_OR_PRIOR_SEAL,1,2025-06-10,2025-06-25,1
GENERAL_SURGE_NTHI_20251125,NTHI,2025-11-25,1979414,HIGH,,V19_V20_DEVELOPMENT,,DEVELOPMENT_OR_PRIOR_SEAL,1,2025-11-15,2025-11-30,0
GENERAL_SURGE_NTRP_20210315,NTRP,2021-03-15,788611,HIGH,,V19_V20_DEVELOPMENT,,DEVELOPMENT_OR_PRIOR_SEAL,1,2021-03-05,2021-03-20,1
GENERAL_SURGE_NUWE_20220831,NUWE,2022-08-31,1506492,HIGH,,V19_V20_DEVELOPMENT,,DEVELOPMENT_OR_PRIOR_SEAL,1,2022-08-21,2022-09-05,1
GENERAL_SURGE_NVCT_20230210,NVCT,2023-02-10,1875558,HIGH,,V19_V20_DEVELOPMENT,,DEVELOPMENT_OR_PRIOR_SEAL,1,2023-01-31,2023-02-15,1
GENERAL_SURGE_NVDA_20230525,NVDA,2023-05-25,1045810,HIGH,,V19_V20_DEVELOPMENT,,DEVELOPMENT_OR_PRIOR_SEAL,1,2023-05-15,2023-05-30,1
GENERAL_SURGE_NVTS_20250522,NVTS,2025-05-22,1821769,HIGH,,V19_V20_DEVELOPMENT,,DEVELOPMENT_OR_PRIOR_SEAL,1,2025-05-12,2025-05-27,1
GENERAL_SURGE_NXL_20251008,NXL,2025-10-08,1527352,HIGH,,V19_V20_DEVELOPMENT,,DEVELOPMENT_OR_PRIOR_SEAL,1,2025-09-28,2025-10-13,0
GENERAL_SURGE_NXPI_20200318,NXPI,2020-03-18,1413447,HIGH,,V19_V20_DEVELOPMENT,,DEVELOPMENT_OR_PRIOR_SEAL,1,2020-03-08,2020-03-23,0
GENERAL_SURGE_NXPL_20210706,NXPL,2021-07-06,1058307,HIGH,,V19_V20_DEVELOPMENT,,DEVELOPMENT_OR_PRIOR_SEAL,1,2021-06-26,2021-07-11,1
GENERAL_SURGE_NXTC_20191105,NXTC,2019-11-05,1661059,HIGH,,V19_V20_DEVELOPMENT,,DEVELOPMENT_OR_PRIOR_SEAL,1,2019-10-26,2019-11-10,0
GENERAL_SURGE_NXTS_20250102,NXTS,2025-01-02,1789192,HIGH,,V19_V20_DEVELOPMENT,,DEVELOPMENT_OR_PRIOR_SEAL,1,2024-12-23,2025-01-07,1
GENERAL_SURGE_NXT_20240201,NXT,2024-02-01,1852131,HIGH,,V19_V20_DEVELOPMENT,,DEVELOPMENT_OR_PRIOR_SEAL,1,2024-01-22,2024-02-06,1
GENERAL_SURGE_NXXT_20240223,NXXT,2024-02-23,1817004,HIGH,,V19_V20_DEVELOPMENT,,DEVELOPMENT_OR_PRIOR_SEAL,1,2024-02-13,2024-02-28,1
GENERAL_SURGE_NYXH_20240130,NYXH,2024-01-30,1857190,HIGH,,V19_V20_DEVELOPMENT,,DEVELOPMENT_OR_PRIOR_SEAL,1,2024-01-20,2024-02-04,1
GENERAL_SURGE_OCC_20241223,OCC,2024-12-23,1000230,HIGH,,V19_V20_DEVELOPMENT,,DEVELOPMENT_OR_PRIOR_SEAL,1,2024-12-13,2024-12-28,1
GENERAL_SURGE_OCS_20241021,OCS,2024-10-21,1953530,HIGH,,V19_V20_DEVELOPMENT,,DEVELOPMENT_OR_PRIOR_SEAL,1,2024-10-11,2024-10-26,1
GENERAL_SURGE_ODFL_20240424,ODFL,2024-04-24,878927,HIGH,,V19_V20_DEVELOPMENT,,DEVELOPMENT_OR_PRIOR_SEAL,1,2024-04-14,2024-04-29,1
GENERAL_SURGE_OESX_20190403,OESX,2019-04-03,1409375,HIGH,,V19_V20_DEVELOPMENT,,DEVELOPMENT_OR_PRIOR_SEAL,1,2019-03-24,2019-04-08,0
GENERAL_SURGE_OGGWZ_20250320,OGGWZ,2025-03-20,1431852,HIGH,,V19_V20_DEVELOPMENT,,DEVELOPMENT_OR_PRIOR_SEAL,1,2025-03-10,2025-03-25,1
GENERAL_SURGE_OKTA_20220901,OKTA,2022-09-01,1660134,HIGH,,V19_V20_DEVELOPMENT,,DEVELOPMENT_OR_PRIOR_SEAL,1,2022-08-22,2022-09-06,1
GENERAL_SURGE_OLB_20211102,OLB,2021-11-02,1314196,HIGH,,V19_V20_DEVELOPMENT,,DEVELOPMENT_OR_PRIOR_SEAL,1,2021-10-23,2021-11-07,1
GENERAL_SURGE_OMEX_20240918,OMEX,2024-09-18,798528,HIGH,,V19_V20_DEVELOPMENT,,DEVELOPMENT_OR_PRIOR_SEAL,1,2024-09-08,2024-09-23,1
GENERAL_SURGE_ONFO_20240422,ONFO,2024-04-22,1825452,HIGH,,V19_V20_DEVELOPMENT,,DEVELOPMENT_OR_PRIOR_SEAL,1,2024-04-12,2024-04-27,1
GENERAL_SURGE_ONMD_20240523,ONMD,2024-05-23,1849380,HIGH,,V19_V20_DEVELOPMENT,,DEVELOPMENT_OR_PRIOR_SEAL,1,2024-05-13,2024-05-28,1
GENERAL_SURGE_OPK_20240104,OPK,2024-01-04,944809,HIGH,,V19_V20_DEVELOPMENT,,DEVELOPMENT_OR_PRIOR_SEAL,1,2023-12-25,2024-01-09,1
GENERAL_SURGE_OPTX_20241217,OPTX,2024-12-17,1866816,HIGH,,V19_V20_DEVELOPMENT,,DEVELOPMENT_OR_PRIOR_SEAL,1,2024-12-07,2024-12-22,1
GENERAL_SURGE_ORBS_20250725,ORBS,2025-07-25,1892492,HIGH,,V19_V20_DEVELOPMENT,,DEVELOPMENT_OR_PRIOR_SEAL,1,2025-07-15,2025-07-30,0
GENERAL_SURGE_ORGO_20190109,ORGO,2019-01-09,1661181,HIGH,,V19_V20_DEVELOPMENT,,DEVELOPMENT_OR_PRIOR_SEAL,1,2018-12-30,2019-01-14,0
GENERAL_SURGE_ORIO_20250702,ORIO,2025-07-02,1602842,HIGH,,V19_V20_DEVELOPMENT,,DEVELOPMENT_OR_PRIOR_SEAL,1,2025-06-22,2025-07-07,0
GENERAL_SURGE_ORLY_20180426,ORLY,2018-04-26,898173,HIGH,,V19_V20_DEVELOPMENT,,DEVELOPMENT_OR_PRIOR_SEAL,1,2018-04-16,2018-05-01,0
GENERAL_SURGE_ORRF_20200316,ORRF,2020-03-16,826154,HIGH,,V19_V20_DEVELOPMENT,,DEVELOPMENT_OR_PRIOR_SEAL,1,2020-03-06,2020-03-21,0
GENERAL_SURGE_OSRH_20250326,OSRH,2025-03-26,1840425,HIGH,,V19_V20_DEVELOPMENT,,DEVELOPMENT_OR_PRIOR_SEAL,1,2025-03-16,2025-03-31,1
GENERAL_SURGE_OTLK_20190516,OTLK,2019-05-16,1649989,HIGH,,V19_V20_DEVELOPMENT,,DEVELOPMENT_OR_PRIOR_SEAL,1,2019-05-06,2019-05-21,0
GENERAL_SURGE_PAMT_20250404,PAMT,2025-04-04,798287,HIGH,,V19_V20_DEVELOPMENT,,DEVELOPMENT_OR_PRIOR_SEAL,1,2025-03-25,2025-04-09,1
GENERAL_SURGE_PAVM_20180119,PAVM,2018-01-19,1624326,HIGH,,V19_V20_DEVELOPMENT,,DEVELOPMENT_OR_PRIOR_SEAL,1,2018-01-09,2018-01-24,0
GENERAL_SURGE_PAYS_20190207,PAYS,2019-02-07,1496443,HIGH,,V19_V20_DEVELOPMENT,,DEVELOPMENT_OR_PRIOR_SEAL,1,2019-01-28,2019-02-12,0
GENERAL_SURGE_PAYX_20200316,PAYX,2020-03-16,723531,HIGH,,V19_V20_DEVELOPMENT,,DEVELOPMENT_OR_PRIOR_SEAL,1,2020-03-06,2020-03-21,0
GENERAL_SURGE_PBK_20250210,PBK,2025-02-10,2011053,HIGH,,V19_V20_DEVELOPMENT,,DEVELOPMENT_OR_PRIOR_SEAL,1,2025-01-31,2025-02-15,1
GENERAL_SURGE_PBM_20250804,PBM,2025-08-04,1985062,HIGH,,V19_V20_DEVELOPMENT,,DEVELOPMENT_OR_PRIOR_SEAL,1,2025-07-25,2025-08-09,0
GENERAL_SURGE_PCAR_20210121,PCAR,2021-01-21,75362,HIGH,,V19_V20_DEVELOPMENT,,DEVELOPMENT_OR_PRIOR_SEAL,1,2021-01-11,2021-01-26,1
GENERAL_SURGE_PCLA_20250715,PCLA,2025-07-15,2018462,HIGH,,V19_V20_DEVELOPMENT,,DEVELOPMENT_OR_PRIOR_SEAL,1,2025-07-05,2025-07-20,0
GENERAL_SURGE_PDD_20220316,PDD,2022-03-16,1737806,HIGH,,V19_V20_DEVELOPMENT,,DEVELOPMENT_OR_PRIOR_SEAL,1,2022-03-06,2022-03-21,1
GENERAL_SURGE_PDSB_20180328,PDSB,2018-03-28,1472091,HIGH,,V19_V20_DEVELOPMENT,,DEVELOPMENT_OR_PRIOR_SEAL,1,2018-03-18,2018-04-02,0
GENERAL_SURGE_PENG_20231013,PENG,2023-10-13,1616533,HIGH,,V19_V20_DEVELOPMENT,,DEVELOPMENT_OR_PRIOR_SEAL,1,2023-10-03,2023-10-18,1
GENERAL_SURGE_PEP_20200317,PEP,2020-03-17,77476,HIGH,,V19_V20_DEVELOPMENT,,DEVELOPMENT_OR_PRIOR_SEAL,1,2020-03-07,2020-03-22,0
GENERAL_SURGE_PESI_20191107,PESI,2019-11-07,891532,HIGH,,V19_V20_DEVELOPMENT,,DEVELOPMENT_OR_PRIOR_SEAL,1,2019-10-28,2019-11-12,0
GENERAL_SURGE_PFAI_20251015,PFAI,2025-10-15,2032755,HIGH,,V19_V20_DEVELOPMENT,,DEVELOPMENT_OR_PRIOR_SEAL,1,2025-10-05,2025-10-20,0
GENERAL_SURGE_PFG_20200309,PFG,2020-03-09,1126328,HIGH,,V19_V20_DEVELOPMENT,,DEVELOPMENT_OR_PRIOR_SEAL,1,2020-02-28,2020-03-14,0
GENERAL_SURGE_PFIS_20200317,PFIS,2020-03-17,1056943,HIGH,,V19_V20_DEVELOPMENT,,DEVELOPMENT_OR_PRIOR_SEAL,1,2020-03-07,2020-03-22,0
GENERAL_SURGE_PGY_20241112,PGY,2024-11-12,1883085,HIGH,,V19_V20_DEVELOPMENT,,DEVELOPMENT_OR_PRIOR_SEAL,1,2024-11-02,2024-11-17,1
GENERAL_SURGE_PHAR_20230324,PHAR,2023-03-24,1828316,HIGH,,V19_V20_DEVELOPMENT,,DEVELOPMENT_OR_PRIOR_SEAL,1,2023-03-14,2023-03-29,1
GENERAL_SURGE_PIII_20230503,PIII,2023-05-03,1832511,HIGH,,V19_V20_DEVELOPMENT,,DEVELOPMENT_OR_PRIOR_SEAL,1,2023-04-23,2023-05-08,1
GENERAL_SURGE_PLBL_20250529,PLBL,2025-05-29,2035697,HIGH,,V19_V20_DEVELOPMENT,,DEVELOPMENT_OR_PRIOR_SEAL,1,2025-05-19,2025-06-03,1
GENERAL_SURGE_PLRZ_20250502,PLRZ,2025-05-02,1893645,HIGH,,V19_V20_DEVELOPMENT,,DEVELOPMENT_OR_PRIOR_SEAL,1,2025-04-22,2025-05-07,1
GENERAL_SURGE_PLSE_20230413,PLSE,2023-04-13,1625101,HIGH,,V19_V20_DEVELOPMENT,,DEVELOPMENT_OR_PRIOR_SEAL,1,2023-04-03,2023-04-18,1
GENERAL_SURGE_PLUG_20231110,PLUG,2023-11-10,1093691,HIGH,,V19_V20_DEVELOPMENT,,DEVELOPMENT_OR_PRIOR_SEAL,1,2023-10-31,2023-11-15,1
GENERAL_SURGE_PMAX_20250523,PMAX,2025-05-23,2012096,HIGH,,V19_V20_DEVELOPMENT,,DEVELOPMENT_OR_PRIOR_SEAL,1,2025-05-13,2025-05-28,1
GENERAL_SURGE_PMA_20250714,PMA,2025-07-14,1956166,HIGH,,V19_V20_DEVELOPMENT,,DEVELOPMENT_OR_PRIOR_SEAL,1,2025-07-04,2025-07-19,0
GENERAL_SURGE_PMCB_20250908,PMCB,2025-09-08,1157075,HIGH,,V19_V20_DEVELOPMENT,,DEVELOPMENT_OR_PRIOR_SEAL,1,2025-08-29,2025-09-13,0
GENERAL_SURGE_POCI_20251111,POCI,2025-11-11,867840,HIGH,,V19_V20_DEVELOPMENT,,DEVELOPMENT_OR_PRIOR_SEAL,1,2025-11-01,2025-11-16,0
GENERAL_SURGE_PODC_20241126,PODC,2024-11-26,1940177,HIGH,,V19_V20_DEVELOPMENT,,DEVELOPMENT_OR_PRIOR_SEAL,1,2024-11-16,2024-12-01,1
GENERAL_SURGE_PODD_20221104,PODD,2022-11-04,1145197,HIGH,,V19_V20_DEVELOPMENT,,DEVELOPMENT_OR_PRIOR_SEAL,1,2022-10-25,2022-11-09,1
GENERAL_SURGE_PPBT_20190115,PPBT,2019-01-15,1614744,HIGH,,V19_V20_DEVELOPMENT,,DEVELOPMENT_OR_PRIOR_SEAL,1,2019-01-05,2019-01-20,0
GENERAL_SURGE_PRAA_20250506,PRAA,2025-05-06,1185348,HIGH,,V19_V20_DEVELOPMENT,,DEVELOPMENT_OR_PRIOR_SEAL,1,2025-04-26,2025-05-11,1
GENERAL_SURGE_PRHI_20240903,PRHI,2024-09-03,1502292,HIGH,,V19_V20_DEVELOPMENT,,DEVELOPMENT_OR_PRIOR_SEAL,1,2024-08-24,2024-09-08,1
GENERAL_SURGE_PRLD_20241220,PRLD,2024-12-20,1678660,HIGH,,V19_V20_DEVELOPMENT,,DEVELOPMENT_OR_PRIOR_SEAL,1,2024-12-10,2024-12-25,1
GENERAL_SURGE_PROF_20210805,PROF,2021-08-05,1628808,HIGH,,V19_V20_DEVELOPMENT,,DEVELOPMENT_OR_PRIOR_SEAL,1,2021-07-26,2021-08-10,1
GENERAL_SURGE_PRPO_20200730,PRPO,2020-07-30,1043961,HIGH,,V19_V20_DEVELOPMENT,,DEVELOPMENT_OR_PRIOR_SEAL,1,2020-07-20,2020-08-04,1
GENERAL_SURGE_PRSO_20231108,PRSO,2023-11-08,890394,HIGH,,V19_V20_DEVELOPMENT,,DEVELOPMENT_OR_PRIOR_SEAL,1,2023-10-29,2023-11-13,1
GENERAL_SURGE_PRTS_20210126,PRTS,2021-01-26,1378950,HIGH,,V19_V20_DEVELOPMENT,,DEVELOPMENT_OR_PRIOR_SEAL,1,2021-01-16,2021-01-31,1
GENERAL_SURGE_PRZO_20241129,PRZO,2024-11-29,1916241,HIGH,,V19_V20_DEVELOPMENT,,DEVELOPMENT_OR_PRIOR_SEAL,1,2024-11-19,2024-12-04,1
GENERAL_SURGE_PSIG_20251013,PSIG,2025-10-13,1997201,HIGH,,V19_V20_DEVELOPMENT,,DEVELOPMENT_OR_PRIOR_SEAL,1,2025-10-03,2025-10-18,0
GENERAL_SURGE_PSIX_20250808,PSIX,2025-08-08,1137091,HIGH,,V19_V20_DEVELOPMENT,,DEVELOPMENT_OR_PRIOR_SEAL,1,2025-07-29,2025-08-13,0
GENERAL_SURGE_PTLE_20250618,PTLE,2025-06-18,2016337,HIGH,,V19_V20_DEVELOPMENT,,DEVELOPMENT_OR_PRIOR_SEAL,1,2025-06-08,2025-06-23,1
GENERAL_SURGE_PTON_20240822,PTON,2024-08-22,1639825,HIGH,,V19_V20_DEVELOPMENT,,DEVELOPMENT_OR_PRIOR_SEAL,1,2024-08-12,2024-08-27,1
GENERAL_SURGE_PULM_20200102,PULM,2020-01-02,1574235,HIGH,,V19_V20_DEVELOPMENT,,DEVELOPMENT_OR_PRIOR_SEAL,1,2019-12-23,2020-01-07,0
GENERAL_SURGE_PWCM_20210108,PWCM,2021-01-08,1640384,HIGH,,V19_V20_DEVELOPMENT,,DEVELOPMENT_OR_PRIOR_SEAL,1,2020-12-29,2021-01-13,1
GENERAL_SURGE_QCLS_20200406,QCLS,2020-04-06,1321834,HIGH,,V19_V20_DEVELOPMENT,,DEVELOPMENT_OR_PRIOR_SEAL,1,2020-03-27,2020-04-11,0
GENERAL_SURGE_QCOM_20190416,QCOM,2019-04-16,804328,HIGH,,V19_V20_DEVELOPMENT,,DEVELOPMENT_OR_PRIOR_SEAL,1,2019-04-06,2019-04-21,0
GENERAL_SURGE_QDEL_20240214,QDEL,2024-02-14,1906324,HIGH,,V19_V20_DEVELOPMENT,,DEVELOPMENT_OR_PRIOR_SEAL,1,2024-02-04,2024-02-19,1
GENERAL_SURGE_QNME_20250829,QNME,2025-08-29,,UNRESOLVED,,V19_V20_DEVELOPMENT,,DEVELOPMENT_OR_PRIOR_SEAL,1,2025-08-19,2025-09-03,0
GENERAL_SURGE_QNST_20180201,QNST,2018-02-01,1117297,HIGH,,V19_V20_DEVELOPMENT,,DEVELOPMENT_OR_PRIOR_SEAL,1,2018-01-22,2018-02-06,0
GENERAL_SURGE_QRHC_20181114,QRHC,2018-11-14,1442236,HIGH,,V19_V20_DEVELOPMENT,,DEVELOPMENT_OR_PRIOR_SEAL,1,2018-11-04,2018-11-19,0
GENERAL_SURGE_QSI_20241120,QSI,2024-11-20,1816431,HIGH,,V19_V20_DEVELOPMENT,,DEVELOPMENT_OR_PRIOR_SEAL,1,2024-11-10,2024-11-25,1
GENERAL_SURGE_QTEX_20220706,QTEX,2022-07-06,1837493,HIGH,,V19_V20_DEVELOPMENT,,DEVELOPMENT_OR_PRIOR_SEAL,1,2022-06-26,2022-07-11,1
GENERAL_SURGE_QTTB_20250710,QTTB,2025-07-10,1661998,HIGH,,V19_V20_DEVELOPMENT,,DEVELOPMENT_OR_PRIOR_SEAL,1,2025-06-30,2025-07-15,0
GENERAL_SURGE_QUBT_20241216,QUBT,2024-12-16,1758009,HIGH,,V19_V20_DEVELOPMENT,,DEVELOPMENT_OR_PRIOR_SEAL,1,2024-12-06,2024-12-21,1
GENERAL_SURGE_QUCY_20231113,QUCY,2023-11-13,1874252,HIGH,,V19_V20_DEVELOPMENT,,DEVELOPMENT_OR_PRIOR_SEAL,1,2023-11-03,2023-11-18,1
GENERAL_SURGE_QURE_20250924,QURE,2025-09-24,1590560,HIGH,,V19_V20_DEVELOPMENT,,DEVELOPMENT_OR_PRIOR_SEAL,1,2025-09-14,2025-09-29,0
GENERAL_SURGE_QXL_20251231,QXL,2025-12-31,797542,HIGH,,V19_V20_DEVELOPMENT,,DEVELOPMENT_OR_PRIOR_SEAL,1,2025-12-21,2026-01-05,0
GENERAL_SURGE_RADX_20251020,RADX,2025-10-20,1949257,HIGH,,V19_V20_DEVELOPMENT,,DEVELOPMENT_OR_PRIOR_SEAL,1,2025-10-10,2025-10-25,0
GENERAL_SURGE_RANI_20251017,RANI,2025-10-17,1856725,HIGH,,V19_V20_DEVELOPMENT,,DEVELOPMENT_OR_PRIOR_SEAL,1,2025-10-07,2025-10-22,0
GENERAL_SURGE_RAPT_20241223,RAPT,2024-12-23,1673772,HIGH,,V19_V20_DEVELOPMENT,,DEVELOPMENT_OR_PRIOR_SEAL,1,2024-12-13,2024-12-28,1
GENERAL_SURGE_RAYA_20240214,RAYA,2024-02-14,1825875,HIGH,,V19_V20_DEVELOPMENT,,DEVELOPMENT_OR_PRIOR_SEAL,1,2024-02-04,2024-02-19,1
GENERAL_SURGE_RAY_20250311,RAY,2025-03-11,1948443,HIGH,,V19_V20_DEVELOPMENT,,DEVELOPMENT_OR_PRIOR_SEAL,1,2025-03-01,2025-03-16,1
GENERAL_SURGE_RBB_20220222,RBB,2022-02-22,1499422,HIGH,,V19_V20_DEVELOPMENT,,DEVELOPMENT_OR_PRIOR_SEAL,1,2022-02-12,2022-02-27,1
GENERAL_SURGE_RBNE_20251023,RBNE,2025-10-23,2039060,HIGH,,V19_V20_DEVELOPMENT,,DEVELOPMENT_OR_PRIOR_SEAL,1,2025-10-13,2025-10-28,0
GENERAL_SURGE_RBRK_20250314,RBRK,2025-03-14,1943896,HIGH,,V19_V20_DEVELOPMENT,,DEVELOPMENT_OR_PRIOR_SEAL,1,2025-03-04,2025-03-19,1
GENERAL_SURGE_RCEL_20250915,RCEL,2025-09-15,1762303,HIGH,,V19_V20_DEVELOPMENT,,DEVELOPMENT_OR_PRIOR_SEAL,1,2025-09-05,2025-09-20,0
GENERAL_SURGE_RCI_20200323,RCI,2020-03-23,733099,HIGH,,V19_V20_DEVELOPMENT,,DEVELOPMENT_OR_PRIOR_SEAL,1,2020-03-13,2020-03-28,0
GENERAL_SURGE_RCL_20200312,RCL,2020-03-12,884887,HIGH,,V19_V20_DEVELOPMENT,,DEVELOPMENT_OR_PRIOR_SEAL,1,2020-03-02,2020-03-17,0
GENERAL_SURGE_RCMT_20210211,RCMT,2021-02-11,700841,HIGH,,V19_V20_DEVELOPMENT,,DEVELOPMENT_OR_PRIOR_SEAL,1,2021-02-01,2021-02-16,1
GENERAL_SURGE_RCON_20180116,RCON,2018-01-16,1442620,HIGH,,V19_V20_DEVELOPMENT,,DEVELOPMENT_OR_PRIOR_SEAL,1,2018-01-06,2018-01-21,0
GENERAL_SURGE_RCUS_20200416,RCUS,2020-04-16,1724521,HIGH,,V19_V20_DEVELOPMENT,,DEVELOPMENT_OR_PRIOR_SEAL,1,2020-04-06,2020-04-21,0
GENERAL_SURGE_RDCM_20180917,RDCM,2018-09-17,1016838,HIGH,,V19_V20_DEVELOPMENT,,DEVELOPMENT_OR_PRIOR_SEAL,1,2018-09-07,2018-09-22,0
GENERAL_SURGE_RDDT_20241030,RDDT,2024-10-30,1713445,HIGH,,V19_V20_DEVELOPMENT,,DEVELOPMENT_OR_PRIOR_SEAL,1,2024-10-20,2024-11-04,1
GENERAL_SURGE_RDGT_20221212,RDGT,2022-12-12,1856084,HIGH,,V19_V20_DEVELOPMENT,,DEVELOPMENT_OR_PRIOR_SEAL,1,2022-12-02,2022-12-17,1
GENERAL_SURGE_RDY_20200918,RDY,2020-09-18,1135951,HIGH,,V19_V20_DEVELOPMENT,,DEVELOPMENT_OR_PRIOR_SEAL,1,2020-09-08,2020-09-23,1
GENERAL_SURGE_REBN_20240508,REBN,2024-05-08,1707910,HIGH,,V19_V20_DEVELOPMENT,,DEVELOPMENT_OR_PRIOR_SEAL,1,2024-04-28,2024-05-13,1
GENERAL_SURGE_REGN_20220908,REGN,2022-09-08,872589,HIGH,,V19_V20_DEVELOPMENT,,DEVELOPMENT_OR_PRIOR_SEAL,1,2022-08-29,2022-09-13,1
GENERAL_SURGE_REG_20201109,REG,2020-11-09,910606,HIGH,,V19_V20_DEVELOPMENT,,DEVELOPMENT_OR_PRIOR_SEAL,1,2020-10-30,2020-11-14,1
GENERAL_SURGE_REKR_20241230,REKR,2024-12-30,1697851,HIGH,,V19_V20_DEVELOPMENT,,DEVELOPMENT_OR_PRIOR_SEAL,1,2024-12-20,2025-01-04,1
GENERAL_SURGE_RELL_20210107,RELL,2021-01-07,355948,HIGH,,V19_V20_DEVELOPMENT,,DEVELOPMENT_OR_PRIOR_SEAL,1,2020-12-28,2021-01-12,1
GENERAL_SURGE_RENX_20240508,RENX,2024-05-08,1959023,HIGH,,V19_V20_DEVELOPMENT,,DEVELOPMENT_OR_PRIOR_SEAL,1,2024-04-28,2024-05-13,1
GENERAL_SURGE_REVB_20240821,REVB,2024-08-21,1810560,HIGH,,V19_V20_DEVELOPMENT,,DEVELOPMENT_OR_PRIOR_SEAL,1,2024-08-11,2024-08-26,1
GENERAL_SURGE_REXR_20200316,REXR,2020-03-16,1571283,HIGH,,V19_V20_DEVELOPMENT,,DEVELOPMENT_OR_PRIOR_SEAL,1,2020-03-06,2020-03-21,0
GENERAL_SURGE_RFIL_20180611,RFIL,2018-06-11,740664,HIGH,,V19_V20_DEVELOPMENT,,DEVELOPMENT_OR_PRIOR_SEAL,1,2018-06-01,2018-06-16,0
GENERAL_SURGE_RFL_20211028,RFL,2021-10-28,1713863,HIGH,,V19_V20_DEVELOPMENT,,DEVELOPMENT_OR_PRIOR_SEAL,1,2021-10-18,2021-11-02,1
GENERAL_SURGE_RF_20200309,RF,2020-03-09,1281761,HIGH,,V19_V20_DEVELOPMENT,,DEVELOPMENT_OR_PRIOR_SEAL,1,2020-02-28,2020-03-14,0
GENERAL_SURGE_RGC_20240723,RGC,2024-07-23,1829667,HIGH,,V19_V20_DEVELOPMENT,,DEVELOPMENT_OR_PRIOR_SEAL,1,2024-07-13,2024-07-28,1
GENERAL_SURGE_RGP_20181004,RGP,2018-10-04,1084765,HIGH,,V19_V20_DEVELOPMENT,,DEVELOPMENT_OR_PRIOR_SEAL,1,2018-09-24,2018-10-09,0
GENERAL_SURGE_RGTU_20251222,RGTU,2025-12-22,,UNRESOLVED,,V19_V20_DEVELOPMENT,,DEVELOPMENT_OR_PRIOR_SEAL,1,2025-12-12,2025-12-27,0
GENERAL_SURGE_RILYL_20240816,RILYL,2024-08-16,1464790,HIGH,,V19_V20_DEVELOPMENT,,DEVELOPMENT_OR_PRIOR_SEAL,1,2024-08-06,2024-08-21,1
GENERAL_SURGE_RILY_20240821,RILY,2024-08-21,1464790,HIGH,,V19_V20_DEVELOPMENT,,DEVELOPMENT_OR_PRIOR_SEAL,1,2024-08-11,2024-08-26,1
GENERAL_SURGE_RIME_20250107,RIME,2025-01-07,923601,HIGH,,V19_V20_DEVELOPMENT,,DEVELOPMENT_OR_PRIOR_SEAL,1,2024-12-28,2025-01-12,1
GENERAL_SURGE_RIOT_20201117,RIOT,2020-11-17,1167419,HIGH,,V19_V20_DEVELOPMENT,,DEVELOPMENT_OR_PRIOR_SEAL,1,2020-11-07,2020-11-22,1
GENERAL_SURGE_RITR_20251001,RITR,2025-10-01,1951229,HIGH,,V19_V20_DEVELOPMENT,,DEVELOPMENT_OR_PRIOR_SEAL,1,2025-09-21,2025-10-06,0
GENERAL_SURGE_RIVN_20240626,RIVN,2024-06-26,1874178,HIGH,,V19_V20_DEVELOPMENT,,DEVELOPMENT_OR_PRIOR_SEAL,1,2024-06-16,2024-07-01,1
GENERAL_SURGE_RKDA_20180314,RKDA,2018-03-14,1469443,HIGH,,V19_V20_DEVELOPMENT,,DEVELOPMENT_OR_PRIOR_SEAL,1,2018-03-04,2018-03-19,0
GENERAL_SURGE_RKTO_20250107,RKTO,2025-01-07,1711786,HIGH,,V19_V20_DEVELOPMENT,,DEVELOPMENT_OR_PRIOR_SEAL,1,2024-12-28,2025-01-12,1
GENERAL_SURGE_RKT_20210302,RKT,2021-03-02,1805284,HIGH,,V19_V20_DEVELOPMENT,,DEVELOPMENT_OR_PRIOR_SEAL,1,2021-02-20,2021-03-07,1
GENERAL_SURGE_RLI_20200317,RLI,2020-03-17,84246,HIGH,,V19_V20_DEVELOPMENT,,DEVELOPMENT_OR_PRIOR_SEAL,1,2020-03-07,2020-03-22,0
GENERAL_SURGE_RLMD_20191015,RLMD,2019-10-15,1553643,HIGH,,V19_V20_DEVELOPMENT,,DEVELOPMENT_OR_PRIOR_SEAL,1,2019-10-05,2019-10-20,0
GENERAL_SURGE_RL_20240208,RL,2024-02-08,1037038,HIGH,,V19_V20_DEVELOPMENT,,DEVELOPMENT_OR_PRIOR_SEAL,1,2024-01-29,2024-02-13,1
GENERAL_SURGE_RMCF_20250918,RMCF,2025-09-18,1616262,HIGH,,V19_V20_DEVELOPMENT,,DEVELOPMENT_OR_PRIOR_SEAL,1,2025-09-08,2025-09-23,0
GENERAL_SURGE_RMR_20210825,RMR,2021-08-25,1644378,HIGH,,V19_V20_DEVELOPMENT,,DEVELOPMENT_OR_PRIOR_SEAL,1,2021-08-15,2021-08-30,1
GENERAL_SURGE_RMSG_20250806,RMSG,2025-08-06,1983324,HIGH,,V19_V20_DEVELOPMENT,,DEVELOPMENT_OR_PRIOR_SEAL,1,2025-07-27,2025-08-11,0
GENERAL_SURGE_RNAC_20191219,RNAC,2019-12-19,1453687,HIGH,,V19_V20_DEVELOPMENT,,DEVELOPMENT_OR_PRIOR_SEAL,1,2019-12-09,2019-12-24,0
GENERAL_SURGE_ROAD_20191210,ROAD,2019-12-10,1718227,HIGH,,V19_V20_DEVELOPMENT,,DEVELOPMENT_OR_PRIOR_SEAL,1,2019-11-30,2019-12-15,0
GENERAL_SURGE_ROCK_20200319,ROCK,2020-03-19,912562,HIGH,,V19_V20_DEVELOPMENT,,DEVELOPMENT_OR_PRIOR_SEAL,1,2020-03-09,2020-03-24,0
GENERAL_SURGE_ROG_20221102,ROG,2022-11-02,84748,HIGH,,V19_V20_DEVELOPMENT,,DEVELOPMENT_OR_PRIOR_SEAL,1,2022-10-23,2022-11-07,1
GENERAL_SURGE_ROIV_20230926,ROIV,2023-09-26,1635088,HIGH,,V19_V20_DEVELOPMENT,,DEVELOPMENT_OR_PRIOR_SEAL,1,2023-09-16,2023-10-01,1
GENERAL_SURGE_ROKU_20230728,ROKU,2023-07-28,1428439,HIGH,,V19_V20_DEVELOPMENT,,DEVELOPMENT_OR_PRIOR_SEAL,1,2023-07-18,2023-08-02,1
GENERAL_SURGE_ROK_20240131,ROK,2024-01-31,1024478,HIGH,,V19_V20_DEVELOPMENT,,DEVELOPMENT_OR_PRIOR_SEAL,1,2024-01-21,2024-02-05,1
GENERAL_SURGE_ROP_20200324,ROP,2020-03-24,882835,HIGH,,V19_V20_DEVELOPMENT,,DEVELOPMENT_OR_PRIOR_SEAL,1,2020-03-14,2020-03-29,0
GENERAL_SURGE_ROST_20220520,ROST,2022-05-20,745732,HIGH,,V19_V20_DEVELOPMENT,,DEVELOPMENT_OR_PRIOR_SEAL,1,2022-05-10,2022-05-25,1
GENERAL_SURGE_RPID_20220630,RPID,2022-06-30,1380106,HIGH,,V19_V20_DEVELOPMENT,,DEVELOPMENT_OR_PRIOR_SEAL,1,2022-06-20,2022-07-05,1
GENERAL_SURGE_RPRX_20250110,RPRX,2025-01-10,1802768,HIGH,,V19_V20_DEVELOPMENT,,DEVELOPMENT_OR_PRIOR_SEAL,1,2024-12-31,2025-01-15,1
GENERAL_SURGE_RRC_20200313,RRC,2020-03-13,315852,HIGH,,V19_V20_DEVELOPMENT,,DEVELOPMENT_OR_PRIOR_SEAL,1,2020-03-03,2020-03-18,0
GENERAL_SURGE_RRX_20231102,RRX,2023-11-02,82811,HIGH,,V19_V20_DEVELOPMENT,,DEVELOPMENT_OR_PRIOR_SEAL,1,2023-10-23,2023-11-07,1
GENERAL_SURGE_RSSS_20210706,RSSS,2021-07-06,1386301,HIGH,,V19_V20_DEVELOPMENT,,DEVELOPMENT_OR_PRIOR_SEAL,1,2021-06-26,2021-07-11,1
GENERAL_SURGE_RTX_20200318,RTX,2020-03-18,101829,HIGH,,V19_V20_DEVELOPMENT,,DEVELOPMENT_OR_PRIOR_SEAL,1,2020-03-08,2020-03-23,0
GENERAL_SURGE_RUSHA_20180215,RUSHA,2018-02-15,1012019,HIGH,,V19_V20_DEVELOPMENT,,DEVELOPMENT_OR_PRIOR_SEAL,1,2018-02-05,2018-02-20,0
GENERAL_SURGE_RVMD_20231023,RVMD,2023-10-23,1628171,HIGH,,V19_V20_DEVELOPMENT,,DEVELOPMENT_OR_PRIOR_SEAL,1,2023-10-13,2023-10-28,1
GENERAL_SURGE_RWT_20200326,RWT,2020-03-26,930236,HIGH,,V19_V20_DEVELOPMENT,,DEVELOPMENT_OR_PRIOR_SEAL,1,2020-03-16,2020-03-31,0
GENERAL_SURGE_RXO_20240624,RXO,2024-06-24,1929561,HIGH,,V19_V20_DEVELOPMENT,,DEVELOPMENT_OR_PRIOR_SEAL,1,2024-06-14,2024-06-29,1
GENERAL_SURGE_RXST_20250709,RXST,2025-07-09,1111485,HIGH,,V19_V20_DEVELOPMENT,,DEVELOPMENT_OR_PRIOR_SEAL,1,2025-06-29,2025-07-14,0
GENERAL_SURGE_RYAM_20221102,RYAM,2022-11-02,1597672,HIGH,,V19_V20_DEVELOPMENT,,DEVELOPMENT_OR_PRIOR_SEAL,1,2022-10-23,2022-11-07,1
GENERAL_SURGE_RYM_20240624,RYM,2024-06-24,1800637,HIGH,,V19_V20_DEVELOPMENT,,DEVELOPMENT_OR_PRIOR_SEAL,1,2024-06-14,2024-06-29,1
GENERAL_SURGE_RZLT_20251211,RZLT,2025-12-11,1509261,HIGH,,V19_V20_DEVELOPMENT,,DEVELOPMENT_OR_PRIOR_SEAL,1,2025-12-01,2025-12-16,0
GENERAL_SURGE_SAGT_20251104,SAGT,2025-11-04,2029138,HIGH,,V19_V20_DEVELOPMENT,,DEVELOPMENT_OR_PRIOR_SEAL,1,2025-10-25,2025-11-09,0
GENERAL_SURGE_SAP_20201026,SAP,2020-10-26,1000184,HIGH,,V19_V20_DEVELOPMENT,,DEVELOPMENT_OR_PRIOR_SEAL,1,2020-10-16,2020-10-31,1
GENERAL_SURGE_SBFM_20220309,SBFM,2022-03-09,1402328,HIGH,,V19_V20_DEVELOPMENT,,DEVELOPMENT_OR_PRIOR_SEAL,1,2022-02-27,2022-03-14,1
GENERAL_SURGE_SCHW_20230313,SCHW,2023-03-13,316709,HIGH,,V19_V20_DEVELOPMENT,,DEVELOPMENT_OR_PRIOR_SEAL,1,2023-03-03,2023-03-18,1
GENERAL_SURGE_SCNI_20211222,SCNI,2021-12-22,1611747,HIGH,,V19_V20_DEVELOPMENT,,DEVELOPMENT_OR_PRIOR_SEAL,1,2021-12-12,2021-12-27,1
GENERAL_SURGE_SDA_20250206,SDA,2025-02-06,1936804,HIGH,,V19_V20_DEVELOPMENT,,DEVELOPMENT_OR_PRIOR_SEAL,1,2025-01-27,2025-02-11,1
GENERAL_SURGE_SDHC_20241219,SDHC,2024-12-19,1982518,HIGH,,V19_V20_DEVELOPMENT,,DEVELOPMENT_OR_PRIOR_SEAL,1,2024-12-09,2024-12-24,1
GENERAL_SURGE_SDOT_20211101,SDOT,2021-11-01,1701756,HIGH,,V19_V20_DEVELOPMENT,,DEVELOPMENT_OR_PRIOR_SEAL,1,2021-10-22,2021-11-06,1
GENERAL_SURGE_SEAT_20250506,SEAT,2025-05-06,1856031,HIGH,,V19_V20_DEVELOPMENT,,DEVELOPMENT_OR_PRIOR_SEAL,1,2025-04-26,2025-05-11,1
GENERAL_SURGE_SEGG_20250206,SEGG,2025-02-06,1673481,HIGH,,V19_V20_DEVELOPMENT,,DEVELOPMENT_OR_PRIOR_SEAL,1,2025-01-27,2025-02-11,1
GENERAL_SURGE_SELXF_20240812,SELXF,2024-08-12,1990950,HIGH,,V19_V20_DEVELOPMENT,,DEVELOPMENT_OR_PRIOR_SEAL,1,2024-08-02,2024-08-17,1
GENERAL_SURGE_SENS_20210119,SENS,2021-01-19,1616543,HIGH,,V19_V20_DEVELOPMENT,,DEVELOPMENT_OR_PRIOR_SEAL,1,2021-01-09,2021-01-24,1
GENERAL_SURGE_SEPN_20250514,SEPN,2025-05-14,1984086,HIGH,,V19_V20_DEVELOPMENT,,DEVELOPMENT_OR_PRIOR_SEAL,1,2025-05-04,2025-05-19,1
GENERAL_SURGE_SES_20241226,SES,2024-12-26,1819142,HIGH,,V19_V20_DEVELOPMENT,,DEVELOPMENT_OR_PRIOR_SEAL,1,2024-12-16,2024-12-31,1
GENERAL_SURGE_SE_20190227,SE,2019-02-27,1703399,HIGH,,V19_V20_DEVELOPMENT,,DEVELOPMENT_OR_PRIOR_SEAL,1,2019-02-17,2019-03-04,0
GENERAL_SURGE_SFHG_20251112,SFHG,2025-11-12,1926792,HIGH,,V19_V20_DEVELOPMENT,,DEVELOPMENT_OR_PRIOR_SEAL,1,2025-11-02,2025-11-17,0
GENERAL_SURGE_SFIX_20240925,SFIX,2024-09-25,1576942,HIGH,,V19_V20_DEVELOPMENT,,DEVELOPMENT_OR_PRIOR_SEAL,1,2024-09-15,2024-09-30,1
GENERAL_SURGE_SGHT_20231026,SGHT,2023-10-26,1531177,HIGH,,V19_V20_DEVELOPMENT,,DEVELOPMENT_OR_PRIOR_SEAL,1,2023-10-16,2023-10-31,1
GENERAL_SURGE_SGLY_20250321,SGLY,2025-03-21,1422892,HIGH,,V19_V20_DEVELOPMENT,,DEVELOPMENT_OR_PRIOR_SEAL,1,2025-03-11,2025-03-26,1
GENERAL_SURGE_SGRP_20180112,SGRP,2018-01-12,1004989,HIGH,,V19_V20_DEVELOPMENT,,DEVELOPMENT_OR_PRIOR_SEAL,1,2018-01-02,2018-01-17,0
GENERAL_SURGE_SHAK_20191105,SHAK,2019-11-05,1620533,HIGH,,V19_V20_DEVELOPMENT,,DEVELOPMENT_OR_PRIOR_SEAL,1,2019-10-26,2019-11-10,0
GENERAL_SURGE_SHFS_20250924,SHFS,2025-09-24,1854963,HIGH,,V19_V20_DEVELOPMENT,,DEVELOPMENT_OR_PRIOR_SEAL,1,2025-09-14,2025-09-29,0
GENERAL_SURGE_SHOP_20241112,SHOP,2024-11-12,1594805,HIGH,,V19_V20_DEVELOPMENT,,DEVELOPMENT_OR_PRIOR_SEAL,1,2024-11-02,2024-11-17,1
GENERAL_SURGE_SHPH_20230523,SHPH,2023-05-23,1757499,HIGH,,V19_V20_DEVELOPMENT,,DEVELOPMENT_OR_PRIOR_SEAL,1,2023-05-13,2023-05-28,1
GENERAL_SURGE_SIBN_20221108,SIBN,2022-11-08,1459839,HIGH,,V19_V20_DEVELOPMENT,,DEVELOPMENT_OR_PRIOR_SEAL,1,2022-10-29,2022-11-13,1
GENERAL_SURGE_SIG_20200116,SIG,2020-01-16,832988,HIGH,,V19_V20_DEVELOPMENT,,DEVELOPMENT_OR_PRIOR_SEAL,1,2020-01-06,2020-01-21,0
GENERAL_SURGE_SILC_20180313,SILC,2018-03-13,916793,HIGH,,V19_V20_DEVELOPMENT,,DEVELOPMENT_OR_PRIOR_SEAL,1,2018-03-03,2018-03-18,0
GENERAL_SURGE_SITE_20200316,SITE,2020-03-16,1650729,HIGH,,V19_V20_DEVELOPMENT,,DEVELOPMENT_OR_PRIOR_SEAL,1,2020-03-06,2020-03-21,0
GENERAL_SURGE_SJ_20240202,SJ,2024-02-02,1753673,HIGH,,V19_V20_DEVELOPMENT,,DEVELOPMENT_OR_PRIOR_SEAL,1,2024-01-23,2024-02-07,1
GENERAL_SURGE_SKIL_20240424,SKIL,2024-04-24,1774675,HIGH,,V19_V20_DEVELOPMENT,,DEVELOPMENT_OR_PRIOR_SEAL,1,2024-04-14,2024-04-29,1
GENERAL_SURGE_SKIN_20231114,SKIN,2023-11-14,1818093,HIGH,,V19_V20_DEVELOPMENT,,DEVELOPMENT_OR_PRIOR_SEAL,1,2023-11-04,2023-11-19,1
GENERAL_SURGE_SKT_20210126,SKT,2021-01-26,899715,HIGH,,V19_V20_DEVELOPMENT,,DEVELOPMENT_OR_PRIOR_SEAL,1,2021-01-16,2021-01-31,1
GENERAL_SURGE_SKYA_20240528,SKYA,2024-05-28,1737995,HIGH,,V19_V20_DEVELOPMENT,,DEVELOPMENT_OR_PRIOR_SEAL,1,2024-05-18,2024-06-02,1
GENERAL_SURGE_SKYH_20230228,SKYH,2023-02-28,1823587,HIGH,,V19_V20_DEVELOPMENT,,DEVELOPMENT_OR_PRIOR_SEAL,1,2023-02-18,2023-03-05,1
GENERAL_SURGE_SKYQ_20250908,SKYQ,2025-09-08,1812447,HIGH,,V19_V20_DEVELOPMENT,,DEVELOPMENT_OR_PRIOR_SEAL,1,2025-08-29,2025-09-13,0
GENERAL_SURGE_SLB_20200309,SLB,2020-03-09,87347,HIGH,,V19_V20_DEVELOPMENT,,DEVELOPMENT_OR_PRIOR_SEAL,1,2020-02-28,2020-03-14,0
GENERAL_SURGE_SLGL_20241223,SLGL,2024-12-23,1684693,HIGH,,V19_V20_DEVELOPMENT,,DEVELOPMENT_OR_PRIOR_SEAL,1,2024-12-13,2024-12-28,1
GENERAL_SURGE_SLGN_20250730,SLGN,2025-07-30,849869,HIGH,,V19_V20_DEVELOPMENT,,DEVELOPMENT_OR_PRIOR_SEAL,1,2025-07-20,2025-08-04,0
GENERAL_SURGE_SLP_20250411,SLP,2025-04-11,1023459,HIGH,,V19_V20_DEVELOPMENT,,DEVELOPMENT_OR_PRIOR_SEAL,1,2025-04-01,2025-04-16,1
GENERAL_SURGE_SLQT_20230207,SLQT,2023-02-07,1794783,HIGH,,V19_V20_DEVELOPMENT,,DEVELOPMENT_OR_PRIOR_SEAL,1,2023-01-28,2023-02-12,1
GENERAL_SURGE_SLSN_20251002,SLSN,2025-10-02,883107,HIGH,,V19_V20_DEVELOPMENT,,DEVELOPMENT_OR_PRIOR_SEAL,1,2025-09-22,2025-10-07,0
GENERAL_SURGE_SLXN_20250225,SLXN,2025-02-25,2022416,HIGH,,V19_V20_DEVELOPMENT,,DEVELOPMENT_OR_PRIOR_SEAL,1,2025-02-15,2025-03-02,1
GENERAL_SURGE_SMCI_20220504,SMCI,2022-05-04,1375365,HIGH,,V19_V20_DEVELOPMENT,,DEVELOPMENT_OR_PRIOR_SEAL,1,2022-04-24,2022-05-09,1
GENERAL_SURGE_SMID_20210715,SMID,2021-07-15,924719,HIGH,,V19_V20_DEVELOPMENT,,DEVELOPMENT_OR_PRIOR_SEAL,1,2021-07-05,2021-07-20,1
GENERAL_SURGE_SMSI_20240917,SMSI,2024-09-17,948708,HIGH,,V19_V20_DEVELOPMENT,,DEVELOPMENT_OR_PRIOR_SEAL,1,2024-09-07,2024-09-22,1
GENERAL_SURGE_SMTC_20250210,SMTC,2025-02-10,88941,HIGH,,V19_V20_DEVELOPMENT,,DEVELOPMENT_OR_PRIOR_SEAL,1,2025-01-31,2025-02-15,1
GENERAL_SURGE_SMTK_20250902,SMTK,2025-09-02,1817760,HIGH,,V19_V20_DEVELOPMENT,,DEVELOPMENT_OR_PRIOR_SEAL,1,2025-08-23,2025-09-07,0
GENERAL_SURGE_SMX_20251128,SMX,2025-11-28,1940674,HIGH,,V19_V20_DEVELOPMENT,,DEVELOPMENT_OR_PRIOR_SEAL,1,2025-11-18,2025-12-03,0
GENERAL_SURGE_SNAL_20241007,SNAL,2024-10-07,1886894,HIGH,,V19_V20_DEVELOPMENT,,DEVELOPMENT_OR_PRIOR_SEAL,1,2024-09-27,2024-10-12,1
GENERAL_SURGE_SNAP_20220204,SNAP,2022-02-04,1564408,HIGH,,V19_V20_DEVELOPMENT,,DEVELOPMENT_OR_PRIOR_SEAL,1,2022-01-25,2022-02-09,1
GENERAL_SURGE_SNBRQ_20231108,SNBRQ,2023-11-08,827187,HIGH,,V19_V20_DEVELOPMENT,,DEVELOPMENT_OR_PRIOR_SEAL,1,2023-10-29,2023-11-13,1
GENERAL_SURGE_SNGX_20240709,SNGX,2024-07-09,812796,HIGH,,V19_V20_DEVELOPMENT,,DEVELOPMENT_OR_PRIOR_SEAL,1,2024-06-29,2024-07-14,1
GENERAL_SURGE_SNN_20200324,SNN,2020-03-24,845982,HIGH,,V19_V20_DEVELOPMENT,,DEVELOPMENT_OR_PRIOR_SEAL,1,2020-03-14,2020-03-29,0
GENERAL_SURGE_SNOA_20200529,SNOA,2020-05-29,1367083,HIGH,,V19_V20_DEVELOPMENT,,DEVELOPMENT_OR_PRIOR_SEAL,1,2020-05-19,2020-06-03,1
GENERAL_SURGE_SNTI_20241202,SNTI,2024-12-02,1854270,HIGH,,V19_V20_DEVELOPMENT,,DEVELOPMENT_OR_PRIOR_SEAL,1,2024-11-22,2024-12-07,1
GENERAL_SURGE_SNY_20231027,SNY,2023-10-27,1121404,HIGH,,V19_V20_DEVELOPMENT,,DEVELOPMENT_OR_PRIOR_SEAL,1,2023-10-17,2023-11-01,1
GENERAL_SURGE_SOAR_20241119,SOAR,2024-11-19,1853070,HIGH,,V19_V20_DEVELOPMENT,,DEVELOPMENT_OR_PRIOR_SEAL,1,2024-11-09,2024-11-24,1
GENERAL_SURGE_SOBR_20241007,SOBR,2024-10-07,1425627,HIGH,,V19_V20_DEVELOPMENT,,DEVELOPMENT_OR_PRIOR_SEAL,1,2024-09-27,2024-10-12,1
GENERAL_SURGE_SORA_20251105,SORA,2025-11-05,2033515,HIGH,,V19_V20_DEVELOPMENT,,DEVELOPMENT_OR_PRIOR_SEAL,1,2025-10-26,2025-11-10,0
GENERAL_SURGE_SOTK_20251021,SOTK,2025-10-21,806172,HIGH,,V19_V20_DEVELOPMENT,,DEVELOPMENT_OR_PRIOR_SEAL,1,2025-10-11,2025-10-26,0
GENERAL_SURGE_SOWG_20250724,SOWG,2025-07-24,1490161,HIGH,,V19_V20_DEVELOPMENT,,DEVELOPMENT_OR_PRIOR_SEAL,1,2025-07-14,2025-07-29,0
GENERAL_SURGE_SPCB_20231010,SPCB,2023-10-10,1291855,HIGH,,V19_V20_DEVELOPMENT,,DEVELOPMENT_OR_PRIOR_SEAL,1,2023-09-30,2023-10-15,1
GENERAL_SURGE_SPG_20201109,SPG,2020-11-09,1063761,HIGH,,V19_V20_DEVELOPMENT,,DEVELOPMENT_OR_PRIOR_SEAL,1,2020-10-30,2020-11-14,1
GENERAL_SURGE_SPH_20231221,SPH,2023-12-21,1005210,HIGH,,V19_V20_DEVELOPMENT,,DEVELOPMENT_OR_PRIOR_SEAL,1,2023-12-11,2023-12-26,1
GENERAL_SURGE_SPNT_20241231,SPNT,2024-12-31,1576018,HIGH,,V19_V20_DEVELOPMENT,,DEVELOPMENT_OR_PRIOR_SEAL,1,2024-12-21,2025-01-05,1
GENERAL_SURGE_SPOT_20220203,SPOT,2022-02-03,1639920,HIGH,,V19_V20_DEVELOPMENT,,DEVELOPMENT_OR_PRIOR_SEAL,1,2022-01-24,2022-02-08,1
GENERAL_SURGE_SPPL_20241104,SPPL,2024-11-04,1948697,HIGH,,V19_V20_DEVELOPMENT,,DEVELOPMENT_OR_PRIOR_SEAL,1,2024-10-25,2024-11-09,1
GENERAL_SURGE_SPPP_20200228,SPPP,2020-02-28,1539190,HIGH,,V19_V20_DEVELOPMENT,,DEVELOPMENT_OR_PRIOR_SEAL,1,2020-02-18,2020-03-04,0
GENERAL_SURGE_SPRC_20250917,SPRC,2025-09-17,1611746,HIGH,,V19_V20_DEVELOPMENT,,DEVELOPMENT_OR_PRIOR_SEAL,1,2025-09-07,2025-09-22,0
GENERAL_SURGE_SPWR_20240429,SPWR,2024-04-29,1838987,HIGH,,V19_V20_DEVELOPMENT,,DEVELOPMENT_OR_PRIOR_SEAL,1,2024-04-19,2024-05-04,1
GENERAL_SURGE_SRE_20180611,SRE,2018-06-11,1032208,HIGH,,V19_V20_DEVELOPMENT,,DEVELOPMENT_OR_PRIOR_SEAL,1,2018-06-01,2018-06-16,0
GENERAL_SURGE_SRFM_20241010,SRFM,2024-10-10,1936224,HIGH,,V19_V20_DEVELOPMENT,,DEVELOPMENT_OR_PRIOR_SEAL,1,2024-09-30,2024-10-15,1
GENERAL_SURGE_SRL_20190501,SRL,2019-05-01,16859,HIGH,,V19_V20_DEVELOPMENT,,DEVELOPMENT_OR_PRIOR_SEAL,1,2019-04-21,2019-05-06,0
GENERAL_SURGE_SSII_20251017,SSII,2025-10-17,1676163,HIGH,,V19_V20_DEVELOPMENT,,DEVELOPMENT_OR_PRIOR_SEAL,1,2025-10-07,2025-10-22,0
GENERAL_SURGE_SSTI_20200219,SSTI,2020-02-19,1351636,HIGH,,V19_V20_DEVELOPMENT,,DEVELOPMENT_OR_PRIOR_SEAL,1,2020-02-09,2020-02-24,0
GENERAL_SURGE_SSTK_20250107,SSTK,2025-01-07,1549346,HIGH,,V19_V20_DEVELOPMENT,,DEVELOPMENT_OR_PRIOR_SEAL,1,2024-12-28,2025-01-12,1
GENERAL_SURGE_SST_20250620,SST,2025-06-20,1805833,HIGH,,V19_V20_DEVELOPMENT,,DEVELOPMENT_OR_PRIOR_SEAL,1,2025-06-10,2025-06-25,1
GENERAL_SURGE_STAK_20250821,STAK,2025-08-21,2002453,HIGH,,V19_V20_DEVELOPMENT,,DEVELOPMENT_OR_PRIOR_SEAL,1,2025-08-11,2025-08-26,0
GENERAL_SURGE_STG_20221202,STG,2022-12-02,1723935,HIGH,,V19_V20_DEVELOPMENT,,DEVELOPMENT_OR_PRIOR_SEAL,1,2022-11-22,2022-12-07,1
GENERAL_SURGE_STI_20251013,STI,2025-10-13,1881551,HIGH,,V19_V20_DEVELOPMENT,,DEVELOPMENT_OR_PRIOR_SEAL,1,2025-10-03,2025-10-18,0
GENERAL_SURGE_STKH_20250929,STKH,2025-09-29,1828098,HIGH,,V19_V20_DEVELOPMENT,,DEVELOPMENT_OR_PRIOR_SEAL,1,2025-09-19,2025-10-04,0
GENERAL_SURGE_STM_20250409,STM,2025-04-09,932787,HIGH,,V19_V20_DEVELOPMENT,,DEVELOPMENT_OR_PRIOR_SEAL,1,2025-03-30,2025-04-14,1
GENERAL_SURGE_STZ_20190109,STZ,2019-01-09,16918,HIGH,,V19_V20_DEVELOPMENT,,DEVELOPMENT_OR_PRIOR_SEAL,1,2018-12-30,2019-01-14,0
GENERAL_SURGE_SUGP_20250709,SUGP,2025-07-09,1969863,HIGH,,V19_V20_DEVELOPMENT,,DEVELOPMENT_OR_PRIOR_SEAL,1,2025-06-29,2025-07-14,0
GENERAL_SURGE_SUNE_20250307,SUNE,2025-03-07,22701,HIGH,,V19_V20_DEVELOPMENT,,DEVELOPMENT_OR_PRIOR_SEAL,1,2025-02-25,2025-03-12,1
GENERAL_SURGE_SUZ_20200312,SUZ,2020-03-12,909327,HIGH,,V19_V20_DEVELOPMENT,,DEVELOPMENT_OR_PRIOR_SEAL,1,2020-03-02,2020-03-17,0
GENERAL_SURGE_SU_20200331,SU,2020-03-31,311337,HIGH,,V19_V20_DEVELOPMENT,,DEVELOPMENT_OR_PRIOR_SEAL,1,2020-03-21,2020-04-05,0
GENERAL_SURGE_SVCO_20250508,SVCO,2025-05-08,1943289,HIGH,,V19_V20_DEVELOPMENT,,DEVELOPMENT_OR_PRIOR_SEAL,1,2025-04-28,2025-05-13,1
GENERAL_SURGE_SVRE_20230504,SVRE,2023-05-04,1894693,HIGH,,V19_V20_DEVELOPMENT,,DEVELOPMENT_OR_PRIOR_SEAL,1,2023-04-24,2023-05-09,1
GENERAL_SURGE_SVRN_20250613,SVRN,2025-06-13,1869467,HIGH,,V19_V20_DEVELOPMENT,,DEVELOPMENT_OR_PRIOR_SEAL,1,2025-06-03,2025-06-18,1
GENERAL_SURGE_SWKS_20250409,SWKS,2025-04-09,4127,HIGH,,V19_V20_DEVELOPMENT,,DEVELOPMENT_OR_PRIOR_SEAL,1,2025-03-30,2025-04-14,1
GENERAL_SURGE_SWVL_20230106,SWVL,2023-01-06,1875609,HIGH,,V19_V20_DEVELOPMENT,,DEVELOPMENT_OR_PRIOR_SEAL,1,2022-12-27,2023-01-11,1
GENERAL_SURGE_SXC_20210729,SXC,2021-07-29,1514705,HIGH,,V19_V20_DEVELOPMENT,,DEVELOPMENT_OR_PRIOR_SEAL,1,2021-07-19,2021-08-03,1
GENERAL_SURGE_SXTC_20250417,SXTC,2025-04-17,1723980,HIGH,,V19_V20_DEVELOPMENT,,DEVELOPMENT_OR_PRIOR_SEAL,1,2025-04-07,2025-04-22,1
GENERAL_SURGE_SXTP_20240812,SXTP,2024-08-12,1946563,HIGH,,V19_V20_DEVELOPMENT,,DEVELOPMENT_OR_PRIOR_SEAL,1,2024-08-02,2024-08-17,1
GENERAL_SURGE_SYBT_20200317,SYBT,2020-03-17,835324,HIGH,,V19_V20_DEVELOPMENT,,DEVELOPMENT_OR_PRIOR_SEAL,1,2020-03-07,2020-03-22,0
GENERAL_SURGE_SYM_20230731,SYM,2023-07-31,1837240,HIGH,,V19_V20_DEVELOPMENT,,DEVELOPMENT_OR_PRIOR_SEAL,1,2023-07-21,2023-08-05,1
GENERAL_SURGE_SYY_20200312,SYY,2020-03-12,96021,HIGH,,V19_V20_DEVELOPMENT,,DEVELOPMENT_OR_PRIOR_SEAL,1,2020-03-02,2020-03-17,0
GENERAL_SURGE_SY_20250623,SY,2025-06-23,1758530,HIGH,,V19_V20_DEVELOPMENT,,DEVELOPMENT_OR_PRIOR_SEAL,1,2025-06-13,2025-06-28,1
GENERAL_SURGE_S_20230602,S,2023-06-02,1583708,HIGH,,V19_V20_DEVELOPMENT,,DEVELOPMENT_OR_PRIOR_SEAL,1,2023-05-23,2023-06-07,1
GENERAL_SURGE_TANH_20230501,TANH,2023-05-01,1588084,HIGH,,V19_V20_DEVELOPMENT,,DEVELOPMENT_OR_PRIOR_SEAL,1,2023-04-21,2023-05-06,1
GENERAL_SURGE_TAOP_20200730,TAOP,2020-07-30,1552670,HIGH,,V19_V20_DEVELOPMENT,,DEVELOPMENT_OR_PRIOR_SEAL,1,2020-07-20,2020-08-04,1
GENERAL_SURGE_TBI_20231024,TBI,2023-10-24,768899,HIGH,,V19_V20_DEVELOPMENT,,DEVELOPMENT_OR_PRIOR_SEAL,1,2023-10-14,2023-10-29,1
GENERAL_SURGE_TBLU_20200312,TBLU,2020-03-12,,UNRESOLVED,,V19_V20_DEVELOPMENT,,DEVELOPMENT_OR_PRIOR_SEAL,1,2020-03-02,2020-03-17,0
GENERAL_SURGE_TCI_20200320,TCI,2020-03-20,733590,HIGH,,V19_V20_DEVELOPMENT,,DEVELOPMENT_OR_PRIOR_SEAL,1,2020-03-10,2020-03-25,0
GENERAL_SURGE_TDG_20200318,TDG,2020-03-18,1260221,HIGH,,V19_V20_DEVELOPMENT,,DEVELOPMENT_OR_PRIOR_SEAL,1,2020-03-08,2020-03-23,0
GENERAL_SURGE_TDTH_20250327,TDTH,2025-03-27,1983550,HIGH,,V19_V20_DEVELOPMENT,,DEVELOPMENT_OR_PRIOR_SEAL,1,2025-03-17,2025-04-01,1
GENERAL_SURGE_TDUP_20230307,TDUP,2023-03-07,1484778,HIGH,,V19_V20_DEVELOPMENT,,DEVELOPMENT_OR_PRIOR_SEAL,1,2023-02-25,2023-03-12,1
GENERAL_SURGE_TECH_20240501,TECH,2024-05-01,842023,HIGH,,V19_V20_DEVELOPMENT,,DEVELOPMENT_OR_PRIOR_SEAL,1,2024-04-21,2024-05-06,1
GENERAL_SURGE_TELA_20250321,TELA,2025-03-21,1561921,HIGH,,V19_V20_DEVELOPMENT,,DEVELOPMENT_OR_PRIOR_SEAL,1,2025-03-11,2025-03-26,1
GENERAL_SURGE_TEL_20200318,TEL,2020-03-18,1385157,HIGH,,V19_V20_DEVELOPMENT,,DEVELOPMENT_OR_PRIOR_SEAL,1,2020-03-08,2020-03-23,0
GENERAL_SURGE_TENB_20201218,TENB,2020-12-18,1660280,HIGH,,V19_V20_DEVELOPMENT,,DEVELOPMENT_OR_PRIOR_SEAL,1,2020-12-08,2020-12-23,1
GENERAL_SURGE_TER_20220127,TER,2022-01-27,97210,HIGH,,V19_V20_DEVELOPMENT,,DEVELOPMENT_OR_PRIOR_SEAL,1,2022-01-17,2022-02-01,1
GENERAL_SURGE_TE_20241106,TE,2024-11-06,1992243,HIGH,,V19_V20_DEVELOPMENT,,DEVELOPMENT_OR_PRIOR_SEAL,1,2024-10-27,2024-11-11,1
GENERAL_SURGE_TFC_20230313,TFC,2023-03-13,92230,HIGH,,V19_V20_DEVELOPMENT,,DEVELOPMENT_OR_PRIOR_SEAL,1,2023-03-03,2023-03-18,1
GENERAL_SURGE_TGTX_20230801,TGTX,2023-08-01,1001316,HIGH,,V19_V20_DEVELOPMENT,,DEVELOPMENT_OR_PRIOR_SEAL,1,2023-07-22,2023-08-06,1
GENERAL_SURGE_TGT_20220518,TGT,2022-05-18,27419,HIGH,,V19_V20_DEVELOPMENT,,DEVELOPMENT_OR_PRIOR_SEAL,1,2022-05-08,2022-05-23,1
GENERAL_SURGE_TJGC_20251031,TJGC,2025-10-31,1969928,HIGH,,V19_V20_DEVELOPMENT,,DEVELOPMENT_OR_PRIOR_SEAL,1,2025-10-21,2025-11-05,0
GENERAL_SURGE_TLK_20200319,TLK,2020-03-19,1001807,HIGH,,V19_V20_DEVELOPMENT,,DEVELOPMENT_OR_PRIOR_SEAL,1,2020-03-09,2020-03-24,0
GENERAL_SURGE_TLPH_20250908,TLPH,2025-09-08,1427925,HIGH,,V19_V20_DEVELOPMENT,,DEVELOPMENT_OR_PRIOR_SEAL,1,2025-08-29,2025-09-13,0
GENERAL_SURGE_TLRY_20200326,TLRY,2020-03-26,1731348,HIGH,,V19_V20_DEVELOPMENT,,DEVELOPMENT_OR_PRIOR_SEAL,1,2020-03-16,2020-03-31,0
GENERAL_SURGE_TLSI_20231214,TLSI,2023-12-14,1826667,HIGH,,V19_V20_DEVELOPMENT,,DEVELOPMENT_OR_PRIOR_SEAL,1,2023-12-04,2023-12-19,1
GENERAL_SURGE_TLYS_20250530,TLYS,2025-05-30,1524025,HIGH,,V19_V20_DEVELOPMENT,,DEVELOPMENT_OR_PRIOR_SEAL,1,2025-05-20,2025-06-04,1
GENERAL_SURGE_TMC_20250424,TMC,2025-04-24,1798562,HIGH,,V19_V20_DEVELOPMENT,,DEVELOPMENT_OR_PRIOR_SEAL,1,2025-04-14,2025-04-29,1
GENERAL_SURGE_TMUS_20200211,TMUS,2020-02-11,1283699,HIGH,,V19_V20_DEVELOPMENT,,DEVELOPMENT_OR_PRIOR_SEAL,1,2020-02-01,2020-02-16,0
GENERAL_SURGE_TNC_20230428,TNC,2023-04-28,97134,HIGH,,V19_V20_DEVELOPMENT,,DEVELOPMENT_OR_PRIOR_SEAL,1,2023-04-18,2023-05-03,1
GENERAL_SURGE_TNMG_20251008,TNMG,2025-10-08,2013186,HIGH,,V19_V20_DEVELOPMENT,,DEVELOPMENT_OR_PRIOR_SEAL,1,2025-09-28,2025-10-13,0
GENERAL_SURGE_TNON_20230215,TNON,2023-02-15,1560293,HIGH,,V19_V20_DEVELOPMENT,,DEVELOPMENT_OR_PRIOR_SEAL,1,2023-02-05,2023-02-20,1
GENERAL_SURGE_TORO_20251205,TORO,2025-12-05,1941131,HIGH,,V19_V20_DEVELOPMENT,,DEVELOPMENT_OR_PRIOR_SEAL,1,2025-11-25,2025-12-10,0
GENERAL_SURGE_TOYO_20241226,TOYO,2024-12-26,1985273,HIGH,,V19_V20_DEVELOPMENT,,DEVELOPMENT_OR_PRIOR_SEAL,1,2024-12-16,2024-12-31,1
GENERAL_SURGE_TPR_20190815,TPR,2019-08-15,1116132,HIGH,,V19_V20_DEVELOPMENT,,DEVELOPMENT_OR_PRIOR_SEAL,1,2019-08-05,2019-08-20,0
GENERAL_SURGE_TPST_20231011,TPST,2023-10-11,1544227,HIGH,,V19_V20_DEVELOPMENT,,DEVELOPMENT_OR_PRIOR_SEAL,1,2023-10-01,2023-10-16,1
GENERAL_SURGE_TPZ_20200312,TPZ,2020-03-12,,UNRESOLVED,,V19_V20_DEVELOPMENT,,DEVELOPMENT_OR_PRIOR_SEAL,1,2020-03-02,2020-03-17,0
GENERAL_SURGE_TRAW_20241223,TRAW,2024-12-23,1130598,HIGH,,V19_V20_DEVELOPMENT,,DEVELOPMENT_OR_PRIOR_SEAL,1,2024-12-13,2024-12-28,1
GENERAL_SURGE_TRC_20200316,TRC,2020-03-16,96869,HIGH,,V19_V20_DEVELOPMENT,,DEVELOPMENT_OR_PRIOR_SEAL,1,2020-03-06,2020-03-21,0
GENERAL_SURGE_TREX_20251105,TREX,2025-11-05,1069878,HIGH,,V19_V20_DEVELOPMENT,,DEVELOPMENT_OR_PRIOR_SEAL,1,2025-10-26,2025-11-10,0
GENERAL_SURGE_TRGP_20200309,TRGP,2020-03-09,1389170,HIGH,,V19_V20_DEVELOPMENT,,DEVELOPMENT_OR_PRIOR_SEAL,1,2020-02-28,2020-03-14,0
GENERAL_SURGE_TRIB_20250128,TRIB,2025-01-28,888721,HIGH,,V19_V20_DEVELOPMENT,,DEVELOPMENT_OR_PRIOR_SEAL,1,2025-01-18,2025-02-02,1
GENERAL_SURGE_TRMB_20200319,TRMB,2020-03-19,864749,HIGH,,V19_V20_DEVELOPMENT,,DEVELOPMENT_OR_PRIOR_SEAL,1,2020-03-09,2020-03-24,0
GENERAL_SURGE_TRNO_20200316,TRNO,2020-03-16,1476150,HIGH,,V19_V20_DEVELOPMENT,,DEVELOPMENT_OR_PRIOR_SEAL,1,2020-03-06,2020-03-21,0
GENERAL_SURGE_TRNR_20240617,TRNR,2024-06-17,1785056,HIGH,,V19_V20_DEVELOPMENT,,DEVELOPMENT_OR_PRIOR_SEAL,1,2024-06-07,2024-06-22,1
GENERAL_SURGE_TRON_20250616,TRON,2025-06-16,1956744,HIGH,,V19_V20_DEVELOPMENT,,DEVELOPMENT_OR_PRIOR_SEAL,1,2025-06-06,2025-06-21,1
GENERAL_SURGE_TRU_20250409,TRU,2025-04-09,1552033,HIGH,,V19_V20_DEVELOPMENT,,DEVELOPMENT_OR_PRIOR_SEAL,1,2025-03-30,2025-04-14,1
GENERAL_SURGE_TRV_20200316,TRV,2020-03-16,86312,HIGH,,V19_V20_DEVELOPMENT,,DEVELOPMENT_OR_PRIOR_SEAL,1,2020-03-06,2020-03-21,0
GENERAL_SURGE_TSCO_20220518,TSCO,2022-05-18,916365,HIGH,,V19_V20_DEVELOPMENT,,DEVELOPMENT_OR_PRIOR_SEAL,1,2022-05-08,2022-05-23,1
GENERAL_SURGE_TSEM_20220215,TSEM,2022-02-15,928876,HIGH,,V19_V20_DEVELOPMENT,,DEVELOPMENT_OR_PRIOR_SEAL,1,2022-02-05,2022-02-20,1
GENERAL_SURGE_TTMI_20220804,TTMI,2022-08-04,1116942,HIGH,,V19_V20_DEVELOPMENT,,DEVELOPMENT_OR_PRIOR_SEAL,1,2022-07-25,2022-08-09,1
GENERAL_SURGE_TTWO_20221108,TTWO,2022-11-08,946581,HIGH,,V19_V20_DEVELOPMENT,,DEVELOPMENT_OR_PRIOR_SEAL,1,2022-10-29,2022-11-13,1
GENERAL_SURGE_TT_20231101,TT,2023-11-01,1466258,HIGH,,V19_V20_DEVELOPMENT,,DEVELOPMENT_OR_PRIOR_SEAL,1,2023-10-22,2023-11-06,1
GENERAL_SURGE_TURB_20250916,TURB,2025-09-16,1963439,HIGH,,V19_V20_DEVELOPMENT,,DEVELOPMENT_OR_PRIOR_SEAL,1,2025-09-06,2025-09-21,0
GENERAL_SURGE_TUSK_20201208,TUSK,2020-12-08,1679268,HIGH,,V19_V20_DEVELOPMENT,,DEVELOPMENT_OR_PRIOR_SEAL,1,2020-11-28,2020-12-13,1
GENERAL_SURGE_TVRD_20251013,TVRD,2025-10-13,1346830,HIGH,,V19_V20_DEVELOPMENT,,DEVELOPMENT_OR_PRIOR_SEAL,1,2025-10-03,2025-10-18,0
GENERAL_SURGE_TWAV_20221003,TWAV,2022-10-03,746210,HIGH,,V19_V20_DEVELOPMENT,,DEVELOPMENT_OR_PRIOR_SEAL,1,2022-09-23,2022-10-08,1
GENERAL_SURGE_TWG_20241011,TWG,2024-10-11,1978057,HIGH,,V19_V20_DEVELOPMENT,,DEVELOPMENT_OR_PRIOR_SEAL,1,2024-10-01,2024-10-16,1
GENERAL_SURGE_TXG_20241010,TXG,2024-10-10,1770787,HIGH,,V19_V20_DEVELOPMENT,,DEVELOPMENT_OR_PRIOR_SEAL,1,2024-09-30,2024-10-15,1
GENERAL_SURGE_TXMD_20220531,TXMD,2022-05-31,25743,HIGH,,V19_V20_DEVELOPMENT,,DEVELOPMENT_OR_PRIOR_SEAL,1,2022-05-21,2022-06-05,1
GENERAL_SURGE_TXNM_20201021,TXNM,2020-10-21,1108426,HIGH,,V19_V20_DEVELOPMENT,,DEVELOPMENT_OR_PRIOR_SEAL,1,2020-10-11,2020-10-26,1
GENERAL_SURGE_TXRH_20191029,TXRH,2019-10-29,1289460,HIGH,,V19_V20_DEVELOPMENT,,DEVELOPMENT_OR_PRIOR_SEAL,1,2019-10-19,2019-11-03,0
GENERAL_SURGE_TYGO_20230809,TYGO,2023-08-09,1855447,HIGH,,V19_V20_DEVELOPMENT,,DEVELOPMENT_OR_PRIOR_SEAL,1,2023-07-30,2023-08-14,1
GENERAL_SURGE_TYL_20210304,TYL,2021-03-04,860731,HIGH,,V19_V20_DEVELOPMENT,,DEVELOPMENT_OR_PRIOR_SEAL,1,2021-02-22,2021-03-09,1
GENERAL_SURGE_UAL_20200318,UAL,2020-03-18,100517,HIGH,,V19_V20_DEVELOPMENT,,DEVELOPMENT_OR_PRIOR_SEAL,1,2020-03-08,2020-03-23,0
GENERAL_SURGE_UBS_20230321,UBS,2023-03-21,1610520,HIGH,,V19_V20_DEVELOPMENT,,DEVELOPMENT_OR_PRIOR_SEAL,1,2023-03-11,2023-03-26,1
GENERAL_SURGE_UCAR_20231204,UCAR,2023-12-04,1939780,HIGH,,V19_V20_DEVELOPMENT,,DEVELOPMENT_OR_PRIOR_SEAL,1,2023-11-24,2023-12-09,1
GENERAL_SURGE_UCL_20241218,UCL,2024-12-18,1775898,HIGH,,V19_V20_DEVELOPMENT,,DEVELOPMENT_OR_PRIOR_SEAL,1,2024-12-08,2024-12-23,1
GENERAL_SURGE_UGP_20210225,UGP,2021-02-25,1094972,HIGH,,V19_V20_DEVELOPMENT,,DEVELOPMENT_OR_PRIOR_SEAL,1,2021-02-15,2021-03-02,1
GENERAL_SURGE_UHT_20201109,UHT,2020-11-09,798783,HIGH,,V19_V20_DEVELOPMENT,,DEVELOPMENT_OR_PRIOR_SEAL,1,2020-10-30,2020-11-14,1
GENERAL_SURGE_UK_20231228,UK,2023-12-28,1821424,HIGH,,V19_V20_DEVELOPMENT,,DEVELOPMENT_OR_PRIOR_SEAL,1,2023-12-18,2024-01-02,1
GENERAL_SURGE_ULTA_20190830,ULTA,2019-08-30,1403568,HIGH,,V19_V20_DEVELOPMENT,,DEVELOPMENT_OR_PRIOR_SEAL,1,2019-08-20,2019-09-04,0
GENERAL_SURGE_UMC_20200727,UMC,2020-07-27,1033767,HIGH,,V19_V20_DEVELOPMENT,,DEVELOPMENT_OR_PRIOR_SEAL,1,2020-07-17,2020-08-01,1
GENERAL_SURGE_UNMA_20200318,UNMA,2020-03-18,5513,HIGH,,V19_V20_DEVELOPMENT,,DEVELOPMENT_OR_PRIOR_SEAL,1,2020-03-08,2020-03-23,0
GENERAL_SURGE_UNP_20230726,UNP,2023-07-26,100885,HIGH,,V19_V20_DEVELOPMENT,,DEVELOPMENT_OR_PRIOR_SEAL,1,2023-07-16,2023-07-31,1
GENERAL_SURGE_UONEK_20200616,UONEK,2020-06-16,1041657,HIGH,,V19_V20_DEVELOPMENT,,DEVELOPMENT_OR_PRIOR_SEAL,1,2020-06-06,2020-06-21,1
GENERAL_SURGE_UONE_20200616,UONE,2020-06-16,1041657,HIGH,,V19_V20_DEVELOPMENT,,DEVELOPMENT_OR_PRIOR_SEAL,1,2020-06-06,2020-06-21,1
GENERAL_SURGE_UPLD_20240503,UPLD,2024-05-03,1505155,HIGH,,V19_V20_DEVELOPMENT,,DEVELOPMENT_OR_PRIOR_SEAL,1,2024-04-23,2024-05-08,1
GENERAL_SURGE_URAA_20250523,URAA,2025-05-23,,UNRESOLVED,,V19_V20_DEVELOPMENT,,DEVELOPMENT_OR_PRIOR_SEAL,1,2025-05-13,2025-05-28,1
GENERAL_SURGE_URI_20181018,URI,2018-10-18,1067701,HIGH,,V19_V20_DEVELOPMENT,,DEVELOPMENT_OR_PRIOR_SEAL,1,2018-10-08,2018-10-23,0
GENERAL_SURGE_UROY_20221107,UROY,2022-11-07,1711570,HIGH,,V19_V20_DEVELOPMENT,,DEVELOPMENT_OR_PRIOR_SEAL,1,2022-10-28,2022-11-12,1
GENERAL_SURGE_USFD_20200319,USFD,2020-03-19,1665918,HIGH,,V19_V20_DEVELOPMENT,,DEVELOPMENT_OR_PRIOR_SEAL,1,2020-03-09,2020-03-24,0
GENERAL_SURGE_UTHR_20250902,UTHR,2025-09-02,1082554,HIGH,,V19_V20_DEVELOPMENT,,DEVELOPMENT_OR_PRIOR_SEAL,1,2025-08-23,2025-09-07,0
GENERAL_SURGE_UTI_20200312,UTI,2020-03-12,1261654,HIGH,,V19_V20_DEVELOPMENT,,DEVELOPMENT_OR_PRIOR_SEAL,1,2020-03-02,2020-03-17,0
GENERAL_SURGE_UUU_20250902,UUU,2025-09-02,102109,HIGH,,V19_V20_DEVELOPMENT,,DEVELOPMENT_OR_PRIOR_SEAL,1,2025-08-23,2025-09-07,0
GENERAL_SURGE_UVE_20220211,UVE,2022-02-11,891166,HIGH,,V19_V20_DEVELOPMENT,,DEVELOPMENT_OR_PRIOR_SEAL,1,2022-02-01,2022-02-16,1
GENERAL_SURGE_UVV_20180524,UVV,2018-05-24,102037,HIGH,,V19_V20_DEVELOPMENT,,DEVELOPMENT_OR_PRIOR_SEAL,1,2018-05-14,2018-05-29,0
GENERAL_SURGE_UWMC_20211119,UWMC,2021-11-19,1783398,HIGH,,V19_V20_DEVELOPMENT,,DEVELOPMENT_OR_PRIOR_SEAL,1,2021-11-09,2021-11-24,1
GENERAL_SURGE_UZX_20240920,UZX,2024-09-20,1969401,HIGH,,V19_V20_DEVELOPMENT,,DEVELOPMENT_OR_PRIOR_SEAL,1,2024-09-10,2024-09-25,1
GENERAL_SURGE_VBIO_20250212,VBIO,2025-02-12,1787740,HIGH,,V19_V20_DEVELOPMENT,,DEVELOPMENT_OR_PRIOR_SEAL,1,2025-02-02,2025-02-17,1
GENERAL_SURGE_VBNK_20241217,VBNK,2024-12-17,1690639,HIGH,,V19_V20_DEVELOPMENT,,DEVELOPMENT_OR_PRIOR_SEAL,1,2024-12-07,2024-12-22,1
GENERAL_SURGE_VCYT_20181031,VCYT,2018-10-31,1384101,HIGH,,V19_V20_DEVELOPMENT,,DEVELOPMENT_OR_PRIOR_SEAL,1,2018-10-21,2018-11-05,0
GENERAL_SURGE_VEEA_20240918,VEEA,2024-09-18,1840317,HIGH,,V19_V20_DEVELOPMENT,,DEVELOPMENT_OR_PRIOR_SEAL,1,2024-09-08,2024-09-23,1
GENERAL_SURGE_VEEV_20250529,VEEV,2025-05-29,1393052,HIGH,,V19_V20_DEVELOPMENT,,DEVELOPMENT_OR_PRIOR_SEAL,1,2025-05-19,2025-06-03,1
GENERAL_SURGE_VERU_20220411,VERU,2022-04-11,863894,HIGH,,V19_V20_DEVELOPMENT,,DEVELOPMENT_OR_PRIOR_SEAL,1,2022-04-01,2022-04-16,1
GENERAL_SURGE_VG_20251010,VG,2025-10-10,2007855,HIGH,,V19_V20_DEVELOPMENT,,DEVELOPMENT_OR_PRIOR_SEAL,1,2025-09-30,2025-10-15,0
GENERAL_SURGE_VHC_20190115,VHC,2019-01-15,1082324,HIGH,,V19_V20_DEVELOPMENT,,DEVELOPMENT_OR_PRIOR_SEAL,1,2019-01-05,2019-01-20,0
GENERAL_SURGE_VHI_20190312,VHI,2019-03-12,59255,HIGH,,V19_V20_DEVELOPMENT,,DEVELOPMENT_OR_PRIOR_SEAL,1,2019-03-02,2019-03-17,0
GENERAL_SURGE_VICR_20230726,VICR,2023-07-26,751978,HIGH,,V19_V20_DEVELOPMENT,,DEVELOPMENT_OR_PRIOR_SEAL,1,2023-07-16,2023-07-31,1
GENERAL_SURGE_VIP_20210322,VIP,2021-03-22,1844971,HIGH,,V19_V20_DEVELOPMENT,,DEVELOPMENT_OR_PRIOR_SEAL,1,2021-03-12,2021-03-27,1
GENERAL_SURGE_VIVO_20240402,VIVO,2024-04-02,1681348,HIGH,,V19_V20_DEVELOPMENT,,DEVELOPMENT_OR_PRIOR_SEAL,1,2024-03-23,2024-04-07,1
GENERAL_SURGE_VLN_20241227,VLN,2024-12-27,1863006,HIGH,,V19_V20_DEVELOPMENT,,DEVELOPMENT_OR_PRIOR_SEAL,1,2024-12-17,2025-01-01,1
GENERAL_SURGE_VMAR_20240913,VMAR,2024-09-13,1813783,HIGH,,V19_V20_DEVELOPMENT,,DEVELOPMENT_OR_PRIOR_SEAL,1,2024-09-03,2024-09-18,1
GENERAL_SURGE_VNCE_20250911,VNCE,2025-09-11,1579157,HIGH,,V19_V20_DEVELOPMENT,,DEVELOPMENT_OR_PRIOR_SEAL,1,2025-09-01,2025-09-16,0
GENERAL_SURGE_VNDA_20240403,VNDA,2024-04-03,1347178,HIGH,,V19_V20_DEVELOPMENT,,DEVELOPMENT_OR_PRIOR_SEAL,1,2024-03-24,2024-04-08,1
GENERAL_SURGE_VOYA_20200312,VOYA,2020-03-12,1535929,HIGH,,V19_V20_DEVELOPMENT,,DEVELOPMENT_OR_PRIOR_SEAL,1,2020-03-02,2020-03-17,0
GENERAL_SURGE_VOYG_20251219,VOYG,2025-12-19,1788060,HIGH,,V19_V20_DEVELOPMENT,,DEVELOPMENT_OR_PRIOR_SEAL,1,2025-12-09,2025-12-24,0
GENERAL_SURGE_VRSK_20251029,VRSK,2025-10-29,1442145,HIGH,,V19_V20_DEVELOPMENT,,DEVELOPMENT_OR_PRIOR_SEAL,1,2025-10-19,2025-11-03,0
GENERAL_SURGE_VRTX_20201015,VRTX,2020-10-15,875320,HIGH,,V19_V20_DEVELOPMENT,,DEVELOPMENT_OR_PRIOR_SEAL,1,2020-10-05,2020-10-20,1
GENERAL_SURGE_VRT_20220223,VRT,2022-02-23,1674101,HIGH,,V19_V20_DEVELOPMENT,,DEVELOPMENT_OR_PRIOR_SEAL,1,2022-02-13,2022-02-28,1
GENERAL_SURGE_VSEE_20251021,VSEE,2025-10-21,1864531,HIGH,,V19_V20_DEVELOPMENT,,DEVELOPMENT_OR_PRIOR_SEAL,1,2025-10-11,2025-10-26,0
GENERAL_SURGE_VST_20250127,VST,2025-01-27,1692819,HIGH,,V19_V20_DEVELOPMENT,,DEVELOPMENT_OR_PRIOR_SEAL,1,2025-01-17,2025-02-01,1
GENERAL_SURGE_VS_20241016,VS,2024-10-16,1701963,HIGH,,V19_V20_DEVELOPMENT,,DEVELOPMENT_OR_PRIOR_SEAL,1,2024-10-06,2024-10-21,1
GENERAL_SURGE_VVOS_20231129,VVOS,2023-11-29,1716166,HIGH,,V19_V20_DEVELOPMENT,,DEVELOPMENT_OR_PRIOR_SEAL,1,2023-11-19,2023-12-04,1
GENERAL_SURGE_VYGR_20211006,VYGR,2021-10-06,1640266,HIGH,,V19_V20_DEVELOPMENT,,DEVELOPMENT_OR_PRIOR_SEAL,1,2021-09-26,2021-10-11,1
GENERAL_SURGE_VZ_20230717,VZ,2023-07-17,732712,HIGH,,V19_V20_DEVELOPMENT,,DEVELOPMENT_OR_PRIOR_SEAL,1,2023-07-07,2023-07-22,1
GENERAL_SURGE_WAB_20200318,WAB,2020-03-18,943452,HIGH,,V19_V20_DEVELOPMENT,,DEVELOPMENT_OR_PRIOR_SEAL,1,2020-03-08,2020-03-23,0
GENERAL_SURGE_WAFU_20200611,WAFU,2020-06-11,1716770,HIGH,,V19_V20_DEVELOPMENT,,DEVELOPMENT_OR_PRIOR_SEAL,1,2020-06-01,2020-06-16,1
GENERAL_SURGE_WALD_20230821,WALD,2023-08-21,1840199,HIGH,,V19_V20_DEVELOPMENT,,DEVELOPMENT_OR_PRIOR_SEAL,1,2023-08-11,2023-08-26,1
GENERAL_SURGE_WBD_20250911,WBD,2025-09-11,1437107,HIGH,,V19_V20_DEVELOPMENT,,DEVELOPMENT_OR_PRIOR_SEAL,1,2025-09-01,2025-09-16,0
GENERAL_SURGE_WBS_20200318,WBS,2020-03-18,801337,HIGH,,V19_V20_DEVELOPMENT,,DEVELOPMENT_OR_PRIOR_SEAL,1,2020-03-08,2020-03-23,0
GENERAL_SURGE_WDC_20181026,WDC,2018-10-26,106040,HIGH,,V19_V20_DEVELOPMENT,,DEVELOPMENT_OR_PRIOR_SEAL,1,2018-10-16,2018-10-31,0
GENERAL_SURGE_WDFC_20230711,WDFC,2023-07-11,105132,HIGH,,V19_V20_DEVELOPMENT,,DEVELOPMENT_OR_PRIOR_SEAL,1,2023-07-01,2023-07-16,1
GENERAL_SURGE_WEA_20200312,WEA,2020-03-12,1163792,HIGH,,V19_V20_DEVELOPMENT,,DEVELOPMENT_OR_PRIOR_SEAL,1,2020-03-02,2020-03-17,0
GENERAL_SURGE_WEC_20200320,WEC,2020-03-20,783325,HIGH,,V19_V20_DEVELOPMENT,,DEVELOPMENT_OR_PRIOR_SEAL,1,2020-03-10,2020-03-25,0
GENERAL_SURGE_WETH_20241007,WETH,2024-10-07,1826660,HIGH,,V19_V20_DEVELOPMENT,,DEVELOPMENT_OR_PRIOR_SEAL,1,2024-09-27,2024-10-12,1
GENERAL_SURGE_WEX_20201109,WEX,2020-11-09,1309108,HIGH,,V19_V20_DEVELOPMENT,,DEVELOPMENT_OR_PRIOR_SEAL,1,2020-10-30,2020-11-14,1
GENERAL_SURGE_WFCF_20211117,WFCF,2021-11-17,1360565,HIGH,,V19_V20_DEVELOPMENT,,DEVELOPMENT_OR_PRIOR_SEAL,1,2021-11-07,2021-11-22,1
GENERAL_SURGE_WFC_20200312,WFC,2020-03-12,72971,HIGH,,V19_V20_DEVELOPMENT,,DEVELOPMENT_OR_PRIOR_SEAL,1,2020-03-02,2020-03-17,0
GENERAL_SURGE_WFF_20251001,WFF,2025-10-01,1980210,HIGH,,V19_V20_DEVELOPMENT,,DEVELOPMENT_OR_PRIOR_SEAL,1,2025-09-21,2025-10-06,0
GENERAL_SURGE_WHF_20200316,WHF,2020-03-16,1552198,HIGH,,V19_V20_DEVELOPMENT,,DEVELOPMENT_OR_PRIOR_SEAL,1,2020-03-06,2020-03-21,0
GENERAL_SURGE_WH_20200318,WH,2020-03-18,1722684,HIGH,,V19_V20_DEVELOPMENT,,DEVELOPMENT_OR_PRIOR_SEAL,1,2020-03-08,2020-03-23,0
GENERAL_SURGE_WIT_20240112,WIT,2024-01-12,1123799,HIGH,,V19_V20_DEVELOPMENT,,DEVELOPMENT_OR_PRIOR_SEAL,1,2024-01-02,2024-01-17,1
GENERAL_SURGE_WIX_20240520,WIX,2024-05-20,1576789,HIGH,,V19_V20_DEVELOPMENT,,DEVELOPMENT_OR_PRIOR_SEAL,1,2024-05-10,2024-05-25,1
GENERAL_SURGE_WKHS_20190508,WKHS,2019-05-08,1425287,HIGH,,V19_V20_DEVELOPMENT,,DEVELOPMENT_OR_PRIOR_SEAL,1,2019-04-28,2019-05-13,0
GENERAL_SURGE_WMT_20220517,WMT,2022-05-17,104169,HIGH,,V19_V20_DEVELOPMENT,,DEVELOPMENT_OR_PRIOR_SEAL,1,2022-05-07,2022-05-22,1
GENERAL_SURGE_WOK_20250924,WOK,2025-09-24,1929783,HIGH,,V19_V20_DEVELOPMENT,,DEVELOPMENT_OR_PRIOR_SEAL,1,2025-09-14,2025-09-29,0
GENERAL_SURGE_WOR_20220323,WOR,2022-03-23,108516,HIGH,,V19_V20_DEVELOPMENT,,DEVELOPMENT_OR_PRIOR_SEAL,1,2022-03-13,2022-03-28,1
GENERAL_SURGE_WPRT_20200918,WPRT,2020-09-18,1370416,HIGH,,V19_V20_DEVELOPMENT,,DEVELOPMENT_OR_PRIOR_SEAL,1,2020-09-08,2020-09-23,1
GENERAL_SURGE_WYHG_20250630,WYHG,2025-06-30,1999860,HIGH,,V19_V20_DEVELOPMENT,,DEVELOPMENT_OR_PRIOR_SEAL,1,2025-06-20,2025-07-05,1
GENERAL_SURGE_WYNN_20201109,WYNN,2020-11-09,1174922,HIGH,,V19_V20_DEVELOPMENT,,DEVELOPMENT_OR_PRIOR_SEAL,1,2020-10-30,2020-11-14,1
GENERAL_SURGE_WY_20200313,WY,2020-03-13,106535,HIGH,,V19_V20_DEVELOPMENT,,DEVELOPMENT_OR_PRIOR_SEAL,1,2020-03-03,2020-03-18,0
GENERAL_SURGE_W_20200406,W,2020-04-06,1616707,HIGH,,V19_V20_DEVELOPMENT,,DEVELOPMENT_OR_PRIOR_SEAL,1,2020-03-27,2020-04-11,0
GENERAL_SURGE_XAIR_20250908,XAIR,2025-09-08,1641631,HIGH,,V19_V20_DEVELOPMENT,,DEVELOPMENT_OR_PRIOR_SEAL,1,2025-08-29,2025-09-13,0
GENERAL_SURGE_XBIO_20201209,XBIO,2020-12-09,1534525,HIGH,,V19_V20_DEVELOPMENT,,DEVELOPMENT_OR_PRIOR_SEAL,1,2020-11-29,2020-12-14,1
GENERAL_SURGE_XBP_20240506,XBP,2024-05-06,1839530,HIGH,,V19_V20_DEVELOPMENT,,DEVELOPMENT_OR_PRIOR_SEAL,1,2024-04-26,2024-05-11,1
GENERAL_SURGE_XCUR_20240719,XCUR,2024-07-19,1698530,HIGH,,V19_V20_DEVELOPMENT,,DEVELOPMENT_OR_PRIOR_SEAL,1,2024-07-09,2024-07-24,1
GENERAL_SURGE_XELB_20210405,XELB,2021-04-05,1083220,HIGH,,V19_V20_DEVELOPMENT,,DEVELOPMENT_OR_PRIOR_SEAL,1,2021-03-26,2021-04-10,1
GENERAL_SURGE_XEL_20240229,XEL,2024-02-29,72903,HIGH,,V19_V20_DEVELOPMENT,,DEVELOPMENT_OR_PRIOR_SEAL,1,2024-02-19,2024-03-05,1
GENERAL_SURGE_XFOR_20181127,XFOR,2018-11-27,1501697,HIGH,,V19_V20_DEVELOPMENT,,DEVELOPMENT_OR_PRIOR_SEAL,1,2018-11-17,2018-12-02,0
GENERAL_SURGE_XGN_20221115,XGN,2022-11-15,1274737,HIGH,,V19_V20_DEVELOPMENT,,DEVELOPMENT_OR_PRIOR_SEAL,1,2022-11-05,2022-11-20,1
GENERAL_SURGE_XHLD_20251028,XHLD,2025-10-28,2030954,HIGH,,V19_V20_DEVELOPMENT,,DEVELOPMENT_OR_PRIOR_SEAL,1,2025-10-18,2025-11-02,0
GENERAL_SURGE_XOM_20200309,XOM,2020-03-09,34088,HIGH,,V19_V20_DEVELOPMENT,,DEVELOPMENT_OR_PRIOR_SEAL,1,2020-02-28,2020-03-14,0
GENERAL_SURGE_XOS_20250220,XOS,2025-02-20,1819493,HIGH,,V19_V20_DEVELOPMENT,,DEVELOPMENT_OR_PRIOR_SEAL,1,2025-02-10,2025-02-25,1
GENERAL_SURGE_XPL_20201007,XPL,2020-10-07,917225,HIGH,,V19_V20_DEVELOPMENT,,DEVELOPMENT_OR_PRIOR_SEAL,1,2020-09-27,2020-10-12,1
GENERAL_SURGE_XPON_20221223,XPON,2022-12-23,1894954,HIGH,,V19_V20_DEVELOPMENT,,DEVELOPMENT_OR_PRIOR_SEAL,1,2022-12-13,2022-12-28,1
GENERAL_SURGE_XRTX_20240829,XRTX,2024-08-29,1729214,HIGH,,V19_V20_DEVELOPMENT,,DEVELOPMENT_OR_PRIOR_SEAL,1,2024-08-19,2024-09-03,1
GENERAL_SURGE_XTLB_20240320,XTLB,2024-03-20,1023549,HIGH,,V19_V20_DEVELOPMENT,,DEVELOPMENT_OR_PRIOR_SEAL,1,2024-03-10,2024-03-25,1
GENERAL_SURGE_XWEL_20190626,XWEL,2019-06-26,1410428,HIGH,,V19_V20_DEVELOPMENT,,DEVELOPMENT_OR_PRIOR_SEAL,1,2019-06-16,2019-07-01,0
GENERAL_SURGE_XXII_20240405,XXII,2024-04-05,1347858,HIGH,,V19_V20_DEVELOPMENT,,DEVELOPMENT_OR_PRIOR_SEAL,1,2024-03-26,2024-04-10,1
GENERAL_SURGE_XYF_20201020,XYF,2020-10-20,1725033,HIGH,,V19_V20_DEVELOPMENT,,DEVELOPMENT_OR_PRIOR_SEAL,1,2020-10-10,2020-10-25,1
GENERAL_SURGE_YAAS_20250624,YAAS,2025-06-24,1964946,HIGH,,V19_V20_DEVELOPMENT,,DEVELOPMENT_OR_PRIOR_SEAL,1,2025-06-14,2025-06-29,1
GENERAL_SURGE_YARW_20230419,YARW,2023-04-19,1566044,HIGH,,V19_V20_DEVELOPMENT,,DEVELOPMENT_OR_PRIOR_SEAL,1,2023-04-09,2023-04-24,1
GENERAL_SURGE_YGLD_20251021,YGLD,2025-10-21,,UNRESOLVED,,V19_V20_DEVELOPMENT,,DEVELOPMENT_OR_PRIOR_SEAL,1,2025-10-11,2025-10-26,0
GENERAL_SURGE_YHC_20250716,YHC,2025-07-16,1843165,HIGH,,V19_V20_DEVELOPMENT,,DEVELOPMENT_OR_PRIOR_SEAL,1,2025-07-06,2025-07-21,0
GENERAL_SURGE_YIBO_20250128,YIBO,2025-01-28,1868395,HIGH,,V19_V20_DEVELOPMENT,,DEVELOPMENT_OR_PRIOR_SEAL,1,2025-01-18,2025-02-02,1
GENERAL_SURGE_YI_20190910,YI,2019-09-10,1738906,HIGH,,V19_V20_DEVELOPMENT,,DEVELOPMENT_OR_PRIOR_SEAL,1,2019-08-31,2019-09-15,0
GENERAL_SURGE_YMM_20220316,YMM,2022-03-16,1838413,HIGH,,V19_V20_DEVELOPMENT,,DEVELOPMENT_OR_PRIOR_SEAL,1,2022-03-06,2022-03-21,1
GENERAL_SURGE_YRD_20220831,YRD,2022-08-31,1631761,HIGH,,V19_V20_DEVELOPMENT,,DEVELOPMENT_OR_PRIOR_SEAL,1,2022-08-21,2022-09-05,1
GENERAL_SURGE_YSG_20220310,YSG,2022-03-10,1819580,HIGH,,V19_V20_DEVELOPMENT,,DEVELOPMENT_OR_PRIOR_SEAL,1,2022-02-28,2022-03-15,1
GENERAL_SURGE_YUM_20200324,YUM,2020-03-24,1041061,HIGH,,V19_V20_DEVELOPMENT,,DEVELOPMENT_OR_PRIOR_SEAL,1,2020-03-14,2020-03-29,0
GENERAL_SURGE_YYAI_20230919,YYAI,2023-09-19,1674440,HIGH,,V19_V20_DEVELOPMENT,,DEVELOPMENT_OR_PRIOR_SEAL,1,2023-09-09,2023-09-24,1
GENERAL_SURGE_YYGH_20250414,YYGH,2025-04-14,1985337,HIGH,,V19_V20_DEVELOPMENT,,DEVELOPMENT_OR_PRIOR_SEAL,1,2025-04-04,2025-04-19,1
GENERAL_SURGE_ZBAO_20250423,ZBAO,2025-04-23,1966750,HIGH,,V19_V20_DEVELOPMENT,,DEVELOPMENT_OR_PRIOR_SEAL,1,2025-04-13,2025-04-28,1
GENERAL_SURGE_ZBRA_20230801,ZBRA,2023-08-01,877212,HIGH,,V19_V20_DEVELOPMENT,,DEVELOPMENT_OR_PRIOR_SEAL,1,2023-07-22,2023-08-06,1
GENERAL_SURGE_ZCMD_20240930,ZCMD,2024-09-30,1785566,HIGH,,V19_V20_DEVELOPMENT,,DEVELOPMENT_OR_PRIOR_SEAL,1,2024-09-20,2024-10-05,1
GENERAL_SURGE_ZDAI_20250514,ZDAI,2025-05-14,1966678,HIGH,,V19_V20_DEVELOPMENT,,DEVELOPMENT_OR_PRIOR_SEAL,1,2025-05-04,2025-05-19,1
GENERAL_SURGE_ZENA_20250605,ZENA,2025-06-05,1997403,HIGH,,V19_V20_DEVELOPMENT,,DEVELOPMENT_OR_PRIOR_SEAL,1,2025-05-26,2025-06-10,1
GENERAL_SURGE_ZEO_20240919,ZEO,2024-09-19,1865506,HIGH,,V19_V20_DEVELOPMENT,,DEVELOPMENT_OR_PRIOR_SEAL,1,2024-09-09,2024-09-24,1
GENERAL_SURGE_ZIP_20230222,ZIP,2023-02-22,1617553,HIGH,,V19_V20_DEVELOPMENT,,DEVELOPMENT_OR_PRIOR_SEAL,1,2023-02-12,2023-02-27,1
GENERAL_SURGE_ZJK_20251124,ZJK,2025-11-24,1941506,HIGH,,V19_V20_DEVELOPMENT,,DEVELOPMENT_OR_PRIOR_SEAL,1,2025-11-14,2025-11-29,0
GENERAL_SURGE_ZJYL_20231218,ZJYL,2023-12-18,1837821,HIGH,,V19_V20_DEVELOPMENT,,DEVELOPMENT_OR_PRIOR_SEAL,1,2023-12-08,2023-12-23,1
GENERAL_SURGE_ZNB_20250813,ZNB,2025-08-13,1747661,HIGH,,V19_V20_DEVELOPMENT,,DEVELOPMENT_OR_PRIOR_SEAL,1,2025-08-03,2025-08-18,0
GENERAL_SURGE_ZSQR_20221028,ZSQR,2022-10-28,1759186,HIGH,,V19_V20_DEVELOPMENT,,DEVELOPMENT_OR_PRIOR_SEAL,1,2022-10-18,2022-11-02,1
GENERAL_SURGE_ZS_20200529,ZS,2020-05-29,1713683,HIGH,,V19_V20_DEVELOPMENT,,DEVELOPMENT_OR_PRIOR_SEAL,1,2020-05-19,2020-06-03,1
GENERAL_SURGE_ZTEK_20250902,ZTEK,2025-09-02,1904501,HIGH,,V19_V20_DEVELOPMENT,,DEVELOPMENT_OR_PRIOR_SEAL,1,2025-08-23,2025-09-07,0
GENERAL_SURGE_ZTS_20251104,ZTS,2025-11-04,1555280,HIGH,,V19_V20_DEVELOPMENT,,DEVELOPMENT_OR_PRIOR_SEAL,1,2025-10-25,2025-11-09,0
GENERAL_SURGE_ZVZZT_20240207,ZVZZT,2024-02-07,,UNRESOLVED,,V19_V20_DEVELOPMENT,,DEVELOPMENT_OR_PRIOR_SEAL,1,2024-01-28,2024-02-12,1
GENERAL_SURGE_Z_20211103,Z,2021-11-03,1617640,HIGH,,V19_V20_DEVELOPMENT,,DEVELOPMENT_OR_PRIOR_SEAL,1,2021-10-24,2021-11-08,1
GOVIL_CETX_DATE_RECOVERY,CETX,2016-05-16,1435064,HIGH,,V19_V20_DEVELOPMENT,,DEVELOPMENT_OR_PRIOR_SEAL,1,2016-05-06,2016-05-21,1
HONIG_MGTI_20151008,MGTI,2016-04-19,1001601,HIGH,,V19_V20_DEVELOPMENT,,DEVELOPMENT_OR_PRIOR_SEAL,1,2016-04-09,2016-04-24,1
JACOBS_AMS_20160328,AMS,2016-03-29,744825,HIGH,,V19_V20_DEVELOPMENT,,DEVELOPMENT_OR_PRIOR_SEAL,1,2016-03-19,2016-04-03,1
JACOBS_AMS_20160728,AMS,2016-08-10,744825,HIGH,,V19_V20_DEVELOPMENT,,DEVELOPMENT_OR_PRIOR_SEAL,1,2016-07-31,2016-08-15,1
JACOBS_AMS_20161101,AMS,2016-11-10,744825,HIGH,,V19_V20_DEVELOPMENT,,DEVELOPMENT_OR_PRIOR_SEAL,1,2016-10-31,2016-11-15,1
JACOBS_AMS_20170501,AMS,2017-05-15,744825,HIGH,,V19_V20_DEVELOPMENT,,DEVELOPMENT_OR_PRIOR_SEAL,1,2017-05-05,2017-05-20,1
JACOBS_AMS_20170731,AMS,2017-08-10,744825,HIGH,,V19_V20_DEVELOPMENT,,DEVELOPMENT_OR_PRIOR_SEAL,1,2017-07-31,2017-08-15,0
JACOBS_AMS_20171107,AMS,2017-11-13,744825,HIGH,,V19_V20_DEVELOPMENT,,DEVELOPMENT_OR_PRIOR_SEAL,1,2017-11-03,2017-11-18,0
JACOBS_RFIL_20160302,RFIL,2016-03-21,740664,HIGH,,V19_V20_DEVELOPMENT,,DEVELOPMENT_OR_PRIOR_SEAL,1,2016-03-11,2016-03-26,1
JACOBS_RFIL_20170306,RFIL,2017-03-15,740664,HIGH,,V19_V20_DEVELOPMENT,,DEVELOPMENT_OR_PRIOR_SEAL,1,2017-03-05,2017-03-20,1
JACOBS_RFIL_20170911,RFIL,2017-09-12,740664,HIGH,,V19_V20_DEVELOPMENT,,DEVELOPMENT_OR_PRIOR_SEAL,1,2017-09-02,2017-09-17,0
JACOBS_RFIL_20180226,RFIL,2018-03-14,740664,HIGH,,V19_V20_DEVELOPMENT,,DEVELOPMENT_OR_PRIOR_SEAL,1,2018-03-04,2018-03-19,0
JENNINGS_DFS_20230717,DFS,2023-07-19,,UNRESOLVED,,V19_V20_DEVELOPMENT,,DEVELOPMENT_OR_PRIOR_SEAL,1,2023-07-09,2023-07-24,1
JENNINGS_EVGO_20240925,EVGO,2024-10-03,1821159,HIGH,,V19_V20_DEVELOPMENT,,DEVELOPMENT_OR_PRIOR_SEAL,1,2024-09-23,2024-10-08,1
JENNINGS_EVRI_20240722,EVRI,2024-07-26,,UNRESOLVED,,V19_V20_DEVELOPMENT,,DEVELOPMENT_OR_PRIOR_SEAL,1,2024-07-16,2024-07-31,1
MARKET_RISE_AAPL_20180326,AAPL,2018-03-26,320193,HIGH,,V19_V20_DEVELOPMENT,,DEVELOPMENT_OR_PRIOR_SEAL,1,2018-03-16,2018-03-31,0
MARKET_RISE_AAPL_20181226,AAPL,2018-12-26,320193,HIGH,,V19_V20_DEVELOPMENT,,DEVELOPMENT_OR_PRIOR_SEAL,1,2018-12-16,2018-12-31,0
MARKET_RISE_AAT_20181226,AAT,2018-12-26,1500217,HIGH,,V19_V20_DEVELOPMENT,,DEVELOPMENT_OR_PRIOR_SEAL,1,2018-12-16,2018-12-31,0
MARKET_RISE_AA_20181226,AA,2018-12-26,1675149,HIGH,,V19_V20_DEVELOPMENT,,DEVELOPMENT_OR_PRIOR_SEAL,1,2018-12-16,2018-12-31,0
MARKET_RISE_ABOT_20220309,ABOT,2022-03-09,,UNRESOLVED,,V19_V20_DEVELOPMENT,,DEVELOPMENT_OR_PRIOR_SEAL,1,2022-02-27,2022-03-14,1
MARKET_RISE_ABR_20180326,ABR,2018-03-26,1253986,HIGH,,V19_V20_DEVELOPMENT,,DEVELOPMENT_OR_PRIOR_SEAL,1,2018-03-16,2018-03-31,0
MARKET_RISE_ABR_20181226,ABR,2018-12-26,1253986,HIGH,,V19_V20_DEVELOPMENT,,DEVELOPMENT_OR_PRIOR_SEAL,1,2018-12-16,2018-12-31,0
MARKET_RISE_ABTC_20181226,ABTC,2018-12-26,1755953,HIGH,,V19_V20_DEVELOPMENT,,DEVELOPMENT_OR_PRIOR_SEAL,1,2018-12-16,2018-12-31,0
MARKET_RISE_ABTS_20181226,ABTS,2018-12-26,1864055,MEDIUM,,V19_V20_DEVELOPMENT,,DEVELOPMENT_OR_PRIOR_SEAL,1,2018-12-16,2018-12-31,0
MARKET_RISE_ABVC_20220504,ABVC,2022-05-04,1173313,HIGH,,V19_V20_DEVELOPMENT,,DEVELOPMENT_OR_PRIOR_SEAL,1,2022-04-24,2022-05-09,1
MARKET_RISE_ACHR-WS_20221004,ACHR-WS,2022-10-04,,UNRESOLVED,,V19_V20_DEVELOPMENT,,DEVELOPMENT_OR_PRIOR_SEAL,1,2022-09-24,2022-10-09,1
MARKET_RISE_ACLS_20180326,ACLS,2018-03-26,1113232,HIGH,,V19_V20_DEVELOPMENT,,DEVELOPMENT_OR_PRIOR_SEAL,1,2018-03-16,2018-03-31,0
MARKET_RISE_ACNB_20180326,ACNB,2018-03-26,715579,HIGH,,V19_V20_DEVELOPMENT,,DEVELOPMENT_OR_PRIOR_SEAL,1,2018-03-16,2018-03-31,0
MARKET_RISE_ACON_20221110,ACON,2022-11-10,1635077,HIGH,,V19_V20_DEVELOPMENT,,DEVELOPMENT_OR_PRIOR_SEAL,1,2022-10-31,2022-11-15,1
MARKET_RISE_ACON_20250409,ACON,2025-04-09,1635077,HIGH,,V19_V20_DEVELOPMENT,,DEVELOPMENT_OR_PRIOR_SEAL,1,2025-03-30,2025-04-14,1
MARKET_RISE_ACTU_20250409,ACTU,2025-04-09,1652935,HIGH,,V19_V20_DEVELOPMENT,,DEVELOPMENT_OR_PRIOR_SEAL,1,2025-03-30,2025-04-14,1
MARKET_RISE_ACTU_20250512,ACTU,2025-05-12,1652935,HIGH,,V19_V20_DEVELOPMENT,,DEVELOPMENT_OR_PRIOR_SEAL,1,2025-05-02,2025-05-17,1
MARKET_RISE_ADCT_20220309,ADCT,2022-03-09,1771910,HIGH,,V19_V20_DEVELOPMENT,,DEVELOPMENT_OR_PRIOR_SEAL,1,2022-02-27,2022-03-14,1
MARKET_RISE_ADCT_20220504,ADCT,2022-05-04,1771910,HIGH,,V19_V20_DEVELOPMENT,,DEVELOPMENT_OR_PRIOR_SEAL,1,2022-04-24,2022-05-09,1
MARKET_RISE_ADIL_20200310,ADIL,2020-03-10,1513525,HIGH,,V19_V20_DEVELOPMENT,,DEVELOPMENT_OR_PRIOR_SEAL,1,2020-02-29,2020-03-15,0
MARKET_RISE_ADM_20180326,ADM,2018-03-26,7084,HIGH,,V19_V20_DEVELOPMENT,,DEVELOPMENT_OR_PRIOR_SEAL,1,2018-03-16,2018-03-31,0
MARKET_RISE_ADM_20181226,ADM,2018-12-26,7084,HIGH,,V19_V20_DEVELOPMENT,,DEVELOPMENT_OR_PRIOR_SEAL,1,2018-12-16,2018-12-31,0
MARKET_RISE_ADTX_20220504,ADTX,2022-05-04,1726711,HIGH,,V19_V20_DEVELOPMENT,,DEVELOPMENT_OR_PRIOR_SEAL,1,2022-04-24,2022-05-09,1
MARKET_RISE_ADV_20220309,ADV,2022-03-09,1776661,HIGH,,V19_V20_DEVELOPMENT,,DEVELOPMENT_OR_PRIOR_SEAL,1,2022-02-27,2022-03-14,1
MARKET_RISE_AEHL_20181226,AEHL,2018-12-26,1470683,HIGH,,V19_V20_DEVELOPMENT,,DEVELOPMENT_OR_PRIOR_SEAL,1,2018-12-16,2018-12-31,0
MARKET_RISE_AEMD_20181226,AEMD,2018-12-26,882291,HIGH,,V19_V20_DEVELOPMENT,,DEVELOPMENT_OR_PRIOR_SEAL,1,2018-12-16,2018-12-31,0
MARKET_RISE_AEMD_20200317,AEMD,2020-03-17,882291,HIGH,,V19_V20_DEVELOPMENT,,DEVELOPMENT_OR_PRIOR_SEAL,1,2020-03-07,2020-03-22,0
MARKET_RISE_AFGB_20200302,AFGB,2020-03-02,1042046,HIGH,,V19_V20_DEVELOPMENT,,DEVELOPMENT_OR_PRIOR_SEAL,1,2020-02-21,2020-03-07,0
MARKET_RISE_AFGB_20200304,AFGB,2020-03-04,1042046,HIGH,,V19_V20_DEVELOPMENT,,DEVELOPMENT_OR_PRIOR_SEAL,1,2020-02-23,2020-03-09,0
MARKET_RISE_AFL_20181226,AFL,2018-12-26,4977,HIGH,,V19_V20_DEVELOPMENT,,DEVELOPMENT_OR_PRIOR_SEAL,1,2018-12-16,2018-12-31,0
MARKET_RISE_AGEN_20200302,AGEN,2020-03-02,1098972,HIGH,,V19_V20_DEVELOPMENT,,DEVELOPMENT_OR_PRIOR_SEAL,1,2020-02-21,2020-03-07,0
MARKET_RISE_AGEN_20200304,AGEN,2020-03-04,1098972,HIGH,,V19_V20_DEVELOPMENT,,DEVELOPMENT_OR_PRIOR_SEAL,1,2020-02-23,2020-03-09,0
MARKET_RISE_AGMH_20200302,AGMH,2020-03-02,1705402,HIGH,,V19_V20_DEVELOPMENT,,DEVELOPMENT_OR_PRIOR_SEAL,1,2020-02-21,2020-03-07,0
MARKET_RISE_AGMH_20200304,AGMH,2020-03-04,1705402,HIGH,,V19_V20_DEVELOPMENT,,DEVELOPMENT_OR_PRIOR_SEAL,1,2020-02-23,2020-03-09,0
MARKET_RISE_AGO_20180326,AGO,2018-03-26,1273813,HIGH,,V19_V20_DEVELOPMENT,,DEVELOPMENT_OR_PRIOR_SEAL,1,2018-03-16,2018-03-31,0
MARKET_RISE_AIFA_20200313,AIFA,2020-03-13,1708341,HIGH,,V19_V20_DEVELOPMENT,,DEVELOPMENT_OR_PRIOR_SEAL,1,2020-03-03,2020-03-18,0
MARKET_RISE_AIFF_20220719,AIFF,2022-07-19,803578,HIGH,,V19_V20_DEVELOPMENT,,DEVELOPMENT_OR_PRIOR_SEAL,1,2022-07-09,2022-07-24,1
MARKET_RISE_AIMD_20250409,AIMD,2025-04-09,1014763,HIGH,,V19_V20_DEVELOPMENT,,DEVELOPMENT_OR_PRIOR_SEAL,1,2025-03-30,2025-04-14,1
MARKET_RISE_AIOS_20200302,AIOS,2020-03-02,1603993,HIGH,,V19_V20_DEVELOPMENT,,DEVELOPMENT_OR_PRIOR_SEAL,1,2020-02-21,2020-03-07,0
MARKET_RISE_AIRT_20190104,AIRT,2019-01-04,353184,HIGH,,V19_V20_DEVELOPMENT,,DEVELOPMENT_OR_PRIOR_SEAL,1,2018-12-25,2019-01-09,0
MARKET_RISE_AIXC_20200313,AIXC,2020-03-13,1460702,HIGH,,V19_V20_DEVELOPMENT,,DEVELOPMENT_OR_PRIOR_SEAL,1,2020-03-03,2020-03-18,0
MARKET_RISE_AJG_20180326,AJG,2018-03-26,354190,HIGH,,V19_V20_DEVELOPMENT,,DEVELOPMENT_OR_PRIOR_SEAL,1,2018-03-16,2018-03-31,0
MARKET_RISE_AJG_20181226,AJG,2018-12-26,354190,HIGH,,V19_V20_DEVELOPMENT,,DEVELOPMENT_OR_PRIOR_SEAL,1,2018-12-16,2018-12-31,0
MARKET_RISE_AKAM_20180326,AKAM,2018-03-26,1086222,HIGH,,V19_V20_DEVELOPMENT,,DEVELOPMENT_OR_PRIOR_SEAL,1,2018-03-16,2018-03-31,0
MARKET_RISE_AKAM_20181226,AKAM,2018-12-26,1086222,HIGH,,V19_V20_DEVELOPMENT,,DEVELOPMENT_OR_PRIOR_SEAL,1,2018-12-16,2018-12-31,0
MARKET_RISE_AKTX_20181226,AKTX,2018-12-26,1541157,HIGH,,V19_V20_DEVELOPMENT,,DEVELOPMENT_OR_PRIOR_SEAL,1,2018-12-16,2018-12-31,0
MARKET_RISE_ALLE_20181226,ALLE,2018-12-26,1579241,HIGH,,V19_V20_DEVELOPMENT,,DEVELOPMENT_OR_PRIOR_SEAL,1,2018-12-16,2018-12-31,0
MARKET_RISE_ALL_20180326,ALL,2018-03-26,899051,HIGH,,V19_V20_DEVELOPMENT,,DEVELOPMENT_OR_PRIOR_SEAL,1,2018-03-16,2018-03-31,0
MARKET_RISE_ALL_20181226,ALL,2018-12-26,899051,HIGH,,V19_V20_DEVELOPMENT,,DEVELOPMENT_OR_PRIOR_SEAL,1,2018-12-16,2018-12-31,0
MARKET_RISE_ALNY_20180326,ALNY,2018-03-26,1178670,HIGH,,V19_V20_DEVELOPMENT,,DEVELOPMENT_OR_PRIOR_SEAL,1,2018-03-16,2018-03-31,0
MARKET_RISE_ALNY_20181226,ALNY,2018-12-26,1178670,HIGH,,V19_V20_DEVELOPMENT,,DEVELOPMENT_OR_PRIOR_SEAL,1,2018-12-16,2018-12-31,0
MARKET_RISE_ALP_20220504,ALP,2022-05-04,1095435,HIGH,,V19_V20_DEVELOPMENT,,DEVELOPMENT_OR_PRIOR_SEAL,1,2022-04-24,2022-05-09,1
MARKET_RISE_AMBR_20190104,AMBR,2019-01-04,1697818,HIGH,,V19_V20_DEVELOPMENT,,DEVELOPMENT_OR_PRIOR_SEAL,1,2018-12-25,2019-01-09,0
MARKET_RISE_AMC_20181226,AMC,2018-12-26,1411579,HIGH,,V19_V20_DEVELOPMENT,,DEVELOPMENT_OR_PRIOR_SEAL,1,2018-12-16,2018-12-31,0
MARKET_RISE_AME_20181226,AME,2018-12-26,1037868,HIGH,,V19_V20_DEVELOPMENT,,DEVELOPMENT_OR_PRIOR_SEAL,1,2018-12-16,2018-12-31,0
MARKET_RISE_AMOD_20221004,AMOD,2022-10-04,1862463,HIGH,,V19_V20_DEVELOPMENT,,DEVELOPMENT_OR_PRIOR_SEAL,1,2022-09-24,2022-10-09,1
MARKET_RISE_AMOD_20221130,AMOD,2022-11-30,1862463,HIGH,,V19_V20_DEVELOPMENT,,DEVELOPMENT_OR_PRIOR_SEAL,1,2022-11-20,2022-12-05,1
MARKET_RISE_AMST_20220309,AMST,2022-03-09,1807166,HIGH,,V19_V20_DEVELOPMENT,,DEVELOPMENT_OR_PRIOR_SEAL,1,2022-02-27,2022-03-14,1
MARKET_RISE_AMTX_20190104,AMTX,2019-01-04,738214,HIGH,,V19_V20_DEVELOPMENT,,DEVELOPMENT_OR_PRIOR_SEAL,1,2018-12-25,2019-01-09,0
MARKET_RISE_ANY_20200302,ANY,2020-03-02,1591956,HIGH,,V19_V20_DEVELOPMENT,,DEVELOPMENT_OR_PRIOR_SEAL,1,2020-02-21,2020-03-07,0
MARKET_RISE_APRE_20200406,APRE,2020-04-06,1781983,HIGH,,V19_V20_DEVELOPMENT,,DEVELOPMENT_OR_PRIOR_SEAL,1,2020-03-27,2020-04-11,0
MARKET_RISE_AQNB_20200302,AQNB,2020-03-02,1174169,HIGH,,V19_V20_DEVELOPMENT,,DEVELOPMENT_OR_PRIOR_SEAL,1,2020-02-21,2020-03-07,0
MARKET_RISE_ARAY_20180326,ARAY,2018-03-26,1138723,HIGH,,V19_V20_DEVELOPMENT,,DEVELOPMENT_OR_PRIOR_SEAL,1,2018-03-16,2018-03-31,0
MARKET_RISE_ARAY_20181226,ARAY,2018-12-26,1138723,HIGH,,V19_V20_DEVELOPMENT,,DEVELOPMENT_OR_PRIOR_SEAL,1,2018-12-16,2018-12-31,0
MARKET_RISE_ARBE_20250512,ARBE,2025-05-12,1861841,HIGH,,V19_V20_DEVELOPMENT,,DEVELOPMENT_OR_PRIOR_SEAL,1,2025-05-02,2025-05-17,1
MARKET_RISE_AREC_20200324,AREC,2020-03-24,1590715,HIGH,,V19_V20_DEVELOPMENT,,DEVELOPMENT_OR_PRIOR_SEAL,1,2020-03-14,2020-03-29,0
MARKET_RISE_ARGX_20190104,ARGX,2019-01-04,1697862,HIGH,,V19_V20_DEVELOPMENT,,DEVELOPMENT_OR_PRIOR_SEAL,1,2018-12-25,2019-01-09,0
MARKET_RISE_ARKO_20220309,ARKO,2022-03-09,1823794,HIGH,,V19_V20_DEVELOPMENT,,DEVELOPMENT_OR_PRIOR_SEAL,1,2022-02-27,2022-03-14,1
MARKET_RISE_ARKO_20220624,ARKO,2022-06-24,1823794,HIGH,,V19_V20_DEVELOPMENT,,DEVELOPMENT_OR_PRIOR_SEAL,1,2022-06-14,2022-06-29,1
MARKET_RISE_ARLO_20200304,ARLO,2020-03-04,1736946,HIGH,,V19_V20_DEVELOPMENT,,DEVELOPMENT_OR_PRIOR_SEAL,1,2020-02-23,2020-03-09,0
MARKET_RISE_ARL_20190104,ARL,2019-01-04,1102238,HIGH,,V19_V20_DEVELOPMENT,,DEVELOPMENT_OR_PRIOR_SEAL,1,2018-12-25,2019-01-09,0
MARKET_RISE_ARTL_20200310,ARTL,2020-03-10,1621221,HIGH,,V19_V20_DEVELOPMENT,,DEVELOPMENT_OR_PRIOR_SEAL,1,2020-02-29,2020-03-15,0
MARKET_RISE_ARTL_20200406,ARTL,2020-04-06,1621221,HIGH,,V19_V20_DEVELOPMENT,,DEVELOPMENT_OR_PRIOR_SEAL,1,2020-03-27,2020-04-11,0
MARKET_RISE_ASBA_20250409,ASBA,2025-04-09,7789,HIGH,,V19_V20_DEVELOPMENT,,DEVELOPMENT_OR_PRIOR_SEAL,1,2025-03-30,2025-04-14,1
MARKET_RISE_ASML_20180326,ASML,2018-03-26,937966,HIGH,,V19_V20_DEVELOPMENT,,DEVELOPMENT_OR_PRIOR_SEAL,1,2018-03-16,2018-03-31,0
MARKET_RISE_ASML_20181226,ASML,2018-12-26,937966,HIGH,,V19_V20_DEVELOPMENT,,DEVELOPMENT_OR_PRIOR_SEAL,1,2018-12-16,2018-12-31,0
MARKET_RISE_ASNS_20221110,ASNS,2022-11-10,1141284,HIGH,,V19_V20_DEVELOPMENT,,DEVELOPMENT_OR_PRIOR_SEAL,1,2022-10-31,2022-11-15,1
MARKET_RISE_ASNS_20250409,ASNS,2025-04-09,1141284,HIGH,,V19_V20_DEVELOPMENT,,DEVELOPMENT_OR_PRIOR_SEAL,1,2025-03-30,2025-04-14,1
MARKET_RISE_ASTC_20200310,ASTC,2020-03-10,1001907,HIGH,,V19_V20_DEVELOPMENT,,DEVELOPMENT_OR_PRIOR_SEAL,1,2020-02-29,2020-03-15,0
MARKET_RISE_ATER_20200304,ATER,2020-03-04,1757715,HIGH,,V19_V20_DEVELOPMENT,,DEVELOPMENT_OR_PRIOR_SEAL,1,2020-02-23,2020-03-09,0
MARKET_RISE_ATGL_20250409,ATGL,2025-04-09,1967621,HIGH,,V19_V20_DEVELOPMENT,,DEVELOPMENT_OR_PRIOR_SEAL,1,2025-03-30,2025-04-14,1
MARKET_RISE_ATI_20180326,ATI,2018-03-26,1018963,HIGH,,V19_V20_DEVELOPMENT,,DEVELOPMENT_OR_PRIOR_SEAL,1,2018-03-16,2018-03-31,0
MARKET_RISE_ATI_20181226,ATI,2018-12-26,1018963,HIGH,,V19_V20_DEVELOPMENT,,DEVELOPMENT_OR_PRIOR_SEAL,1,2018-12-16,2018-12-31,0
MARKET_RISE_ATOS_20200302,ATOS,2020-03-02,1488039,HIGH,,V19_V20_DEVELOPMENT,,DEVELOPMENT_OR_PRIOR_SEAL,1,2020-02-21,2020-03-07,0
MARKET_RISE_AUID_20220504,AUID,2022-05-04,1534154,HIGH,,V19_V20_DEVELOPMENT,,DEVELOPMENT_OR_PRIOR_SEAL,1,2022-04-24,2022-05-09,1
MARKET_RISE_AUPH_20181226,AUPH,2018-12-26,1600620,HIGH,,V19_V20_DEVELOPMENT,,DEVELOPMENT_OR_PRIOR_SEAL,1,2018-12-16,2018-12-31,0
MARKET_RISE_AURE_20250409,AURE,2025-04-09,1765850,HIGH,,V19_V20_DEVELOPMENT,,DEVELOPMENT_OR_PRIOR_SEAL,1,2025-03-30,2025-04-14,1
MARKET_RISE_AUUD_20220309,AUUD,2022-03-09,1554818,HIGH,,V19_V20_DEVELOPMENT,,DEVELOPMENT_OR_PRIOR_SEAL,1,2022-02-27,2022-03-14,1
MARKET_RISE_AUUD_20221004,AUUD,2022-10-04,1554818,HIGH,,V19_V20_DEVELOPMENT,,DEVELOPMENT_OR_PRIOR_SEAL,1,2022-09-24,2022-10-09,1
MARKET_RISE_AVX_20221004,AVX,2022-10-04,1826397,HIGH,,V19_V20_DEVELOPMENT,,DEVELOPMENT_OR_PRIOR_SEAL,1,2022-09-24,2022-10-09,1
MARKET_RISE_AVX_20221130,AVX,2022-11-30,1826397,HIGH,,V19_V20_DEVELOPMENT,,DEVELOPMENT_OR_PRIOR_SEAL,1,2022-11-20,2022-12-05,1
MARKET_RISE_AWRE_20190104,AWRE,2019-01-04,1015739,HIGH,,V19_V20_DEVELOPMENT,,DEVELOPMENT_OR_PRIOR_SEAL,1,2018-12-25,2019-01-09,0
MARKET_RISE_AXGN_20180326,AXGN,2018-03-26,805928,HIGH,,V19_V20_DEVELOPMENT,,DEVELOPMENT_OR_PRIOR_SEAL,1,2018-03-16,2018-03-31,0
MARKET_RISE_AXGN_20181226,AXGN,2018-12-26,805928,HIGH,,V19_V20_DEVELOPMENT,,DEVELOPMENT_OR_PRIOR_SEAL,1,2018-12-16,2018-12-31,0
MARKET_RISE_AXON_20180326,AXON,2018-03-26,1069183,HIGH,,V19_V20_DEVELOPMENT,,DEVELOPMENT_OR_PRIOR_SEAL,1,2018-03-16,2018-03-31,0
MARKET_RISE_AXON_20181226,AXON,2018-12-26,1069183,HIGH,,V19_V20_DEVELOPMENT,,DEVELOPMENT_OR_PRIOR_SEAL,1,2018-12-16,2018-12-31,0
MARKET_RISE_AZO_20181226,AZO,2018-12-26,866787,HIGH,,V19_V20_DEVELOPMENT,,DEVELOPMENT_OR_PRIOR_SEAL,1,2018-12-16,2018-12-31,0
MARKET_RISE_BABA_20180326,BABA,2018-03-26,1577552,HIGH,,V19_V20_DEVELOPMENT,,DEVELOPMENT_OR_PRIOR_SEAL,1,2018-03-16,2018-03-31,0
MARKET_RISE_BABA_20181226,BABA,2018-12-26,1577552,HIGH,,V19_V20_DEVELOPMENT,,DEVELOPMENT_OR_PRIOR_SEAL,1,2018-12-16,2018-12-31,0
MARKET_RISE_BAER_20250512,BAER,2025-05-12,1941536,HIGH,,V19_V20_DEVELOPMENT,,DEVELOPMENT_OR_PRIOR_SEAL,1,2025-05-02,2025-05-17,1
MARKET_RISE_BANL_20250512,BANL,2025-05-12,1914805,HIGH,,V19_V20_DEVELOPMENT,,DEVELOPMENT_OR_PRIOR_SEAL,1,2025-05-02,2025-05-17,1
MARKET_RISE_BAOS_20220719,BAOS,2022-07-19,1811216,HIGH,,V19_V20_DEVELOPMENT,,DEVELOPMENT_OR_PRIOR_SEAL,1,2022-07-09,2022-07-24,1
MARKET_RISE_BAOS_20221110,BAOS,2022-11-10,1811216,HIGH,,V19_V20_DEVELOPMENT,,DEVELOPMENT_OR_PRIOR_SEAL,1,2022-10-31,2022-11-15,1
MARKET_RISE_BARK_20220504,BARK,2022-05-04,1819574,HIGH,,V19_V20_DEVELOPMENT,,DEVELOPMENT_OR_PRIOR_SEAL,1,2022-04-24,2022-05-09,1
MARKET_RISE_BBCP_20200302,BBCP,2020-03-02,1703956,HIGH,,V19_V20_DEVELOPMENT,,DEVELOPMENT_OR_PRIOR_SEAL,1,2020-02-21,2020-03-07,0
MARKET_RISE_BBCP_20200304,BBCP,2020-03-04,1703956,HIGH,,V19_V20_DEVELOPMENT,,DEVELOPMENT_OR_PRIOR_SEAL,1,2020-02-23,2020-03-09,0
MARKET_RISE_BBGI_20180326,BBGI,2018-03-26,1099160,HIGH,,V19_V20_DEVELOPMENT,,DEVELOPMENT_OR_PRIOR_SEAL,1,2018-03-16,2018-03-31,0
MARKET_RISE_BBUC_20221004,BBUC,2022-10-04,,UNRESOLVED_MULTIPLE_CIK,,V19_V20_DEVELOPMENT,,DEVELOPMENT_OR_PRIOR_SEAL,1,2022-09-24,2022-10-09,1
MARKET_RISE_BBUC_20221110,BBUC,2022-11-10,,UNRESOLVED_MULTIPLE_CIK,,V19_V20_DEVELOPMENT,,DEVELOPMENT_OR_PRIOR_SEAL,1,2022-10-31,2022-11-15,1
MARKET_RISE_BCC_20180326,BCC,2018-03-26,1328581,HIGH,,V19_V20_DEVELOPMENT,,DEVELOPMENT_OR_PRIOR_SEAL,1,2018-03-16,2018-03-31,0
MARKET_RISE_BC_20180326,BC,2018-03-26,14930,HIGH,,V19_V20_DEVELOPMENT,,DEVELOPMENT_OR_PRIOR_SEAL,1,2018-03-16,2018-03-31,0
MARKET_RISE_BDJ_20180326,BDJ,2018-03-26,1332283,HIGH,,V19_V20_DEVELOPMENT,,DEVELOPMENT_OR_PRIOR_SEAL,1,2018-03-16,2018-03-31,0
MARKET_RISE_BDX_20180326,BDX,2018-03-26,10795,HIGH,,V19_V20_DEVELOPMENT,,DEVELOPMENT_OR_PRIOR_SEAL,1,2018-03-16,2018-03-31,0
MARKET_RISE_BDX_20181226,BDX,2018-12-26,10795,HIGH,,V19_V20_DEVELOPMENT,,DEVELOPMENT_OR_PRIOR_SEAL,1,2018-12-16,2018-12-31,0
MARKET_RISE_BETR_20220624,BETR,2022-06-24,1835856,HIGH,,V19_V20_DEVELOPMENT,,DEVELOPMENT_OR_PRIOR_SEAL,1,2022-06-14,2022-06-29,1
MARKET_RISE_BETR_20250409,BETR,2025-04-09,1835856,HIGH,,V19_V20_DEVELOPMENT,,DEVELOPMENT_OR_PRIOR_SEAL,1,2025-03-30,2025-04-14,1
MARKET_RISE_BFLY_20220309,BFLY,2022-03-09,1804176,HIGH,,V19_V20_DEVELOPMENT,,DEVELOPMENT_OR_PRIOR_SEAL,1,2022-02-27,2022-03-14,1
MARKET_RISE_BFLY_20220504,BFLY,2022-05-04,1804176,HIGH,,V19_V20_DEVELOPMENT,,DEVELOPMENT_OR_PRIOR_SEAL,1,2022-04-24,2022-05-09,1
MARKET_RISE_BFRI_20220504,BFRI,2022-05-04,1858685,HIGH,,V19_V20_DEVELOPMENT,,DEVELOPMENT_OR_PRIOR_SEAL,1,2022-04-24,2022-05-09,1
MARKET_RISE_BFRI_20220719,BFRI,2022-07-19,1858685,HIGH,,V19_V20_DEVELOPMENT,,DEVELOPMENT_OR_PRIOR_SEAL,1,2022-07-09,2022-07-24,1
MARKET_RISE_BGDE_20220504,BGDE,2022-05-04,1218683,HIGH,,V19_V20_DEVELOPMENT,,DEVELOPMENT_OR_PRIOR_SEAL,1,2022-04-24,2022-05-09,1
MARKET_RISE_BGY_20180326,BGY,2018-03-26,1393299,HIGH,,V19_V20_DEVELOPMENT,,DEVELOPMENT_OR_PRIOR_SEAL,1,2018-03-16,2018-03-31,0
MARKET_RISE_BGY_20181226,BGY,2018-12-26,1393299,HIGH,,V19_V20_DEVELOPMENT,,DEVELOPMENT_OR_PRIOR_SEAL,1,2018-12-16,2018-12-31,0
MARKET_RISE_BIO_20181226,BIO,2018-12-26,12208,HIGH,,V19_V20_DEVELOPMENT,,DEVELOPMENT_OR_PRIOR_SEAL,1,2018-12-16,2018-12-31,0
MARKET_RISE_BIVI_20220719,BIVI,2022-07-19,1580149,HIGH,,V19_V20_DEVELOPMENT,,DEVELOPMENT_OR_PRIOR_SEAL,1,2022-07-09,2022-07-24,1
MARKET_RISE_BJDX_20220719,BJDX,2022-07-19,1704287,HIGH,,V19_V20_DEVELOPMENT,,DEVELOPMENT_OR_PRIOR_SEAL,1,2022-07-09,2022-07-24,1
MARKET_RISE_BKKT-WS_20220504,BKKT-WS,2022-05-04,,UNRESOLVED,,V19_V20_DEVELOPMENT,,DEVELOPMENT_OR_PRIOR_SEAL,1,2022-04-24,2022-05-09,1
MARKET_RISE_BKKT-WS_20220624,BKKT-WS,2022-06-24,,UNRESOLVED,,V19_V20_DEVELOPMENT,,DEVELOPMENT_OR_PRIOR_SEAL,1,2022-06-14,2022-06-29,1
MARKET_RISE_BLNE_20180326,BLNE,2018-03-26,1534708,HIGH,,V19_V20_DEVELOPMENT,,DEVELOPMENT_OR_PRIOR_SEAL,1,2018-03-16,2018-03-31,0
MARKET_RISE_BL_20180326,BL,2018-03-26,1666134,HIGH,,V19_V20_DEVELOPMENT,,DEVELOPMENT_OR_PRIOR_SEAL,1,2018-03-16,2018-03-31,0
MARKET_RISE_BME_20181226,BME,2018-12-26,1314966,HIGH,,V19_V20_DEVELOPMENT,,DEVELOPMENT_OR_PRIOR_SEAL,1,2018-12-16,2018-12-31,0
MARKET_RISE_BNGO_20200304,BNGO,2020-03-04,1411690,HIGH,,V19_V20_DEVELOPMENT,,DEVELOPMENT_OR_PRIOR_SEAL,1,2020-02-23,2020-03-09,0
MARKET_RISE_BNKK_20220309,BNKK,2022-03-09,1760903,HIGH,,V19_V20_DEVELOPMENT,,DEVELOPMENT_OR_PRIOR_SEAL,1,2022-02-27,2022-03-14,1
MARKET_RISE_BNZI_20220719,BNZI,2022-07-19,1826011,HIGH,,V19_V20_DEVELOPMENT,,DEVELOPMENT_OR_PRIOR_SEAL,1,2022-07-09,2022-07-24,1
MARKET_RISE_BOH_20180326,BOH,2018-03-26,46195,HIGH,,V19_V20_DEVELOPMENT,,DEVELOPMENT_OR_PRIOR_SEAL,1,2018-03-16,2018-03-31,0
MARKET_RISE_BOLD_20250409,BOLD,2025-04-09,1782303,HIGH,,V19_V20_DEVELOPMENT,,DEVELOPMENT_OR_PRIOR_SEAL,1,2025-03-30,2025-04-14,1
MARKET_RISE_BOLD_20250512,BOLD,2025-05-12,1782303,HIGH,,V19_V20_DEVELOPMENT,,DEVELOPMENT_OR_PRIOR_SEAL,1,2025-05-02,2025-05-17,1
MARKET_RISE_BOXL_20200304,BOXL,2020-03-04,1624512,HIGH,,V19_V20_DEVELOPMENT,,DEVELOPMENT_OR_PRIOR_SEAL,1,2020-02-23,2020-03-09,0
MARKET_RISE_BOXL_20200317,BOXL,2020-03-17,1624512,HIGH,,V19_V20_DEVELOPMENT,,DEVELOPMENT_OR_PRIOR_SEAL,1,2020-03-07,2020-03-22,0
MARKET_RISE_BRLS_20221004,BRLS,2022-10-04,1852973,HIGH,,V19_V20_DEVELOPMENT,,DEVELOPMENT_OR_PRIOR_SEAL,1,2022-09-24,2022-10-09,1
MARKET_RISE_BRLS_20250409,BRLS,2025-04-09,1852973,HIGH,,V19_V20_DEVELOPMENT,,DEVELOPMENT_OR_PRIOR_SEAL,1,2025-03-30,2025-04-14,1
MARKET_RISE_BTAI_20200310,BTAI,2020-03-10,1720893,HIGH,,V19_V20_DEVELOPMENT,,DEVELOPMENT_OR_PRIOR_SEAL,1,2020-02-29,2020-03-15,0
MARKET_RISE_BTAI_20200324,BTAI,2020-03-24,1720893,HIGH,,V19_V20_DEVELOPMENT,,DEVELOPMENT_OR_PRIOR_SEAL,1,2020-03-14,2020-03-29,0
MARKET_RISE_BTBT_20220309,BTBT,2022-03-09,1710350,HIGH,,V19_V20_DEVELOPMENT,,DEVELOPMENT_OR_PRIOR_SEAL,1,2022-02-27,2022-03-14,1
MARKET_RISE_BTBT_20220504,BTBT,2022-05-04,1710350,HIGH,,V19_V20_DEVELOPMENT,,DEVELOPMENT_OR_PRIOR_SEAL,1,2022-04-24,2022-05-09,1
MARKET_RISE_BTCT_20200313,BTCT,2020-03-13,1796514,HIGH,,V19_V20_DEVELOPMENT,,DEVELOPMENT_OR_PRIOR_SEAL,1,2020-03-03,2020-03-18,0
MARKET_RISE_BTMD_20220309,BTMD,2022-03-09,1819253,HIGH,,V19_V20_DEVELOPMENT,,DEVELOPMENT_OR_PRIOR_SEAL,1,2022-02-27,2022-03-14,1
MARKET_RISE_BURL_20180326,BURL,2018-03-26,1579298,HIGH,,V19_V20_DEVELOPMENT,,DEVELOPMENT_OR_PRIOR_SEAL,1,2018-03-16,2018-03-31,0
MARKET_RISE_BVC_20250512,BVC,2025-05-12,1785680,HIGH,,V19_V20_DEVELOPMENT,,DEVELOPMENT_OR_PRIOR_SEAL,1,2025-05-02,2025-05-17,1
MARKET_RISE_BWFG_20180326,BWFG,2018-03-26,1505732,HIGH,,V19_V20_DEVELOPMENT,,DEVELOPMENT_OR_PRIOR_SEAL,1,2018-03-16,2018-03-31,0
MARKET_RISE_BWFG_20181226,BWFG,2018-12-26,1505732,HIGH,,V19_V20_DEVELOPMENT,,DEVELOPMENT_OR_PRIOR_SEAL,1,2018-12-16,2018-12-31,0
MARKET_RISE_BZAI_20250409,BZAI,2025-04-09,1871638,HIGH,,V19_V20_DEVELOPMENT,,DEVELOPMENT_OR_PRIOR_SEAL,1,2025-03-30,2025-04-14,1
MARKET_RISE_CABO_20180326,CABO,2018-03-26,1632127,HIGH,,V19_V20_DEVELOPMENT,,DEVELOPMENT_OR_PRIOR_SEAL,1,2018-03-16,2018-03-31,0
MARKET_RISE_CACC_20180326,CACC,2018-03-26,885550,HIGH,,V19_V20_DEVELOPMENT,,DEVELOPMENT_OR_PRIOR_SEAL,1,2018-03-16,2018-03-31,0
MARKET_RISE_CALC_20220309,CALC,2022-03-09,1534133,HIGH,,V19_V20_DEVELOPMENT,,DEVELOPMENT_OR_PRIOR_SEAL,1,2022-02-27,2022-03-14,1
MARKET_RISE_CALC_20220719,CALC,2022-07-19,1534133,HIGH,,V19_V20_DEVELOPMENT,,DEVELOPMENT_OR_PRIOR_SEAL,1,2022-07-09,2022-07-24,1
MARKET_RISE_CANG_20200313,CANG,2020-03-13,1725123,HIGH,,V19_V20_DEVELOPMENT,,DEVELOPMENT_OR_PRIOR_SEAL,1,2020-03-03,2020-03-18,0
MARKET_RISE_CAN_20200518,CAN,2020-05-18,1780652,HIGH,,V19_V20_DEVELOPMENT,,DEVELOPMENT_OR_PRIOR_SEAL,1,2020-05-08,2020-05-23,0
MARKET_RISE_CARR_20220309,CARR,2022-03-09,1783180,HIGH,,V19_V20_DEVELOPMENT,,DEVELOPMENT_OR_PRIOR_SEAL,1,2022-02-27,2022-03-14,1
MARKET_RISE_CARR_20220504,CARR,2022-05-04,1783180,HIGH,,V19_V20_DEVELOPMENT,,DEVELOPMENT_OR_PRIOR_SEAL,1,2022-04-24,2022-05-09,1
MARKET_RISE_CART_20250409,CART,2025-04-09,1579091,HIGH,,V19_V20_DEVELOPMENT,,DEVELOPMENT_OR_PRIOR_SEAL,1,2025-03-30,2025-04-14,1
MARKET_RISE_CBRL_20181226,CBRL,2018-12-26,1067294,HIGH,,V19_V20_DEVELOPMENT,,DEVELOPMENT_OR_PRIOR_SEAL,1,2018-12-16,2018-12-31,0
MARKET_RISE_CCBG_20180326,CCBG,2018-03-26,726601,HIGH,,V19_V20_DEVELOPMENT,,DEVELOPMENT_OR_PRIOR_SEAL,1,2018-03-16,2018-03-31,0
MARKET_RISE_CCBG_20181226,CCBG,2018-12-26,726601,HIGH,,V19_V20_DEVELOPMENT,,DEVELOPMENT_OR_PRIOR_SEAL,1,2018-12-16,2018-12-31,0
MARKET_RISE_CCB_20200304,CCB,2020-03-04,1437958,HIGH,,V19_V20_DEVELOPMENT,,DEVELOPMENT_OR_PRIOR_SEAL,1,2020-02-23,2020-03-09,0
MARKET_RISE_CCSI_20220719,CCSI,2022-07-19,1866633,HIGH,,V19_V20_DEVELOPMENT,,DEVELOPMENT_OR_PRIOR_SEAL,1,2022-07-09,2022-07-24,1
MARKET_RISE_CCS_20180326,CCS,2018-03-26,1576940,HIGH,,V19_V20_DEVELOPMENT,,DEVELOPMENT_OR_PRIOR_SEAL,1,2018-03-16,2018-03-31,0
MARKET_RISE_CCTG_20250409,CCTG,2025-04-09,1931717,HIGH,,V19_V20_DEVELOPMENT,,DEVELOPMENT_OR_PRIOR_SEAL,1,2025-03-30,2025-04-14,1
MARKET_RISE_CCTG_20250512,CCTG,2025-05-12,1931717,HIGH,,V19_V20_DEVELOPMENT,,DEVELOPMENT_OR_PRIOR_SEAL,1,2025-05-02,2025-05-17,1
MARKET_RISE_CDT_20250512,CDT,2025-05-12,1896212,HIGH,,V19_V20_DEVELOPMENT,,DEVELOPMENT_OR_PRIOR_SEAL,1,2025-05-02,2025-05-17,1
MARKET_RISE_CDW_20180326,CDW,2018-03-26,1402057,HIGH,,V19_V20_DEVELOPMENT,,DEVELOPMENT_OR_PRIOR_SEAL,1,2018-03-16,2018-03-31,0
MARKET_RISE_CD_20190104,CD,2019-01-04,1527762,HIGH,,V19_V20_DEVELOPMENT,,DEVELOPMENT_OR_PRIOR_SEAL,1,2018-12-25,2019-01-09,0
MARKET_RISE_CD_20200324,CD,2020-03-24,1527762,HIGH,,V19_V20_DEVELOPMENT,,DEVELOPMENT_OR_PRIOR_SEAL,1,2020-03-14,2020-03-29,0
MARKET_RISE_CEG_20220719,CEG,2022-07-19,1868275,HIGH,,V19_V20_DEVELOPMENT,,DEVELOPMENT_OR_PRIOR_SEAL,1,2022-07-09,2022-07-24,1
MARKET_RISE_CEG_20221004,CEG,2022-10-04,1868275,HIGH,,V19_V20_DEVELOPMENT,,DEVELOPMENT_OR_PRIOR_SEAL,1,2022-09-24,2022-10-09,1
MARKET_RISE_CENT_20180326,CENT,2018-03-26,887733,HIGH,,V19_V20_DEVELOPMENT,,DEVELOPMENT_OR_PRIOR_SEAL,1,2018-03-16,2018-03-31,0
MARKET_RISE_CENT_20181226,CENT,2018-12-26,887733,HIGH,,V19_V20_DEVELOPMENT,,DEVELOPMENT_OR_PRIOR_SEAL,1,2018-12-16,2018-12-31,0
MARKET_RISE_CETX_20190104,CETX,2019-01-04,1435064,HIGH,,V19_V20_DEVELOPMENT,,DEVELOPMENT_OR_PRIOR_SEAL,1,2018-12-25,2019-01-09,0
MARKET_RISE_CETX_20200317,CETX,2020-03-17,1435064,HIGH,,V19_V20_DEVELOPMENT,,DEVELOPMENT_OR_PRIOR_SEAL,1,2020-03-07,2020-03-22,0
MARKET_RISE_CGC_20181226,CGC,2018-12-26,1737927,HIGH,,V19_V20_DEVELOPMENT,,DEVELOPMENT_OR_PRIOR_SEAL,1,2018-12-16,2018-12-31,0
MARKET_RISE_CGC_20190104,CGC,2019-01-04,1737927,HIGH,,V19_V20_DEVELOPMENT,,DEVELOPMENT_OR_PRIOR_SEAL,1,2018-12-25,2019-01-09,0
MARKET_RISE_CGHM_20250512,CGHM,2025-05-12,,UNRESOLVED,,V19_V20_DEVELOPMENT,,DEVELOPMENT_OR_PRIOR_SEAL,1,2025-05-02,2025-05-17,1
MARKET_RISE_CHGA_20200302,CHGA,2020-03-02,1630212,HIGH,,V19_V20_DEVELOPMENT,,DEVELOPMENT_OR_PRIOR_SEAL,1,2020-02-21,2020-03-07,0
MARKET_RISE_CHR_20200302,CHR,2020-03-02,1738758,HIGH,,V19_V20_DEVELOPMENT,,DEVELOPMENT_OR_PRIOR_SEAL,1,2020-02-21,2020-03-07,0
MARKET_RISE_CHR_20200304,CHR,2020-03-04,1738758,HIGH,,V19_V20_DEVELOPMENT,,DEVELOPMENT_OR_PRIOR_SEAL,1,2020-02-23,2020-03-09,0
MARKET_RISE_CHTR_20181226,CHTR,2018-12-26,1091667,HIGH,,V19_V20_DEVELOPMENT,,DEVELOPMENT_OR_PRIOR_SEAL,1,2018-12-16,2018-12-31,0
MARKET_RISE_CHTR_20190104,CHTR,2019-01-04,1091667,HIGH,,V19_V20_DEVELOPMENT,,DEVELOPMENT_OR_PRIOR_SEAL,1,2018-12-25,2019-01-09,0
MARKET_RISE_CHW_20180326,CHW,2018-03-26,1396277,HIGH,,V19_V20_DEVELOPMENT,,DEVELOPMENT_OR_PRIOR_SEAL,1,2018-03-16,2018-03-31,0
MARKET_RISE_CICB_20250512,CICB,2025-05-12,1534254,HIGH,,V19_V20_DEVELOPMENT,,DEVELOPMENT_OR_PRIOR_SEAL,1,2025-05-02,2025-05-17,1
MARKET_RISE_CING_20220719,CING,2022-07-19,1862150,HIGH,,V19_V20_DEVELOPMENT,,DEVELOPMENT_OR_PRIOR_SEAL,1,2022-07-09,2022-07-24,1
MARKET_RISE_CI_20180326,CI,2018-03-26,1739940,HIGH,,V19_V20_DEVELOPMENT,,DEVELOPMENT_OR_PRIOR_SEAL,1,2018-03-16,2018-03-31,0
MARKET_RISE_CI_20181226,CI,2018-12-26,1739940,HIGH,,V19_V20_DEVELOPMENT,,DEVELOPMENT_OR_PRIOR_SEAL,1,2018-12-16,2018-12-31,0
MARKET_RISE_CLRO_20190104,CLRO,2019-01-04,840715,HIGH,,V19_V20_DEVELOPMENT,,DEVELOPMENT_OR_PRIOR_SEAL,1,2018-12-25,2019-01-09,0
MARKET_RISE_CLRO_20200408,CLRO,2020-04-08,840715,HIGH,,V19_V20_DEVELOPMENT,,DEVELOPMENT_OR_PRIOR_SEAL,1,2020-03-29,2020-04-13,0
MARKET_RISE_CMCT_20190104,CMCT,2019-01-04,908311,HIGH,,V19_V20_DEVELOPMENT,,DEVELOPMENT_OR_PRIOR_SEAL,1,2018-12-25,2019-01-09,0
MARKET_RISE_CMC_20180326,CMC,2018-03-26,22444,HIGH,,V19_V20_DEVELOPMENT,,DEVELOPMENT_OR_PRIOR_SEAL,1,2018-03-16,2018-03-31,0
MARKET_RISE_CMC_20181226,CMC,2018-12-26,22444,HIGH,,V19_V20_DEVELOPMENT,,DEVELOPMENT_OR_PRIOR_SEAL,1,2018-12-16,2018-12-31,0
MARKET_RISE_CME_20180326,CME,2018-03-26,1156375,HIGH,,V19_V20_DEVELOPMENT,,DEVELOPMENT_OR_PRIOR_SEAL,1,2018-03-16,2018-03-31,0
MARKET_RISE_CMMB_20200302,CMMB,2020-03-02,1534248,HIGH,,V19_V20_DEVELOPMENT,,DEVELOPMENT_OR_PRIOR_SEAL,1,2020-02-21,2020-03-07,0
MARKET_RISE_CMMB_20200317,CMMB,2020-03-17,1534248,HIGH,,V19_V20_DEVELOPMENT,,DEVELOPMENT_OR_PRIOR_SEAL,1,2020-03-07,2020-03-22,0
MARKET_RISE_CMPS_20220504,CMPS,2022-05-04,1816590,HIGH,,V19_V20_DEVELOPMENT,,DEVELOPMENT_OR_PRIOR_SEAL,1,2022-04-24,2022-05-09,1
MARKET_RISE_CMP_20180326,CMP,2018-03-26,1227654,HIGH,,V19_V20_DEVELOPMENT,,DEVELOPMENT_OR_PRIOR_SEAL,1,2018-03-16,2018-03-31,0
MARKET_RISE_CMS_20181226,CMS,2018-12-26,811156,HIGH,,V19_V20_DEVELOPMENT,,DEVELOPMENT_OR_PRIOR_SEAL,1,2018-12-16,2018-12-31,0
MARKET_RISE_CNET_20181226,CNET,2018-12-26,1376321,HIGH,,V19_V20_DEVELOPMENT,,DEVELOPMENT_OR_PRIOR_SEAL,1,2018-12-16,2018-12-31,0
MARKET_RISE_CNEY_20220309,CNEY,2022-03-09,1780785,HIGH,,V19_V20_DEVELOPMENT,,DEVELOPMENT_OR_PRIOR_SEAL,1,2022-02-27,2022-03-14,1
MARKET_RISE_CNF_20200302,CNF,2020-03-02,1733868,HIGH,,V19_V20_DEVELOPMENT,,DEVELOPMENT_OR_PRIOR_SEAL,1,2020-02-21,2020-03-07,0
MARKET_RISE_CNF_20200406,CNF,2020-04-06,1733868,HIGH,,V19_V20_DEVELOPMENT,,DEVELOPMENT_OR_PRIOR_SEAL,1,2020-03-27,2020-04-11,0
MARKET_RISE_CNQ_20181226,CNQ,2018-12-26,1017413,HIGH,,V19_V20_DEVELOPMENT,,DEVELOPMENT_OR_PRIOR_SEAL,1,2018-12-16,2018-12-31,0
MARKET_RISE_CNQ_20190104,CNQ,2019-01-04,1017413,HIGH,,V19_V20_DEVELOPMENT,,DEVELOPMENT_OR_PRIOR_SEAL,1,2018-12-25,2019-01-09,0
MARKET_RISE_CNTX_20221004,CNTX,2022-10-04,1842952,HIGH,,V19_V20_DEVELOPMENT,,DEVELOPMENT_OR_PRIOR_SEAL,1,2022-09-24,2022-10-09,1
MARKET_RISE_COCP_20200326,COCP,2020-03-26,1412486,HIGH,,V19_V20_DEVELOPMENT,,DEVELOPMENT_OR_PRIOR_SEAL,1,2020-03-16,2020-03-31,0
MARKET_RISE_COCP_20200406,COCP,2020-04-06,1412486,HIGH,,V19_V20_DEVELOPMENT,,DEVELOPMENT_OR_PRIOR_SEAL,1,2020-03-27,2020-04-11,0
MARKET_RISE_CODX_20180326,CODX,2018-03-26,1692415,HIGH,,V19_V20_DEVELOPMENT,,DEVELOPMENT_OR_PRIOR_SEAL,1,2018-03-16,2018-03-31,0
MARKET_RISE_CODX_20200326,CODX,2020-03-26,1692415,HIGH,,V19_V20_DEVELOPMENT,,DEVELOPMENT_OR_PRIOR_SEAL,1,2020-03-16,2020-03-31,0
MARKET_RISE_COGT_20200417,COGT,2020-04-17,1622229,HIGH,,V19_V20_DEVELOPMENT,,DEVELOPMENT_OR_PRIOR_SEAL,1,2020-04-07,2020-04-22,0
MARKET_RISE_COGT_20220309,COGT,2022-03-09,1622229,HIGH,,V19_V20_DEVELOPMENT,,DEVELOPMENT_OR_PRIOR_SEAL,1,2022-02-27,2022-03-14,1
MARKET_RISE_COP_20180326,COP,2018-03-26,1163165,HIGH,,V19_V20_DEVELOPMENT,,DEVELOPMENT_OR_PRIOR_SEAL,1,2018-03-16,2018-03-31,0
MARKET_RISE_COSM_20250512,COSM,2025-05-12,1474167,HIGH,,V19_V20_DEVELOPMENT,,DEVELOPMENT_OR_PRIOR_SEAL,1,2025-05-02,2025-05-17,1
MARKET_RISE_CPAC_20190104,CPAC,2019-01-04,1221029,HIGH,,V19_V20_DEVELOPMENT,,DEVELOPMENT_OR_PRIOR_SEAL,1,2018-12-25,2019-01-09,0
MARKET_RISE_CPB_20180326,CPB,2018-03-26,16732,HIGH,,V19_V20_DEVELOPMENT,,DEVELOPMENT_OR_PRIOR_SEAL,1,2018-03-16,2018-03-31,0
MARKET_RISE_CPF_20181226,CPF,2018-12-26,701347,HIGH,,V19_V20_DEVELOPMENT,,DEVELOPMENT_OR_PRIOR_SEAL,1,2018-12-16,2018-12-31,0
MARKET_RISE_CPOP_20220624,CPOP,2022-06-24,1807389,HIGH,,V19_V20_DEVELOPMENT,,DEVELOPMENT_OR_PRIOR_SEAL,1,2022-06-14,2022-06-29,1
MARKET_RISE_CPRO_20250512,CPRO,2025-05-12,,UNRESOLVED,,V19_V20_DEVELOPMENT,,DEVELOPMENT_OR_PRIOR_SEAL,1,2025-05-02,2025-05-17,1
MARKET_RISE_CRBP_20180326,CRBP,2018-03-26,1595097,HIGH,,V19_V20_DEVELOPMENT,,DEVELOPMENT_OR_PRIOR_SEAL,1,2018-03-16,2018-03-31,0
MARKET_RISE_CRBP_20181226,CRBP,2018-12-26,1595097,HIGH,,V19_V20_DEVELOPMENT,,DEVELOPMENT_OR_PRIOR_SEAL,1,2018-12-16,2018-12-31,0
MARKET_RISE_CRDO_20221004,CRDO,2022-10-04,1807794,HIGH,,V19_V20_DEVELOPMENT,,DEVELOPMENT_OR_PRIOR_SEAL,1,2022-09-24,2022-10-09,1
MARKET_RISE_CRDO_20221110,CRDO,2022-11-10,1807794,HIGH,,V19_V20_DEVELOPMENT,,DEVELOPMENT_OR_PRIOR_SEAL,1,2022-10-31,2022-11-15,1
MARKET_RISE_CREX_20200406,CREX,2020-04-06,1356093,HIGH,,V19_V20_DEVELOPMENT,,DEVELOPMENT_OR_PRIOR_SEAL,1,2020-03-27,2020-04-11,0
MARKET_RISE_CRH_20181226,CRH,2018-12-26,849395,HIGH,,V19_V20_DEVELOPMENT,,DEVELOPMENT_OR_PRIOR_SEAL,1,2018-12-16,2018-12-31,0
MARKET_RISE_CRIS_20181226,CRIS,2018-12-26,1108205,HIGH,,V19_V20_DEVELOPMENT,,DEVELOPMENT_OR_PRIOR_SEAL,1,2018-12-16,2018-12-31,0
MARKET_RISE_CRML_20250409,CRML,2025-04-09,1951089,HIGH,,V19_V20_DEVELOPMENT,,DEVELOPMENT_OR_PRIOR_SEAL,1,2025-03-30,2025-04-14,1
MARKET_RISE_CRMT_20180326,CRMT,2018-03-26,799850,HIGH,,V19_V20_DEVELOPMENT,,DEVELOPMENT_OR_PRIOR_SEAL,1,2018-03-16,2018-03-31,0
MARKET_RISE_CRS_20181226,CRS,2018-12-26,17843,HIGH,,V19_V20_DEVELOPMENT,,DEVELOPMENT_OR_PRIOR_SEAL,1,2018-12-16,2018-12-31,0
MARKET_RISE_CRVL_20181226,CRVL,2018-12-26,874866,HIGH,,V19_V20_DEVELOPMENT,,DEVELOPMENT_OR_PRIOR_SEAL,1,2018-12-16,2018-12-31,0
MARKET_RISE_CRVO_20200313,CRVO,2020-03-13,1053691,HIGH,,V19_V20_DEVELOPMENT,,DEVELOPMENT_OR_PRIOR_SEAL,1,2020-03-03,2020-03-18,0
MARKET_RISE_CSL_20181226,CSL,2018-12-26,790051,HIGH,,V19_V20_DEVELOPMENT,,DEVELOPMENT_OR_PRIOR_SEAL,1,2018-12-16,2018-12-31,0
MARKET_RISE_CTNT_20250512,CTNT,2025-05-12,1951667,HIGH,,V19_V20_DEVELOPMENT,,DEVELOPMENT_OR_PRIOR_SEAL,1,2025-05-02,2025-05-17,1
MARKET_RISE_CTSO_20181226,CTSO,2018-12-26,1175151,HIGH,,V19_V20_DEVELOPMENT,,DEVELOPMENT_OR_PRIOR_SEAL,1,2018-12-16,2018-12-31,0
MARKET_RISE_CTSO_20190104,CTSO,2019-01-04,1175151,HIGH,,V19_V20_DEVELOPMENT,,DEVELOPMENT_OR_PRIOR_SEAL,1,2018-12-25,2019-01-09,0
MARKET_RISE_CUE_20200304,CUE,2020-03-04,1645460,HIGH,,V19_V20_DEVELOPMENT,,DEVELOPMENT_OR_PRIOR_SEAL,1,2020-02-23,2020-03-09,0
MARKET_RISE_CURR_20221004,CURR,2022-10-04,1862935,HIGH,,V19_V20_DEVELOPMENT,,DEVELOPMENT_OR_PRIOR_SEAL,1,2022-09-24,2022-10-09,1
MARKET_RISE_CVNA_20180326,CVNA,2018-03-26,1690820,HIGH,,V19_V20_DEVELOPMENT,,DEVELOPMENT_OR_PRIOR_SEAL,1,2018-03-16,2018-03-31,0
MARKET_RISE_CVNA_20181226,CVNA,2018-12-26,1690820,HIGH,,V19_V20_DEVELOPMENT,,DEVELOPMENT_OR_PRIOR_SEAL,1,2018-12-16,2018-12-31,0
MARKET_RISE_CVRX_20221110,CVRX,2022-11-10,1235912,HIGH,,V19_V20_DEVELOPMENT,,DEVELOPMENT_OR_PRIOR_SEAL,1,2022-10-31,2022-11-15,1
MARKET_RISE_CVV_20181226,CVV,2018-12-26,766792,HIGH,,V19_V20_DEVELOPMENT,,DEVELOPMENT_OR_PRIOR_SEAL,1,2018-12-16,2018-12-31,0
MARKET_RISE_CVV_20190104,CVV,2019-01-04,766792,HIGH,,V19_V20_DEVELOPMENT,,DEVELOPMENT_OR_PRIOR_SEAL,1,2018-12-25,2019-01-09,0
MARKET_RISE_CXAI_20220309,CXAI,2022-03-09,1820875,HIGH,,V19_V20_DEVELOPMENT,,DEVELOPMENT_OR_PRIOR_SEAL,1,2022-02-27,2022-03-14,1
MARKET_RISE_CXAI_20220504,CXAI,2022-05-04,1820875,HIGH,,V19_V20_DEVELOPMENT,,DEVELOPMENT_OR_PRIOR_SEAL,1,2022-04-24,2022-05-09,1
MARKET_RISE_CYPH_20181226,CYPH,2018-12-26,1509745,HIGH,,V19_V20_DEVELOPMENT,,DEVELOPMENT_OR_PRIOR_SEAL,1,2018-12-16,2018-12-31,0
MARKET_RISE_CZFS_20250409,CZFS,2025-04-09,739421,HIGH,,V19_V20_DEVELOPMENT,,DEVELOPMENT_OR_PRIOR_SEAL,1,2025-03-30,2025-04-14,1
MARKET_RISE_DAC_20180326,DAC,2018-03-26,1369241,HIGH,,V19_V20_DEVELOPMENT,,DEVELOPMENT_OR_PRIOR_SEAL,1,2018-03-16,2018-03-31,0
MARKET_RISE_DARE_20181226,DARE,2018-12-26,1401914,HIGH,,V19_V20_DEVELOPMENT,,DEVELOPMENT_OR_PRIOR_SEAL,1,2018-12-16,2018-12-31,0
MARKET_RISE_DARE_20190104,DARE,2019-01-04,1401914,HIGH,,V19_V20_DEVELOPMENT,,DEVELOPMENT_OR_PRIOR_SEAL,1,2018-12-25,2019-01-09,0
MARKET_RISE_DASH_20220309,DASH,2022-03-09,1792789,HIGH,,V19_V20_DEVELOPMENT,,DEVELOPMENT_OR_PRIOR_SEAL,1,2022-02-27,2022-03-14,1
MARKET_RISE_DASH_20220504,DASH,2022-05-04,1792789,HIGH,,V19_V20_DEVELOPMENT,,DEVELOPMENT_OR_PRIOR_SEAL,1,2022-04-24,2022-05-09,1
MARKET_RISE_DCGO_20220309,DCGO,2022-03-09,1822359,HIGH,,V19_V20_DEVELOPMENT,,DEVELOPMENT_OR_PRIOR_SEAL,1,2022-02-27,2022-03-14,1
MARKET_RISE_DCGO_20220504,DCGO,2022-05-04,1822359,HIGH,,V19_V20_DEVELOPMENT,,DEVELOPMENT_OR_PRIOR_SEAL,1,2022-04-24,2022-05-09,1
MARKET_RISE_DCOY_20180326,DCOY,2018-03-26,1615219,HIGH,,V19_V20_DEVELOPMENT,,DEVELOPMENT_OR_PRIOR_SEAL,1,2018-03-16,2018-03-31,0
MARKET_RISE_DCOY_20181226,DCOY,2018-12-26,1615219,HIGH,,V19_V20_DEVELOPMENT,,DEVELOPMENT_OR_PRIOR_SEAL,1,2018-12-16,2018-12-31,0
MARKET_RISE_DCX_20250409,DCX,2025-04-09,1957413,HIGH,,V19_V20_DEVELOPMENT,,DEVELOPMENT_OR_PRIOR_SEAL,1,2025-03-30,2025-04-14,1
MARKET_RISE_DD_20180326,DD,2018-03-26,1666700,HIGH,,V19_V20_DEVELOPMENT,,DEVELOPMENT_OR_PRIOR_SEAL,1,2018-03-16,2018-03-31,0
MARKET_RISE_DD_20181226,DD,2018-12-26,1666700,HIGH,,V19_V20_DEVELOPMENT,,DEVELOPMENT_OR_PRIOR_SEAL,1,2018-12-16,2018-12-31,0
MARKET_RISE_DEVSF_20221130,DEVSF,2022-11-30,1854480,HIGH,,V19_V20_DEVELOPMENT,,DEVELOPMENT_OR_PRIOR_SEAL,1,2022-11-20,2022-12-05,1
MARKET_RISE_DFNS_20250409,DFNS,2025-04-09,1787518,HIGH,,V19_V20_DEVELOPMENT,,DEVELOPMENT_OR_PRIOR_SEAL,1,2025-03-30,2025-04-14,1
MARKET_RISE_DGICB_20200414,DGICB,2020-04-14,800457,HIGH,,V19_V20_DEVELOPMENT,,DEVELOPMENT_OR_PRIOR_SEAL,1,2020-04-04,2020-04-19,0
MARKET_RISE_DHF_20181226,DHF,2018-12-26,1057861,HIGH,,V19_V20_DEVELOPMENT,,DEVELOPMENT_OR_PRIOR_SEAL,1,2018-12-16,2018-12-31,0
MARKET_RISE_DIOD_20180326,DIOD,2018-03-26,29002,HIGH,,V19_V20_DEVELOPMENT,,DEVELOPMENT_OR_PRIOR_SEAL,1,2018-03-16,2018-03-31,0
MARKET_RISE_DJT_20220504,DJT,2022-05-04,1849635,HIGH,,V19_V20_DEVELOPMENT,,DEVELOPMENT_OR_PRIOR_SEAL,1,2022-04-24,2022-05-09,1
MARKET_RISE_DJT_20220719,DJT,2022-07-19,1849635,HIGH,,V19_V20_DEVELOPMENT,,DEVELOPMENT_OR_PRIOR_SEAL,1,2022-07-09,2022-07-24,1
MARKET_RISE_DKL_20181226,DKL,2018-12-26,1552797,HIGH,,V19_V20_DEVELOPMENT,,DEVELOPMENT_OR_PRIOR_SEAL,1,2018-12-16,2018-12-31,0
MARKET_RISE_DKL_20190104,DKL,2019-01-04,1552797,HIGH,,V19_V20_DEVELOPMENT,,DEVELOPMENT_OR_PRIOR_SEAL,1,2018-12-25,2019-01-09,0
MARKET_RISE_DKS_20180326,DKS,2018-03-26,1089063,HIGH,,V19_V20_DEVELOPMENT,,DEVELOPMENT_OR_PRIOR_SEAL,1,2018-03-16,2018-03-31,0
MARKET_RISE_DKS_20181226,DKS,2018-12-26,1089063,HIGH,,V19_V20_DEVELOPMENT,,DEVELOPMENT_OR_PRIOR_SEAL,1,2018-12-16,2018-12-31,0
MARKET_RISE_DLHC_20190104,DLHC,2019-01-04,785557,HIGH,,V19_V20_DEVELOPMENT,,DEVELOPMENT_OR_PRIOR_SEAL,1,2018-12-25,2019-01-09,0
MARKET_RISE_DLR_20181226,DLR,2018-12-26,1297996,HIGH,,V19_V20_DEVELOPMENT,,DEVELOPMENT_OR_PRIOR_SEAL,1,2018-12-16,2018-12-31,0
MARKET_RISE_DLR_20190104,DLR,2019-01-04,1297996,HIGH,,V19_V20_DEVELOPMENT,,DEVELOPMENT_OR_PRIOR_SEAL,1,2018-12-25,2019-01-09,0
MARKET_RISE_DMO_20180326,DMO,2018-03-26,1478102,HIGH,,V19_V20_DEVELOPMENT,,DEVELOPMENT_OR_PRIOR_SEAL,1,2018-03-16,2018-03-31,0
MARKET_RISE_DPZ_20180326,DPZ,2018-03-26,1286681,HIGH,,V19_V20_DEVELOPMENT,,DEVELOPMENT_OR_PRIOR_SEAL,1,2018-03-16,2018-03-31,0
MARKET_RISE_DSWL_20181226,DSWL,2018-12-26,946936,HIGH,,V19_V20_DEVELOPMENT,,DEVELOPMENT_OR_PRIOR_SEAL,1,2018-12-16,2018-12-31,0
MARKET_RISE_DSWL_20190104,DSWL,2019-01-04,946936,HIGH,,V19_V20_DEVELOPMENT,,DEVELOPMENT_OR_PRIOR_SEAL,1,2018-12-25,2019-01-09,0
MARKET_RISE_DSY_20250409,DSY,2025-04-09,1999297,HIGH,,V19_V20_DEVELOPMENT,,DEVELOPMENT_OR_PRIOR_SEAL,1,2025-03-30,2025-04-14,1
MARKET_RISE_DUOT_20220504,DUOT,2022-05-04,1396536,HIGH,,V19_V20_DEVELOPMENT,,DEVELOPMENT_OR_PRIOR_SEAL,1,2022-04-24,2022-05-09,1
MARKET_RISE_DUO_20220719,DUO,2022-07-19,1750593,HIGH,,V19_V20_DEVELOPMENT,,DEVELOPMENT_OR_PRIOR_SEAL,1,2022-07-09,2022-07-24,1
MARKET_RISE_DVN_20180326,DVN,2018-03-26,1090012,HIGH,,V19_V20_DEVELOPMENT,,DEVELOPMENT_OR_PRIOR_SEAL,1,2018-03-16,2018-03-31,0
MARKET_RISE_DWSN_20180326,DWSN,2018-03-26,799165,HIGH,,V19_V20_DEVELOPMENT,,DEVELOPMENT_OR_PRIOR_SEAL,1,2018-03-16,2018-03-31,0
MARKET_RISE_DXCM_20180326,DXCM,2018-03-26,1093557,HIGH,,V19_V20_DEVELOPMENT,,DEVELOPMENT_OR_PRIOR_SEAL,1,2018-03-16,2018-03-31,0
MARKET_RISE_DXCM_20181226,DXCM,2018-12-26,1093557,HIGH,,V19_V20_DEVELOPMENT,,DEVELOPMENT_OR_PRIOR_SEAL,1,2018-12-16,2018-12-31,0
MARKET_RISE_DYAI_20200326,DYAI,2020-03-26,1213809,HIGH,,V19_V20_DEVELOPMENT,,DEVELOPMENT_OR_PRIOR_SEAL,1,2020-03-16,2020-03-31,0
MARKET_RISE_DYAI_20200330,DYAI,2020-03-30,1213809,HIGH,,V19_V20_DEVELOPMENT,,DEVELOPMENT_OR_PRIOR_SEAL,1,2020-03-20,2020-04-04,0
MARKET_RISE_DY_20180326,DY,2018-03-26,67215,HIGH,,V19_V20_DEVELOPMENT,,DEVELOPMENT_OR_PRIOR_SEAL,1,2018-03-16,2018-03-31,0
MARKET_RISE_DY_20181226,DY,2018-12-26,67215,HIGH,,V19_V20_DEVELOPMENT,,DEVELOPMENT_OR_PRIOR_SEAL,1,2018-12-16,2018-12-31,0
MARKET_RISE_D_20180326,D,2018-03-26,715957,HIGH,,V19_V20_DEVELOPMENT,,DEVELOPMENT_OR_PRIOR_SEAL,1,2018-03-16,2018-03-31,0
MARKET_RISE_EBON_20220309,EBON,2022-03-09,1799290,HIGH,,V19_V20_DEVELOPMENT,,DEVELOPMENT_OR_PRIOR_SEAL,1,2022-02-27,2022-03-14,1
MARKET_RISE_EBON_20220504,EBON,2022-05-04,1799290,HIGH,,V19_V20_DEVELOPMENT,,DEVELOPMENT_OR_PRIOR_SEAL,1,2022-04-24,2022-05-09,1
MARKET_RISE_ECOR_20181226,ECOR,2018-12-26,1560258,HIGH,,V19_V20_DEVELOPMENT,,DEVELOPMENT_OR_PRIOR_SEAL,1,2018-12-16,2018-12-31,0
MARKET_RISE_ECOR_20200302,ECOR,2020-03-02,1560258,HIGH,,V19_V20_DEVELOPMENT,,DEVELOPMENT_OR_PRIOR_SEAL,1,2020-02-21,2020-03-07,0
MARKET_RISE_EDBL_20250409,EDBL,2025-04-09,1809750,HIGH,,V19_V20_DEVELOPMENT,,DEVELOPMENT_OR_PRIOR_SEAL,1,2025-03-30,2025-04-14,1
MARKET_RISE_EDBL_20250512,EDBL,2025-05-12,1809750,HIGH,,V19_V20_DEVELOPMENT,,DEVELOPMENT_OR_PRIOR_SEAL,1,2025-05-02,2025-05-17,1
MARKET_RISE_EDSA_20190104,EDSA,2019-01-04,1540159,HIGH,,V19_V20_DEVELOPMENT,,DEVELOPMENT_OR_PRIOR_SEAL,1,2018-12-25,2019-01-09,0
MARKET_RISE_EDSA_20200302,EDSA,2020-03-02,1540159,HIGH,,V19_V20_DEVELOPMENT,,DEVELOPMENT_OR_PRIOR_SEAL,1,2020-02-21,2020-03-07,0
MARKET_RISE_EEFT_20180326,EEFT,2018-03-26,1029199,HIGH,,V19_V20_DEVELOPMENT,,DEVELOPMENT_OR_PRIOR_SEAL,1,2018-03-16,2018-03-31,0
MARKET_RISE_EEFT_20181226,EEFT,2018-12-26,1029199,HIGH,,V19_V20_DEVELOPMENT,,DEVELOPMENT_OR_PRIOR_SEAL,1,2018-12-16,2018-12-31,0
MARKET_RISE_EFR_20180326,EFR,2018-03-26,1258623,HIGH,,V19_V20_DEVELOPMENT,,DEVELOPMENT_OR_PRIOR_SEAL,1,2018-03-16,2018-03-31,0
MARKET_RISE_EFR_20181226,EFR,2018-12-26,1258623,HIGH,,V19_V20_DEVELOPMENT,,DEVELOPMENT_OR_PRIOR_SEAL,1,2018-12-16,2018-12-31,0
MARKET_RISE_EHTH_20180326,EHTH,2018-03-26,1333493,HIGH,,V19_V20_DEVELOPMENT,,DEVELOPMENT_OR_PRIOR_SEAL,1,2018-03-16,2018-03-31,0
MARKET_RISE_EH_20220309,EH,2022-03-09,1759783,HIGH,,V19_V20_DEVELOPMENT,,DEVELOPMENT_OR_PRIOR_SEAL,1,2022-02-27,2022-03-14,1
MARKET_RISE_EJH_20220309,EJH,2022-03-09,1769768,HIGH,,V19_V20_DEVELOPMENT,,DEVELOPMENT_OR_PRIOR_SEAL,1,2022-02-27,2022-03-14,1
MARKET_RISE_ELAN_20200302,ELAN,2020-03-02,1739104,HIGH,,V19_V20_DEVELOPMENT,,DEVELOPMENT_OR_PRIOR_SEAL,1,2020-02-21,2020-03-07,0
MARKET_RISE_ELAN_20200304,ELAN,2020-03-04,1739104,HIGH,,V19_V20_DEVELOPMENT,,DEVELOPMENT_OR_PRIOR_SEAL,1,2020-02-23,2020-03-09,0
MARKET_RISE_ELTX_20221004,ELTX,2022-10-04,1601485,HIGH,,V19_V20_DEVELOPMENT,,DEVELOPMENT_OR_PRIOR_SEAL,1,2022-09-24,2022-10-09,1
MARKET_RISE_ELV_20180326,ELV,2018-03-26,1156039,HIGH,,V19_V20_DEVELOPMENT,,DEVELOPMENT_OR_PRIOR_SEAL,1,2018-03-16,2018-03-31,0
MARKET_RISE_EMR_20180326,EMR,2018-03-26,32604,HIGH,,V19_V20_DEVELOPMENT,,DEVELOPMENT_OR_PRIOR_SEAL,1,2018-03-16,2018-03-31,0
MARKET_RISE_EMR_20181226,EMR,2018-12-26,32604,HIGH,,V19_V20_DEVELOPMENT,,DEVELOPMENT_OR_PRIOR_SEAL,1,2018-12-16,2018-12-31,0
MARKET_RISE_ENPH_20180326,ENPH,2018-03-26,1463101,HIGH,,V19_V20_DEVELOPMENT,,DEVELOPMENT_OR_PRIOR_SEAL,1,2018-03-16,2018-03-31,0
MARKET_RISE_ENPH_20181226,ENPH,2018-12-26,1463101,HIGH,,V19_V20_DEVELOPMENT,,DEVELOPMENT_OR_PRIOR_SEAL,1,2018-12-16,2018-12-31,0
MARKET_RISE_ENSC_20200302,ENSC,2020-03-02,1716947,HIGH,,V19_V20_DEVELOPMENT,,DEVELOPMENT_OR_PRIOR_SEAL,1,2020-02-21,2020-03-07,0
MARKET_RISE_ENTG_20180326,ENTG,2018-03-26,1101302,HIGH,,V19_V20_DEVELOPMENT,,DEVELOPMENT_OR_PRIOR_SEAL,1,2018-03-16,2018-03-31,0
MARKET_RISE_ENTG_20181226,ENTG,2018-12-26,1101302,HIGH,,V19_V20_DEVELOPMENT,,DEVELOPMENT_OR_PRIOR_SEAL,1,2018-12-16,2018-12-31,0
MARKET_RISE_ENTX_20200302,ENTX,2020-03-02,1638097,HIGH,,V19_V20_DEVELOPMENT,,DEVELOPMENT_OR_PRIOR_SEAL,1,2020-02-21,2020-03-07,0
MARKET_RISE_ENTX_20200310,ENTX,2020-03-10,1638097,HIGH,,V19_V20_DEVELOPMENT,,DEVELOPMENT_OR_PRIOR_SEAL,1,2020-02-29,2020-03-15,0
MARKET_RISE_EOLS_20181226,EOLS,2018-12-26,1570562,HIGH,,V19_V20_DEVELOPMENT,,DEVELOPMENT_OR_PRIOR_SEAL,1,2018-12-16,2018-12-31,0
MARKET_RISE_ERNA_20220504,ERNA,2022-05-04,748592,HIGH,,V19_V20_DEVELOPMENT,,DEVELOPMENT_OR_PRIOR_SEAL,1,2022-04-24,2022-05-09,1
MARKET_RISE_ESE_20180326,ESE,2018-03-26,866706,HIGH,,V19_V20_DEVELOPMENT,,DEVELOPMENT_OR_PRIOR_SEAL,1,2018-03-16,2018-03-31,0
MARKET_RISE_ESE_20181226,ESE,2018-12-26,866706,HIGH,,V19_V20_DEVELOPMENT,,DEVELOPMENT_OR_PRIOR_SEAL,1,2018-12-16,2018-12-31,0
MARKET_RISE_ESTC_20200304,ESTC,2020-03-04,1707753,HIGH,,V19_V20_DEVELOPMENT,,DEVELOPMENT_OR_PRIOR_SEAL,1,2020-02-23,2020-03-09,0
MARKET_RISE_ESTC_20200310,ESTC,2020-03-10,1707753,HIGH,,V19_V20_DEVELOPMENT,,DEVELOPMENT_OR_PRIOR_SEAL,1,2020-02-29,2020-03-15,0
MARKET_RISE_ETSY_20180326,ETSY,2018-03-26,1370637,HIGH,,V19_V20_DEVELOPMENT,,DEVELOPMENT_OR_PRIOR_SEAL,1,2018-03-16,2018-03-31,0
MARKET_RISE_ETSY_20181226,ETSY,2018-12-26,1370637,HIGH,,V19_V20_DEVELOPMENT,,DEVELOPMENT_OR_PRIOR_SEAL,1,2018-12-16,2018-12-31,0
MARKET_RISE_EU_20250512,EU,2025-05-12,1500881,HIGH,,V19_V20_DEVELOPMENT,,DEVELOPMENT_OR_PRIOR_SEAL,1,2025-05-02,2025-05-17,1
MARKET_RISE_EZGO_20220504,EZGO,2022-05-04,1806904,HIGH,,V19_V20_DEVELOPMENT,,DEVELOPMENT_OR_PRIOR_SEAL,1,2022-04-24,2022-05-09,1
MARKET_RISE_EZGO_20220719,EZGO,2022-07-19,1806904,HIGH,,V19_V20_DEVELOPMENT,,DEVELOPMENT_OR_PRIOR_SEAL,1,2022-07-09,2022-07-24,1
MARKET_RISE_FABC_20181226,FABC,2018-12-26,1086745,HIGH,,V19_V20_DEVELOPMENT,,DEVELOPMENT_OR_PRIOR_SEAL,1,2018-12-16,2018-12-31,0
MARKET_RISE_FAMI_20190104,FAMI,2019-01-04,1701261,HIGH,,V19_V20_DEVELOPMENT,,DEVELOPMENT_OR_PRIOR_SEAL,1,2018-12-25,2019-01-09,0
MARKET_RISE_FBLG_20250409,FBLG,2025-04-09,1958777,HIGH,,V19_V20_DEVELOPMENT,,DEVELOPMENT_OR_PRIOR_SEAL,1,2025-03-30,2025-04-14,1
MARKET_RISE_FBRX_20180326,FBRX,2018-03-26,1419041,HIGH,,V19_V20_DEVELOPMENT,,DEVELOPMENT_OR_PRIOR_SEAL,1,2018-03-16,2018-03-31,0
MARKET_RISE_FCX_20180326,FCX,2018-03-26,831259,HIGH,,V19_V20_DEVELOPMENT,,DEVELOPMENT_OR_PRIOR_SEAL,1,2018-03-16,2018-03-31,0
MARKET_RISE_FEMY_20220504,FEMY,2022-05-04,1339005,HIGH,,V19_V20_DEVELOPMENT,,DEVELOPMENT_OR_PRIOR_SEAL,1,2022-04-24,2022-05-09,1
MARKET_RISE_FERG_20220624,FERG,2022-06-24,2011641,MEDIUM,,V19_V20_DEVELOPMENT,,DEVELOPMENT_OR_PRIOR_SEAL,1,2022-06-14,2022-06-29,1
MARKET_RISE_FER_20250409,FER,2025-04-09,1468522,HIGH,,V19_V20_DEVELOPMENT,,DEVELOPMENT_OR_PRIOR_SEAL,1,2025-03-30,2025-04-14,1
MARKET_RISE_FFAI_20220504,FFAI,2022-05-04,1805521,HIGH,,V19_V20_DEVELOPMENT,,DEVELOPMENT_OR_PRIOR_SEAL,1,2022-04-24,2022-05-09,1
MARKET_RISE_FFIV_20181226,FFIV,2018-12-26,1048695,HIGH,,V19_V20_DEVELOPMENT,,DEVELOPMENT_OR_PRIOR_SEAL,1,2018-12-16,2018-12-31,0
MARKET_RISE_FGBI_20200302,FGBI,2020-03-02,1408534,HIGH,,V19_V20_DEVELOPMENT,,DEVELOPMENT_OR_PRIOR_SEAL,1,2020-02-21,2020-03-07,0
MARKET_RISE_FGL_20250512,FGL,2025-05-12,1989930,HIGH,,V19_V20_DEVELOPMENT,,DEVELOPMENT_OR_PRIOR_SEAL,1,2025-05-02,2025-05-17,1
MARKET_RISE_FISV_20180326,FISV,2018-03-26,798354,HIGH,,V19_V20_DEVELOPMENT,,DEVELOPMENT_OR_PRIOR_SEAL,1,2018-03-16,2018-03-31,0
MARKET_RISE_FLD_20221130,FLD,2022-11-30,1889123,HIGH,,V19_V20_DEVELOPMENT,,DEVELOPMENT_OR_PRIOR_SEAL,1,2022-11-20,2022-12-05,1
MARKET_RISE_FLO_20180326,FLO,2018-03-26,1128928,HIGH,,V19_V20_DEVELOPMENT,,DEVELOPMENT_OR_PRIOR_SEAL,1,2018-03-16,2018-03-31,0
MARKET_RISE_FLUT_20250409,FLUT,2025-04-09,1635327,HIGH,,V19_V20_DEVELOPMENT,,DEVELOPMENT_OR_PRIOR_SEAL,1,2025-03-30,2025-04-14,1
MARKET_RISE_FLUT_20250512,FLUT,2025-05-12,1635327,HIGH,,V19_V20_DEVELOPMENT,,DEVELOPMENT_OR_PRIOR_SEAL,1,2025-05-02,2025-05-17,1
MARKET_RISE_FLUX_20220719,FLUX,2022-07-19,1083743,HIGH,,V19_V20_DEVELOPMENT,,DEVELOPMENT_OR_PRIOR_SEAL,1,2022-07-09,2022-07-24,1
MARKET_RISE_FLZH_20220309,FLZH,2022-03-09,1706524,HIGH,,V19_V20_DEVELOPMENT,,DEVELOPMENT_OR_PRIOR_SEAL,1,2022-02-27,2022-03-14,1
MARKET_RISE_FNGR_20221130,FNGR,2022-11-30,1602409,HIGH,,V19_V20_DEVELOPMENT,,DEVELOPMENT_OR_PRIOR_SEAL,1,2022-11-20,2022-12-05,1
MARKET_RISE_FNGR_20250409,FNGR,2025-04-09,1602409,HIGH,,V19_V20_DEVELOPMENT,,DEVELOPMENT_OR_PRIOR_SEAL,1,2025-03-30,2025-04-14,1
MARKET_RISE_FNLC_20180326,FNLC,2018-03-26,765207,HIGH,,V19_V20_DEVELOPMENT,,DEVELOPMENT_OR_PRIOR_SEAL,1,2018-03-16,2018-03-31,0
MARKET_RISE_FNLC_20181226,FNLC,2018-12-26,765207,HIGH,,V19_V20_DEVELOPMENT,,DEVELOPMENT_OR_PRIOR_SEAL,1,2018-12-16,2018-12-31,0
MARKET_RISE_FNWB_20180326,FNWB,2018-03-26,1556727,HIGH,,V19_V20_DEVELOPMENT,,DEVELOPMENT_OR_PRIOR_SEAL,1,2018-03-16,2018-03-31,0
MARKET_RISE_FNWB_20181226,FNWB,2018-12-26,1556727,HIGH,,V19_V20_DEVELOPMENT,,DEVELOPMENT_OR_PRIOR_SEAL,1,2018-12-16,2018-12-31,0
MARKET_RISE_FOXX_20250409,FOXX,2025-04-09,2013807,HIGH,,V19_V20_DEVELOPMENT,,DEVELOPMENT_OR_PRIOR_SEAL,1,2025-03-30,2025-04-14,1
MARKET_RISE_FOXX_20250512,FOXX,2025-05-12,2013807,HIGH,,V19_V20_DEVELOPMENT,,DEVELOPMENT_OR_PRIOR_SEAL,1,2025-05-02,2025-05-17,1
MARKET_RISE_FPH_20180326,FPH,2018-03-26,1574197,HIGH,,V19_V20_DEVELOPMENT,,DEVELOPMENT_OR_PRIOR_SEAL,1,2018-03-16,2018-03-31,0
MARKET_RISE_FPH_20181226,FPH,2018-12-26,1574197,HIGH,,V19_V20_DEVELOPMENT,,DEVELOPMENT_OR_PRIOR_SEAL,1,2018-12-16,2018-12-31,0
MARKET_RISE_FPWR_20200304,FPWR,2020-03-04,,UNRESOLVED,,V19_V20_DEVELOPMENT,,DEVELOPMENT_OR_PRIOR_SEAL,1,2020-02-23,2020-03-09,0
MARKET_RISE_FRGT_20180326,FRGT,2018-03-26,1687542,HIGH,,V19_V20_DEVELOPMENT,,DEVELOPMENT_OR_PRIOR_SEAL,1,2018-03-16,2018-03-31,0
MARKET_RISE_FRSX_20181226,FRSX,2018-12-26,1691221,HIGH,,V19_V20_DEVELOPMENT,,DEVELOPMENT_OR_PRIOR_SEAL,1,2018-12-16,2018-12-31,0
MARKET_RISE_FSEA_20200313,FSEA,2020-03-13,1943802,MEDIUM,,V19_V20_DEVELOPMENT,,DEVELOPMENT_OR_PRIOR_SEAL,1,2020-03-03,2020-03-18,0
MARKET_RISE_FSTR_20181226,FSTR,2018-12-26,352825,HIGH,,V19_V20_DEVELOPMENT,,DEVELOPMENT_OR_PRIOR_SEAL,1,2018-12-16,2018-12-31,0
MARKET_RISE_FTAI_20180326,FTAI,2018-03-26,1590364,HIGH,,V19_V20_DEVELOPMENT,,DEVELOPMENT_OR_PRIOR_SEAL,1,2018-03-16,2018-03-31,0
MARKET_RISE_FTAI_20181226,FTAI,2018-12-26,1590364,HIGH,,V19_V20_DEVELOPMENT,,DEVELOPMENT_OR_PRIOR_SEAL,1,2018-12-16,2018-12-31,0
MARKET_RISE_FTCI_20220309,FTCI,2022-03-09,1828161,HIGH,,V19_V20_DEVELOPMENT,,DEVELOPMENT_OR_PRIOR_SEAL,1,2022-02-27,2022-03-14,1
MARKET_RISE_FTCI_20220504,FTCI,2022-05-04,1828161,HIGH,,V19_V20_DEVELOPMENT,,DEVELOPMENT_OR_PRIOR_SEAL,1,2022-04-24,2022-05-09,1
MARKET_RISE_FTFT_20200304,FTFT,2020-03-04,1066923,HIGH,,V19_V20_DEVELOPMENT,,DEVELOPMENT_OR_PRIOR_SEAL,1,2020-02-23,2020-03-09,0
MARKET_RISE_FTH_20220309,FTH,2022-03-09,1829802,HIGH,,V19_V20_DEVELOPMENT,,DEVELOPMENT_OR_PRIOR_SEAL,1,2022-02-27,2022-03-14,1
MARKET_RISE_FTH_20220504,FTH,2022-05-04,1829802,HIGH,,V19_V20_DEVELOPMENT,,DEVELOPMENT_OR_PRIOR_SEAL,1,2022-04-24,2022-05-09,1
MARKET_RISE_FULT_20181226,FULT,2018-12-26,700564,HIGH,,V19_V20_DEVELOPMENT,,DEVELOPMENT_OR_PRIOR_SEAL,1,2018-12-16,2018-12-31,0
MARKET_RISE_FWRG_20220719,FWRG,2022-07-19,1789940,HIGH,,V19_V20_DEVELOPMENT,,DEVELOPMENT_OR_PRIOR_SEAL,1,2022-07-09,2022-07-24,1
MARKET_RISE_FXHO_20220309,FXHO,2022-03-09,1789299,HIGH,,V19_V20_DEVELOPMENT,,DEVELOPMENT_OR_PRIOR_SEAL,1,2022-02-27,2022-03-14,1
MARKET_RISE_FXHO_20220719,FXHO,2022-07-19,1789299,HIGH,,V19_V20_DEVELOPMENT,,DEVELOPMENT_OR_PRIOR_SEAL,1,2022-07-09,2022-07-24,1
MARKET_RISE_F_20180326,F,2018-03-26,37996,HIGH,,V19_V20_DEVELOPMENT,,DEVELOPMENT_OR_PRIOR_SEAL,1,2018-03-16,2018-03-31,0
MARKET_RISE_GALT_20181226,GALT,2018-12-26,1133416,HIGH,,V19_V20_DEVELOPMENT,,DEVELOPMENT_OR_PRIOR_SEAL,1,2018-12-16,2018-12-31,0
MARKET_RISE_GALT_20190104,GALT,2019-01-04,1133416,HIGH,,V19_V20_DEVELOPMENT,,DEVELOPMENT_OR_PRIOR_SEAL,1,2018-12-25,2019-01-09,0
MARKET_RISE_GAME_20220624,GAME,2022-06-24,1714562,HIGH,,V19_V20_DEVELOPMENT,,DEVELOPMENT_OR_PRIOR_SEAL,1,2022-06-14,2022-06-29,1
MARKET_RISE_GARP_20220504,GARP,2022-05-04,,UNRESOLVED,,V19_V20_DEVELOPMENT,,DEVELOPMENT_OR_PRIOR_SEAL,1,2022-04-24,2022-05-09,1
MARKET_RISE_GARP_20221110,GARP,2022-11-10,,UNRESOLVED,,V19_V20_DEVELOPMENT,,DEVELOPMENT_OR_PRIOR_SEAL,1,2022-10-31,2022-11-15,1
MARKET_RISE_GDC_20200310,GDC,2020-03-10,1641398,HIGH,,V19_V20_DEVELOPMENT,,DEVELOPMENT_OR_PRIOR_SEAL,1,2020-02-29,2020-03-15,0
MARKET_RISE_GDHG_20250512,GDHG,2025-05-12,1928340,HIGH,,V19_V20_DEVELOPMENT,,DEVELOPMENT_OR_PRIOR_SEAL,1,2025-05-02,2025-05-17,1
MARKET_RISE_GDL_20190104,GDL,2019-01-04,1378701,HIGH,,V19_V20_DEVELOPMENT,,DEVELOPMENT_OR_PRIOR_SEAL,1,2018-12-25,2019-01-09,0
MARKET_RISE_GDO_20180326,GDO,2018-03-26,1472341,HIGH,,V19_V20_DEVELOPMENT,,DEVELOPMENT_OR_PRIOR_SEAL,1,2018-03-16,2018-03-31,0
MARKET_RISE_GDTC_20250512,GDTC,2025-05-12,1873093,HIGH,,V19_V20_DEVELOPMENT,,DEVELOPMENT_OR_PRIOR_SEAL,1,2025-05-02,2025-05-17,1
MARKET_RISE_GD_20181226,GD,2018-12-26,40533,HIGH,,V19_V20_DEVELOPMENT,,DEVELOPMENT_OR_PRIOR_SEAL,1,2018-12-16,2018-12-31,0
MARKET_RISE_GEN_20181226,GEN,2018-12-26,849399,HIGH,,V19_V20_DEVELOPMENT,,DEVELOPMENT_OR_PRIOR_SEAL,1,2018-12-16,2018-12-31,0
MARKET_RISE_GETY_20250409,GETY,2025-04-09,1898496,HIGH,,V19_V20_DEVELOPMENT,,DEVELOPMENT_OR_PRIOR_SEAL,1,2025-03-30,2025-04-14,1
MARKET_RISE_GETY_20250512,GETY,2025-05-12,1898496,HIGH,,V19_V20_DEVELOPMENT,,DEVELOPMENT_OR_PRIOR_SEAL,1,2025-05-02,2025-05-17,1
MARKET_RISE_GE_20181226,GE,2018-12-26,40545,HIGH,,V19_V20_DEVELOPMENT,,DEVELOPMENT_OR_PRIOR_SEAL,1,2018-12-16,2018-12-31,0
MARKET_RISE_GGRP_20220309,GGRP,2022-03-09,1854445,HIGH,,V19_V20_DEVELOPMENT,,DEVELOPMENT_OR_PRIOR_SEAL,1,2022-02-27,2022-03-14,1
MARKET_RISE_GGRP_20220504,GGRP,2022-05-04,1854445,HIGH,,V19_V20_DEVELOPMENT,,DEVELOPMENT_OR_PRIOR_SEAL,1,2022-04-24,2022-05-09,1
MARKET_RISE_GIPR_20250409,GIPR,2025-04-09,1651721,HIGH,,V19_V20_DEVELOPMENT,,DEVELOPMENT_OR_PRIOR_SEAL,1,2025-03-30,2025-04-14,1
MARKET_RISE_GLBS_20181226,GLBS,2018-12-26,1499780,HIGH,,V19_V20_DEVELOPMENT,,DEVELOPMENT_OR_PRIOR_SEAL,1,2018-12-16,2018-12-31,0
MARKET_RISE_GLE_20250512,GLE,2025-05-12,1908705,HIGH,,V19_V20_DEVELOPMENT,,DEVELOPMENT_OR_PRIOR_SEAL,1,2025-05-02,2025-05-17,1
MARKET_RISE_GMM_20250409,GMM,2025-04-09,1913749,HIGH,,V19_V20_DEVELOPMENT,,DEVELOPMENT_OR_PRIOR_SEAL,1,2025-03-30,2025-04-14,1
MARKET_RISE_GMM_20250512,GMM,2025-05-12,1913749,HIGH,,V19_V20_DEVELOPMENT,,DEVELOPMENT_OR_PRIOR_SEAL,1,2025-05-02,2025-05-17,1
MARKET_RISE_GNLN_20200313,GNLN,2020-03-13,1743745,HIGH,,V19_V20_DEVELOPMENT,,DEVELOPMENT_OR_PRIOR_SEAL,1,2020-03-03,2020-03-18,0
MARKET_RISE_GNPX_20181226,GNPX,2018-12-26,1595248,HIGH,,V19_V20_DEVELOPMENT,,DEVELOPMENT_OR_PRIOR_SEAL,1,2018-12-16,2018-12-31,0
MARKET_RISE_GNPX_20190104,GNPX,2019-01-04,1595248,HIGH,,V19_V20_DEVELOPMENT,,DEVELOPMENT_OR_PRIOR_SEAL,1,2018-12-25,2019-01-09,0
MARKET_RISE_GOSS_20200302,GOSS,2020-03-02,1728117,HIGH,,V19_V20_DEVELOPMENT,,DEVELOPMENT_OR_PRIOR_SEAL,1,2020-02-21,2020-03-07,0
MARKET_RISE_GOSS_20200304,GOSS,2020-03-04,1728117,HIGH,,V19_V20_DEVELOPMENT,,DEVELOPMENT_OR_PRIOR_SEAL,1,2020-02-23,2020-03-09,0
MARKET_RISE_GOVX_20220309,GOVX,2022-03-09,832489,HIGH,,V19_V20_DEVELOPMENT,,DEVELOPMENT_OR_PRIOR_SEAL,1,2022-02-27,2022-03-14,1
MARKET_RISE_GRML_20250409,GRML,2025-04-09,1907223,HIGH,,V19_V20_DEVELOPMENT,,DEVELOPMENT_OR_PRIOR_SEAL,1,2025-03-30,2025-04-14,1
MARKET_RISE_GRMN_20180326,GRMN,2018-03-26,1121788,HIGH,,V19_V20_DEVELOPMENT,,DEVELOPMENT_OR_PRIOR_SEAL,1,2018-03-16,2018-03-31,0
MARKET_RISE_GRND_20220624,GRND,2022-06-24,1820144,HIGH,,V19_V20_DEVELOPMENT,,DEVELOPMENT_OR_PRIOR_SEAL,1,2022-06-14,2022-06-29,1
MARKET_RISE_GRNQ_20200302,GRNQ,2020-03-02,1597846,HIGH,,V19_V20_DEVELOPMENT,,DEVELOPMENT_OR_PRIOR_SEAL,1,2020-02-21,2020-03-07,0
MARKET_RISE_GRNQ_20200317,GRNQ,2020-03-17,1597846,HIGH,,V19_V20_DEVELOPMENT,,DEVELOPMENT_OR_PRIOR_SEAL,1,2020-03-07,2020-03-22,0
MARKET_RISE_GROV_20221004,GROV,2022-10-04,1841761,HIGH,,V19_V20_DEVELOPMENT,,DEVELOPMENT_OR_PRIOR_SEAL,1,2022-09-24,2022-10-09,1
MARKET_RISE_GRSD_20220309,GRSD,2022-03-09,1839799,HIGH,,V19_V20_DEVELOPMENT,,DEVELOPMENT_OR_PRIOR_SEAL,1,2022-02-27,2022-03-14,1
MARKET_RISE_GRSD_20220719,GRSD,2022-07-19,1839799,HIGH,,V19_V20_DEVELOPMENT,,DEVELOPMENT_OR_PRIOR_SEAL,1,2022-07-09,2022-07-24,1
MARKET_RISE_GRWG_20220309,GRWG,2022-03-09,1604868,HIGH,,V19_V20_DEVELOPMENT,,DEVELOPMENT_OR_PRIOR_SEAL,1,2022-02-27,2022-03-14,1
MARKET_RISE_GRWG_20220504,GRWG,2022-05-04,1604868,HIGH,,V19_V20_DEVELOPMENT,,DEVELOPMENT_OR_PRIOR_SEAL,1,2022-04-24,2022-05-09,1
MARKET_RISE_GSM_20200302,GSM,2020-03-02,1639877,HIGH,,V19_V20_DEVELOPMENT,,DEVELOPMENT_OR_PRIOR_SEAL,1,2020-02-21,2020-03-07,0
MARKET_RISE_GSUN_20250512,GSUN,2025-05-12,1826376,HIGH,,V19_V20_DEVELOPMENT,,DEVELOPMENT_OR_PRIOR_SEAL,1,2025-05-02,2025-05-17,1
MARKET_RISE_GS_20181226,GS,2018-12-26,886982,HIGH,,V19_V20_DEVELOPMENT,,DEVELOPMENT_OR_PRIOR_SEAL,1,2018-12-16,2018-12-31,0
MARKET_RISE_GTBP_20190104,GTBP,2019-01-04,109657,HIGH,,V19_V20_DEVELOPMENT,,DEVELOPMENT_OR_PRIOR_SEAL,1,2018-12-25,2019-01-09,0
MARKET_RISE_GTBP_20200302,GTBP,2020-03-02,109657,HIGH,,V19_V20_DEVELOPMENT,,DEVELOPMENT_OR_PRIOR_SEAL,1,2020-02-21,2020-03-07,0
MARKET_RISE_GTN-A_20181226,GTN-A,2018-12-26,43196,HIGH,,V19_V20_DEVELOPMENT,,DEVELOPMENT_OR_PRIOR_SEAL,1,2018-12-16,2018-12-31,0
MARKET_RISE_GTN-A_20190104,GTN-A,2019-01-04,43196,HIGH,,V19_V20_DEVELOPMENT,,DEVELOPMENT_OR_PRIOR_SEAL,1,2018-12-25,2019-01-09,0
MARKET_RISE_GTY_20180326,GTY,2018-03-26,1052752,HIGH,,V19_V20_DEVELOPMENT,,DEVELOPMENT_OR_PRIOR_SEAL,1,2018-03-16,2018-03-31,0
MARKET_RISE_GTY_20181226,GTY,2018-12-26,1052752,HIGH,,V19_V20_DEVELOPMENT,,DEVELOPMENT_OR_PRIOR_SEAL,1,2018-12-16,2018-12-31,0
MARKET_RISE_GVH_20250409,GVH,2025-04-09,1978527,HIGH,,V19_V20_DEVELOPMENT,,DEVELOPMENT_OR_PRIOR_SEAL,1,2025-03-30,2025-04-14,1
MARKET_RISE_G_20180326,G,2018-03-26,1398659,HIGH,,V19_V20_DEVELOPMENT,,DEVELOPMENT_OR_PRIOR_SEAL,1,2018-03-16,2018-03-31,0
MARKET_RISE_G_20181226,G,2018-12-26,1398659,HIGH,,V19_V20_DEVELOPMENT,,DEVELOPMENT_OR_PRIOR_SEAL,1,2018-12-16,2018-12-31,0
MARKET_RISE_HBT_20200417,HBT,2020-04-17,775215,HIGH,,V19_V20_DEVELOPMENT,,DEVELOPMENT_OR_PRIOR_SEAL,1,2020-04-07,2020-04-22,0
MARKET_RISE_HCAT_20200310,HCAT,2020-03-10,1636422,HIGH,,V19_V20_DEVELOPMENT,,DEVELOPMENT_OR_PRIOR_SEAL,1,2020-02-29,2020-03-15,0
MARKET_RISE_HCTI_20220504,HCTI,2022-05-04,1839285,HIGH,,V19_V20_DEVELOPMENT,,DEVELOPMENT_OR_PRIOR_SEAL,1,2022-04-24,2022-05-09,1
MARKET_RISE_HFRO_20190104,HFRO,2019-01-04,1710680,HIGH,,V19_V20_DEVELOPMENT,,DEVELOPMENT_OR_PRIOR_SEAL,1,2018-12-25,2019-01-09,0
MARKET_RISE_HFRO_20200302,HFRO,2020-03-02,1710680,HIGH,,V19_V20_DEVELOPMENT,,DEVELOPMENT_OR_PRIOR_SEAL,1,2020-02-21,2020-03-07,0
MARKET_RISE_HIG_20181226,HIG,2018-12-26,874766,HIGH,,V19_V20_DEVELOPMENT,,DEVELOPMENT_OR_PRIOR_SEAL,1,2018-12-16,2018-12-31,0
MARKET_RISE_HIHO_20200302,HIHO,2020-03-02,1026785,HIGH,,V19_V20_DEVELOPMENT,,DEVELOPMENT_OR_PRIOR_SEAL,1,2020-02-21,2020-03-07,0
MARKET_RISE_HII_20181226,HII,2018-12-26,1501585,HIGH,,V19_V20_DEVELOPMENT,,DEVELOPMENT_OR_PRIOR_SEAL,1,2018-12-16,2018-12-31,0
MARKET_RISE_HLF_20181226,HLF,2018-12-26,1180262,HIGH,,V19_V20_DEVELOPMENT,,DEVELOPMENT_OR_PRIOR_SEAL,1,2018-12-16,2018-12-31,0
MARKET_RISE_HLIT_20181226,HLIT,2018-12-26,851310,HIGH,,V19_V20_DEVELOPMENT,,DEVELOPMENT_OR_PRIOR_SEAL,1,2018-12-16,2018-12-31,0
MARKET_RISE_HOOD_20220309,HOOD,2022-03-09,1783879,HIGH,,V19_V20_DEVELOPMENT,,DEVELOPMENT_OR_PRIOR_SEAL,1,2022-02-27,2022-03-14,1
MARKET_RISE_HOOD_20220504,HOOD,2022-05-04,1783879,HIGH,,V19_V20_DEVELOPMENT,,DEVELOPMENT_OR_PRIOR_SEAL,1,2022-04-24,2022-05-09,1
MARKET_RISE_HPAI_20250409,HPAI,2025-04-09,2001699,HIGH,,V19_V20_DEVELOPMENT,,DEVELOPMENT_OR_PRIOR_SEAL,1,2025-03-30,2025-04-14,1
MARKET_RISE_HPAI_20250512,HPAI,2025-05-12,2001699,HIGH,,V19_V20_DEVELOPMENT,,DEVELOPMENT_OR_PRIOR_SEAL,1,2025-05-02,2025-05-17,1
MARKET_RISE_HPP_20180326,HPP,2018-03-26,1482512,HIGH,,V19_V20_DEVELOPMENT,,DEVELOPMENT_OR_PRIOR_SEAL,1,2018-03-16,2018-03-31,0
MARKET_RISE_HPP_20181226,HPP,2018-12-26,1482512,HIGH,,V19_V20_DEVELOPMENT,,DEVELOPMENT_OR_PRIOR_SEAL,1,2018-12-16,2018-12-31,0
MARKET_RISE_HRTX_20181226,HRTX,2018-12-26,818033,HIGH,,V19_V20_DEVELOPMENT,,DEVELOPMENT_OR_PRIOR_SEAL,1,2018-12-16,2018-12-31,0
MARKET_RISE_HSAI_20250409,HSAI,2025-04-09,1861737,HIGH,,V19_V20_DEVELOPMENT,,DEVELOPMENT_OR_PRIOR_SEAL,1,2025-03-30,2025-04-14,1
MARKET_RISE_HSCS_20250409,HSCS,2025-04-09,1468492,HIGH,,V19_V20_DEVELOPMENT,,DEVELOPMENT_OR_PRIOR_SEAL,1,2025-03-30,2025-04-14,1
MARKET_RISE_HSCS_20250512,HSCS,2025-05-12,1468492,HIGH,,V19_V20_DEVELOPMENT,,DEVELOPMENT_OR_PRIOR_SEAL,1,2025-05-02,2025-05-17,1
MARKET_RISE_HSHP_20250512,HSHP,2025-05-12,1959455,HIGH,,V19_V20_DEVELOPMENT,,DEVELOPMENT_OR_PRIOR_SEAL,1,2025-05-02,2025-05-17,1
MARKET_RISE_HTCR_20221130,HTCR,2022-11-30,1892322,HIGH,,V19_V20_DEVELOPMENT,,DEVELOPMENT_OR_PRIOR_SEAL,1,2022-11-20,2022-12-05,1
MARKET_RISE_HTZ_20220504,HTZ,2022-05-04,1657853,HIGH,,V19_V20_DEVELOPMENT,,DEVELOPMENT_OR_PRIOR_SEAL,1,2022-04-24,2022-05-09,1
MARKET_RISE_HUBS_20180326,HUBS,2018-03-26,1404655,HIGH,,V19_V20_DEVELOPMENT,,DEVELOPMENT_OR_PRIOR_SEAL,1,2018-03-16,2018-03-31,0
MARKET_RISE_HUBS_20181226,HUBS,2018-12-26,1404655,HIGH,,V19_V20_DEVELOPMENT,,DEVELOPMENT_OR_PRIOR_SEAL,1,2018-12-16,2018-12-31,0
MARKET_RISE_HUIZ_20220309,HUIZ,2022-03-09,1778982,HIGH,,V19_V20_DEVELOPMENT,,DEVELOPMENT_OR_PRIOR_SEAL,1,2022-02-27,2022-03-14,1
MARKET_RISE_HUN_20180326,HUN,2018-03-26,1307954,HIGH,,V19_V20_DEVELOPMENT,,DEVELOPMENT_OR_PRIOR_SEAL,1,2018-03-16,2018-03-31,0
MARKET_RISE_HWBK_20190104,HWBK,2019-01-04,893847,HIGH,,V19_V20_DEVELOPMENT,,DEVELOPMENT_OR_PRIOR_SEAL,1,2018-12-25,2019-01-09,0
MARKET_RISE_HWBK_20200302,HWBK,2020-03-02,893847,HIGH,,V19_V20_DEVELOPMENT,,DEVELOPMENT_OR_PRIOR_SEAL,1,2020-02-21,2020-03-07,0
MARKET_RISE_HYFT_20220504,HYFT,2022-05-04,1715925,HIGH,,V19_V20_DEVELOPMENT,,DEVELOPMENT_OR_PRIOR_SEAL,1,2022-04-24,2022-05-09,1
MARKET_RISE_HYPR_20220624,HYPR,2022-06-24,1833769,HIGH,,V19_V20_DEVELOPMENT,,DEVELOPMENT_OR_PRIOR_SEAL,1,2022-06-14,2022-06-29,1
MARKET_RISE_HYPR_20221004,HYPR,2022-10-04,1833769,HIGH,,V19_V20_DEVELOPMENT,,DEVELOPMENT_OR_PRIOR_SEAL,1,2022-09-24,2022-10-09,1
MARKET_RISE_IBIO_20180326,IBIO,2018-03-26,1420720,HIGH,,V19_V20_DEVELOPMENT,,DEVELOPMENT_OR_PRIOR_SEAL,1,2018-03-16,2018-03-31,0
MARKET_RISE_IBIO_20181226,IBIO,2018-12-26,1420720,HIGH,,V19_V20_DEVELOPMENT,,DEVELOPMENT_OR_PRIOR_SEAL,1,2018-12-16,2018-12-31,0
MARKET_RISE_IBKR_20200310,IBKR,2020-03-10,1381197,HIGH,,V19_V20_DEVELOPMENT,,DEVELOPMENT_OR_PRIOR_SEAL,1,2020-02-29,2020-03-15,0
MARKET_RISE_IBM_20181226,IBM,2018-12-26,51143,HIGH,,V19_V20_DEVELOPMENT,,DEVELOPMENT_OR_PRIOR_SEAL,1,2018-12-16,2018-12-31,0
MARKET_RISE_IBN_20180326,IBN,2018-03-26,1103838,HIGH,,V19_V20_DEVELOPMENT,,DEVELOPMENT_OR_PRIOR_SEAL,1,2018-03-16,2018-03-31,0
MARKET_RISE_ICCM_20220309,ICCM,2022-03-09,1584371,HIGH,,V19_V20_DEVELOPMENT,,DEVELOPMENT_OR_PRIOR_SEAL,1,2022-02-27,2022-03-14,1
MARKET_RISE_ICCM_20220504,ICCM,2022-05-04,1584371,HIGH,,V19_V20_DEVELOPMENT,,DEVELOPMENT_OR_PRIOR_SEAL,1,2022-04-24,2022-05-09,1
MARKET_RISE_ICON_20250512,ICON,2025-05-12,1995574,HIGH,,V19_V20_DEVELOPMENT,,DEVELOPMENT_OR_PRIOR_SEAL,1,2025-05-02,2025-05-17,1
MARKET_RISE_IFLN_20180326,IFLN,2018-03-26,,UNRESOLVED,,V19_V20_DEVELOPMENT,,DEVELOPMENT_OR_PRIOR_SEAL,1,2018-03-16,2018-03-31,0
MARKET_RISE_IMCC_20220624,IMCC,2022-06-24,1792030,HIGH,,V19_V20_DEVELOPMENT,,DEVELOPMENT_OR_PRIOR_SEAL,1,2022-06-14,2022-06-29,1
MARKET_RISE_IMOS_20200302,IMOS,2020-03-02,1123134,HIGH,,V19_V20_DEVELOPMENT,,DEVELOPMENT_OR_PRIOR_SEAL,1,2020-02-21,2020-03-07,0
MARKET_RISE_IMTE_20200304,IMTE,2020-03-04,1668438,HIGH,,V19_V20_DEVELOPMENT,,DEVELOPMENT_OR_PRIOR_SEAL,1,2020-02-23,2020-03-09,0
MARKET_RISE_IMTE_20200310,IMTE,2020-03-10,1668438,HIGH,,V19_V20_DEVELOPMENT,,DEVELOPMENT_OR_PRIOR_SEAL,1,2020-02-29,2020-03-15,0
MARKET_RISE_INBS_20250409,INBS,2025-04-09,1725430,HIGH,,V19_V20_DEVELOPMENT,,DEVELOPMENT_OR_PRIOR_SEAL,1,2025-03-30,2025-04-14,1
MARKET_RISE_INBS_20250512,INBS,2025-05-12,1725430,HIGH,,V19_V20_DEVELOPMENT,,DEVELOPMENT_OR_PRIOR_SEAL,1,2025-05-02,2025-05-17,1
MARKET_RISE_INDP_20220719,INDP,2022-07-19,1857044,HIGH,,V19_V20_DEVELOPMENT,,DEVELOPMENT_OR_PRIOR_SEAL,1,2022-07-09,2022-07-24,1
MARKET_RISE_INDP_20221004,INDP,2022-10-04,1857044,HIGH,,V19_V20_DEVELOPMENT,,DEVELOPMENT_OR_PRIOR_SEAL,1,2022-09-24,2022-10-09,1
MARKET_RISE_INMB_20200304,INMB,2020-03-04,1711754,HIGH,,V19_V20_DEVELOPMENT,,DEVELOPMENT_OR_PRIOR_SEAL,1,2020-02-23,2020-03-09,0
MARKET_RISE_INMB_20200310,INMB,2020-03-10,1711754,HIGH,,V19_V20_DEVELOPMENT,,DEVELOPMENT_OR_PRIOR_SEAL,1,2020-02-29,2020-03-15,0
MARKET_RISE_INM_20220309,INM,2022-03-09,1728328,HIGH,,V19_V20_DEVELOPMENT,,DEVELOPMENT_OR_PRIOR_SEAL,1,2022-02-27,2022-03-14,1
MARKET_RISE_INSG_20181226,INSG,2018-12-26,1022652,HIGH,,V19_V20_DEVELOPMENT,,DEVELOPMENT_OR_PRIOR_SEAL,1,2018-12-16,2018-12-31,0
MARKET_RISE_INSP_20190104,INSP,2019-01-04,1609550,HIGH,,V19_V20_DEVELOPMENT,,DEVELOPMENT_OR_PRIOR_SEAL,1,2018-12-25,2019-01-09,0
MARKET_RISE_INTU_20180326,INTU,2018-03-26,896878,HIGH,,V19_V20_DEVELOPMENT,,DEVELOPMENT_OR_PRIOR_SEAL,1,2018-03-16,2018-03-31,0
MARKET_RISE_INTU_20181226,INTU,2018-12-26,896878,HIGH,,V19_V20_DEVELOPMENT,,DEVELOPMENT_OR_PRIOR_SEAL,1,2018-12-16,2018-12-31,0
MARKET_RISE_INTZ_20220504,INTZ,2022-05-04,736012,HIGH,,V19_V20_DEVELOPMENT,,DEVELOPMENT_OR_PRIOR_SEAL,1,2022-04-24,2022-05-09,1
MARKET_RISE_INVZ_20220309,INVZ,2022-03-09,1835654,HIGH,,V19_V20_DEVELOPMENT,,DEVELOPMENT_OR_PRIOR_SEAL,1,2022-02-27,2022-03-14,1
MARKET_RISE_INVZ_20220624,INVZ,2022-06-24,1835654,HIGH,,V19_V20_DEVELOPMENT,,DEVELOPMENT_OR_PRIOR_SEAL,1,2022-06-14,2022-06-29,1
MARKET_RISE_INV_20250512,INV,2025-05-12,2001557,HIGH,,V19_V20_DEVELOPMENT,,DEVELOPMENT_OR_PRIOR_SEAL,1,2025-05-02,2025-05-17,1
MARKET_RISE_IPDN_20221130,IPDN,2022-11-30,1546296,HIGH,,V19_V20_DEVELOPMENT,,DEVELOPMENT_OR_PRIOR_SEAL,1,2022-11-20,2022-12-05,1
MARKET_RISE_IPW_20220624,IPW,2022-06-24,1830072,HIGH,,V19_V20_DEVELOPMENT,,DEVELOPMENT_OR_PRIOR_SEAL,1,2022-06-14,2022-06-29,1
MARKET_RISE_IP_20180326,IP,2018-03-26,51434,HIGH,,V19_V20_DEVELOPMENT,,DEVELOPMENT_OR_PRIOR_SEAL,1,2018-03-16,2018-03-31,0
MARKET_RISE_IP_20181226,IP,2018-12-26,51434,HIGH,,V19_V20_DEVELOPMENT,,DEVELOPMENT_OR_PRIOR_SEAL,1,2018-12-16,2018-12-31,0
MARKET_RISE_IQV_20181226,IQV,2018-12-26,1478242,HIGH,,V19_V20_DEVELOPMENT,,DEVELOPMENT_OR_PRIOR_SEAL,1,2018-12-16,2018-12-31,0
MARKET_RISE_IROC_20250409,IROC,2025-04-09,,UNRESOLVED,,V19_V20_DEVELOPMENT,,DEVELOPMENT_OR_PRIOR_SEAL,1,2025-03-30,2025-04-14,1
MARKET_RISE_IRTC_20181226,IRTC,2018-12-26,1388658,HIGH,,V19_V20_DEVELOPMENT,,DEVELOPMENT_OR_PRIOR_SEAL,1,2018-12-16,2018-12-31,0
MARKET_RISE_ITUB_20180326,ITUB,2018-03-26,1132597,HIGH,,V19_V20_DEVELOPMENT,,DEVELOPMENT_OR_PRIOR_SEAL,1,2018-03-16,2018-03-31,0
MARKET_RISE_ITUB_20181226,ITUB,2018-12-26,1132597,HIGH,,V19_V20_DEVELOPMENT,,DEVELOPMENT_OR_PRIOR_SEAL,1,2018-12-16,2018-12-31,0
MARKET_RISE_ITW_20180326,ITW,2018-03-26,49826,HIGH,,V19_V20_DEVELOPMENT,,DEVELOPMENT_OR_PRIOR_SEAL,1,2018-03-16,2018-03-31,0
MARKET_RISE_ITW_20181226,ITW,2018-12-26,49826,HIGH,,V19_V20_DEVELOPMENT,,DEVELOPMENT_OR_PRIOR_SEAL,1,2018-12-16,2018-12-31,0
MARKET_RISE_IVDA_20221004,IVDA,2022-10-04,1397183,HIGH,,V19_V20_DEVELOPMENT,,DEVELOPMENT_OR_PRIOR_SEAL,1,2022-09-24,2022-10-09,1
MARKET_RISE_IVF_20220504,IVF,2022-05-04,1417926,HIGH,,V19_V20_DEVELOPMENT,,DEVELOPMENT_OR_PRIOR_SEAL,1,2022-04-24,2022-05-09,1
MARKET_RISE_JAGX_20181226,JAGX,2018-12-26,1585608,HIGH,,V19_V20_DEVELOPMENT,,DEVELOPMENT_OR_PRIOR_SEAL,1,2018-12-16,2018-12-31,0
MARKET_RISE_JAZZ_20180326,JAZZ,2018-03-26,1232524,HIGH,,V19_V20_DEVELOPMENT,,DEVELOPMENT_OR_PRIOR_SEAL,1,2018-03-16,2018-03-31,0
MARKET_RISE_JBIO_20220504,JBIO,2022-05-04,1798749,HIGH,,V19_V20_DEVELOPMENT,,DEVELOPMENT_OR_PRIOR_SEAL,1,2022-04-24,2022-05-09,1
MARKET_RISE_JBL_20180326,JBL,2018-03-26,898293,HIGH,,V19_V20_DEVELOPMENT,,DEVELOPMENT_OR_PRIOR_SEAL,1,2018-03-16,2018-03-31,0
MARKET_RISE_JBL_20181226,JBL,2018-12-26,898293,HIGH,,V19_V20_DEVELOPMENT,,DEVELOPMENT_OR_PRIOR_SEAL,1,2018-12-16,2018-12-31,0
MARKET_RISE_JBSS_20180326,JBSS,2018-03-26,880117,HIGH,,V19_V20_DEVELOPMENT,,DEVELOPMENT_OR_PRIOR_SEAL,1,2018-03-16,2018-03-31,0
MARKET_RISE_JBSS_20181226,JBSS,2018-12-26,880117,HIGH,,V19_V20_DEVELOPMENT,,DEVELOPMENT_OR_PRIOR_SEAL,1,2018-12-16,2018-12-31,0
MARKET_RISE_JCTC_20200302,JCTC,2020-03-02,885307,HIGH,,V19_V20_DEVELOPMENT,,DEVELOPMENT_OR_PRIOR_SEAL,1,2020-02-21,2020-03-07,0
MARKET_RISE_JOBY-WS_20220504,JOBY-WS,2022-05-04,,UNRESOLVED,,V19_V20_DEVELOPMENT,,DEVELOPMENT_OR_PRIOR_SEAL,1,2022-04-24,2022-05-09,1
MARKET_RISE_JPC_20181226,JPC,2018-12-26,1216583,HIGH,,V19_V20_DEVELOPMENT,,DEVELOPMENT_OR_PRIOR_SEAL,1,2018-12-16,2018-12-31,0
MARKET_RISE_JQC_20181226,JQC,2018-12-26,1227476,HIGH,,V19_V20_DEVELOPMENT,,DEVELOPMENT_OR_PRIOR_SEAL,1,2018-12-16,2018-12-31,0
MARKET_RISE_JSPR_20220309,JSPR,2022-03-09,1788028,HIGH,,V19_V20_DEVELOPMENT,,DEVELOPMENT_OR_PRIOR_SEAL,1,2022-02-27,2022-03-14,1
MARKET_RISE_JWEL_20220309,JWEL,2022-03-09,1805594,HIGH,,V19_V20_DEVELOPMENT,,DEVELOPMENT_OR_PRIOR_SEAL,1,2022-02-27,2022-03-14,1
MARKET_RISE_JXG_20180326,JXG,2018-03-26,1546383,HIGH,,V19_V20_DEVELOPMENT,,DEVELOPMENT_OR_PRIOR_SEAL,1,2018-03-16,2018-03-31,0
MARKET_RISE_JXG_20190104,JXG,2019-01-04,1546383,HIGH,,V19_V20_DEVELOPMENT,,DEVELOPMENT_OR_PRIOR_SEAL,1,2018-12-25,2019-01-09,0
MARKET_RISE_JZXN_20220309,JZXN,2022-03-09,1816172,HIGH,,V19_V20_DEVELOPMENT,,DEVELOPMENT_OR_PRIOR_SEAL,1,2022-02-27,2022-03-14,1
MARKET_RISE_JZXN_20220504,JZXN,2022-05-04,1816172,HIGH,,V19_V20_DEVELOPMENT,,DEVELOPMENT_OR_PRIOR_SEAL,1,2022-04-24,2022-05-09,1
MARKET_RISE_KARO_20220624,KARO,2022-06-24,1828102,HIGH,,V19_V20_DEVELOPMENT,,DEVELOPMENT_OR_PRIOR_SEAL,1,2022-06-14,2022-06-29,1
MARKET_RISE_KEP_20200302,KEP,2020-03-02,887225,HIGH,,V19_V20_DEVELOPMENT,,DEVELOPMENT_OR_PRIOR_SEAL,1,2020-02-21,2020-03-07,0
MARKET_RISE_KGC_20180326,KGC,2018-03-26,701818,HIGH,,V19_V20_DEVELOPMENT,,DEVELOPMENT_OR_PRIOR_SEAL,1,2018-03-16,2018-03-31,0
MARKET_RISE_KIM_20180326,KIM,2018-03-26,879101,HIGH,,V19_V20_DEVELOPMENT,,DEVELOPMENT_OR_PRIOR_SEAL,1,2018-03-16,2018-03-31,0
MARKET_RISE_KIM_20181226,KIM,2018-12-26,879101,HIGH,,V19_V20_DEVELOPMENT,,DEVELOPMENT_OR_PRIOR_SEAL,1,2018-12-16,2018-12-31,0
MARKET_RISE_KITT_20221130,KITT,2022-11-30,1849820,HIGH,,V19_V20_DEVELOPMENT,,DEVELOPMENT_OR_PRIOR_SEAL,1,2022-11-20,2022-12-05,1
MARKET_RISE_KITT_20250512,KITT,2025-05-12,1849820,HIGH,,V19_V20_DEVELOPMENT,,DEVELOPMENT_OR_PRIOR_SEAL,1,2025-05-02,2025-05-17,1
MARKET_RISE_KLC_20250512,KLC,2025-05-12,1873529,HIGH,,V19_V20_DEVELOPMENT,,DEVELOPMENT_OR_PRIOR_SEAL,1,2025-05-02,2025-05-17,1
MARKET_RISE_KMI_20180326,KMI,2018-03-26,1506307,HIGH,,V19_V20_DEVELOPMENT,,DEVELOPMENT_OR_PRIOR_SEAL,1,2018-03-16,2018-03-31,0
MARKET_RISE_KMI_20181226,KMI,2018-12-26,1506307,HIGH,,V19_V20_DEVELOPMENT,,DEVELOPMENT_OR_PRIOR_SEAL,1,2018-12-16,2018-12-31,0
MARKET_RISE_KPTI_20181226,KPTI,2018-12-26,1503802,HIGH,,V19_V20_DEVELOPMENT,,DEVELOPMENT_OR_PRIOR_SEAL,1,2018-12-16,2018-12-31,0
MARKET_RISE_KSCP_20221110,KSCP,2022-11-10,1600983,HIGH,,V19_V20_DEVELOPMENT,,DEVELOPMENT_OR_PRIOR_SEAL,1,2022-10-31,2022-11-15,1
MARKET_RISE_KTTA_20220309,KTTA,2022-03-09,1841330,HIGH,,V19_V20_DEVELOPMENT,,DEVELOPMENT_OR_PRIOR_SEAL,1,2022-02-27,2022-03-14,1
MARKET_RISE_KUST_20181226,KUST,2018-12-26,1342958,HIGH,,V19_V20_DEVELOPMENT,,DEVELOPMENT_OR_PRIOR_SEAL,1,2018-12-16,2018-12-31,0
MARKET_RISE_KUST_20190104,KUST,2019-01-04,1342958,HIGH,,V19_V20_DEVELOPMENT,,DEVELOPMENT_OR_PRIOR_SEAL,1,2018-12-25,2019-01-09,0
MARKET_RISE_KVAWF_20250409,KVAWF,2025-04-09,,UNRESOLVED,,V19_V20_DEVELOPMENT,,DEVELOPMENT_OR_PRIOR_SEAL,1,2025-03-30,2025-04-14,1
MARKET_RISE_KVUE_20250409,KVUE,2025-04-09,1944048,HIGH,,V19_V20_DEVELOPMENT,,DEVELOPMENT_OR_PRIOR_SEAL,1,2025-03-30,2025-04-14,1
MARKET_RISE_KXIN_20190104,KXIN,2019-01-04,1713539,HIGH,,V19_V20_DEVELOPMENT,,DEVELOPMENT_OR_PRIOR_SEAL,1,2018-12-25,2019-01-09,0
MARKET_RISE_LANV_20250409,LANV,2025-04-09,1922097,HIGH,,V19_V20_DEVELOPMENT,,DEVELOPMENT_OR_PRIOR_SEAL,1,2025-03-30,2025-04-14,1
MARKET_RISE_LASE_20250409,LASE,2025-04-09,1807887,HIGH,,V19_V20_DEVELOPMENT,,DEVELOPMENT_OR_PRIOR_SEAL,1,2025-03-30,2025-04-14,1
MARKET_RISE_LASE_20250512,LASE,2025-05-12,1807887,HIGH,,V19_V20_DEVELOPMENT,,DEVELOPMENT_OR_PRIOR_SEAL,1,2025-05-02,2025-05-17,1
MARKET_RISE_LEDS_20200317,LEDS,2020-03-17,1333822,HIGH,,V19_V20_DEVELOPMENT,,DEVELOPMENT_OR_PRIOR_SEAL,1,2020-03-07,2020-03-22,0
MARKET_RISE_LEDS_20200326,LEDS,2020-03-26,1333822,HIGH,,V19_V20_DEVELOPMENT,,DEVELOPMENT_OR_PRIOR_SEAL,1,2020-03-16,2020-03-31,0
MARKET_RISE_LESL_20220309,LESL,2022-03-09,1821806,HIGH,,V19_V20_DEVELOPMENT,,DEVELOPMENT_OR_PRIOR_SEAL,1,2022-02-27,2022-03-14,1
MARKET_RISE_LFCR_20180326,LFCR,2018-03-26,1005286,HIGH,,V19_V20_DEVELOPMENT,,DEVELOPMENT_OR_PRIOR_SEAL,1,2018-03-16,2018-03-31,0
MARKET_RISE_LFVN_20181226,LFVN,2018-12-26,849146,HIGH,,V19_V20_DEVELOPMENT,,DEVELOPMENT_OR_PRIOR_SEAL,1,2018-12-16,2018-12-31,0
MARKET_RISE_LGCL_20250409,LGCL,2025-04-09,1954694,HIGH,,V19_V20_DEVELOPMENT,,DEVELOPMENT_OR_PRIOR_SEAL,1,2025-03-30,2025-04-14,1
MARKET_RISE_LGHL_20220309,LGHL,2022-03-09,1806524,HIGH,,V19_V20_DEVELOPMENT,,DEVELOPMENT_OR_PRIOR_SEAL,1,2022-02-27,2022-03-14,1
MARKET_RISE_LILA_20180326,LILA,2018-03-26,1712184,HIGH,,V19_V20_DEVELOPMENT,,DEVELOPMENT_OR_PRIOR_SEAL,1,2018-03-16,2018-03-31,0
MARKET_RISE_LIQT_20190104,LIQT,2019-01-04,1307579,HIGH,,V19_V20_DEVELOPMENT,,DEVELOPMENT_OR_PRIOR_SEAL,1,2018-12-25,2019-01-09,0
MARKET_RISE_LITS_20181226,LITS,2018-12-26,1262104,HIGH,,V19_V20_DEVELOPMENT,,DEVELOPMENT_OR_PRIOR_SEAL,1,2018-12-16,2018-12-31,0
MARKET_RISE_LITS_20200302,LITS,2020-03-02,1262104,HIGH,,V19_V20_DEVELOPMENT,,DEVELOPMENT_OR_PRIOR_SEAL,1,2020-02-21,2020-03-07,0
MARKET_RISE_LMND_20220504,LMND,2022-05-04,1691421,HIGH,,V19_V20_DEVELOPMENT,,DEVELOPMENT_OR_PRIOR_SEAL,1,2022-04-24,2022-05-09,1
MARKET_RISE_LNAI_20200304,LNAI,2020-03-04,1527728,HIGH,,V19_V20_DEVELOPMENT,,DEVELOPMENT_OR_PRIOR_SEAL,1,2020-02-23,2020-03-09,0
MARKET_RISE_LNZA_20220624,LNZA,2022-06-24,1843724,HIGH,,V19_V20_DEVELOPMENT,,DEVELOPMENT_OR_PRIOR_SEAL,1,2022-06-14,2022-06-29,1
MARKET_RISE_LOOP_20190104,LOOP,2019-01-04,1504678,HIGH,,V19_V20_DEVELOPMENT,,DEVELOPMENT_OR_PRIOR_SEAL,1,2018-12-25,2019-01-09,0
MARKET_RISE_LOOP_20200302,LOOP,2020-03-02,1504678,HIGH,,V19_V20_DEVELOPMENT,,DEVELOPMENT_OR_PRIOR_SEAL,1,2020-02-21,2020-03-07,0
MARKET_RISE_LPLA_20180326,LPLA,2018-03-26,1397911,HIGH,,V19_V20_DEVELOPMENT,,DEVELOPMENT_OR_PRIOR_SEAL,1,2018-03-16,2018-03-31,0
MARKET_RISE_LPSN_20180326,LPSN,2018-03-26,1102993,HIGH,,V19_V20_DEVELOPMENT,,DEVELOPMENT_OR_PRIOR_SEAL,1,2018-03-16,2018-03-31,0
MARKET_RISE_LPSN_20181226,LPSN,2018-12-26,1102993,HIGH,,V19_V20_DEVELOPMENT,,DEVELOPMENT_OR_PRIOR_SEAL,1,2018-12-16,2018-12-31,0
MARKET_RISE_LRHC_20250409,LRHC,2025-04-09,1879403,HIGH,,V19_V20_DEVELOPMENT,,DEVELOPMENT_OR_PRIOR_SEAL,1,2025-03-30,2025-04-14,1
MARKET_RISE_LSTA_20190104,LSTA,2019-01-04,320017,HIGH,,V19_V20_DEVELOPMENT,,DEVELOPMENT_OR_PRIOR_SEAL,1,2018-12-25,2019-01-09,0
MARKET_RISE_LTM_20250512,LTM,2025-05-12,1047716,HIGH,,V19_V20_DEVELOPMENT,,DEVELOPMENT_OR_PRIOR_SEAL,1,2025-05-02,2025-05-17,1
MARKET_RISE_LUCY_20250512,LUCY,2025-05-12,1808377,HIGH,,V19_V20_DEVELOPMENT,,DEVELOPMENT_OR_PRIOR_SEAL,1,2025-05-02,2025-05-17,1
MARKET_RISE_LULU_20180326,LULU,2018-03-26,1397187,HIGH,,V19_V20_DEVELOPMENT,,DEVELOPMENT_OR_PRIOR_SEAL,1,2018-03-16,2018-03-31,0
MARKET_RISE_LULU_20181226,LULU,2018-12-26,1397187,HIGH,,V19_V20_DEVELOPMENT,,DEVELOPMENT_OR_PRIOR_SEAL,1,2018-12-16,2018-12-31,0
MARKET_RISE_LU_20220309,LU,2022-03-09,1816007,HIGH,,V19_V20_DEVELOPMENT,,DEVELOPMENT_OR_PRIOR_SEAL,1,2022-02-27,2022-03-14,1
MARKET_RISE_LU_20220504,LU,2022-05-04,1816007,HIGH,,V19_V20_DEVELOPMENT,,DEVELOPMENT_OR_PRIOR_SEAL,1,2022-04-24,2022-05-09,1
MARKET_RISE_LVLU_20221004,LVLU,2022-10-04,1780201,HIGH,,V19_V20_DEVELOPMENT,,DEVELOPMENT_OR_PRIOR_SEAL,1,2022-09-24,2022-10-09,1
MARKET_RISE_LWAY_20190104,LWAY,2019-01-04,814586,HIGH,,V19_V20_DEVELOPMENT,,DEVELOPMENT_OR_PRIOR_SEAL,1,2018-12-25,2019-01-09,0
MARKET_RISE_LXEH_20220719,LXEH,2022-07-19,1814067,HIGH,,V19_V20_DEVELOPMENT,,DEVELOPMENT_OR_PRIOR_SEAL,1,2022-07-09,2022-07-24,1
MARKET_RISE_LXEH_20221110,LXEH,2022-11-10,1814067,HIGH,,V19_V20_DEVELOPMENT,,DEVELOPMENT_OR_PRIOR_SEAL,1,2022-10-31,2022-11-15,1
MARKET_RISE_LYEL_20220504,LYEL,2022-05-04,1806952,HIGH,,V19_V20_DEVELOPMENT,,DEVELOPMENT_OR_PRIOR_SEAL,1,2022-04-24,2022-05-09,1
MARKET_RISE_LYRA_20220504,LYRA,2022-05-04,1327273,HIGH,,V19_V20_DEVELOPMENT,,DEVELOPMENT_OR_PRIOR_SEAL,1,2022-04-24,2022-05-09,1
MARKET_RISE_LZ_20220719,LZ,2022-07-19,1286139,HIGH,,V19_V20_DEVELOPMENT,,DEVELOPMENT_OR_PRIOR_SEAL,1,2022-07-09,2022-07-24,1
MARKET_RISE_MANU_20181226,MANU,2018-12-26,1549107,HIGH,,V19_V20_DEVELOPMENT,,DEVELOPMENT_OR_PRIOR_SEAL,1,2018-12-16,2018-12-31,0
MARKET_RISE_MBAI_20190104,MBAI,2019-01-04,1610590,HIGH,,V19_V20_DEVELOPMENT,,DEVELOPMENT_OR_PRIOR_SEAL,1,2018-12-25,2019-01-09,0
MARKET_RISE_MBAI_20200302,MBAI,2020-03-02,1610590,HIGH,,V19_V20_DEVELOPMENT,,DEVELOPMENT_OR_PRIOR_SEAL,1,2020-02-21,2020-03-07,0
MARKET_RISE_MBI_20180326,MBI,2018-03-26,814585,HIGH,,V19_V20_DEVELOPMENT,,DEVELOPMENT_OR_PRIOR_SEAL,1,2018-03-16,2018-03-31,0
MARKET_RISE_MBI_20181226,MBI,2018-12-26,814585,HIGH,,V19_V20_DEVELOPMENT,,DEVELOPMENT_OR_PRIOR_SEAL,1,2018-12-16,2018-12-31,0
MARKET_RISE_MBRX_20181226,MBRX,2018-12-26,1659617,HIGH,,V19_V20_DEVELOPMENT,,DEVELOPMENT_OR_PRIOR_SEAL,1,2018-12-16,2018-12-31,0
MARKET_RISE_MCHP_20181226,MCHP,2018-12-26,827054,HIGH,,V19_V20_DEVELOPMENT,,DEVELOPMENT_OR_PRIOR_SEAL,1,2018-12-16,2018-12-31,0
MARKET_RISE_MCO_20180326,MCO,2018-03-26,1059556,HIGH,,V19_V20_DEVELOPMENT,,DEVELOPMENT_OR_PRIOR_SEAL,1,2018-03-16,2018-03-31,0
MARKET_RISE_MCY_20181226,MCY,2018-12-26,64996,HIGH,,V19_V20_DEVELOPMENT,,DEVELOPMENT_OR_PRIOR_SEAL,1,2018-12-16,2018-12-31,0
MARKET_RISE_MDLZ_20181226,MDLZ,2018-12-26,1103982,HIGH,,V19_V20_DEVELOPMENT,,DEVELOPMENT_OR_PRIOR_SEAL,1,2018-12-16,2018-12-31,0
MARKET_RISE_MDRR_20200317,MDRR,2020-03-17,1654595,HIGH,,V19_V20_DEVELOPMENT,,DEVELOPMENT_OR_PRIOR_SEAL,1,2020-03-07,2020-03-22,0
MARKET_RISE_MDXH_20220624,MDXH,2022-06-24,1872529,HIGH,,V19_V20_DEVELOPMENT,,DEVELOPMENT_OR_PRIOR_SEAL,1,2022-06-14,2022-06-29,1
MARKET_RISE_MEI_20180326,MEI,2018-03-26,65270,HIGH,,V19_V20_DEVELOPMENT,,DEVELOPMENT_OR_PRIOR_SEAL,1,2018-03-16,2018-03-31,0
MARKET_RISE_MEI_20181226,MEI,2018-12-26,65270,HIGH,,V19_V20_DEVELOPMENT,,DEVELOPMENT_OR_PRIOR_SEAL,1,2018-12-16,2018-12-31,0
MARKET_RISE_MELI_20180326,MELI,2018-03-26,1099590,HIGH,,V19_V20_DEVELOPMENT,,DEVELOPMENT_OR_PRIOR_SEAL,1,2018-03-16,2018-03-31,0
MARKET_RISE_MERC_20180326,MERC,2018-03-26,1333274,HIGH,,V19_V20_DEVELOPMENT,,DEVELOPMENT_OR_PRIOR_SEAL,1,2018-03-16,2018-03-31,0
MARKET_RISE_MERC_20181226,MERC,2018-12-26,1333274,HIGH,,V19_V20_DEVELOPMENT,,DEVELOPMENT_OR_PRIOR_SEAL,1,2018-12-16,2018-12-31,0
MARKET_RISE_MESO_20180326,MESO,2018-03-26,1345099,HIGH,,V19_V20_DEVELOPMENT,,DEVELOPMENT_OR_PRIOR_SEAL,1,2018-03-16,2018-03-31,0
MARKET_RISE_MESO_20181226,MESO,2018-12-26,1345099,HIGH,,V19_V20_DEVELOPMENT,,DEVELOPMENT_OR_PRIOR_SEAL,1,2018-12-16,2018-12-31,0
MARKET_RISE_MGY_20190104,MGY,2019-01-04,1698990,HIGH,,V19_V20_DEVELOPMENT,,DEVELOPMENT_OR_PRIOR_SEAL,1,2018-12-25,2019-01-09,0
MARKET_RISE_MHO_20180326,MHO,2018-03-26,799292,HIGH,,V19_V20_DEVELOPMENT,,DEVELOPMENT_OR_PRIOR_SEAL,1,2018-03-16,2018-03-31,0
MARKET_RISE_MHO_20181226,MHO,2018-12-26,799292,HIGH,,V19_V20_DEVELOPMENT,,DEVELOPMENT_OR_PRIOR_SEAL,1,2018-12-16,2018-12-31,0
MARKET_RISE_MIND_20200310,MIND,2020-03-10,926423,HIGH,,V19_V20_DEVELOPMENT,,DEVELOPMENT_OR_PRIOR_SEAL,1,2020-02-29,2020-03-15,0
MARKET_RISE_MKZR_20250512,MKZR,2025-05-12,1550913,HIGH,,V19_V20_DEVELOPMENT,,DEVELOPMENT_OR_PRIOR_SEAL,1,2025-05-02,2025-05-17,1
MARKET_RISE_MLGO_20220309,MLGO,2022-03-09,1800392,HIGH,,V19_V20_DEVELOPMENT,,DEVELOPMENT_OR_PRIOR_SEAL,1,2022-02-27,2022-03-14,1
MARKET_RISE_MLGO_20220504,MLGO,2022-05-04,1800392,HIGH,,V19_V20_DEVELOPMENT,,DEVELOPMENT_OR_PRIOR_SEAL,1,2022-04-24,2022-05-09,1
MARKET_RISE_MLKN_20180326,MLKN,2018-03-26,66382,HIGH,,V19_V20_DEVELOPMENT,,DEVELOPMENT_OR_PRIOR_SEAL,1,2018-03-16,2018-03-31,0
MARKET_RISE_MNDR_20250409,MNDR,2025-04-09,1976695,HIGH,,V19_V20_DEVELOPMENT,,DEVELOPMENT_OR_PRIOR_SEAL,1,2025-03-30,2025-04-14,1
MARKET_RISE_MNTS_20220309,MNTS,2022-03-09,1781162,HIGH,,V19_V20_DEVELOPMENT,,DEVELOPMENT_OR_PRIOR_SEAL,1,2022-02-27,2022-03-14,1
MARKET_RISE_MNTS_20220504,MNTS,2022-05-04,1781162,HIGH,,V19_V20_DEVELOPMENT,,DEVELOPMENT_OR_PRIOR_SEAL,1,2022-04-24,2022-05-09,1
MARKET_RISE_MOD_20190104,MOD,2019-01-04,67347,HIGH,,V19_V20_DEVELOPMENT,,DEVELOPMENT_OR_PRIOR_SEAL,1,2018-12-25,2019-01-09,0
MARKET_RISE_MSC_20200317,MSC,2020-03-17,1713334,HIGH,,V19_V20_DEVELOPMENT,,DEVELOPMENT_OR_PRIOR_SEAL,1,2020-03-07,2020-03-22,0
MARKET_RISE_MTC_20200302,MTC,2020-03-02,1742518,HIGH,,V19_V20_DEVELOPMENT,,DEVELOPMENT_OR_PRIOR_SEAL,1,2020-02-21,2020-03-07,0
MARKET_RISE_MTC_20200304,MTC,2020-03-04,1742518,HIGH,,V19_V20_DEVELOPMENT,,DEVELOPMENT_OR_PRIOR_SEAL,1,2020-02-23,2020-03-09,0
MARKET_RISE_MTEN_20250409,MTEN,2025-04-09,1948099,HIGH,,V19_V20_DEVELOPMENT,,DEVELOPMENT_OR_PRIOR_SEAL,1,2025-03-30,2025-04-14,1
MARKET_RISE_MTRX_20190104,MTRX,2019-01-04,866273,HIGH,,V19_V20_DEVELOPMENT,,DEVELOPMENT_OR_PRIOR_SEAL,1,2018-12-25,2019-01-09,0
MARKET_RISE_MTVA_20190104,MTVA,2019-01-04,1638287,HIGH,,V19_V20_DEVELOPMENT,,DEVELOPMENT_OR_PRIOR_SEAL,1,2018-12-25,2019-01-09,0
MARKET_RISE_MVIS_20181226,MVIS,2018-12-26,65770,HIGH,,V19_V20_DEVELOPMENT,,DEVELOPMENT_OR_PRIOR_SEAL,1,2018-12-16,2018-12-31,0
MARKET_RISE_MYPS_20220309,MYPS,2022-03-09,1823878,HIGH,,V19_V20_DEVELOPMENT,,DEVELOPMENT_OR_PRIOR_SEAL,1,2022-02-27,2022-03-14,1
MARKET_RISE_MYSZ_20180326,MYSZ,2018-03-26,1211805,HIGH,,V19_V20_DEVELOPMENT,,DEVELOPMENT_OR_PRIOR_SEAL,1,2018-03-16,2018-03-31,0
MARKET_RISE_MYSZ_20181226,MYSZ,2018-12-26,1211805,HIGH,,V19_V20_DEVELOPMENT,,DEVELOPMENT_OR_PRIOR_SEAL,1,2018-12-16,2018-12-31,0
MARKET_RISE_NAUT_20220309,NAUT,2022-03-09,1808805,HIGH,,V19_V20_DEVELOPMENT,,DEVELOPMENT_OR_PRIOR_SEAL,1,2022-02-27,2022-03-14,1
MARKET_RISE_NAUT_20220719,NAUT,2022-07-19,1808805,HIGH,,V19_V20_DEVELOPMENT,,DEVELOPMENT_OR_PRIOR_SEAL,1,2022-07-09,2022-07-24,1
MARKET_RISE_NCPL_20250409,NCPL,2025-04-09,1414767,HIGH,,V19_V20_DEVELOPMENT,,DEVELOPMENT_OR_PRIOR_SEAL,1,2025-03-30,2025-04-14,1
MARKET_RISE_NCPL_20250512,NCPL,2025-05-12,1414767,HIGH,,V19_V20_DEVELOPMENT,,DEVELOPMENT_OR_PRIOR_SEAL,1,2025-05-02,2025-05-17,1
MARKET_RISE_NCTY_20200302,NCTY,2020-03-02,1296774,HIGH,,V19_V20_DEVELOPMENT,,DEVELOPMENT_OR_PRIOR_SEAL,1,2020-02-21,2020-03-07,0
MARKET_RISE_NCTY_20200326,NCTY,2020-03-26,1296774,HIGH,,V19_V20_DEVELOPMENT,,DEVELOPMENT_OR_PRIOR_SEAL,1,2020-03-16,2020-03-31,0
MARKET_RISE_NE-WS-A_20250512,NE-WS-A,2025-05-12,,UNRESOLVED,,V19_V20_DEVELOPMENT,,DEVELOPMENT_OR_PRIOR_SEAL,1,2025-05-02,2025-05-17,1
MARKET_RISE_NE-WS_20250512,NE-WS,2025-05-12,,UNRESOLVED,,V19_V20_DEVELOPMENT,,DEVELOPMENT_OR_PRIOR_SEAL,1,2025-05-02,2025-05-17,1
MARKET_RISE_NEE_20180326,NEE,2018-03-26,753308,HIGH,,V19_V20_DEVELOPMENT,,DEVELOPMENT_OR_PRIOR_SEAL,1,2018-03-16,2018-03-31,0
MARKET_RISE_NEE_20181226,NEE,2018-12-26,753308,HIGH,,V19_V20_DEVELOPMENT,,DEVELOPMENT_OR_PRIOR_SEAL,1,2018-12-16,2018-12-31,0
MARKET_RISE_NEGG_20181226,NEGG,2018-12-26,1474627,HIGH,,V19_V20_DEVELOPMENT,,DEVELOPMENT_OR_PRIOR_SEAL,1,2018-12-16,2018-12-31,0
MARKET_RISE_NEGG_20200326,NEGG,2020-03-26,1474627,HIGH,,V19_V20_DEVELOPMENT,,DEVELOPMENT_OR_PRIOR_SEAL,1,2020-03-16,2020-03-31,0
MARKET_RISE_NEOG_20181226,NEOG,2018-12-26,711377,HIGH,,V19_V20_DEVELOPMENT,,DEVELOPMENT_OR_PRIOR_SEAL,1,2018-12-16,2018-12-31,0
MARKET_RISE_NEOV_20250409,NEOV,2025-04-09,1748137,HIGH,,V19_V20_DEVELOPMENT,,DEVELOPMENT_OR_PRIOR_SEAL,1,2025-03-30,2025-04-14,1
MARKET_RISE_NET_20200324,NET,2020-03-24,1477333,HIGH,,V19_V20_DEVELOPMENT,,DEVELOPMENT_OR_PRIOR_SEAL,1,2020-03-14,2020-03-29,0
MARKET_RISE_NET_20200330,NET,2020-03-30,1477333,HIGH,,V19_V20_DEVELOPMENT,,DEVELOPMENT_OR_PRIOR_SEAL,1,2020-03-20,2020-04-04,0
MARKET_RISE_NEUP_20221130,NEUP,2022-11-30,1191070,HIGH,,V19_V20_DEVELOPMENT,,DEVELOPMENT_OR_PRIOR_SEAL,1,2022-11-20,2022-12-05,1
MARKET_RISE_NEWTG_20250409,NEWTG,2025-04-09,1587987,HIGH,,V19_V20_DEVELOPMENT,,DEVELOPMENT_OR_PRIOR_SEAL,1,2025-03-30,2025-04-14,1
MARKET_RISE_NIKI_20200406,NIKI,2020-04-06,1734005,HIGH,,V19_V20_DEVELOPMENT,,DEVELOPMENT_OR_PRIOR_SEAL,1,2020-03-27,2020-04-11,0
MARKET_RISE_NIM_20180326,NIM,2018-03-26,890119,HIGH,,V19_V20_DEVELOPMENT,,DEVELOPMENT_OR_PRIOR_SEAL,1,2018-03-16,2018-03-31,0
MARKET_RISE_NIM_20200302,NIM,2020-03-02,890119,HIGH,,V19_V20_DEVELOPMENT,,DEVELOPMENT_OR_PRIOR_SEAL,1,2020-02-21,2020-03-07,0
MARKET_RISE_NMAD_20220624,NMAD,2022-06-24,1335105,HIGH,,V19_V20_DEVELOPMENT,,DEVELOPMENT_OR_PRIOR_SEAL,1,2022-06-14,2022-06-29,1
MARKET_RISE_NMRA_20250409,NMRA,2025-04-09,1885522,HIGH,,V19_V20_DEVELOPMENT,,DEVELOPMENT_OR_PRIOR_SEAL,1,2025-03-30,2025-04-14,1
MARKET_RISE_NNOX_20220309,NNOX,2022-03-09,1795251,HIGH,,V19_V20_DEVELOPMENT,,DEVELOPMENT_OR_PRIOR_SEAL,1,2022-02-27,2022-03-14,1
MARKET_RISE_NOC_20180326,NOC,2018-03-26,1133421,HIGH,,V19_V20_DEVELOPMENT,,DEVELOPMENT_OR_PRIOR_SEAL,1,2018-03-16,2018-03-31,0
MARKET_RISE_NOC_20181226,NOC,2018-12-26,1133421,HIGH,,V19_V20_DEVELOPMENT,,DEVELOPMENT_OR_PRIOR_SEAL,1,2018-12-16,2018-12-31,0
MARKET_RISE_NOW_20180326,NOW,2018-03-26,1373715,HIGH,,V19_V20_DEVELOPMENT,,DEVELOPMENT_OR_PRIOR_SEAL,1,2018-03-16,2018-03-31,0
MARKET_RISE_NOW_20181226,NOW,2018-12-26,1373715,HIGH,,V19_V20_DEVELOPMENT,,DEVELOPMENT_OR_PRIOR_SEAL,1,2018-12-16,2018-12-31,0
MARKET_RISE_NPWR_20220624,NPWR,2022-06-24,1845437,HIGH,,V19_V20_DEVELOPMENT,,DEVELOPMENT_OR_PRIOR_SEAL,1,2022-06-14,2022-06-29,1
MARKET_RISE_NRXP_20200324,NRXP,2020-03-24,1719406,HIGH,,V19_V20_DEVELOPMENT,,DEVELOPMENT_OR_PRIOR_SEAL,1,2020-03-14,2020-03-29,0
MARKET_RISE_NSLR_20181226,NSLR,2018-12-26,1509470,HIGH,,V19_V20_DEVELOPMENT,,DEVELOPMENT_OR_PRIOR_SEAL,1,2018-12-16,2018-12-31,0
MARKET_RISE_NSYS_20181226,NSYS,2018-12-26,722313,HIGH,,V19_V20_DEVELOPMENT,,DEVELOPMENT_OR_PRIOR_SEAL,1,2018-12-16,2018-12-31,0
MARKET_RISE_NSYS_20200304,NSYS,2020-03-04,722313,HIGH,,V19_V20_DEVELOPMENT,,DEVELOPMENT_OR_PRIOR_SEAL,1,2020-02-23,2020-03-09,0
MARKET_RISE_NTRL_20220624,NTRL,2022-06-24,,UNRESOLVED,,V19_V20_DEVELOPMENT,,DEVELOPMENT_OR_PRIOR_SEAL,1,2022-06-14,2022-06-29,1
MARKET_RISE_NTRSO_20220504,NTRSO,2022-05-04,73124,HIGH,,V19_V20_DEVELOPMENT,,DEVELOPMENT_OR_PRIOR_SEAL,1,2022-04-24,2022-05-09,1
MARKET_RISE_NUV_20180326,NUV,2018-03-26,812801,HIGH,,V19_V20_DEVELOPMENT,,DEVELOPMENT_OR_PRIOR_SEAL,1,2018-03-16,2018-03-31,0
MARKET_RISE_NUV_20190104,NUV,2019-01-04,812801,HIGH,,V19_V20_DEVELOPMENT,,DEVELOPMENT_OR_PRIOR_SEAL,1,2018-12-25,2019-01-09,0
MARKET_RISE_NUWE_20200310,NUWE,2020-03-10,1506492,HIGH,,V19_V20_DEVELOPMENT,,DEVELOPMENT_OR_PRIOR_SEAL,1,2020-02-29,2020-03-15,0
MARKET_RISE_NUWE_20200313,NUWE,2020-03-13,1506492,HIGH,,V19_V20_DEVELOPMENT,,DEVELOPMENT_OR_PRIOR_SEAL,1,2020-03-03,2020-03-18,0
MARKET_RISE_NVVE_20220624,NVVE,2022-06-24,1836875,HIGH,,V19_V20_DEVELOPMENT,,DEVELOPMENT_OR_PRIOR_SEAL,1,2022-06-14,2022-06-29,1
MARKET_RISE_NWN_20180326,NWN,2018-03-26,1733998,HIGH,,V19_V20_DEVELOPMENT,,DEVELOPMENT_OR_PRIOR_SEAL,1,2018-03-16,2018-03-31,0
MARKET_RISE_NWN_20181226,NWN,2018-12-26,1733998,HIGH,,V19_V20_DEVELOPMENT,,DEVELOPMENT_OR_PRIOR_SEAL,1,2018-12-16,2018-12-31,0
MARKET_RISE_NXGL_20220624,NXGL,2022-06-24,1468929,HIGH,,V19_V20_DEVELOPMENT,,DEVELOPMENT_OR_PRIOR_SEAL,1,2022-06-14,2022-06-29,1
MARKET_RISE_NXGL_20221004,NXGL,2022-10-04,1468929,HIGH,,V19_V20_DEVELOPMENT,,DEVELOPMENT_OR_PRIOR_SEAL,1,2022-09-24,2022-10-09,1
MARKET_RISE_NXPI_20180326,NXPI,2018-03-26,1413447,HIGH,,V19_V20_DEVELOPMENT,,DEVELOPMENT_OR_PRIOR_SEAL,1,2018-03-16,2018-03-31,0
MARKET_RISE_NXPI_20181226,NXPI,2018-12-26,1413447,HIGH,,V19_V20_DEVELOPMENT,,DEVELOPMENT_OR_PRIOR_SEAL,1,2018-12-16,2018-12-31,0
MARKET_RISE_NXPL_20220624,NXPL,2022-06-24,1058307,HIGH,,V19_V20_DEVELOPMENT,,DEVELOPMENT_OR_PRIOR_SEAL,1,2022-06-14,2022-06-29,1
MARKET_RISE_NXTC_20200302,NXTC,2020-03-02,1661059,HIGH,,V19_V20_DEVELOPMENT,,DEVELOPMENT_OR_PRIOR_SEAL,1,2020-02-21,2020-03-07,0
MARKET_RISE_NXTS_20220624,NXTS,2022-06-24,1789192,HIGH,,V19_V20_DEVELOPMENT,,DEVELOPMENT_OR_PRIOR_SEAL,1,2022-06-14,2022-06-29,1
MARKET_RISE_NXTS_20220719,NXTS,2022-07-19,1789192,HIGH,,V19_V20_DEVELOPMENT,,DEVELOPMENT_OR_PRIOR_SEAL,1,2022-07-09,2022-07-24,1
MARKET_RISE_NXTT_20250409,NXTT,2025-04-09,1784970,HIGH,,V19_V20_DEVELOPMENT,,DEVELOPMENT_OR_PRIOR_SEAL,1,2025-03-30,2025-04-14,1
MARKET_RISE_NYXH_20221110,NYXH,2022-11-10,1857190,HIGH,,V19_V20_DEVELOPMENT,,DEVELOPMENT_OR_PRIOR_SEAL,1,2022-10-31,2022-11-15,1
MARKET_RISE_OABI_20250409,OABI,2025-04-09,1846253,HIGH,,V19_V20_DEVELOPMENT,,DEVELOPMENT_OR_PRIOR_SEAL,1,2025-03-30,2025-04-14,1
MARKET_RISE_OCS_20250409,OCS,2025-04-09,1953530,HIGH,,V19_V20_DEVELOPMENT,,DEVELOPMENT_OR_PRIOR_SEAL,1,2025-03-30,2025-04-14,1
MARKET_RISE_OCTU_20250512,OCTU,2025-05-12,,UNRESOLVED,,V19_V20_DEVELOPMENT,,DEVELOPMENT_OR_PRIOR_SEAL,1,2025-05-02,2025-05-17,1
MARKET_RISE_ODC_20181226,ODC,2018-12-26,74046,HIGH,,V19_V20_DEVELOPMENT,,DEVELOPMENT_OR_PRIOR_SEAL,1,2018-12-16,2018-12-31,0
MARKET_RISE_OESX_20200304,OESX,2020-03-04,1409375,HIGH,,V19_V20_DEVELOPMENT,,DEVELOPMENT_OR_PRIOR_SEAL,1,2020-02-23,2020-03-09,0
MARKET_RISE_OESX_20200310,OESX,2020-03-10,1409375,HIGH,,V19_V20_DEVELOPMENT,,DEVELOPMENT_OR_PRIOR_SEAL,1,2020-02-29,2020-03-15,0
MARKET_RISE_OGGWZ_20250409,OGGWZ,2025-04-09,1431852,HIGH,,V19_V20_DEVELOPMENT,,DEVELOPMENT_OR_PRIOR_SEAL,1,2025-03-30,2025-04-14,1
MARKET_RISE_OIS_20181226,OIS,2018-12-26,1121484,HIGH,,V19_V20_DEVELOPMENT,,DEVELOPMENT_OR_PRIOR_SEAL,1,2018-12-16,2018-12-31,0
MARKET_RISE_OLOX_20190104,OLOX,2019-01-04,1023994,HIGH,,V19_V20_DEVELOPMENT,,DEVELOPMENT_OR_PRIOR_SEAL,1,2018-12-25,2019-01-09,0
MARKET_RISE_OLOX_20200302,OLOX,2020-03-02,1023994,HIGH,,V19_V20_DEVELOPMENT,,DEVELOPMENT_OR_PRIOR_SEAL,1,2020-02-21,2020-03-07,0
MARKET_RISE_OMER_20190104,OMER,2019-01-04,1285819,HIGH,,V19_V20_DEVELOPMENT,,DEVELOPMENT_OR_PRIOR_SEAL,1,2018-12-25,2019-01-09,0
MARKET_RISE_ONCO_20221130,ONCO,2022-11-30,1782107,HIGH,,V19_V20_DEVELOPMENT,,DEVELOPMENT_OR_PRIOR_SEAL,1,2022-11-20,2022-12-05,1
MARKET_RISE_ONC_20180326,ONC,2018-03-26,1651308,HIGH,,V19_V20_DEVELOPMENT,,DEVELOPMENT_OR_PRIOR_SEAL,1,2018-03-16,2018-03-31,0
MARKET_RISE_ONMD_20220719,ONMD,2022-07-19,1849380,HIGH,,V19_V20_DEVELOPMENT,,DEVELOPMENT_OR_PRIOR_SEAL,1,2022-07-09,2022-07-24,1
MARKET_RISE_OPAD_20220309,OPAD,2022-03-09,1825024,HIGH,,V19_V20_DEVELOPMENT,,DEVELOPMENT_OR_PRIOR_SEAL,1,2022-02-27,2022-03-14,1
MARKET_RISE_OPAD_20220504,OPAD,2022-05-04,1825024,HIGH,,V19_V20_DEVELOPMENT,,DEVELOPMENT_OR_PRIOR_SEAL,1,2022-04-24,2022-05-09,1
MARKET_RISE_OPK_20180326,OPK,2018-03-26,944809,HIGH,,V19_V20_DEVELOPMENT,,DEVELOPMENT_OR_PRIOR_SEAL,1,2018-03-16,2018-03-31,0
MARKET_RISE_OPLN_20181226,OPLN,2018-12-26,1395942,HIGH,,V19_V20_DEVELOPMENT,,DEVELOPMENT_OR_PRIOR_SEAL,1,2018-12-16,2018-12-31,0
MARKET_RISE_OPTU_20181226,OPTU,2018-12-26,1702780,HIGH,,V19_V20_DEVELOPMENT,,DEVELOPMENT_OR_PRIOR_SEAL,1,2018-12-16,2018-12-31,0
MARKET_RISE_OPTU_20190104,OPTU,2019-01-04,1702780,HIGH,,V19_V20_DEVELOPMENT,,DEVELOPMENT_OR_PRIOR_SEAL,1,2018-12-25,2019-01-09,0
MARKET_RISE_ORIO_20190104,ORIO,2019-01-04,1602842,HIGH,,V19_V20_DEVELOPMENT,,DEVELOPMENT_OR_PRIOR_SEAL,1,2018-12-25,2019-01-09,0
MARKET_RISE_ORRF_20190104,ORRF,2019-01-04,826154,HIGH,,V19_V20_DEVELOPMENT,,DEVELOPMENT_OR_PRIOR_SEAL,1,2018-12-25,2019-01-09,0
MARKET_RISE_OTLK_20190104,OTLK,2019-01-04,1649989,HIGH,,V19_V20_DEVELOPMENT,,DEVELOPMENT_OR_PRIOR_SEAL,1,2018-12-25,2019-01-09,0
MARKET_RISE_OXBR_20180326,OXBR,2018-03-26,1584831,HIGH,,V19_V20_DEVELOPMENT,,DEVELOPMENT_OR_PRIOR_SEAL,1,2018-03-16,2018-03-31,0
MARKET_RISE_OXBR_20181226,OXBR,2018-12-26,1584831,HIGH,,V19_V20_DEVELOPMENT,,DEVELOPMENT_OR_PRIOR_SEAL,1,2018-12-16,2018-12-31,0
MARKET_RISE_OXY_20181226,OXY,2018-12-26,797468,HIGH,,V19_V20_DEVELOPMENT,,DEVELOPMENT_OR_PRIOR_SEAL,1,2018-12-16,2018-12-31,0
MARKET_RISE_PAVM_20200302,PAVM,2020-03-02,1624326,HIGH,,V19_V20_DEVELOPMENT,,DEVELOPMENT_OR_PRIOR_SEAL,1,2020-02-21,2020-03-07,0
MARKET_RISE_PAVM_20200304,PAVM,2020-03-04,1624326,HIGH,,V19_V20_DEVELOPMENT,,DEVELOPMENT_OR_PRIOR_SEAL,1,2020-02-23,2020-03-09,0
MARKET_RISE_PAVS_20200518,PAVS,2020-05-18,1751876,HIGH,,V19_V20_DEVELOPMENT,,DEVELOPMENT_OR_PRIOR_SEAL,1,2020-05-08,2020-05-23,0
MARKET_RISE_PAYC_20180326,PAYC,2018-03-26,1590955,HIGH,,V19_V20_DEVELOPMENT,,DEVELOPMENT_OR_PRIOR_SEAL,1,2018-03-16,2018-03-31,0
MARKET_RISE_PAYC_20181226,PAYC,2018-12-26,1590955,HIGH,,V19_V20_DEVELOPMENT,,DEVELOPMENT_OR_PRIOR_SEAL,1,2018-12-16,2018-12-31,0
MARKET_RISE_PBAU_20250409,PBAU,2025-04-09,,UNRESOLVED,,V19_V20_DEVELOPMENT,,DEVELOPMENT_OR_PRIOR_SEAL,1,2025-03-30,2025-04-14,1
MARKET_RISE_PBR-A_20180326,PBR-A,2018-03-26,1119639,HIGH,,V19_V20_DEVELOPMENT,,DEVELOPMENT_OR_PRIOR_SEAL,1,2018-03-16,2018-03-31,0
MARKET_RISE_PCAR_20180326,PCAR,2018-03-26,75362,HIGH,,V19_V20_DEVELOPMENT,,DEVELOPMENT_OR_PRIOR_SEAL,1,2018-03-16,2018-03-31,0
MARKET_RISE_PCAR_20181226,PCAR,2018-12-26,75362,HIGH,,V19_V20_DEVELOPMENT,,DEVELOPMENT_OR_PRIOR_SEAL,1,2018-12-16,2018-12-31,0
MARKET_RISE_PCG_20181226,PCG,2018-12-26,1004980,HIGH,,V19_V20_DEVELOPMENT,,DEVELOPMENT_OR_PRIOR_SEAL,1,2018-12-16,2018-12-31,0
MARKET_RISE_PCG_20190104,PCG,2019-01-04,1004980,HIGH,,V19_V20_DEVELOPMENT,,DEVELOPMENT_OR_PRIOR_SEAL,1,2018-12-25,2019-01-09,0
MARKET_RISE_PDSB_20180326,PDSB,2018-03-26,1472091,HIGH,,V19_V20_DEVELOPMENT,,DEVELOPMENT_OR_PRIOR_SEAL,1,2018-03-16,2018-03-31,0
MARKET_RISE_PDSB_20181226,PDSB,2018-12-26,1472091,HIGH,,V19_V20_DEVELOPMENT,,DEVELOPMENT_OR_PRIOR_SEAL,1,2018-12-16,2018-12-31,0
MARKET_RISE_PEB_20181226,PEB,2018-12-26,1474098,HIGH,,V19_V20_DEVELOPMENT,,DEVELOPMENT_OR_PRIOR_SEAL,1,2018-12-16,2018-12-31,0
MARKET_RISE_PESI_20190104,PESI,2019-01-04,891532,HIGH,,V19_V20_DEVELOPMENT,,DEVELOPMENT_OR_PRIOR_SEAL,1,2018-12-25,2019-01-09,0
MARKET_RISE_PESI_20200302,PESI,2020-03-02,891532,HIGH,,V19_V20_DEVELOPMENT,,DEVELOPMENT_OR_PRIOR_SEAL,1,2020-02-21,2020-03-07,0
MARKET_RISE_PHYS_20180326,PHYS,2018-03-26,1477049,HIGH,,V19_V20_DEVELOPMENT,,DEVELOPMENT_OR_PRIOR_SEAL,1,2018-03-16,2018-03-31,0
MARKET_RISE_PH_20180326,PH,2018-03-26,76334,HIGH,,V19_V20_DEVELOPMENT,,DEVELOPMENT_OR_PRIOR_SEAL,1,2018-03-16,2018-03-31,0
MARKET_RISE_PIII_20220504,PIII,2022-05-04,1832511,HIGH,,V19_V20_DEVELOPMENT,,DEVELOPMENT_OR_PRIOR_SEAL,1,2022-04-24,2022-05-09,1
MARKET_RISE_PIII_20220719,PIII,2022-07-19,1832511,HIGH,,V19_V20_DEVELOPMENT,,DEVELOPMENT_OR_PRIOR_SEAL,1,2022-07-09,2022-07-24,1
MARKET_RISE_PKBK_20181226,PKBK,2018-12-26,1315399,HIGH,,V19_V20_DEVELOPMENT,,DEVELOPMENT_OR_PRIOR_SEAL,1,2018-12-16,2018-12-31,0
MARKET_RISE_PKG_20181226,PKG,2018-12-26,75677,HIGH,,V19_V20_DEVELOPMENT,,DEVELOPMENT_OR_PRIOR_SEAL,1,2018-12-16,2018-12-31,0
MARKET_RISE_PLD_20181226,PLD,2018-12-26,1045609,HIGH,,V19_V20_DEVELOPMENT,,DEVELOPMENT_OR_PRIOR_SEAL,1,2018-12-16,2018-12-31,0
MARKET_RISE_PLSE_20180326,PLSE,2018-03-26,1625101,HIGH,,V19_V20_DEVELOPMENT,,DEVELOPMENT_OR_PRIOR_SEAL,1,2018-03-16,2018-03-31,0
MARKET_RISE_PLSE_20181226,PLSE,2018-12-26,1625101,HIGH,,V19_V20_DEVELOPMENT,,DEVELOPMENT_OR_PRIOR_SEAL,1,2018-12-16,2018-12-31,0
MARKET_RISE_PLTR_20220309,PLTR,2022-03-09,1321655,HIGH,,V19_V20_DEVELOPMENT,,DEVELOPMENT_OR_PRIOR_SEAL,1,2022-02-27,2022-03-14,1
MARKET_RISE_PLTR_20220504,PLTR,2022-05-04,1321655,HIGH,,V19_V20_DEVELOPMENT,,DEVELOPMENT_OR_PRIOR_SEAL,1,2022-04-24,2022-05-09,1
MARKET_RISE_PMCB_20220504,PMCB,2022-05-04,1157075,HIGH,,V19_V20_DEVELOPMENT,,DEVELOPMENT_OR_PRIOR_SEAL,1,2022-04-24,2022-05-09,1
MARKET_RISE_PODD_20180326,PODD,2018-03-26,1145197,HIGH,,V19_V20_DEVELOPMENT,,DEVELOPMENT_OR_PRIOR_SEAL,1,2018-03-16,2018-03-31,0
MARKET_RISE_POR_20180326,POR,2018-03-26,784977,HIGH,,V19_V20_DEVELOPMENT,,DEVELOPMENT_OR_PRIOR_SEAL,1,2018-03-16,2018-03-31,0
MARKET_RISE_POST_20180326,POST,2018-03-26,1530950,HIGH,,V19_V20_DEVELOPMENT,,DEVELOPMENT_OR_PRIOR_SEAL,1,2018-03-16,2018-03-31,0
MARKET_RISE_POST_20181226,POST,2018-12-26,1530950,HIGH,,V19_V20_DEVELOPMENT,,DEVELOPMENT_OR_PRIOR_SEAL,1,2018-12-16,2018-12-31,0
MARKET_RISE_PPBT_20200304,PPBT,2020-03-04,1614744,HIGH,,V19_V20_DEVELOPMENT,,DEVELOPMENT_OR_PRIOR_SEAL,1,2020-02-23,2020-03-09,0
MARKET_RISE_PPL_20180326,PPL,2018-03-26,922224,HIGH,,V19_V20_DEVELOPMENT,,DEVELOPMENT_OR_PRIOR_SEAL,1,2018-03-16,2018-03-31,0
MARKET_RISE_PPL_20181226,PPL,2018-12-26,922224,HIGH,,V19_V20_DEVELOPMENT,,DEVELOPMENT_OR_PRIOR_SEAL,1,2018-12-16,2018-12-31,0
MARKET_RISE_PRG_20180326,PRG,2018-03-26,1808834,MEDIUM,,V19_V20_DEVELOPMENT,,DEVELOPMENT_OR_PRIOR_SEAL,1,2018-03-16,2018-03-31,0
MARKET_RISE_PRG_20181226,PRG,2018-12-26,1808834,MEDIUM,,V19_V20_DEVELOPMENT,,DEVELOPMENT_OR_PRIOR_SEAL,1,2018-12-16,2018-12-31,0
MARKET_RISE_PRHI_20190104,PRHI,2019-01-04,1502292,HIGH,,V19_V20_DEVELOPMENT,,DEVELOPMENT_OR_PRIOR_SEAL,1,2018-12-25,2019-01-09,0
MARKET_RISE_PRHI_20200406,PRHI,2020-04-06,1502292,HIGH,,V19_V20_DEVELOPMENT,,DEVELOPMENT_OR_PRIOR_SEAL,1,2020-03-27,2020-04-11,0
MARKET_RISE_PRPO_20181226,PRPO,2018-12-26,1043961,HIGH,,V19_V20_DEVELOPMENT,,DEVELOPMENT_OR_PRIOR_SEAL,1,2018-12-16,2018-12-31,0
MARKET_RISE_PRSO_20190104,PRSO,2019-01-04,890394,HIGH,,V19_V20_DEVELOPMENT,,DEVELOPMENT_OR_PRIOR_SEAL,1,2018-12-25,2019-01-09,0
MARKET_RISE_PRSO_20200304,PRSO,2020-03-04,890394,HIGH,,V19_V20_DEVELOPMENT,,DEVELOPMENT_OR_PRIOR_SEAL,1,2020-02-23,2020-03-09,0
MARKET_RISE_PSMT_20181226,PSMT,2018-12-26,1041803,HIGH,,V19_V20_DEVELOPMENT,,DEVELOPMENT_OR_PRIOR_SEAL,1,2018-12-16,2018-12-31,0
MARKET_RISE_PSQH_20220624,PSQH,2022-06-24,1847064,HIGH,,V19_V20_DEVELOPMENT,,DEVELOPMENT_OR_PRIOR_SEAL,1,2022-06-14,2022-06-29,1
MARKET_RISE_PTLE_20250512,PTLE,2025-05-12,2016337,HIGH,,V19_V20_DEVELOPMENT,,DEVELOPMENT_OR_PRIOR_SEAL,1,2025-05-02,2025-05-17,1
MARKET_RISE_PWCM_20190104,PWCM,2019-01-04,1640384,HIGH,,V19_V20_DEVELOPMENT,,DEVELOPMENT_OR_PRIOR_SEAL,1,2018-12-25,2019-01-09,0
MARKET_RISE_PWCM_20200304,PWCM,2020-03-04,1640384,HIGH,,V19_V20_DEVELOPMENT,,DEVELOPMENT_OR_PRIOR_SEAL,1,2020-02-23,2020-03-09,0
MARKET_RISE_PWR_20180326,PWR,2018-03-26,1050915,HIGH,,V19_V20_DEVELOPMENT,,DEVELOPMENT_OR_PRIOR_SEAL,1,2018-03-16,2018-03-31,0
MARKET_RISE_QCLS_20190104,QCLS,2019-01-04,1321834,HIGH,,V19_V20_DEVELOPMENT,,DEVELOPMENT_OR_PRIOR_SEAL,1,2018-12-25,2019-01-09,0
MARKET_RISE_QNME_20250409,QNME,2025-04-09,,UNRESOLVED,,V19_V20_DEVELOPMENT,,DEVELOPMENT_OR_PRIOR_SEAL,1,2025-03-30,2025-04-14,1
MARKET_RISE_QNRX_20200313,QNRX,2020-03-13,1671502,HIGH,,V19_V20_DEVELOPMENT,,DEVELOPMENT_OR_PRIOR_SEAL,1,2020-03-03,2020-03-18,0
MARKET_RISE_QNTM_20220309,QNTM,2022-03-09,1771885,HIGH,,V19_V20_DEVELOPMENT,,DEVELOPMENT_OR_PRIOR_SEAL,1,2022-02-27,2022-03-14,1
MARKET_RISE_QNTM_20220504,QNTM,2022-05-04,1771885,HIGH,,V19_V20_DEVELOPMENT,,DEVELOPMENT_OR_PRIOR_SEAL,1,2022-04-24,2022-05-09,1
MARKET_RISE_QTEX_20220309,QTEX,2022-03-09,1837493,HIGH,,V19_V20_DEVELOPMENT,,DEVELOPMENT_OR_PRIOR_SEAL,1,2022-02-27,2022-03-14,1
MARKET_RISE_QTEX_20220504,QTEX,2022-05-04,1837493,HIGH,,V19_V20_DEVELOPMENT,,DEVELOPMENT_OR_PRIOR_SEAL,1,2022-04-24,2022-05-09,1
MARKET_RISE_QTTB_20181226,QTTB,2018-12-26,1661998,HIGH,,V19_V20_DEVELOPMENT,,DEVELOPMENT_OR_PRIOR_SEAL,1,2018-12-16,2018-12-31,0
MARKET_RISE_QTTB_20190104,QTTB,2019-01-04,1661998,HIGH,,V19_V20_DEVELOPMENT,,DEVELOPMENT_OR_PRIOR_SEAL,1,2018-12-25,2019-01-09,0
MARKET_RISE_QUCY_20220504,QUCY,2022-05-04,1874252,HIGH,,V19_V20_DEVELOPMENT,,DEVELOPMENT_OR_PRIOR_SEAL,1,2022-04-24,2022-05-09,1
MARKET_RISE_QURE_20180326,QURE,2018-03-26,1590560,HIGH,,V19_V20_DEVELOPMENT,,DEVELOPMENT_OR_PRIOR_SEAL,1,2018-03-16,2018-03-31,0
MARKET_RISE_RANI_20220309,RANI,2022-03-09,1856725,HIGH,,V19_V20_DEVELOPMENT,,DEVELOPMENT_OR_PRIOR_SEAL,1,2022-02-27,2022-03-14,1
MARKET_RISE_RBRK_20250512,RBRK,2025-05-12,1943896,HIGH,,V19_V20_DEVELOPMENT,,DEVELOPMENT_OR_PRIOR_SEAL,1,2025-05-02,2025-05-17,1
MARKET_RISE_RCEL_20200330,RCEL,2020-03-30,1762303,HIGH,,V19_V20_DEVELOPMENT,,DEVELOPMENT_OR_PRIOR_SEAL,1,2020-03-20,2020-04-04,0
MARKET_RISE_RCEL_20200406,RCEL,2020-04-06,1762303,HIGH,,V19_V20_DEVELOPMENT,,DEVELOPMENT_OR_PRIOR_SEAL,1,2020-03-27,2020-04-11,0
MARKET_RISE_RDGT_20190104,RDGT,2019-01-04,1856084,MEDIUM,,V19_V20_DEVELOPMENT,,DEVELOPMENT_OR_PRIOR_SEAL,1,2018-12-25,2019-01-09,0
MARKET_RISE_RDHL_20180326,RDHL,2018-03-26,1553846,HIGH,,V19_V20_DEVELOPMENT,,DEVELOPMENT_OR_PRIOR_SEAL,1,2018-03-16,2018-03-31,0
MARKET_RISE_RDHL_20181226,RDHL,2018-12-26,1553846,HIGH,,V19_V20_DEVELOPMENT,,DEVELOPMENT_OR_PRIOR_SEAL,1,2018-12-16,2018-12-31,0
MARKET_RISE_RDIB_20220719,RDIB,2022-07-19,716634,HIGH,,V19_V20_DEVELOPMENT,,DEVELOPMENT_OR_PRIOR_SEAL,1,2022-07-09,2022-07-24,1
MARKET_RISE_RDIB_20221004,RDIB,2022-10-04,716634,HIGH,,V19_V20_DEVELOPMENT,,DEVELOPMENT_OR_PRIOR_SEAL,1,2022-09-24,2022-10-09,1
MARKET_RISE_RDY_20180326,RDY,2018-03-26,1135951,HIGH,,V19_V20_DEVELOPMENT,,DEVELOPMENT_OR_PRIOR_SEAL,1,2018-03-16,2018-03-31,0
MARKET_RISE_RDY_20181226,RDY,2018-12-26,1135951,HIGH,,V19_V20_DEVELOPMENT,,DEVELOPMENT_OR_PRIOR_SEAL,1,2018-12-16,2018-12-31,0
MARKET_RISE_REBN_20250512,REBN,2025-05-12,1707910,HIGH,,V19_V20_DEVELOPMENT,,DEVELOPMENT_OR_PRIOR_SEAL,1,2025-05-02,2025-05-17,1
MARKET_RISE_REKR_20200302,REKR,2020-03-02,1697851,HIGH,,V19_V20_DEVELOPMENT,,DEVELOPMENT_OR_PRIOR_SEAL,1,2020-02-21,2020-03-07,0
MARKET_RISE_RENX_20250409,RENX,2025-04-09,1959023,HIGH,,V19_V20_DEVELOPMENT,,DEVELOPMENT_OR_PRIOR_SEAL,1,2025-03-30,2025-04-14,1
MARKET_RISE_RETO_20190104,RETO,2019-01-04,1687277,HIGH,,V19_V20_DEVELOPMENT,,DEVELOPMENT_OR_PRIOR_SEAL,1,2018-12-25,2019-01-09,0
MARKET_RISE_RETO_20200302,RETO,2020-03-02,1687277,HIGH,,V19_V20_DEVELOPMENT,,DEVELOPMENT_OR_PRIOR_SEAL,1,2020-02-21,2020-03-07,0
MARKET_RISE_RGC_20220504,RGC,2022-05-04,1829667,HIGH,,V19_V20_DEVELOPMENT,,DEVELOPMENT_OR_PRIOR_SEAL,1,2022-04-24,2022-05-09,1
MARKET_RISE_RGP_20181226,RGP,2018-12-26,1084765,HIGH,,V19_V20_DEVELOPMENT,,DEVELOPMENT_OR_PRIOR_SEAL,1,2018-12-16,2018-12-31,0
MARKET_RISE_RILYL_20220624,RILYL,2022-06-24,1464790,HIGH,,V19_V20_DEVELOPMENT,,DEVELOPMENT_OR_PRIOR_SEAL,1,2022-06-14,2022-06-29,1
MARKET_RISE_RITR_20250409,RITR,2025-04-09,1951229,HIGH,,V19_V20_DEVELOPMENT,,DEVELOPMENT_OR_PRIOR_SEAL,1,2025-03-30,2025-04-14,1
MARKET_RISE_RKDA_20200304,RKDA,2020-03-04,1469443,HIGH,,V19_V20_DEVELOPMENT,,DEVELOPMENT_OR_PRIOR_SEAL,1,2020-02-23,2020-03-09,0
MARKET_RISE_RKTO_20200302,RKTO,2020-03-02,1711786,HIGH,,V19_V20_DEVELOPMENT,,DEVELOPMENT_OR_PRIOR_SEAL,1,2020-02-21,2020-03-07,0
MARKET_RISE_RL_20180326,RL,2018-03-26,1037038,HIGH,,V19_V20_DEVELOPMENT,,DEVELOPMENT_OR_PRIOR_SEAL,1,2018-03-16,2018-03-31,0
MARKET_RISE_RMCF_20190104,RMCF,2019-01-04,1616262,HIGH,,V19_V20_DEVELOPMENT,,DEVELOPMENT_OR_PRIOR_SEAL,1,2018-12-25,2019-01-09,0
MARKET_RISE_RMCO_20220719,RMCO,2022-07-19,1843656,HIGH,,V19_V20_DEVELOPMENT,,DEVELOPMENT_OR_PRIOR_SEAL,1,2022-07-09,2022-07-24,1
MARKET_RISE_RMCO_20221110,RMCO,2022-11-10,1843656,HIGH,,V19_V20_DEVELOPMENT,,DEVELOPMENT_OR_PRIOR_SEAL,1,2022-10-31,2022-11-15,1
MARKET_RISE_RNAZ_20220504,RNAZ,2022-05-04,1829635,HIGH,,V19_V20_DEVELOPMENT,,DEVELOPMENT_OR_PRIOR_SEAL,1,2022-04-24,2022-05-09,1
MARKET_RISE_RNP_20190104,RNP,2019-01-04,1224450,HIGH,,V19_V20_DEVELOPMENT,,DEVELOPMENT_OR_PRIOR_SEAL,1,2018-12-25,2019-01-09,0
MARKET_RISE_ROCK_20181226,ROCK,2018-12-26,912562,HIGH,,V19_V20_DEVELOPMENT,,DEVELOPMENT_OR_PRIOR_SEAL,1,2018-12-16,2018-12-31,0
MARKET_RISE_ROKU_20181226,ROKU,2018-12-26,1428439,HIGH,,V19_V20_DEVELOPMENT,,DEVELOPMENT_OR_PRIOR_SEAL,1,2018-12-16,2018-12-31,0
MARKET_RISE_ROST_20181226,ROST,2018-12-26,745732,HIGH,,V19_V20_DEVELOPMENT,,DEVELOPMENT_OR_PRIOR_SEAL,1,2018-12-16,2018-12-31,0
MARKET_RISE_RSSS_20220504,RSSS,2022-05-04,1386301,HIGH,,V19_V20_DEVELOPMENT,,DEVELOPMENT_OR_PRIOR_SEAL,1,2022-04-24,2022-05-09,1
MARKET_RISE_RTB_20220719,RTB,2022-07-19,1419275,HIGH,,V19_V20_DEVELOPMENT,,DEVELOPMENT_OR_PRIOR_SEAL,1,2022-07-09,2022-07-24,1
MARKET_RISE_RTB_20221004,RTB,2022-10-04,1419275,HIGH,,V19_V20_DEVELOPMENT,,DEVELOPMENT_OR_PRIOR_SEAL,1,2022-09-24,2022-10-09,1
MARKET_RISE_RVMD_20220309,RVMD,2022-03-09,1628171,HIGH,,V19_V20_DEVELOPMENT,,DEVELOPMENT_OR_PRIOR_SEAL,1,2022-02-27,2022-03-14,1
MARKET_RISE_RVSN_20250409,RVSN,2025-04-09,1743905,HIGH,,V19_V20_DEVELOPMENT,,DEVELOPMENT_OR_PRIOR_SEAL,1,2025-03-30,2025-04-14,1
MARKET_RISE_RZLT_20220624,RZLT,2022-06-24,1509261,HIGH,,V19_V20_DEVELOPMENT,,DEVELOPMENT_OR_PRIOR_SEAL,1,2022-06-14,2022-06-29,1
MARKET_RISE_SAN_20181226,SAN,2018-12-26,891478,HIGH,,V19_V20_DEVELOPMENT,,DEVELOPMENT_OR_PRIOR_SEAL,1,2018-12-16,2018-12-31,0
MARKET_RISE_SBFM_20181226,SBFM,2018-12-26,1402328,HIGH,,V19_V20_DEVELOPMENT,,DEVELOPMENT_OR_PRIOR_SEAL,1,2018-12-16,2018-12-31,0
MARKET_RISE_SBFM_20220624,SBFM,2022-06-24,1402328,HIGH,,V19_V20_DEVELOPMENT,,DEVELOPMENT_OR_PRIOR_SEAL,1,2022-06-14,2022-06-29,1
MARKET_RISE_SBUX_20180326,SBUX,2018-03-26,829224,HIGH,,V19_V20_DEVELOPMENT,,DEVELOPMENT_OR_PRIOR_SEAL,1,2018-03-16,2018-03-31,0
MARKET_RISE_SBUX_20181226,SBUX,2018-12-26,829224,HIGH,,V19_V20_DEVELOPMENT,,DEVELOPMENT_OR_PRIOR_SEAL,1,2018-12-16,2018-12-31,0
MARKET_RISE_SCLX_20220309,SCLX,2022-03-09,1820190,HIGH,,V19_V20_DEVELOPMENT,,DEVELOPMENT_OR_PRIOR_SEAL,1,2022-02-27,2022-03-14,1
MARKET_RISE_SCLX_20220624,SCLX,2022-06-24,1820190,HIGH,,V19_V20_DEVELOPMENT,,DEVELOPMENT_OR_PRIOR_SEAL,1,2022-06-14,2022-06-29,1
MARKET_RISE_SCNI_20181226,SCNI,2018-12-26,1611747,HIGH,,V19_V20_DEVELOPMENT,,DEVELOPMENT_OR_PRIOR_SEAL,1,2018-12-16,2018-12-31,0
MARKET_RISE_SCNI_20190104,SCNI,2019-01-04,1611747,HIGH,,V19_V20_DEVELOPMENT,,DEVELOPMENT_OR_PRIOR_SEAL,1,2018-12-25,2019-01-09,0
MARKET_RISE_SDOT_20220504,SDOT,2022-05-04,1701756,HIGH,,V19_V20_DEVELOPMENT,,DEVELOPMENT_OR_PRIOR_SEAL,1,2022-04-24,2022-05-09,1
MARKET_RISE_SDST_20250409,SDST,2025-04-09,1831979,HIGH,,V19_V20_DEVELOPMENT,,DEVELOPMENT_OR_PRIOR_SEAL,1,2025-03-30,2025-04-14,1
MARKET_RISE_SEGG_20200324,SEGG,2020-03-24,1673481,HIGH,,V19_V20_DEVELOPMENT,,DEVELOPMENT_OR_PRIOR_SEAL,1,2020-03-14,2020-03-29,0
MARKET_RISE_SELXF_20250512,SELXF,2025-05-12,1990950,HIGH,,V19_V20_DEVELOPMENT,,DEVELOPMENT_OR_PRIOR_SEAL,1,2025-05-02,2025-05-17,1
MARKET_RISE_SES_20220309,SES,2022-03-09,1819142,HIGH,,V19_V20_DEVELOPMENT,,DEVELOPMENT_OR_PRIOR_SEAL,1,2022-02-27,2022-03-14,1
MARKET_RISE_SES_20220504,SES,2022-05-04,1819142,HIGH,,V19_V20_DEVELOPMENT,,DEVELOPMENT_OR_PRIOR_SEAL,1,2022-04-24,2022-05-09,1
MARKET_RISE_SFNC_20181226,SFNC,2018-12-26,90498,HIGH,,V19_V20_DEVELOPMENT,,DEVELOPMENT_OR_PRIOR_SEAL,1,2018-12-16,2018-12-31,0
MARKET_RISE_SFWL_20250512,SFWL,2025-05-12,1863218,HIGH,,V19_V20_DEVELOPMENT,,DEVELOPMENT_OR_PRIOR_SEAL,1,2025-05-02,2025-05-17,1
MARKET_RISE_SGRP_20200302,SGRP,2020-03-02,1004989,HIGH,,V19_V20_DEVELOPMENT,,DEVELOPMENT_OR_PRIOR_SEAL,1,2020-02-21,2020-03-07,0
MARKET_RISE_SHFS_20250512,SHFS,2025-05-12,1854963,HIGH,,V19_V20_DEVELOPMENT,,DEVELOPMENT_OR_PRIOR_SEAL,1,2025-05-02,2025-05-17,1
MARKET_RISE_SIBN_20200302,SIBN,2020-03-02,1459839,HIGH,,V19_V20_DEVELOPMENT,,DEVELOPMENT_OR_PRIOR_SEAL,1,2020-02-21,2020-03-07,0
MARKET_RISE_SIBN_20200304,SIBN,2020-03-04,1459839,HIGH,,V19_V20_DEVELOPMENT,,DEVELOPMENT_OR_PRIOR_SEAL,1,2020-02-23,2020-03-09,0
MARKET_RISE_SJ_20200408,SJ,2020-04-08,1753673,HIGH,,V19_V20_DEVELOPMENT,,DEVELOPMENT_OR_PRIOR_SEAL,1,2020-03-29,2020-04-13,0
MARKET_RISE_SKIL_20200324,SKIL,2020-03-24,1774675,HIGH,,V19_V20_DEVELOPMENT,,DEVELOPMENT_OR_PRIOR_SEAL,1,2020-03-14,2020-03-29,0
MARKET_RISE_SKIN_20220309,SKIN,2022-03-09,1818093,HIGH,,V19_V20_DEVELOPMENT,,DEVELOPMENT_OR_PRIOR_SEAL,1,2022-02-27,2022-03-14,1
MARKET_RISE_SKIN_20220504,SKIN,2022-05-04,1818093,HIGH,,V19_V20_DEVELOPMENT,,DEVELOPMENT_OR_PRIOR_SEAL,1,2022-04-24,2022-05-09,1
MARKET_RISE_SLE_20200304,SLE,2020-03-04,1621672,HIGH,,V19_V20_DEVELOPMENT,,DEVELOPMENT_OR_PRIOR_SEAL,1,2020-02-23,2020-03-09,0
MARKET_RISE_SLE_20200324,SLE,2020-03-24,1621672,HIGH,,V19_V20_DEVELOPMENT,,DEVELOPMENT_OR_PRIOR_SEAL,1,2020-03-14,2020-03-29,0
MARKET_RISE_SMAX_20250409,SMAX,2025-04-09,,UNRESOLVED,,V19_V20_DEVELOPMENT,,DEVELOPMENT_OR_PRIOR_SEAL,1,2025-03-30,2025-04-14,1
MARKET_RISE_SMAX_20250512,SMAX,2025-05-12,,UNRESOLVED,,V19_V20_DEVELOPMENT,,DEVELOPMENT_OR_PRIOR_SEAL,1,2025-05-02,2025-05-17,1
MARKET_RISE_SMLL_20250409,SMLL,2025-04-09,,UNRESOLVED,,V19_V20_DEVELOPMENT,,DEVELOPMENT_OR_PRIOR_SEAL,1,2025-03-30,2025-04-14,1
MARKET_RISE_SMLL_20250512,SMLL,2025-05-12,,UNRESOLVED,,V19_V20_DEVELOPMENT,,DEVELOPMENT_OR_PRIOR_SEAL,1,2025-05-02,2025-05-17,1
MARKET_RISE_SMR_20220309,SMR,2022-03-09,1822966,HIGH,,V19_V20_DEVELOPMENT,,DEVELOPMENT_OR_PRIOR_SEAL,1,2022-02-27,2022-03-14,1
MARKET_RISE_SMR_20220719,SMR,2022-07-19,1822966,HIGH,,V19_V20_DEVELOPMENT,,DEVELOPMENT_OR_PRIOR_SEAL,1,2022-07-09,2022-07-24,1
MARKET_RISE_SMTC_20181226,SMTC,2018-12-26,88941,HIGH,,V19_V20_DEVELOPMENT,,DEVELOPMENT_OR_PRIOR_SEAL,1,2018-12-16,2018-12-31,0
MARKET_RISE_SMTK_20250512,SMTK,2025-05-12,1817760,HIGH,,V19_V20_DEVELOPMENT,,DEVELOPMENT_OR_PRIOR_SEAL,1,2025-05-02,2025-05-17,1
MARKET_RISE_SMXT_20250409,SMXT,2025-04-09,1519472,HIGH,,V19_V20_DEVELOPMENT,,DEVELOPMENT_OR_PRIOR_SEAL,1,2025-03-30,2025-04-14,1
MARKET_RISE_SMXT_20250512,SMXT,2025-05-12,1519472,HIGH,,V19_V20_DEVELOPMENT,,DEVELOPMENT_OR_PRIOR_SEAL,1,2025-05-02,2025-05-17,1
MARKET_RISE_SNAP_20181226,SNAP,2018-12-26,1564408,HIGH,,V19_V20_DEVELOPMENT,,DEVELOPMENT_OR_PRIOR_SEAL,1,2018-12-16,2018-12-31,0
MARKET_RISE_SNAP_20190104,SNAP,2019-01-04,1564408,HIGH,,V19_V20_DEVELOPMENT,,DEVELOPMENT_OR_PRIOR_SEAL,1,2018-12-25,2019-01-09,0
MARKET_RISE_SNBRQ_20180326,SNBRQ,2018-03-26,827187,HIGH,,V19_V20_DEVELOPMENT,,DEVELOPMENT_OR_PRIOR_SEAL,1,2018-03-16,2018-03-31,0
MARKET_RISE_SNBRQ_20181226,SNBRQ,2018-12-26,827187,HIGH,,V19_V20_DEVELOPMENT,,DEVELOPMENT_OR_PRIOR_SEAL,1,2018-12-16,2018-12-31,0
MARKET_RISE_SNGX_20200302,SNGX,2020-03-02,812796,HIGH,,V19_V20_DEVELOPMENT,,DEVELOPMENT_OR_PRIOR_SEAL,1,2020-02-21,2020-03-07,0
MARKET_RISE_SNTI_20221110,SNTI,2022-11-10,1854270,HIGH,,V19_V20_DEVELOPMENT,,DEVELOPMENT_OR_PRIOR_SEAL,1,2022-10-31,2022-11-15,1
MARKET_RISE_SOBR_20221130,SOBR,2022-11-30,1425627,HIGH,,V19_V20_DEVELOPMENT,,DEVELOPMENT_OR_PRIOR_SEAL,1,2022-11-20,2022-12-05,1
MARKET_RISE_SOBR_20250512,SOBR,2025-05-12,1425627,HIGH,,V19_V20_DEVELOPMENT,,DEVELOPMENT_OR_PRIOR_SEAL,1,2025-05-02,2025-05-17,1
MARKET_RISE_SONM_20200326,SONM,2020-03-26,1178697,HIGH,,V19_V20_DEVELOPMENT,,DEVELOPMENT_OR_PRIOR_SEAL,1,2020-03-16,2020-03-31,0
MARKET_RISE_SONM_20200406,SONM,2020-04-06,1178697,HIGH,,V19_V20_DEVELOPMENT,,DEVELOPMENT_OR_PRIOR_SEAL,1,2020-03-27,2020-04-11,0
MARKET_RISE_SOS_20180326,SOS,2018-03-26,1346610,HIGH,,V19_V20_DEVELOPMENT,,DEVELOPMENT_OR_PRIOR_SEAL,1,2018-03-16,2018-03-31,0
MARKET_RISE_SOS_20200302,SOS,2020-03-02,1346610,HIGH,,V19_V20_DEVELOPMENT,,DEVELOPMENT_OR_PRIOR_SEAL,1,2020-02-21,2020-03-07,0
MARKET_RISE_SPRC_20220719,SPRC,2022-07-19,1611746,HIGH,,V19_V20_DEVELOPMENT,,DEVELOPMENT_OR_PRIOR_SEAL,1,2022-07-09,2022-07-24,1
MARKET_RISE_SPWR_20220504,SPWR,2022-05-04,1838987,HIGH,,V19_V20_DEVELOPMENT,,DEVELOPMENT_OR_PRIOR_SEAL,1,2022-04-24,2022-05-09,1
MARKET_RISE_SRFM_20250512,SRFM,2025-05-12,1936224,HIGH,,V19_V20_DEVELOPMENT,,DEVELOPMENT_OR_PRIOR_SEAL,1,2025-05-02,2025-05-17,1
MARKET_RISE_SRPT_20181226,SRPT,2018-12-26,873303,HIGH,,V19_V20_DEVELOPMENT,,DEVELOPMENT_OR_PRIOR_SEAL,1,2018-12-16,2018-12-31,0
MARKET_RISE_SSTI_20181226,SSTI,2018-12-26,1351636,HIGH,,V19_V20_DEVELOPMENT,,DEVELOPMENT_OR_PRIOR_SEAL,1,2018-12-16,2018-12-31,0
MARKET_RISE_SST_20220309,SST,2022-03-09,1805833,HIGH,,V19_V20_DEVELOPMENT,,DEVELOPMENT_OR_PRIOR_SEAL,1,2022-02-27,2022-03-14,1
MARKET_RISE_SST_20220719,SST,2022-07-19,1805833,HIGH,,V19_V20_DEVELOPMENT,,DEVELOPMENT_OR_PRIOR_SEAL,1,2022-07-09,2022-07-24,1
MARKET_RISE_STG_20190104,STG,2019-01-04,1723935,HIGH,,V19_V20_DEVELOPMENT,,DEVELOPMENT_OR_PRIOR_SEAL,1,2018-12-25,2019-01-09,0
MARKET_RISE_STLD_20180326,STLD,2018-03-26,1022671,HIGH,,V19_V20_DEVELOPMENT,,DEVELOPMENT_OR_PRIOR_SEAL,1,2018-03-16,2018-03-31,0
MARKET_RISE_STT_20180326,STT,2018-03-26,93751,HIGH,,V19_V20_DEVELOPMENT,,DEVELOPMENT_OR_PRIOR_SEAL,1,2018-03-16,2018-03-31,0
MARKET_RISE_SUGP_20250512,SUGP,2025-05-12,1969863,HIGH,,V19_V20_DEVELOPMENT,,DEVELOPMENT_OR_PRIOR_SEAL,1,2025-05-02,2025-05-17,1
MARKET_RISE_SUPX_20250512,SUPX,2025-05-12,1897087,HIGH,,V19_V20_DEVELOPMENT,,DEVELOPMENT_OR_PRIOR_SEAL,1,2025-05-02,2025-05-17,1
MARKET_RISE_SURG_20220504,SURG,2022-05-04,1392694,HIGH,,V19_V20_DEVELOPMENT,,DEVELOPMENT_OR_PRIOR_SEAL,1,2022-04-24,2022-05-09,1
MARKET_RISE_SVCO_20250409,SVCO,2025-04-09,1943289,HIGH,,V19_V20_DEVELOPMENT,,DEVELOPMENT_OR_PRIOR_SEAL,1,2025-03-30,2025-04-14,1
MARKET_RISE_SVRN_20220624,SVRN,2022-06-24,1869467,HIGH,,V19_V20_DEVELOPMENT,,DEVELOPMENT_OR_PRIOR_SEAL,1,2022-06-14,2022-06-29,1
MARKET_RISE_SWIM_20220504,SWIM,2022-05-04,1833197,HIGH,,V19_V20_DEVELOPMENT,,DEVELOPMENT_OR_PRIOR_SEAL,1,2022-04-24,2022-05-09,1
MARKET_RISE_SXTC_20200317,SXTC,2020-03-17,1723980,HIGH,,V19_V20_DEVELOPMENT,,DEVELOPMENT_OR_PRIOR_SEAL,1,2020-03-07,2020-03-22,0
MARKET_RISE_SXTC_20200326,SXTC,2020-03-26,1723980,HIGH,,V19_V20_DEVELOPMENT,,DEVELOPMENT_OR_PRIOR_SEAL,1,2020-03-16,2020-03-31,0
MARKET_RISE_SYSB_20180326,SYSB,2018-03-26,,UNRESOLVED,,V19_V20_DEVELOPMENT,,DEVELOPMENT_OR_PRIOR_SEAL,1,2018-03-16,2018-03-31,0
MARKET_RISE_SYSB_20181226,SYSB,2018-12-26,,UNRESOLVED,,V19_V20_DEVELOPMENT,,DEVELOPMENT_OR_PRIOR_SEAL,1,2018-12-16,2018-12-31,0
MARKET_RISE_SYY_20180326,SYY,2018-03-26,96021,HIGH,,V19_V20_DEVELOPMENT,,DEVELOPMENT_OR_PRIOR_SEAL,1,2018-03-16,2018-03-31,0
MARKET_RISE_SYY_20181226,SYY,2018-12-26,96021,HIGH,,V19_V20_DEVELOPMENT,,DEVELOPMENT_OR_PRIOR_SEAL,1,2018-12-16,2018-12-31,0
MARKET_RISE_SY_20200302,SY,2020-03-02,1758530,HIGH,,V19_V20_DEVELOPMENT,,DEVELOPMENT_OR_PRIOR_SEAL,1,2020-02-21,2020-03-07,0
MARKET_RISE_SY_20200304,SY,2020-03-04,1758530,HIGH,,V19_V20_DEVELOPMENT,,DEVELOPMENT_OR_PRIOR_SEAL,1,2020-02-23,2020-03-09,0
MARKET_RISE_S_20220309,S,2022-03-09,1583708,HIGH,,V19_V20_DEVELOPMENT,,DEVELOPMENT_OR_PRIOR_SEAL,1,2022-02-27,2022-03-14,1
MARKET_RISE_TAK_20200304,TAK,2020-03-04,1395064,HIGH,,V19_V20_DEVELOPMENT,,DEVELOPMENT_OR_PRIOR_SEAL,1,2020-02-23,2020-03-09,0
MARKET_RISE_TANH_20190104,TANH,2019-01-04,1588084,HIGH,,V19_V20_DEVELOPMENT,,DEVELOPMENT_OR_PRIOR_SEAL,1,2018-12-25,2019-01-09,0
MARKET_RISE_TAOP_20181226,TAOP,2018-12-26,1552670,HIGH,,V19_V20_DEVELOPMENT,,DEVELOPMENT_OR_PRIOR_SEAL,1,2018-12-16,2018-12-31,0
MARKET_RISE_TAOP_20190104,TAOP,2019-01-04,1552670,HIGH,,V19_V20_DEVELOPMENT,,DEVELOPMENT_OR_PRIOR_SEAL,1,2018-12-25,2019-01-09,0
MARKET_RISE_TARA_20181226,TARA,2018-12-26,1359931,HIGH,,V19_V20_DEVELOPMENT,,DEVELOPMENT_OR_PRIOR_SEAL,1,2018-12-16,2018-12-31,0
MARKET_RISE_TARA_20190104,TARA,2019-01-04,1359931,HIGH,,V19_V20_DEVELOPMENT,,DEVELOPMENT_OR_PRIOR_SEAL,1,2018-12-25,2019-01-09,0
MARKET_RISE_TCRT_20190104,TCRT,2019-01-04,1107421,HIGH,,V19_V20_DEVELOPMENT,,DEVELOPMENT_OR_PRIOR_SEAL,1,2018-12-25,2019-01-09,0
MARKET_RISE_TCX_20181226,TCX,2018-12-26,909494,HIGH,,V19_V20_DEVELOPMENT,,DEVELOPMENT_OR_PRIOR_SEAL,1,2018-12-16,2018-12-31,0
MARKET_RISE_TC_20200302,TC,2020-03-02,1743340,HIGH,,V19_V20_DEVELOPMENT,,DEVELOPMENT_OR_PRIOR_SEAL,1,2020-02-21,2020-03-07,0
MARKET_RISE_TC_20200304,TC,2020-03-04,1743340,HIGH,,V19_V20_DEVELOPMENT,,DEVELOPMENT_OR_PRIOR_SEAL,1,2020-02-23,2020-03-09,0
MARKET_RISE_TDTH_20250512,TDTH,2025-05-12,1983550,HIGH,,V19_V20_DEVELOPMENT,,DEVELOPMENT_OR_PRIOR_SEAL,1,2025-05-02,2025-05-17,1
MARKET_RISE_TDUP_20220309,TDUP,2022-03-09,1484778,HIGH,,V19_V20_DEVELOPMENT,,DEVELOPMENT_OR_PRIOR_SEAL,1,2022-02-27,2022-03-14,1
MARKET_RISE_TDUP_20220504,TDUP,2022-05-04,1484778,HIGH,,V19_V20_DEVELOPMENT,,DEVELOPMENT_OR_PRIOR_SEAL,1,2022-04-24,2022-05-09,1
MARKET_RISE_TEAD_20220309,TEAD,2022-03-09,1454938,HIGH,,V19_V20_DEVELOPMENT,,DEVELOPMENT_OR_PRIOR_SEAL,1,2022-02-27,2022-03-14,1
MARKET_RISE_TELA_20220504,TELA,2022-05-04,1561921,HIGH,,V19_V20_DEVELOPMENT,,DEVELOPMENT_OR_PRIOR_SEAL,1,2022-04-24,2022-05-09,1
MARKET_RISE_TE_20220309,TE,2022-03-09,1992243,MEDIUM,,V19_V20_DEVELOPMENT,,DEVELOPMENT_OR_PRIOR_SEAL,1,2022-02-27,2022-03-14,1
MARKET_RISE_TE_20220504,TE,2022-05-04,1992243,MEDIUM,,V19_V20_DEVELOPMENT,,DEVELOPMENT_OR_PRIOR_SEAL,1,2022-04-24,2022-05-09,1
MARKET_RISE_THRY_20220309,THRY,2022-03-09,1556739,HIGH,,V19_V20_DEVELOPMENT,,DEVELOPMENT_OR_PRIOR_SEAL,1,2022-02-27,2022-03-14,1
MARKET_RISE_TLK_20180326,TLK,2018-03-26,1001807,HIGH,,V19_V20_DEVELOPMENT,,DEVELOPMENT_OR_PRIOR_SEAL,1,2018-03-16,2018-03-31,0
MARKET_RISE_TLK_20181226,TLK,2018-12-26,1001807,HIGH,,V19_V20_DEVELOPMENT,,DEVELOPMENT_OR_PRIOR_SEAL,1,2018-12-16,2018-12-31,0
MARKET_RISE_TLSA_20200310,TLSA,2020-03-10,1723069,HIGH,,V19_V20_DEVELOPMENT,,DEVELOPMENT_OR_PRIOR_SEAL,1,2020-02-29,2020-03-15,0
MARKET_RISE_TLSA_20200518,TLSA,2020-05-18,1723069,HIGH,,V19_V20_DEVELOPMENT,,DEVELOPMENT_OR_PRIOR_SEAL,1,2020-05-08,2020-05-23,0
MARKET_RISE_TLSI_20221004,TLSI,2022-10-04,1826667,HIGH,,V19_V20_DEVELOPMENT,,DEVELOPMENT_OR_PRIOR_SEAL,1,2022-09-24,2022-10-09,1
MARKET_RISE_TNON_20221110,TNON,2022-11-10,1560293,HIGH,,V19_V20_DEVELOPMENT,,DEVELOPMENT_OR_PRIOR_SEAL,1,2022-10-31,2022-11-15,1
MARKET_RISE_TOL_20180326,TOL,2018-03-26,794170,HIGH,,V19_V20_DEVELOPMENT,,DEVELOPMENT_OR_PRIOR_SEAL,1,2018-03-16,2018-03-31,0
MARKET_RISE_TORO_20250409,TORO,2025-04-09,1941131,HIGH,,V19_V20_DEVELOPMENT,,DEVELOPMENT_OR_PRIOR_SEAL,1,2025-03-30,2025-04-14,1
MARKET_RISE_TOYO_20250512,TOYO,2025-05-12,1985273,HIGH,,V19_V20_DEVELOPMENT,,DEVELOPMENT_OR_PRIOR_SEAL,1,2025-05-02,2025-05-17,1
MARKET_RISE_TPR_20181226,TPR,2018-12-26,1116132,HIGH,,V19_V20_DEVELOPMENT,,DEVELOPMENT_OR_PRIOR_SEAL,1,2018-12-16,2018-12-31,0
MARKET_RISE_TPZ_20180326,TPZ,2018-03-26,,UNRESOLVED,,V19_V20_DEVELOPMENT,,DEVELOPMENT_OR_PRIOR_SEAL,1,2018-03-16,2018-03-31,0
MARKET_RISE_TRIB_20180326,TRIB,2018-03-26,888721,HIGH,,V19_V20_DEVELOPMENT,,DEVELOPMENT_OR_PRIOR_SEAL,1,2018-03-16,2018-03-31,0
MARKET_RISE_TRIB_20190104,TRIB,2019-01-04,888721,HIGH,,V19_V20_DEVELOPMENT,,DEVELOPMENT_OR_PRIOR_SEAL,1,2018-12-25,2019-01-09,0
MARKET_RISE_TRMB_20180326,TRMB,2018-03-26,864749,HIGH,,V19_V20_DEVELOPMENT,,DEVELOPMENT_OR_PRIOR_SEAL,1,2018-03-16,2018-03-31,0
MARKET_RISE_TROO_20190104,TROO,2019-01-04,1412095,HIGH,,V19_V20_DEVELOPMENT,,DEVELOPMENT_OR_PRIOR_SEAL,1,2018-12-25,2019-01-09,0
MARKET_RISE_TSLA_20181226,TSLA,2018-12-26,1318605,HIGH,,V19_V20_DEVELOPMENT,,DEVELOPMENT_OR_PRIOR_SEAL,1,2018-12-16,2018-12-31,0
MARKET_RISE_TURB_20250409,TURB,2025-04-09,1963439,HIGH,,V19_V20_DEVELOPMENT,,DEVELOPMENT_OR_PRIOR_SEAL,1,2025-03-30,2025-04-14,1
MARKET_RISE_TUSK_20181226,TUSK,2018-12-26,1679268,HIGH,,V19_V20_DEVELOPMENT,,DEVELOPMENT_OR_PRIOR_SEAL,1,2018-12-16,2018-12-31,0
MARKET_RISE_TUYA_20220624,TUYA,2022-06-24,1829118,HIGH,,V19_V20_DEVELOPMENT,,DEVELOPMENT_OR_PRIOR_SEAL,1,2022-06-14,2022-06-29,1
MARKET_RISE_TUYA_20220719,TUYA,2022-07-19,1829118,HIGH,,V19_V20_DEVELOPMENT,,DEVELOPMENT_OR_PRIOR_SEAL,1,2022-07-09,2022-07-24,1
MARKET_RISE_TWST_20200302,TWST,2020-03-02,1581280,HIGH,,V19_V20_DEVELOPMENT,,DEVELOPMENT_OR_PRIOR_SEAL,1,2020-02-21,2020-03-07,0
MARKET_RISE_TWST_20200304,TWST,2020-03-04,1581280,HIGH,,V19_V20_DEVELOPMENT,,DEVELOPMENT_OR_PRIOR_SEAL,1,2020-02-23,2020-03-09,0
MARKET_RISE_TXG_20200317,TXG,2020-03-17,1770787,HIGH,,V19_V20_DEVELOPMENT,,DEVELOPMENT_OR_PRIOR_SEAL,1,2020-03-07,2020-03-22,0
MARKET_RISE_TXRH_20180326,TXRH,2018-03-26,1289460,HIGH,,V19_V20_DEVELOPMENT,,DEVELOPMENT_OR_PRIOR_SEAL,1,2018-03-16,2018-03-31,0
MARKET_RISE_TYGO_20220719,TYGO,2022-07-19,1855447,HIGH,,V19_V20_DEVELOPMENT,,DEVELOPMENT_OR_PRIOR_SEAL,1,2022-07-09,2022-07-24,1
MARKET_RISE_TYRA_20220309,TYRA,2022-03-09,1863127,HIGH,,V19_V20_DEVELOPMENT,,DEVELOPMENT_OR_PRIOR_SEAL,1,2022-02-27,2022-03-14,1
MARKET_RISE_TYRA_20220504,TYRA,2022-05-04,1863127,HIGH,,V19_V20_DEVELOPMENT,,DEVELOPMENT_OR_PRIOR_SEAL,1,2022-04-24,2022-05-09,1
MARKET_RISE_UBER_20200304,UBER,2020-03-04,1543151,HIGH,,V19_V20_DEVELOPMENT,,DEVELOPMENT_OR_PRIOR_SEAL,1,2020-02-23,2020-03-09,0
MARKET_RISE_UBER_20200310,UBER,2020-03-10,1543151,HIGH,,V19_V20_DEVELOPMENT,,DEVELOPMENT_OR_PRIOR_SEAL,1,2020-02-29,2020-03-15,0
MARKET_RISE_UBS_20180326,UBS,2018-03-26,1610520,HIGH,,V19_V20_DEVELOPMENT,,DEVELOPMENT_OR_PRIOR_SEAL,1,2018-03-16,2018-03-31,0
MARKET_RISE_UBS_20181226,UBS,2018-12-26,1610520,HIGH,,V19_V20_DEVELOPMENT,,DEVELOPMENT_OR_PRIOR_SEAL,1,2018-12-16,2018-12-31,0
MARKET_RISE_UFPT_20180326,UFPT,2018-03-26,914156,HIGH,,V19_V20_DEVELOPMENT,,DEVELOPMENT_OR_PRIOR_SEAL,1,2018-03-16,2018-03-31,0
MARKET_RISE_UFPT_20181226,UFPT,2018-12-26,914156,HIGH,,V19_V20_DEVELOPMENT,,DEVELOPMENT_OR_PRIOR_SEAL,1,2018-12-16,2018-12-31,0
MARKET_RISE_UHT_20181226,UHT,2018-12-26,798783,HIGH,,V19_V20_DEVELOPMENT,,DEVELOPMENT_OR_PRIOR_SEAL,1,2018-12-16,2018-12-31,0
MARKET_RISE_UK_20220624,UK,2022-06-24,1821424,HIGH,,V19_V20_DEVELOPMENT,,DEVELOPMENT_OR_PRIOR_SEAL,1,2022-06-14,2022-06-29,1
MARKET_RISE_UPC_20220309,UPC,2022-03-09,1809616,HIGH,,V19_V20_DEVELOPMENT,,DEVELOPMENT_OR_PRIOR_SEAL,1,2022-02-27,2022-03-14,1
MARKET_RISE_UPLD_20180326,UPLD,2018-03-26,1505155,HIGH,,V19_V20_DEVELOPMENT,,DEVELOPMENT_OR_PRIOR_SEAL,1,2018-03-16,2018-03-31,0
MARKET_RISE_UPLD_20181226,UPLD,2018-12-26,1505155,HIGH,,V19_V20_DEVELOPMENT,,DEVELOPMENT_OR_PRIOR_SEAL,1,2018-12-16,2018-12-31,0
MARKET_RISE_UPXI_20220504,UPXI,2022-05-04,1775194,HIGH,,V19_V20_DEVELOPMENT,,DEVELOPMENT_OR_PRIOR_SEAL,1,2022-04-24,2022-05-09,1
MARKET_RISE_URAA_20250512,URAA,2025-05-12,,UNRESOLVED,,V19_V20_DEVELOPMENT,,DEVELOPMENT_OR_PRIOR_SEAL,1,2025-05-02,2025-05-17,1
MARKET_RISE_URI_20180326,URI,2018-03-26,1067701,HIGH,,V19_V20_DEVELOPMENT,,DEVELOPMENT_OR_PRIOR_SEAL,1,2018-03-16,2018-03-31,0
MARKET_RISE_URI_20181226,URI,2018-12-26,1067701,HIGH,,V19_V20_DEVELOPMENT,,DEVELOPMENT_OR_PRIOR_SEAL,1,2018-12-16,2018-12-31,0
MARKET_RISE_UROY_20220624,UROY,2022-06-24,1711570,HIGH,,V19_V20_DEVELOPMENT,,DEVELOPMENT_OR_PRIOR_SEAL,1,2022-06-14,2022-06-29,1
MARKET_RISE_USIO_20180326,USIO,2018-03-26,1088034,HIGH,,V19_V20_DEVELOPMENT,,DEVELOPMENT_OR_PRIOR_SEAL,1,2018-03-16,2018-03-31,0
MARKET_RISE_UWMC_20220504,UWMC,2022-05-04,1783398,HIGH,,V19_V20_DEVELOPMENT,,DEVELOPMENT_OR_PRIOR_SEAL,1,2022-04-24,2022-05-09,1
MARKET_RISE_UXIN_20200313,UXIN,2020-03-13,1729173,HIGH,,V19_V20_DEVELOPMENT,,DEVELOPMENT_OR_PRIOR_SEAL,1,2020-03-03,2020-03-18,0
MARKET_RISE_VAL-WS_20220309,VAL-WS,2022-03-09,,UNRESOLVED,,V19_V20_DEVELOPMENT,,DEVELOPMENT_OR_PRIOR_SEAL,1,2022-02-27,2022-03-14,1
MARKET_RISE_VATE_20180326,VATE,2018-03-26,1006837,HIGH,,V19_V20_DEVELOPMENT,,DEVELOPMENT_OR_PRIOR_SEAL,1,2018-03-16,2018-03-31,0
MARKET_RISE_VATE_20181226,VATE,2018-12-26,1006837,HIGH,,V19_V20_DEVELOPMENT,,DEVELOPMENT_OR_PRIOR_SEAL,1,2018-12-16,2018-12-31,0
MARKET_RISE_VBIO_20221110,VBIO,2022-11-10,1787740,HIGH,,V19_V20_DEVELOPMENT,,DEVELOPMENT_OR_PRIOR_SEAL,1,2022-10-31,2022-11-15,1
MARKET_RISE_VCYT_20180326,VCYT,2018-03-26,1384101,HIGH,,V19_V20_DEVELOPMENT,,DEVELOPMENT_OR_PRIOR_SEAL,1,2018-03-16,2018-03-31,0
MARKET_RISE_VEEE_20221110,VEEE,2022-11-10,1855509,HIGH,,V19_V20_DEVELOPMENT,,DEVELOPMENT_OR_PRIOR_SEAL,1,2022-10-31,2022-11-15,1
MARKET_RISE_VERU_20190104,VERU,2019-01-04,863894,HIGH,,V19_V20_DEVELOPMENT,,DEVELOPMENT_OR_PRIOR_SEAL,1,2018-12-25,2019-01-09,0
MARKET_RISE_VGAS_20220504,VGAS,2022-05-04,1841425,HIGH,,V19_V20_DEVELOPMENT,,DEVELOPMENT_OR_PRIOR_SEAL,1,2022-04-24,2022-05-09,1
MARKET_RISE_VHI_20190104,VHI,2019-01-04,59255,HIGH,,V19_V20_DEVELOPMENT,,DEVELOPMENT_OR_PRIOR_SEAL,1,2018-12-25,2019-01-09,0
MARKET_RISE_VIP_20181226,VIP,2018-12-26,1844971,MEDIUM,,V19_V20_DEVELOPMENT,,DEVELOPMENT_OR_PRIOR_SEAL,1,2018-12-16,2018-12-31,0
MARKET_RISE_VIVK_20221110,VIVK,2022-11-10,1450704,HIGH,,V19_V20_DEVELOPMENT,,DEVELOPMENT_OR_PRIOR_SEAL,1,2022-10-31,2022-11-15,1
MARKET_RISE_VIVO_20200304,VIVO,2020-03-04,1681348,HIGH,,V19_V20_DEVELOPMENT,,DEVELOPMENT_OR_PRIOR_SEAL,1,2020-02-23,2020-03-09,0
MARKET_RISE_VIVO_20200310,VIVO,2020-03-10,1681348,HIGH,,V19_V20_DEVELOPMENT,,DEVELOPMENT_OR_PRIOR_SEAL,1,2020-02-29,2020-03-15,0
MARKET_RISE_VLO_20180326,VLO,2018-03-26,1035002,HIGH,,V19_V20_DEVELOPMENT,,DEVELOPMENT_OR_PRIOR_SEAL,1,2018-03-16,2018-03-31,0
MARKET_RISE_VLO_20181226,VLO,2018-12-26,1035002,HIGH,,V19_V20_DEVELOPMENT,,DEVELOPMENT_OR_PRIOR_SEAL,1,2018-12-16,2018-12-31,0
MARKET_RISE_VMAR_20220309,VMAR,2022-03-09,1813783,HIGH,,V19_V20_DEVELOPMENT,,DEVELOPMENT_OR_PRIOR_SEAL,1,2022-02-27,2022-03-14,1
MARKET_RISE_VMAR_20221110,VMAR,2022-11-10,1813783,HIGH,,V19_V20_DEVELOPMENT,,DEVELOPMENT_OR_PRIOR_SEAL,1,2022-10-31,2022-11-15,1
MARKET_RISE_VSA_20181226,VSA,2018-12-26,1592560,HIGH,,V19_V20_DEVELOPMENT,,DEVELOPMENT_OR_PRIOR_SEAL,1,2018-12-16,2018-12-31,0
MARKET_RISE_VSA_20190104,VSA,2019-01-04,1592560,HIGH,,V19_V20_DEVELOPMENT,,DEVELOPMENT_OR_PRIOR_SEAL,1,2018-12-25,2019-01-09,0
MARKET_RISE_VSEE_20250409,VSEE,2025-04-09,1864531,HIGH,,V19_V20_DEVELOPMENT,,DEVELOPMENT_OR_PRIOR_SEAL,1,2025-03-30,2025-04-14,1
MARKET_RISE_VTGN_20181226,VTGN,2018-12-26,1411685,HIGH,,V19_V20_DEVELOPMENT,,DEVELOPMENT_OR_PRIOR_SEAL,1,2018-12-16,2018-12-31,0
MARKET_RISE_VVOS_20220309,VVOS,2022-03-09,1716166,HIGH,,V19_V20_DEVELOPMENT,,DEVELOPMENT_OR_PRIOR_SEAL,1,2022-02-27,2022-03-14,1
MARKET_RISE_VVOS_20220504,VVOS,2022-05-04,1716166,HIGH,,V19_V20_DEVELOPMENT,,DEVELOPMENT_OR_PRIOR_SEAL,1,2022-04-24,2022-05-09,1
MARKET_RISE_VYGR_20180326,VYGR,2018-03-26,1640266,HIGH,,V19_V20_DEVELOPMENT,,DEVELOPMENT_OR_PRIOR_SEAL,1,2018-03-16,2018-03-31,0
MARKET_RISE_WAFU_20200330,WAFU,2020-03-30,1716770,HIGH,,V19_V20_DEVELOPMENT,,DEVELOPMENT_OR_PRIOR_SEAL,1,2020-03-20,2020-04-04,0
MARKET_RISE_WALD_20220309,WALD,2022-03-09,1840199,HIGH,,V19_V20_DEVELOPMENT,,DEVELOPMENT_OR_PRIOR_SEAL,1,2022-02-27,2022-03-14,1
MARKET_RISE_WALD_20221004,WALD,2022-10-04,1840199,HIGH,,V19_V20_DEVELOPMENT,,DEVELOPMENT_OR_PRIOR_SEAL,1,2022-09-24,2022-10-09,1
MARKET_RISE_WAL_20180326,WAL,2018-03-26,1212545,HIGH,,V19_V20_DEVELOPMENT,,DEVELOPMENT_OR_PRIOR_SEAL,1,2018-03-16,2018-03-31,0
MARKET_RISE_WAL_20181226,WAL,2018-12-26,1212545,HIGH,,V19_V20_DEVELOPMENT,,DEVELOPMENT_OR_PRIOR_SEAL,1,2018-12-16,2018-12-31,0
MARKET_RISE_WEC_20180326,WEC,2018-03-26,783325,HIGH,,V19_V20_DEVELOPMENT,,DEVELOPMENT_OR_PRIOR_SEAL,1,2018-03-16,2018-03-31,0
MARKET_RISE_WEC_20181226,WEC,2018-12-26,783325,HIGH,,V19_V20_DEVELOPMENT,,DEVELOPMENT_OR_PRIOR_SEAL,1,2018-12-16,2018-12-31,0
MARKET_RISE_WELD_20250409,WELD,2025-04-09,,UNRESOLVED,,V19_V20_DEVELOPMENT,,DEVELOPMENT_OR_PRIOR_SEAL,1,2025-03-30,2025-04-14,1
MARKET_RISE_WELD_20250512,WELD,2025-05-12,,UNRESOLVED,,V19_V20_DEVELOPMENT,,DEVELOPMENT_OR_PRIOR_SEAL,1,2025-05-02,2025-05-17,1
MARKET_RISE_WELL_20181226,WELL,2018-12-26,766704,HIGH,,V19_V20_DEVELOPMENT,,DEVELOPMENT_OR_PRIOR_SEAL,1,2018-12-16,2018-12-31,0
MARKET_RISE_WETH_20250409,WETH,2025-04-09,1826660,HIGH,,V19_V20_DEVELOPMENT,,DEVELOPMENT_OR_PRIOR_SEAL,1,2025-03-30,2025-04-14,1
MARKET_RISE_WEX_20181226,WEX,2018-12-26,1309108,HIGH,,V19_V20_DEVELOPMENT,,DEVELOPMENT_OR_PRIOR_SEAL,1,2018-12-16,2018-12-31,0
MARKET_RISE_WFCF_20220504,WFCF,2022-05-04,1360565,HIGH,,V19_V20_DEVELOPMENT,,DEVELOPMENT_OR_PRIOR_SEAL,1,2022-04-24,2022-05-09,1
MARKET_RISE_WFCF_20220624,WFCF,2022-06-24,1360565,HIGH,,V19_V20_DEVELOPMENT,,DEVELOPMENT_OR_PRIOR_SEAL,1,2022-06-14,2022-06-29,1
MARKET_RISE_WGS_20220309,WGS,2022-03-09,1818331,HIGH,,V19_V20_DEVELOPMENT,,DEVELOPMENT_OR_PRIOR_SEAL,1,2022-02-27,2022-03-14,1
MARKET_RISE_WGS_20221110,WGS,2022-11-10,1818331,HIGH,,V19_V20_DEVELOPMENT,,DEVELOPMENT_OR_PRIOR_SEAL,1,2022-10-31,2022-11-15,1
MARKET_RISE_WHLR_20200302,WHLR,2020-03-02,1527541,HIGH,,V19_V20_DEVELOPMENT,,DEVELOPMENT_OR_PRIOR_SEAL,1,2020-02-21,2020-03-07,0
MARKET_RISE_WH_20181226,WH,2018-12-26,1722684,HIGH,,V19_V20_DEVELOPMENT,,DEVELOPMENT_OR_PRIOR_SEAL,1,2018-12-16,2018-12-31,0
MARKET_RISE_WIX_20180326,WIX,2018-03-26,1576789,HIGH,,V19_V20_DEVELOPMENT,,DEVELOPMENT_OR_PRIOR_SEAL,1,2018-03-16,2018-03-31,0
MARKET_RISE_WIX_20181226,WIX,2018-12-26,1576789,HIGH,,V19_V20_DEVELOPMENT,,DEVELOPMENT_OR_PRIOR_SEAL,1,2018-12-16,2018-12-31,0
MARKET_RISE_WKSP_20200324,WKSP,2020-03-24,1096275,HIGH,,V19_V20_DEVELOPMENT,,DEVELOPMENT_OR_PRIOR_SEAL,1,2020-03-14,2020-03-29,0
MARKET_RISE_WNW_20220624,WNW,2022-06-24,1787803,HIGH,,V19_V20_DEVELOPMENT,,DEVELOPMENT_OR_PRIOR_SEAL,1,2022-06-14,2022-06-29,1
MARKET_RISE_WORXD_20190104,WORXD,2019-01-04,,UNRESOLVED,,V19_V20_DEVELOPMENT,,DEVELOPMENT_OR_PRIOR_SEAL,1,2018-12-25,2019-01-09,0
MARKET_RISE_WORXD_20200310,WORXD,2020-03-10,,UNRESOLVED,,V19_V20_DEVELOPMENT,,DEVELOPMENT_OR_PRIOR_SEAL,1,2020-02-29,2020-03-15,0
MARKET_RISE_WPP_20181226,WPP,2018-12-26,806968,HIGH,,V19_V20_DEVELOPMENT,,DEVELOPMENT_OR_PRIOR_SEAL,1,2018-12-16,2018-12-31,0
MARKET_RISE_WYNN_20181226,WYNN,2018-12-26,1174922,HIGH,,V19_V20_DEVELOPMENT,,DEVELOPMENT_OR_PRIOR_SEAL,1,2018-12-16,2018-12-31,0
MARKET_RISE_W_20181226,W,2018-12-26,1616707,HIGH,,V19_V20_DEVELOPMENT,,DEVELOPMENT_OR_PRIOR_SEAL,1,2018-12-16,2018-12-31,0
MARKET_RISE_XCH_20250512,XCH,2025-05-12,1979887,HIGH,,V19_V20_DEVELOPMENT,,DEVELOPMENT_OR_PRIOR_SEAL,1,2025-05-02,2025-05-17,1
MARKET_RISE_XCUR_20200304,XCUR,2020-03-04,1698530,HIGH,,V19_V20_DEVELOPMENT,,DEVELOPMENT_OR_PRIOR_SEAL,1,2020-02-23,2020-03-09,0
MARKET_RISE_XOS_20220504,XOS,2022-05-04,1819493,HIGH,,V19_V20_DEVELOPMENT,,DEVELOPMENT_OR_PRIOR_SEAL,1,2022-04-24,2022-05-09,1
MARKET_RISE_XPON_20221130,XPON,2022-11-30,1894954,HIGH,,V19_V20_DEVELOPMENT,,DEVELOPMENT_OR_PRIOR_SEAL,1,2022-11-20,2022-12-05,1
MARKET_RISE_XRTX_20220624,XRTX,2022-06-24,1729214,HIGH,,V19_V20_DEVELOPMENT,,DEVELOPMENT_OR_PRIOR_SEAL,1,2022-06-14,2022-06-29,1
MARKET_RISE_XRTX_20221110,XRTX,2022-11-10,1729214,HIGH,,V19_V20_DEVELOPMENT,,DEVELOPMENT_OR_PRIOR_SEAL,1,2022-10-31,2022-11-15,1
MARKET_RISE_XXII_20180326,XXII,2018-03-26,1347858,HIGH,,V19_V20_DEVELOPMENT,,DEVELOPMENT_OR_PRIOR_SEAL,1,2018-03-16,2018-03-31,0
MARKET_RISE_YJ_20200302,YJ,2020-03-02,1759614,HIGH,,V19_V20_DEVELOPMENT,,DEVELOPMENT_OR_PRIOR_SEAL,1,2020-02-21,2020-03-07,0
MARKET_RISE_YMM_20220504,YMM,2022-05-04,1838413,HIGH,,V19_V20_DEVELOPMENT,,DEVELOPMENT_OR_PRIOR_SEAL,1,2022-04-24,2022-05-09,1
MARKET_RISE_YMM_20220624,YMM,2022-06-24,1838413,HIGH,,V19_V20_DEVELOPMENT,,DEVELOPMENT_OR_PRIOR_SEAL,1,2022-06-14,2022-06-29,1
MARKET_RISE_YRD_20180326,YRD,2018-03-26,1631761,HIGH,,V19_V20_DEVELOPMENT,,DEVELOPMENT_OR_PRIOR_SEAL,1,2018-03-16,2018-03-31,0
MARKET_RISE_YYGH_20250409,YYGH,2025-04-09,1985337,HIGH,,V19_V20_DEVELOPMENT,,DEVELOPMENT_OR_PRIOR_SEAL,1,2025-03-30,2025-04-14,1
MARKET_RISE_YYGH_20250512,YYGH,2025-05-12,1985337,HIGH,,V19_V20_DEVELOPMENT,,DEVELOPMENT_OR_PRIOR_SEAL,1,2025-05-02,2025-05-17,1
MARKET_RISE_ZBRA_20180326,ZBRA,2018-03-26,877212,HIGH,,V19_V20_DEVELOPMENT,,DEVELOPMENT_OR_PRIOR_SEAL,1,2018-03-16,2018-03-31,0
MARKET_RISE_ZEPP_20181226,ZEPP,2018-12-26,1720446,HIGH,,V19_V20_DEVELOPMENT,,DEVELOPMENT_OR_PRIOR_SEAL,1,2018-12-16,2018-12-31,0
MARKET_RISE_ZEPP_20190104,ZEPP,2019-01-04,1720446,HIGH,,V19_V20_DEVELOPMENT,,DEVELOPMENT_OR_PRIOR_SEAL,1,2018-12-25,2019-01-09,0
MARKET_RISE_ZKIN_20200302,ZKIN,2020-03-02,1687451,HIGH,,V19_V20_DEVELOPMENT,,DEVELOPMENT_OR_PRIOR_SEAL,1,2020-02-21,2020-03-07,0
MARKET_RISE_ZM_20200408,ZM,2020-04-08,1585521,HIGH,,V19_V20_DEVELOPMENT,,DEVELOPMENT_OR_PRIOR_SEAL,1,2020-03-29,2020-04-13,0
MARKET_RISE_ZNB_20200302,ZNB,2020-03-02,1747661,HIGH,,V19_V20_DEVELOPMENT,,DEVELOPMENT_OR_PRIOR_SEAL,1,2020-02-21,2020-03-07,0
MARKET_RISE_ZSTK_20220309,ZSTK,2022-03-09,1790169,HIGH,,V19_V20_DEVELOPMENT,,DEVELOPMENT_OR_PRIOR_SEAL,1,2022-02-27,2022-03-14,1
MARKET_RISE_ZTEK_20221130,ZTEK,2022-11-30,1904501,HIGH,,V19_V20_DEVELOPMENT,,DEVELOPMENT_OR_PRIOR_SEAL,1,2022-11-20,2022-12-05,1
MARKET_RISE_ZTEK_20250409,ZTEK,2025-04-09,1904501,HIGH,,V19_V20_DEVELOPMENT,,DEVELOPMENT_OR_PRIOR_SEAL,1,2025-03-30,2025-04-14,1
MARKET_RISE_ZVZZT_20221110,ZVZZT,2022-11-10,,UNRESOLVED,,V19_V20_DEVELOPMENT,,DEVELOPMENT_OR_PRIOR_SEAL,1,2022-10-31,2022-11-15,1
MARKET_RISE_ZVZZT_20221130,ZVZZT,2022-11-30,,UNRESOLVED,,V19_V20_DEVELOPMENT,,DEVELOPMENT_OR_PRIOR_SEAL,1,2022-11-20,2022-12-05,1
NOURAFCHAN_ESGR_20240729,ESGR,2024-07-29,,UNRESOLVED,,V19_V20_DEVELOPMENT,,DEVELOPMENT_OR_PRIOR_SEAL,1,2024-07-19,2024-08-03,1
NOURAFCHAN_IRBT_20220805,IRBT,2022-08-05,,UNRESOLVED,,V19_V20_DEVELOPMENT,,DEVELOPMENT_OR_PRIOR_SEAL,1,2022-07-26,2022-08-10,1
OST_2025,OST,2025-04-23,1803407,HIGH,,V19_V20_DEVELOPMENT,,DEVELOPMENT_OR_PRIOR_SEAL,1,2025-04-13,2025-04-28,1
PANUWAT_INCY_20160818,INCY,2016-08-22,879169,HIGH,,V19_V20_DEVELOPMENT,,DEVELOPMENT_OR_PRIOR_SEAL,1,2016-08-12,2016-08-27,1
PATEL_ACLX_20220609,ACLX,2022-06-09,1786205,HIGH,,V19_V20_DEVELOPMENT,,DEVELOPMENT_OR_PRIOR_SEAL,1,2022-05-30,2022-06-14,1
PATEL_ACXP_20231013,ACXP,2023-10-13,1736243,HIGH,,V19_V20_DEVELOPMENT,,DEVELOPMENT_OR_PRIOR_SEAL,1,2023-10-03,2023-10-18,1
PATEL_ADTX_20230823,ADTX,2023-08-23,1726711,HIGH,,V19_V20_DEVELOPMENT,,DEVELOPMENT_OR_PRIOR_SEAL,1,2023-08-13,2023-08-28,1
PATEL_AEHL_20210609,AEHL,2021-06-09,1470683,HIGH,,V19_V20_DEVELOPMENT,,DEVELOPMENT_OR_PRIOR_SEAL,1,2021-05-30,2021-06-14,1
PATEL_AIRT_20210907,AIRT,2021-09-07,353184,HIGH,,V19_V20_DEVELOPMENT,,DEVELOPMENT_OR_PRIOR_SEAL,1,2021-08-28,2021-09-12,1
PATEL_ALGN_20220428,ALGN,2022-04-28,1097149,HIGH,,V19_V20_DEVELOPMENT,,DEVELOPMENT_OR_PRIOR_SEAL,1,2022-04-18,2022-05-03,1
PATEL_ALLR_20230705,ALLR,2023-07-05,1860657,HIGH,,V19_V20_DEVELOPMENT,,DEVELOPMENT_OR_PRIOR_SEAL,1,2023-06-25,2023-07-10,1
PATEL_ALNY_20211227,ALNY,2021-12-27,1178670,HIGH,,V19_V20_DEVELOPMENT,,DEVELOPMENT_OR_PRIOR_SEAL,1,2021-12-17,2022-01-01,1
PATEL_AMBI_20230314,AMBI,2023-03-14,1937441,HIGH,,V19_V20_DEVELOPMENT,,DEVELOPMENT_OR_PRIOR_SEAL,1,2023-03-04,2023-03-19,1
PATEL_AMC_20210714,AMC,2021-07-14,1411579,HIGH,,V19_V20_DEVELOPMENT,,DEVELOPMENT_OR_PRIOR_SEAL,1,2021-07-04,2021-07-19,1
PATEL_AMPX_20230323,AMPX,2023-03-23,1899287,HIGH,,V19_V20_DEVELOPMENT,,DEVELOPMENT_OR_PRIOR_SEAL,1,2023-03-13,2023-03-28,1
PATEL_ANGH_20220210,ANGH,2022-02-10,1871983,HIGH,,V19_V20_DEVELOPMENT,,DEVELOPMENT_OR_PRIOR_SEAL,1,2022-01-31,2022-02-15,1
PATEL_ANVS_20210621,ANVS,2021-06-21,1477845,HIGH,,V19_V20_DEVELOPMENT,,DEVELOPMENT_OR_PRIOR_SEAL,1,2021-06-11,2021-06-26,1
PATEL_APLM_20230330,APLM,2023-03-30,1944885,HIGH,,V19_V20_DEVELOPMENT,,DEVELOPMENT_OR_PRIOR_SEAL,1,2023-03-20,2023-04-04,1
PATEL_APPN_20220510,APPN,2022-05-10,1441683,HIGH,,V19_V20_DEVELOPMENT,,DEVELOPMENT_OR_PRIOR_SEAL,1,2022-04-30,2022-05-15,1
PATEL_ARL_20210715,ARL,2021-07-15,1102238,HIGH,,V19_V20_DEVELOPMENT,,DEVELOPMENT_OR_PRIOR_SEAL,1,2021-07-05,2021-07-20,1
PATEL_ARQQ_20210917,ARQQ,2021-09-17,1859690,HIGH,,V19_V20_DEVELOPMENT,,DEVELOPMENT_OR_PRIOR_SEAL,1,2021-09-07,2021-09-22,1
PATEL_ASND_20230403,ASND,2023-04-03,1612042,HIGH,,V19_V20_DEVELOPMENT,,DEVELOPMENT_OR_PRIOR_SEAL,1,2023-03-24,2023-04-08,1
PATEL_ASNS_20230504,ASNS,2023-05-04,1141284,HIGH,,V19_V20_DEVELOPMENT,,DEVELOPMENT_OR_PRIOR_SEAL,1,2023-04-24,2023-05-09,1
PATEL_ASTI_20230913,ASTI,2023-09-13,1350102,HIGH,,V19_V20_DEVELOPMENT,,DEVELOPMENT_OR_PRIOR_SEAL,1,2023-09-03,2023-09-18,1
PATEL_ATNF_20221220,ATNF,2022-12-20,,UNRESOLVED,,V19_V20_DEVELOPMENT,,DEVELOPMENT_OR_PRIOR_SEAL,1,2022-12-10,2022-12-25,1
PATEL_ATXG_20230711,ATXG,2023-07-11,1650101,HIGH,,V19_V20_DEVELOPMENT,,DEVELOPMENT_OR_PRIOR_SEAL,1,2023-07-01,2023-07-16,1
PATEL_AVGR_20230920,AVGR,2023-09-20,,UNRESOLVED,,V19_V20_DEVELOPMENT,,DEVELOPMENT_OR_PRIOR_SEAL,1,2023-09-10,2023-09-25,1
PATEL_AWX_20210809,AWX,2021-08-09,1061069,HIGH,,V19_V20_DEVELOPMENT,,DEVELOPMENT_OR_PRIOR_SEAL,1,2021-07-30,2021-08-14,1
PATEL_AXSM_20220419,AXSM,2022-04-19,1579428,HIGH,,V19_V20_DEVELOPMENT,,DEVELOPMENT_OR_PRIOR_SEAL,1,2022-04-09,2022-04-24,1
PATEL_BAOS_20230502,BAOS,2023-05-02,1811216,HIGH,,V19_V20_DEVELOPMENT,,DEVELOPMENT_OR_PRIOR_SEAL,1,2023-04-22,2023-05-07,1
PATEL_BBAI_20220518,BBAI,2022-05-18,1836981,HIGH,,V19_V20_DEVELOPMENT,,DEVELOPMENT_OR_PRIOR_SEAL,1,2022-05-08,2022-05-23,1
PATEL_BBBY_20210602,BBBY,2021-06-02,1130713,HIGH,,V19_V20_DEVELOPMENT,,DEVELOPMENT_OR_PRIOR_SEAL,1,2021-05-23,2021-06-07,1
PATEL_BDRX_20230714,BDRX,2023-07-14,1643918,HIGH,,V19_V20_DEVELOPMENT,,DEVELOPMENT_OR_PRIOR_SEAL,1,2023-07-04,2023-07-19,1
PATEL_BENF_20230614,BENF,2023-06-14,1775734,HIGH,,V19_V20_DEVELOPMENT,,DEVELOPMENT_OR_PRIOR_SEAL,1,2023-06-04,2023-06-19,1
PATEL_BGLC_20230721,BGLC,2023-07-21,1737523,HIGH,,V19_V20_DEVELOPMENT,,DEVELOPMENT_OR_PRIOR_SEAL,1,2023-07-11,2023-07-26,1
PATEL_BIVI_20221215,BIVI,2022-12-15,1580149,HIGH,,V19_V20_DEVELOPMENT,,DEVELOPMENT_OR_PRIOR_SEAL,1,2022-12-05,2022-12-20,1
PATEL_BJDX_20230724,BJDX,2023-07-24,1704287,HIGH,,V19_V20_DEVELOPMENT,,DEVELOPMENT_OR_PRIOR_SEAL,1,2023-07-14,2023-07-29,1
PATEL_BKKT_20211111,BKKT,2021-11-11,1820302,HIGH,,V19_V20_DEVELOPMENT,,DEVELOPMENT_OR_PRIOR_SEAL,1,2021-11-01,2021-11-16,1
PATEL_BLBD_20230512,BLBD,2023-05-12,1589526,HIGH,,V19_V20_DEVELOPMENT,,DEVELOPMENT_OR_PRIOR_SEAL,1,2023-05-02,2023-05-17,1
PATEL_BLBX_20230417,BLBX,2023-04-17,1567900,HIGH,,V19_V20_DEVELOPMENT,,DEVELOPMENT_OR_PRIOR_SEAL,1,2023-04-07,2023-04-22,1
PATEL_BNTX_20210812,BNTX,2021-08-12,1776985,HIGH,,V19_V20_DEVELOPMENT,,DEVELOPMENT_OR_PRIOR_SEAL,1,2021-08-02,2021-08-17,1
PATEL_BODI_20231122,BODI,2023-11-22,1826889,HIGH,,V19_V20_DEVELOPMENT,,DEVELOPMENT_OR_PRIOR_SEAL,1,2023-11-12,2023-11-27,1
PATEL_BOH_20230512,BOH,2023-05-12,46195,HIGH,,V19_V20_DEVELOPMENT,,DEVELOPMENT_OR_PRIOR_SEAL,1,2023-05-02,2023-05-17,1
PATEL_BRFH_20220125,BRFH,2022-01-25,1487197,HIGH,,V19_V20_DEVELOPMENT,,DEVELOPMENT_OR_PRIOR_SEAL,1,2022-01-15,2022-01-30,1
PATEL_BTAI_20230706,BTAI,2023-07-06,1720893,HIGH,,V19_V20_DEVELOPMENT,,DEVELOPMENT_OR_PRIOR_SEAL,1,2023-06-26,2023-07-11,1
PATEL_BTCM_20230117,BTCM,2023-01-17,,UNRESOLVED,,V19_V20_DEVELOPMENT,,DEVELOPMENT_OR_PRIOR_SEAL,1,2023-01-07,2023-01-22,1
PATEL_CARG_20220225,CARG,2022-02-25,1494259,HIGH,,V19_V20_DEVELOPMENT,,DEVELOPMENT_OR_PRIOR_SEAL,1,2022-02-15,2022-03-02,1
PATEL_CARV_20210607,CARV,2021-06-07,1016178,HIGH,,V19_V20_DEVELOPMENT,,DEVELOPMENT_OR_PRIOR_SEAL,1,2021-05-28,2021-06-12,1
PATEL_CAR_20211105,CAR,2021-11-05,723612,HIGH,,V19_V20_DEVELOPMENT,,DEVELOPMENT_OR_PRIOR_SEAL,1,2021-10-26,2021-11-10,1
PATEL_CDT_20230926,CDT,2023-09-26,1896212,HIGH,,V19_V20_DEVELOPMENT,,DEVELOPMENT_OR_PRIOR_SEAL,1,2023-09-16,2023-10-01,1
PATEL_CETX_20230201,CETX,2023-02-01,1435064,HIGH,,V19_V20_DEVELOPMENT,,DEVELOPMENT_OR_PRIOR_SEAL,1,2023-01-22,2023-02-06,1
PATEL_CJET_20230605,CJET,2023-06-05,,UNRESOLVED,,V19_V20_DEVELOPMENT,,DEVELOPMENT_OR_PRIOR_SEAL,1,2023-05-26,2023-06-10,1
PATEL_CJJD_20221212,CJJD,2022-12-12,,UNRESOLVED,,V19_V20_DEVELOPMENT,,DEVELOPMENT_OR_PRIOR_SEAL,1,2022-12-02,2022-12-17,1
PATEL_CLOV_20210614,CLOV,2021-06-14,1801170,HIGH,,V19_V20_DEVELOPMENT,,DEVELOPMENT_OR_PRIOR_SEAL,1,2021-06-04,2021-06-19,1
PATEL_CMA_20230504,CMA,2023-05-04,28412,HIGH,,V19_V20_DEVELOPMENT,,DEVELOPMENT_OR_PRIOR_SEAL,1,2023-04-24,2023-05-09,1
PATEL_CMMB_20210610,CMMB,2021-06-10,1534248,HIGH,,V19_V20_DEVELOPMENT,,DEVELOPMENT_OR_PRIOR_SEAL,1,2021-05-31,2021-06-15,1
PATEL_COHN_20210614,COHN,2021-06-14,1270436,HIGH,,V19_V20_DEVELOPMENT,,DEVELOPMENT_OR_PRIOR_SEAL,1,2021-06-04,2021-06-19,1
PATEL_COSM_20230124,COSM,2023-01-24,1474167,HIGH,,V19_V20_DEVELOPMENT,,DEVELOPMENT_OR_PRIOR_SEAL,1,2023-01-14,2023-01-29,1
PATEL_CPTN_20220223,CPTN,2022-02-23,,UNRESOLVED,,V19_V20_DEVELOPMENT,,DEVELOPMENT_OR_PRIOR_SEAL,1,2022-02-13,2022-02-28,1
PATEL_CVNA_20220225,CVNA,2022-02-25,1690820,HIGH,,V19_V20_DEVELOPMENT,,DEVELOPMENT_OR_PRIOR_SEAL,1,2022-02-15,2022-03-02,1
PATEL_CXAI_20230413,CXAI,2023-04-13,1820875,HIGH,,V19_V20_DEVELOPMENT,,DEVELOPMENT_OR_PRIOR_SEAL,1,2023-04-03,2023-04-18,1
PATEL_DBGI_20230905,DBGI,2023-09-05,1668010,HIGH,,V19_V20_DEVELOPMENT,,DEVELOPMENT_OR_PRIOR_SEAL,1,2023-08-26,2023-09-10,1
PATEL_DFLI_20221219,DFLI,2022-12-19,1847986,HIGH,,V19_V20_DEVELOPMENT,,DEVELOPMENT_OR_PRIOR_SEAL,1,2022-12-09,2022-12-24,1
PATEL_DJT_20230905,DJT,2023-09-05,1849635,HIGH,,V19_V20_DEVELOPMENT,,DEVELOPMENT_OR_PRIOR_SEAL,1,2023-08-26,2023-09-10,1
PATEL_DLPN_20210609,DLPN,2021-06-09,1282224,HIGH,,V19_V20_DEVELOPMENT,,DEVELOPMENT_OR_PRIOR_SEAL,1,2021-05-30,2021-06-14,1
PATEL_DOCU_20211203,DOCU,2021-12-03,1261333,HIGH,,V19_V20_DEVELOPMENT,,DEVELOPMENT_OR_PRIOR_SEAL,1,2021-11-23,2021-12-08,1
PATEL_DOGZ_20220106,DOGZ,2022-01-06,1707303,HIGH,,V19_V20_DEVELOPMENT,,DEVELOPMENT_OR_PRIOR_SEAL,1,2021-12-27,2022-01-11,1
PATEL_DQ_20210723,DQ,2021-07-23,1477641,HIGH,,V19_V20_DEVELOPMENT,,DEVELOPMENT_OR_PRIOR_SEAL,1,2021-07-13,2021-07-28,1
PATEL_DRTS_20220324,DRTS,2022-03-24,1871321,HIGH,,V19_V20_DEVELOPMENT,,DEVELOPMENT_OR_PRIOR_SEAL,1,2022-03-14,2022-03-29,1
PATEL_DY_20221122,DY,2022-11-22,67215,HIGH,,V19_V20_DEVELOPMENT,,DEVELOPMENT_OR_PRIOR_SEAL,1,2022-11-12,2022-11-27,1
PATEL_EAST_20230614,EAST,2023-06-14,,UNRESOLVED,,V19_V20_DEVELOPMENT,,DEVELOPMENT_OR_PRIOR_SEAL,1,2023-06-04,2023-06-19,1
PATEL_EBON_20230113,EBON,2023-01-13,1799290,HIGH,,V19_V20_DEVELOPMENT,,DEVELOPMENT_OR_PRIOR_SEAL,1,2023-01-03,2023-01-18,1
PATEL_EDBL_20230130,EDBL,2023-01-30,1809750,HIGH,,V19_V20_DEVELOPMENT,,DEVELOPMENT_OR_PRIOR_SEAL,1,2023-01-20,2023-02-04,1
PATEL_EDRY_20210604,EDRY,2021-06-04,1731388,HIGH,,V19_V20_DEVELOPMENT,,DEVELOPMENT_OR_PRIOR_SEAL,1,2021-05-25,2021-06-09,1
PATEL_EEIQ_20210916,EEIQ,2021-09-16,1781397,HIGH,,V19_V20_DEVELOPMENT,,DEVELOPMENT_OR_PRIOR_SEAL,1,2021-09-06,2021-09-21,1
PATEL_EHTH_20220301,EHTH,2022-03-01,1333493,HIGH,,V19_V20_DEVELOPMENT,,DEVELOPMENT_OR_PRIOR_SEAL,1,2022-02-19,2022-03-06,1
PATEL_EH_20210527,EH,2021-05-27,1759783,HIGH,,V19_V20_DEVELOPMENT,,DEVELOPMENT_OR_PRIOR_SEAL,1,2021-05-17,2021-06-01,1
PATEL_ELOX_20230405,ELOX,2023-04-05,1035354,HIGH,,V19_V20_DEVELOPMENT,,DEVELOPMENT_OR_PRIOR_SEAL,1,2023-03-26,2023-04-10,1
PATEL_ENVB_20230518,ENVB,2023-05-18,890821,HIGH,,V19_V20_DEVELOPMENT,,DEVELOPMENT_OR_PRIOR_SEAL,1,2023-05-08,2023-05-23,1
PATEL_EVTL_20220413,EVTL,2022-04-13,1867102,HIGH,,V19_V20_DEVELOPMENT,,DEVELOPMENT_OR_PRIOR_SEAL,1,2022-04-03,2022-04-18,1
PATEL_FCUV_20210901,FCUV,2021-09-01,1590418,HIGH,,V19_V20_DEVELOPMENT,,DEVELOPMENT_OR_PRIOR_SEAL,1,2021-08-22,2021-09-06,1
PATEL_FFIE_20220705,FFIE,2022-07-05,,UNRESOLVED,,V19_V20_DEVELOPMENT,,DEVELOPMENT_OR_PRIOR_SEAL,1,2022-06-25,2022-07-10,1
PATEL_FRGE_20220322,FRGE,2022-03-22,1827821,HIGH,,V19_V20_DEVELOPMENT,,DEVELOPMENT_OR_PRIOR_SEAL,1,2022-03-12,2022-03-27,1
PATEL_FULC_20210810,FULC,2021-08-10,1680581,HIGH,,V19_V20_DEVELOPMENT,,DEVELOPMENT_OR_PRIOR_SEAL,1,2021-07-31,2021-08-15,1
PATEL_FUTU_20210727,FUTU,2021-07-27,1754581,HIGH,,V19_V20_DEVELOPMENT,,DEVELOPMENT_OR_PRIOR_SEAL,1,2021-07-17,2021-08-01,1
PATEL_GBR_20210601,GBR,2021-06-01,105744,HIGH,,V19_V20_DEVELOPMENT,,DEVELOPMENT_OR_PRIOR_SEAL,1,2021-05-22,2021-06-06,1
PATEL_GCT_20221128,GCT,2022-11-28,1857816,HIGH,,V19_V20_DEVELOPMENT,,DEVELOPMENT_OR_PRIOR_SEAL,1,2022-11-18,2022-12-03,1
PATEL_GDC_20230501,GDC,2023-05-01,1641398,HIGH,,V19_V20_DEVELOPMENT,,DEVELOPMENT_OR_PRIOR_SEAL,1,2023-04-21,2023-05-06,1
PATEL_GDHG_20231114,GDHG,2023-11-14,1928340,HIGH,,V19_V20_DEVELOPMENT,,DEVELOPMENT_OR_PRIOR_SEAL,1,2023-11-04,2023-11-19,1
PATEL_GDYN_20220224,GDYN,2022-02-24,1743725,HIGH,,V19_V20_DEVELOPMENT,,DEVELOPMENT_OR_PRIOR_SEAL,1,2022-02-14,2022-03-01,1
PATEL_GFAI_20230214,GFAI,2023-02-14,1804469,HIGH,,V19_V20_DEVELOPMENT,,DEVELOPMENT_OR_PRIOR_SEAL,1,2023-02-04,2023-02-19,1
PATEL_GLBE_20220517,GLBE,2022-05-17,1835963,HIGH,,V19_V20_DEVELOPMENT,,DEVELOPMENT_OR_PRIOR_SEAL,1,2022-05-07,2022-05-22,1
PATEL_GLSI_20210907,GLSI,2021-09-07,1799788,HIGH,,V19_V20_DEVELOPMENT,,DEVELOPMENT_OR_PRIOR_SEAL,1,2021-08-28,2021-09-12,1
PATEL_GME_20210720,GME,2021-07-20,1326380,HIGH,,V19_V20_DEVELOPMENT,,DEVELOPMENT_OR_PRIOR_SEAL,1,2021-07-10,2021-07-25,1
PATEL_GOCO_20221128,GOCO,2022-11-28,1808220,HIGH,,V19_V20_DEVELOPMENT,,DEVELOPMENT_OR_PRIOR_SEAL,1,2022-11-18,2022-12-03,1
PATEL_GREE_20210921,GREE,2021-09-21,1844971,HIGH,,V19_V20_DEVELOPMENT,,DEVELOPMENT_OR_PRIOR_SEAL,1,2021-09-11,2021-09-26,1
PATEL_GRND_20221118,GRND,2022-11-18,1820144,HIGH,,V19_V20_DEVELOPMENT,,DEVELOPMENT_OR_PRIOR_SEAL,1,2022-11-08,2022-11-23,1
PATEL_GROV_20220707,GROV,2022-07-07,1841761,HIGH,,V19_V20_DEVELOPMENT,,DEVELOPMENT_OR_PRIOR_SEAL,1,2022-06-27,2022-07-12,1
PATEL_GRRR_20221228,GRRR,2022-12-28,1903145,HIGH,,V19_V20_DEVELOPMENT,,DEVELOPMENT_OR_PRIOR_SEAL,1,2022-12-18,2023-01-02,1
PATEL_GWH_20211012,GWH,2021-10-12,1819438,HIGH,,V19_V20_DEVELOPMENT,,DEVELOPMENT_OR_PRIOR_SEAL,1,2021-10-02,2021-10-17,1
PATEL_GYRE_20231124,GYRE,2023-11-24,1124105,HIGH,,V19_V20_DEVELOPMENT,,DEVELOPMENT_OR_PRIOR_SEAL,1,2023-11-14,2023-11-29,1
PATEL_HEPA_20230523,HEPA,2023-05-23,1583771,HIGH,,V19_V20_DEVELOPMENT,,DEVELOPMENT_OR_PRIOR_SEAL,1,2023-05-13,2023-05-28,1
PATEL_HGTY_20211203,HGTY,2021-12-03,1840776,HIGH,,V19_V20_DEVELOPMENT,,DEVELOPMENT_OR_PRIOR_SEAL,1,2021-11-23,2021-12-08,1
PATEL_HHGC_20230725,HHGC,2023-07-25,,UNRESOLVED,,V19_V20_DEVELOPMENT,,DEVELOPMENT_OR_PRIOR_SEAL,1,2023-07-15,2023-07-30,1
PATEL_HKD_20230411,HKD,2023-04-11,1809691,HIGH,,V19_V20_DEVELOPMENT,,DEVELOPMENT_OR_PRIOR_SEAL,1,2023-04-01,2023-04-16,1
PATEL_HKIT_20230822,HKIT,2023-08-22,1742341,HIGH,,V19_V20_DEVELOPMENT,,DEVELOPMENT_OR_PRIOR_SEAL,1,2023-08-12,2023-08-27,1
PATEL_HOTH_20230104,HOTH,2023-01-04,1711786,HIGH,,V19_V20_DEVELOPMENT,,DEVELOPMENT_OR_PRIOR_SEAL,1,2022-12-25,2023-01-09,1
PATEL_HRMY_20230328,HRMY,2023-03-28,1802665,HIGH,,V19_V20_DEVELOPMENT,,DEVELOPMENT_OR_PRIOR_SEAL,1,2023-03-18,2023-04-02,1
PATEL_HUDI_20211021,HUDI,2021-10-21,1791725,HIGH,,V19_V20_DEVELOPMENT,,DEVELOPMENT_OR_PRIOR_SEAL,1,2021-10-11,2021-10-26,1
PATEL_IEP_20230525,IEP,2023-05-25,813762,HIGH,,V19_V20_DEVELOPMENT,,DEVELOPMENT_OR_PRIOR_SEAL,1,2023-05-15,2023-05-30,1
PATEL_IHT_20210608,IHT,2021-06-08,82473,HIGH,,V19_V20_DEVELOPMENT,,DEVELOPMENT_OR_PRIOR_SEAL,1,2021-05-29,2021-06-13,1
PATEL_IKNA_20210720,IKNA,2021-07-20,,UNRESOLVED,,V19_V20_DEVELOPMENT,,DEVELOPMENT_OR_PRIOR_SEAL,1,2021-07-10,2021-07-25,1
PATEL_IMTE_20220114,IMTE,2022-01-14,1668438,HIGH,,V19_V20_DEVELOPMENT,,DEVELOPMENT_OR_PRIOR_SEAL,1,2022-01-04,2022-01-19,1
PATEL_INDO_20220202,INDO,2022-02-02,1757840,HIGH,,V19_V20_DEVELOPMENT,,DEVELOPMENT_OR_PRIOR_SEAL,1,2022-01-23,2022-02-07,1
PATEL_INGN_20210805,INGN,2021-08-05,1294133,HIGH,,V19_V20_DEVELOPMENT,,DEVELOPMENT_OR_PRIOR_SEAL,1,2021-07-26,2021-08-10,1
PATEL_ISPC_20211123,ISPC,2021-11-23,1558569,HIGH,,V19_V20_DEVELOPMENT,,DEVELOPMENT_OR_PRIOR_SEAL,1,2021-11-13,2021-11-28,1
PATEL_ISPO_20220218,ISPO,2022-02-18,1820566,HIGH,,V19_V20_DEVELOPMENT,,DEVELOPMENT_OR_PRIOR_SEAL,1,2022-02-08,2022-02-23,1
PATEL_ISPR_20231115,ISPR,2023-11-15,1948455,HIGH,,V19_V20_DEVELOPMENT,,DEVELOPMENT_OR_PRIOR_SEAL,1,2023-11-05,2023-11-20,1
PATEL_JSPR_20210929,JSPR,2021-09-29,1788028,HIGH,,V19_V20_DEVELOPMENT,,DEVELOPMENT_OR_PRIOR_SEAL,1,2021-09-19,2021-10-04,1
PATEL_JYNT_20211007,JYNT,2021-10-07,1612630,HIGH,,V19_V20_DEVELOPMENT,,DEVELOPMENT_OR_PRIOR_SEAL,1,2021-09-27,2021-10-12,1
PATEL_KALA_20230112,KALA,2023-01-12,1479419,HIGH,,V19_V20_DEVELOPMENT,,DEVELOPMENT_OR_PRIOR_SEAL,1,2023-01-02,2023-01-17,1
PATEL_KAVL_20210907,KAVL,2021-09-07,1762239,HIGH,,V19_V20_DEVELOPMENT,,DEVELOPMENT_OR_PRIOR_SEAL,1,2021-08-28,2021-09-12,1
PATEL_KOSS_20210603,KOSS,2021-06-03,56701,HIGH,,V19_V20_DEVELOPMENT,,DEVELOPMENT_OR_PRIOR_SEAL,1,2021-05-24,2021-06-08,1
PATEL_KPRX_20230209,KPRX,2023-02-09,1372514,HIGH,,V19_V20_DEVELOPMENT,,DEVELOPMENT_OR_PRIOR_SEAL,1,2023-01-30,2023-02-14,1
PATEL_KRRO_20231109,KRRO,2023-11-09,1703647,HIGH,,V19_V20_DEVELOPMENT,,DEVELOPMENT_OR_PRIOR_SEAL,1,2023-10-30,2023-11-14,1
PATEL_KTRA_20221209,KTRA,2022-12-09,,UNRESOLVED,,V19_V20_DEVELOPMENT,,DEVELOPMENT_OR_PRIOR_SEAL,1,2022-11-29,2022-12-14,1
PATEL_LDWY_20230825,LDWY,2023-08-25,875355,HIGH,,V19_V20_DEVELOPMENT,,DEVELOPMENT_OR_PRIOR_SEAL,1,2023-08-15,2023-08-30,1
PATEL_LEDS_20210601,LEDS,2021-06-01,1333822,HIGH,,V19_V20_DEVELOPMENT,,DEVELOPMENT_OR_PRIOR_SEAL,1,2021-05-22,2021-06-06,1
PATEL_LFLY_20230915,LFLY,2023-09-15,,UNRESOLVED,,V19_V20_DEVELOPMENT,,DEVELOPMENT_OR_PRIOR_SEAL,1,2023-09-05,2023-09-20,1
PATEL_LGVN_20211119,LGVN,2021-11-19,1721484,HIGH,,V19_V20_DEVELOPMENT,,DEVELOPMENT_OR_PRIOR_SEAL,1,2021-11-09,2021-11-24,1
PATEL_LIFW_20231106,LIFW,2023-11-06,,UNRESOLVED,,V19_V20_DEVELOPMENT,,DEVELOPMENT_OR_PRIOR_SEAL,1,2023-10-27,2023-11-11,1
PATEL_LIVE_20210804,LIVE,2021-08-04,1045742,HIGH,,V19_V20_DEVELOPMENT,,DEVELOPMENT_OR_PRIOR_SEAL,1,2021-07-25,2021-08-09,1
PATEL_LIXT_20230717,LIXT,2023-07-17,1335105,HIGH,,V19_V20_DEVELOPMENT,,DEVELOPMENT_OR_PRIOR_SEAL,1,2023-07-07,2023-07-22,1
PATEL_LUNR_20230217,LUNR,2023-02-17,1844452,HIGH,,V19_V20_DEVELOPMENT,,DEVELOPMENT_OR_PRIOR_SEAL,1,2023-02-07,2023-02-22,1
PATEL_LWAY_20231114,LWAY,2023-11-14,814586,HIGH,,V19_V20_DEVELOPMENT,,DEVELOPMENT_OR_PRIOR_SEAL,1,2023-11-04,2023-11-19,1
PATEL_LZM_20230706,LZM,2023-07-06,1958217,HIGH,,V19_V20_DEVELOPMENT,,DEVELOPMENT_OR_PRIOR_SEAL,1,2023-06-26,2023-07-11,1
PATEL_MARPS_20220304,MARPS,2022-03-04,62362,HIGH,,V19_V20_DEVELOPMENT,,DEVELOPMENT_OR_PRIOR_SEAL,1,2022-02-22,2022-03-09,1
PATEL_MASI_20220216,MASI,2022-02-16,937556,HIGH,,V19_V20_DEVELOPMENT,,DEVELOPMENT_OR_PRIOR_SEAL,1,2022-02-06,2022-02-21,1
PATEL_MDIA_20210713,MDIA,2021-07-13,1784254,HIGH,,V19_V20_DEVELOPMENT,,DEVELOPMENT_OR_PRIOR_SEAL,1,2021-07-03,2021-07-18,1
PATEL_MGOL_20230612,MGOL,2023-06-12,,UNRESOLVED,,V19_V20_DEVELOPMENT,,DEVELOPMENT_OR_PRIOR_SEAL,1,2023-06-02,2023-06-17,1
PATEL_MINM_20230502,MINM,2023-05-02,,UNRESOLVED,,V19_V20_DEVELOPMENT,,DEVELOPMENT_OR_PRIOR_SEAL,1,2023-04-22,2023-05-07,1
PATEL_MNDY_20220223,MNDY,2022-02-23,1845338,HIGH,,V19_V20_DEVELOPMENT,,DEVELOPMENT_OR_PRIOR_SEAL,1,2022-02-13,2022-02-28,1
PATEL_MNTS_20231012,MNTS,2023-10-12,1781162,HIGH,,V19_V20_DEVELOPMENT,,DEVELOPMENT_OR_PRIOR_SEAL,1,2023-10-02,2023-10-17,1
PATEL_MOH_20231026,MOH,2023-10-26,1179929,HIGH,,V19_V20_DEVELOPMENT,,DEVELOPMENT_OR_PRIOR_SEAL,1,2023-10-16,2023-10-31,1
PATEL_MRIN_20210708,MRIN,2021-07-08,,UNRESOLVED,,V19_V20_DEVELOPMENT,,DEVELOPMENT_OR_PRIOR_SEAL,1,2021-06-28,2021-07-13,1
PATEL_MRNA_20210716,MRNA,2021-07-16,1682852,HIGH,,V19_V20_DEVELOPMENT,,DEVELOPMENT_OR_PRIOR_SEAL,1,2021-07-06,2021-07-21,1
PATEL_MRVI_20230516,MRVI,2023-05-16,1823239,HIGH,,V19_V20_DEVELOPMENT,,DEVELOPMENT_OR_PRIOR_SEAL,1,2023-05-06,2023-05-21,1
PATEL_MSAI_20231222,MSAI,2023-12-22,1863990,HIGH,,V19_V20_DEVELOPMENT,,DEVELOPMENT_OR_PRIOR_SEAL,1,2023-12-12,2023-12-27,1
PATEL_MSC_20210726,MSC,2021-07-26,1713334,HIGH,,V19_V20_DEVELOPMENT,,DEVELOPMENT_OR_PRIOR_SEAL,1,2021-07-16,2021-07-31,1
PATEL_MSGM_20230131,MSGM,2023-01-31,1821175,HIGH,,V19_V20_DEVELOPMENT,,DEVELOPMENT_OR_PRIOR_SEAL,1,2023-01-21,2023-02-05,1
PATEL_MULN_20231222,MULN,2023-12-22,,UNRESOLVED,,V19_V20_DEVELOPMENT,,DEVELOPMENT_OR_PRIOR_SEAL,1,2023-12-12,2023-12-27,1
PATEL_MXC_20210714,MXC,2021-07-14,66418,HIGH,,V19_V20_DEVELOPMENT,,DEVELOPMENT_OR_PRIOR_SEAL,1,2021-07-04,2021-07-19,1
PATEL_MYO_20210810,MYO,2021-08-10,1369290,HIGH,,V19_V20_DEVELOPMENT,,DEVELOPMENT_OR_PRIOR_SEAL,1,2021-07-31,2021-08-15,1
PATEL_NAAS_20230324,NAAS,2023-03-24,1712178,HIGH,,V19_V20_DEVELOPMENT,,DEVELOPMENT_OR_PRIOR_SEAL,1,2023-03-14,2023-03-29,1
PATEL_NARI_20231102,NARI,2023-11-02,,UNRESOLVED,,V19_V20_DEVELOPMENT,,DEVELOPMENT_OR_PRIOR_SEAL,1,2023-10-23,2023-11-07,1
PATEL_NBTX_20230505,NBTX,2023-05-05,1760854,HIGH,,V19_V20_DEVELOPMENT,,DEVELOPMENT_OR_PRIOR_SEAL,1,2023-04-25,2023-05-10,1
PATEL_NEGG_20210701,NEGG,2021-07-01,1474627,HIGH,,V19_V20_DEVELOPMENT,,DEVELOPMENT_OR_PRIOR_SEAL,1,2021-06-21,2021-07-06,1
PATEL_NFLX_20220120,NFLX,2022-01-20,1065280,HIGH,,V19_V20_DEVELOPMENT,,DEVELOPMENT_OR_PRIOR_SEAL,1,2022-01-10,2022-01-25,1
PATEL_NKTX_20220425,NKTX,2022-04-25,1787400,HIGH,,V19_V20_DEVELOPMENT,,DEVELOPMENT_OR_PRIOR_SEAL,1,2022-04-15,2022-04-30,1
PATEL_NRXP_20210726,NRXP,2021-07-26,1719406,HIGH,,V19_V20_DEVELOPMENT,,DEVELOPMENT_OR_PRIOR_SEAL,1,2021-07-16,2021-07-31,1
PATEL_NSYS_20210629,NSYS,2021-06-29,722313,HIGH,,V19_V20_DEVELOPMENT,,DEVELOPMENT_OR_PRIOR_SEAL,1,2021-06-19,2021-07-04,1
PATEL_NTRP_20231018,NTRP,2023-10-18,788611,HIGH,,V19_V20_DEVELOPMENT,,DEVELOPMENT_OR_PRIOR_SEAL,1,2023-10-08,2023-10-23,1
PATEL_NURO_20210721,NURO,2021-07-21,,UNRESOLVED,,V19_V20_DEVELOPMENT,,DEVELOPMENT_OR_PRIOR_SEAL,1,2021-07-11,2021-07-26,1
PATEL_NUWE_20221213,NUWE,2022-12-13,1506492,HIGH,,V19_V20_DEVELOPMENT,,DEVELOPMENT_OR_PRIOR_SEAL,1,2022-12-03,2022-12-18,1
PATEL_NUZE_20230119,NUZE,2023-01-19,,UNRESOLVED,,V19_V20_DEVELOPMENT,,DEVELOPMENT_OR_PRIOR_SEAL,1,2023-01-09,2023-01-24,1
PATEL_NVAX_20210719,NVAX,2021-07-19,1000694,HIGH,,V19_V20_DEVELOPMENT,,DEVELOPMENT_OR_PRIOR_SEAL,1,2021-07-09,2021-07-24,1
PATEL_NVDA_20211123,NVDA,2021-11-23,1045810,HIGH,,V19_V20_DEVELOPMENT,,DEVELOPMENT_OR_PRIOR_SEAL,1,2021-11-13,2021-11-28,1
PATEL_NVEI_20211208,NVEI,2021-12-08,,UNRESOLVED,,V19_V20_DEVELOPMENT,,DEVELOPMENT_OR_PRIOR_SEAL,1,2021-11-28,2021-12-13,1
PATEL_NXTT_20230824,NXTT,2023-08-24,1784970,HIGH,,V19_V20_DEVELOPMENT,,DEVELOPMENT_OR_PRIOR_SEAL,1,2023-08-14,2023-08-29,1
PATEL_OTRK_20210609,OTRK,2021-06-09,,UNRESOLVED,,V19_V20_DEVELOPMENT,,DEVELOPMENT_OR_PRIOR_SEAL,1,2021-05-30,2021-06-14,1
PATEL_PETZ_20210615,PETZ,2021-06-15,1684425,HIGH,,V19_V20_DEVELOPMENT,,DEVELOPMENT_OR_PRIOR_SEAL,1,2021-06-05,2021-06-20,1
PATEL_PIXY_20231106,PIXY,2023-11-06,,UNRESOLVED,,V19_V20_DEVELOPMENT,,DEVELOPMENT_OR_PRIOR_SEAL,1,2023-10-27,2023-11-11,1
PATEL_PLSE_20210701,PLSE,2021-07-01,1625101,HIGH,,V19_V20_DEVELOPMENT,,DEVELOPMENT_OR_PRIOR_SEAL,1,2021-06-21,2021-07-06,1
PATEL_PRAA_20230509,PRAA,2023-05-09,1185348,HIGH,,V19_V20_DEVELOPMENT,,DEVELOPMENT_OR_PRIOR_SEAL,1,2023-04-29,2023-05-14,1
PATEL_PRFX_20230714,PRFX,2023-07-14,1801834,HIGH,,V19_V20_DEVELOPMENT,,DEVELOPMENT_OR_PRIOR_SEAL,1,2023-07-04,2023-07-19,1
PATEL_PSQH_20230720,PSQH,2023-07-20,1847064,HIGH,,V19_V20_DEVELOPMENT,,DEVELOPMENT_OR_PRIOR_SEAL,1,2023-07-10,2023-07-25,1
PATEL_PTON_20220208,PTON,2022-02-08,1639825,HIGH,,V19_V20_DEVELOPMENT,,DEVELOPMENT_OR_PRIOR_SEAL,1,2022-01-29,2022-02-13,1
PATEL_PTPI_20230419,PTPI,2023-04-19,1815903,HIGH,,V19_V20_DEVELOPMENT,,DEVELOPMENT_OR_PRIOR_SEAL,1,2023-04-09,2023-04-24,1
PATEL_PUBM_20210609,PUBM,2021-06-09,1422930,HIGH,,V19_V20_DEVELOPMENT,,DEVELOPMENT_OR_PRIOR_SEAL,1,2021-05-30,2021-06-14,1
PATEL_PXMD_20231107,PXMD,2023-11-07,,UNRESOLVED,,V19_V20_DEVELOPMENT,,DEVELOPMENT_OR_PRIOR_SEAL,1,2023-10-28,2023-11-12,1
PATEL_QSG_20230526,QSG,2023-05-26,,UNRESOLVED,,V19_V20_DEVELOPMENT,,DEVELOPMENT_OR_PRIOR_SEAL,1,2023-05-16,2023-05-31,1
PATEL_RAPT_20210614,RAPT,2021-06-14,1673772,HIGH,,V19_V20_DEVELOPMENT,,DEVELOPMENT_OR_PRIOR_SEAL,1,2021-06-04,2021-06-19,1
PATEL_RBLX_20211116,RBLX,2021-11-16,1315098,HIGH,,V19_V20_DEVELOPMENT,,DEVELOPMENT_OR_PRIOR_SEAL,1,2021-11-06,2021-11-21,1
PATEL_RHE_20210624,RHE,2021-06-24,,UNRESOLVED,,V19_V20_DEVELOPMENT,,DEVELOPMENT_OR_PRIOR_SEAL,1,2021-06-14,2021-06-29,1
PATEL_RILY_20231113,RILY,2023-11-13,1464790,HIGH,,V19_V20_DEVELOPMENT,,DEVELOPMENT_OR_PRIOR_SEAL,1,2023-11-03,2023-11-18,1
PATEL_RLMD_20210727,RLMD,2021-07-27,1553643,HIGH,,V19_V20_DEVELOPMENT,,DEVELOPMENT_OR_PRIOR_SEAL,1,2021-07-17,2021-08-01,1
PATEL_RNA_20230330,RNA,2023-03-30,1599901,HIGH,,V19_V20_DEVELOPMENT,,DEVELOPMENT_OR_PRIOR_SEAL,1,2023-03-20,2023-04-04,1
PATEL_RSLS_20210628,RSLS,2021-06-28,,UNRESOLVED,,V19_V20_DEVELOPMENT,,DEVELOPMENT_OR_PRIOR_SEAL,1,2021-06-18,2021-07-03,1
PATEL_RZLT_20210527,RZLT,2021-05-27,1509261,HIGH,,V19_V20_DEVELOPMENT,,DEVELOPMENT_OR_PRIOR_SEAL,1,2021-05-17,2021-06-01,1
PATEL_SAVA_20210721,SAVA,2021-07-21,1069530,HIGH,,V19_V20_DEVELOPMENT,,DEVELOPMENT_OR_PRIOR_SEAL,1,2021-07-11,2021-07-26,1
PATEL_SCKT_20210726,SCKT,2021-07-26,944075,HIGH,,V19_V20_DEVELOPMENT,,DEVELOPMENT_OR_PRIOR_SEAL,1,2021-07-16,2021-07-31,1
PATEL_SCLX_20230405,SCLX,2023-04-05,1820190,HIGH,,V19_V20_DEVELOPMENT,,DEVELOPMENT_OR_PRIOR_SEAL,1,2023-03-26,2023-04-10,1
PATEL_SDA_20230523,SDA,2023-05-23,1936804,HIGH,,V19_V20_DEVELOPMENT,,DEVELOPMENT_OR_PRIOR_SEAL,1,2023-05-13,2023-05-28,1
PATEL_SECO_20230206,SECO,2023-02-06,,UNRESOLVED,,V19_V20_DEVELOPMENT,,DEVELOPMENT_OR_PRIOR_SEAL,1,2023-01-27,2023-02-11,1
PATEL_SEED_20210712,SEED,2021-07-12,1321851,HIGH,,V19_V20_DEVELOPMENT,,DEVELOPMENT_OR_PRIOR_SEAL,1,2021-07-02,2021-07-17,1
PATEL_SGMA_20211213,SGMA,2021-12-13,,UNRESOLVED,,V19_V20_DEVELOPMENT,,DEVELOPMENT_OR_PRIOR_SEAL,1,2021-12-03,2021-12-18,1
PATEL_SHOP_20220422,SHOP,2022-04-22,1594805,HIGH,,V19_V20_DEVELOPMENT,,DEVELOPMENT_OR_PRIOR_SEAL,1,2022-04-12,2022-04-27,1
PATEL_SJ_20210715,SJ,2021-07-15,1753673,HIGH,,V19_V20_DEVELOPMENT,,DEVELOPMENT_OR_PRIOR_SEAL,1,2021-07-05,2021-07-20,1
PATEL_SKYH_20220301,SKYH,2022-03-01,1823587,HIGH,,V19_V20_DEVELOPMENT,,DEVELOPMENT_OR_PRIOR_SEAL,1,2022-02-19,2022-03-06,1
PATEL_SMCI_20230526,SMCI,2023-05-26,1375365,HIGH,,V19_V20_DEVELOPMENT,,DEVELOPMENT_OR_PRIOR_SEAL,1,2023-05-16,2023-05-31,1
PATEL_SMLR_20220301,SMLR,2022-03-01,1554859,HIGH,,V19_V20_DEVELOPMENT,,DEVELOPMENT_OR_PRIOR_SEAL,1,2022-02-19,2022-03-06,1
PATEL_SNOW_20220303,SNOW,2022-03-03,1640147,HIGH,,V19_V20_DEVELOPMENT,,DEVELOPMENT_OR_PRIOR_SEAL,1,2022-02-21,2022-03-08,1
PATEL_SNPX_20210930,SNPX,2021-09-30,,UNRESOLVED,,V19_V20_DEVELOPMENT,,DEVELOPMENT_OR_PRIOR_SEAL,1,2021-09-20,2021-10-05,1
PATEL_SOAR_20231129,SOAR,2023-11-29,1853070,HIGH,,V19_V20_DEVELOPMENT,,DEVELOPMENT_OR_PRIOR_SEAL,1,2023-11-19,2023-12-04,1
PATEL_SOS_20230117,SOS,2023-01-17,1346610,HIGH,,V19_V20_DEVELOPMENT,,DEVELOPMENT_OR_PRIOR_SEAL,1,2023-01-07,2023-01-22,1
PATEL_SPRC_20231017,SPRC,2023-10-17,1611746,HIGH,,V19_V20_DEVELOPMENT,,DEVELOPMENT_OR_PRIOR_SEAL,1,2023-10-07,2023-10-22,1
PATEL_SRPT_20231031,SRPT,2023-10-31,873303,HIGH,,V19_V20_DEVELOPMENT,,DEVELOPMENT_OR_PRIOR_SEAL,1,2023-10-21,2023-11-05,1
PATEL_SRZN_20210907,SRZN,2021-09-07,1824893,HIGH,,V19_V20_DEVELOPMENT,,DEVELOPMENT_OR_PRIOR_SEAL,1,2021-08-28,2021-09-12,1
PATEL_SST_20220408,SST,2022-04-08,1805833,HIGH,,V19_V20_DEVELOPMENT,,DEVELOPMENT_OR_PRIOR_SEAL,1,2022-03-29,2022-04-13,1
PATEL_SWVL_20220421,SWVL,2022-04-21,1875609,HIGH,,V19_V20_DEVELOPMENT,,DEVELOPMENT_OR_PRIOR_SEAL,1,2022-04-11,2022-04-26,1
PATEL_SYM_20220622,SYM,2022-06-22,1837240,HIGH,,V19_V20_DEVELOPMENT,,DEVELOPMENT_OR_PRIOR_SEAL,1,2022-06-12,2022-06-27,1
PATEL_TBLT_20220502,TBLT,2022-05-02,,UNRESOLVED,,V19_V20_DEVELOPMENT,,DEVELOPMENT_OR_PRIOR_SEAL,1,2022-04-22,2022-05-07,1
PATEL_TCBP_20230118,TCBP,2023-01-18,,UNRESOLVED,,V19_V20_DEVELOPMENT,,DEVELOPMENT_OR_PRIOR_SEAL,1,2023-01-08,2023-01-23,1
PATEL_TMC_20210913,TMC,2021-09-13,1798562,HIGH,,V19_V20_DEVELOPMENT,,DEVELOPMENT_OR_PRIOR_SEAL,1,2021-09-03,2021-09-18,1
PATEL_TPST_20210709,TPST,2021-07-09,1544227,HIGH,,V19_V20_DEVELOPMENT,,DEVELOPMENT_OR_PRIOR_SEAL,1,2021-06-29,2021-07-14,1
PATEL_TRUP_20230323,TRUP,2023-03-23,1371285,HIGH,,V19_V20_DEVELOPMENT,,DEVELOPMENT_OR_PRIOR_SEAL,1,2023-03-13,2023-03-28,1
PATEL_TRU_20231024,TRU,2023-10-24,1552033,HIGH,,V19_V20_DEVELOPMENT,,DEVELOPMENT_OR_PRIOR_SEAL,1,2023-10-14,2023-10-29,1
PATEL_TSLA_20211115,TSLA,2021-11-15,1318605,HIGH,,V19_V20_DEVELOPMENT,,DEVELOPMENT_OR_PRIOR_SEAL,1,2021-11-05,2021-11-20,1
PATEL_TTOO_20231017,TTOO,2023-10-17,1492674,HIGH,,V19_V20_DEVELOPMENT,,DEVELOPMENT_OR_PRIOR_SEAL,1,2023-10-07,2023-10-22,1
PATEL_TYGO_20230524,TYGO,2023-05-24,1855447,HIGH,,V19_V20_DEVELOPMENT,,DEVELOPMENT_OR_PRIOR_SEAL,1,2023-05-14,2023-05-29,1
PATEL_UHG_20230331,UHG,2023-03-31,1830188,HIGH,,V19_V20_DEVELOPMENT,,DEVELOPMENT_OR_PRIOR_SEAL,1,2023-03-21,2023-04-05,1
PATEL_ULBI_20230727,ULBI,2023-07-27,875657,HIGH,,V19_V20_DEVELOPMENT,,DEVELOPMENT_OR_PRIOR_SEAL,1,2023-07-17,2023-08-01,1
PATEL_UONE_20210604,UONE,2021-06-04,1041657,HIGH,,V19_V20_DEVELOPMENT,,DEVELOPMENT_OR_PRIOR_SEAL,1,2021-05-25,2021-06-09,1
PATEL_UPST_20210908,UPST,2021-09-08,1647639,HIGH,,V19_V20_DEVELOPMENT,,DEVELOPMENT_OR_PRIOR_SEAL,1,2021-08-29,2021-09-13,1
PATEL_URGN_20230728,URGN,2023-07-28,1668243,HIGH,,V19_V20_DEVELOPMENT,,DEVELOPMENT_OR_PRIOR_SEAL,1,2023-07-18,2023-08-02,1
PATEL_UUU_20220224,UUU,2022-02-24,102109,HIGH,,V19_V20_DEVELOPMENT,,DEVELOPMENT_OR_PRIOR_SEAL,1,2022-02-14,2022-03-01,1
PATEL_VFS_20230822,VFS,2023-08-22,1913510,HIGH,,V19_V20_DEVELOPMENT,,DEVELOPMENT_OR_PRIOR_SEAL,1,2023-08-12,2023-08-27,1
PATEL_VRPX_20210817,VRPX,2021-08-17,,UNRESOLVED,,V19_V20_DEVELOPMENT,,DEVELOPMENT_OR_PRIOR_SEAL,1,2021-08-07,2021-08-22,1
PATEL_VTVT_20231129,VTVT,2023-11-29,1641489,HIGH,,V19_V20_DEVELOPMENT,,DEVELOPMENT_OR_PRIOR_SEAL,1,2023-11-19,2023-12-04,1
PATEL_VYGR_20220421,VYGR,2022-04-21,1640266,HIGH,,V19_V20_DEVELOPMENT,,DEVELOPMENT_OR_PRIOR_SEAL,1,2022-04-11,2022-04-26,1
PATEL_WAFU_20210728,WAFU,2021-07-28,1716770,HIGH,,V19_V20_DEVELOPMENT,,DEVELOPMENT_OR_PRIOR_SEAL,1,2021-07-18,2021-08-02,1
PATEL_WAL_20230504,WAL,2023-05-04,1212545,HIGH,,V19_V20_DEVELOPMENT,,DEVELOPMENT_OR_PRIOR_SEAL,1,2023-04-24,2023-05-09,1
PATEL_WAVS_20230714,WAVS,2023-07-14,,UNRESOLVED,,V19_V20_DEVELOPMENT,,DEVELOPMENT_OR_PRIOR_SEAL,1,2023-07-04,2023-07-19,1
PATEL_WBX_20211026,WBX,2021-10-26,1866501,HIGH,,V19_V20_DEVELOPMENT,,DEVELOPMENT_OR_PRIOR_SEAL,1,2021-10-16,2021-10-31,1
PATEL_WHLR_20230907,WHLR,2023-09-07,1527541,HIGH,,V19_V20_DEVELOPMENT,,DEVELOPMENT_OR_PRIOR_SEAL,1,2023-08-28,2023-09-12,1
PATEL_WINT_20230417,WINT,2023-04-17,946486,HIGH,,V19_V20_DEVELOPMENT,,DEVELOPMENT_OR_PRIOR_SEAL,1,2023-04-07,2023-04-22,1
PATEL_WISA_20230130,WISA,2023-01-30,,UNRESOLVED,,V19_V20_DEVELOPMENT,,DEVELOPMENT_OR_PRIOR_SEAL,1,2023-01-20,2023-02-04,1
PATEL_WIX_20220216,WIX,2022-02-16,1576789,HIGH,,V19_V20_DEVELOPMENT,,DEVELOPMENT_OR_PRIOR_SEAL,1,2022-02-06,2022-02-21,1
PATEL_WNW_20210625,WNW,2021-06-25,1787803,HIGH,,V19_V20_DEVELOPMENT,,DEVELOPMENT_OR_PRIOR_SEAL,1,2021-06-15,2021-06-30,1
PATEL_WOLF_20230427,WOLF,2023-04-27,895419,HIGH,,V19_V20_DEVELOPMENT,,DEVELOPMENT_OR_PRIOR_SEAL,1,2023-04-17,2023-05-02,1
PATEL_W_20220224,W,2022-02-24,1616707,HIGH,,V19_V20_DEVELOPMENT,,DEVELOPMENT_OR_PRIOR_SEAL,1,2022-02-14,2022-03-01,1
PATEL_XELA_20230517,XELA,2023-05-17,1620179,HIGH,,V19_V20_DEVELOPMENT,,DEVELOPMENT_OR_PRIOR_SEAL,1,2023-05-07,2023-05-22,1
PATEL_XPON_20230112,XPON,2023-01-12,1894954,HIGH,,V19_V20_DEVELOPMENT,,DEVELOPMENT_OR_PRIOR_SEAL,1,2023-01-02,2023-01-17,1
PATEL_XYF_20210615,XYF,2021-06-15,1725033,HIGH,,V19_V20_DEVELOPMENT,,DEVELOPMENT_OR_PRIOR_SEAL,1,2021-06-05,2021-06-20,1
PATEL_YOSH_20240102,YOSH,2024-01-02,,UNRESOLVED,,V19_V20_DEVELOPMENT,,DEVELOPMENT_OR_PRIOR_SEAL,1,2023-12-23,2024-01-07,1
PATEL_Z_20211123,Z,2021-11-23,1617640,HIGH,,V19_V20_DEVELOPMENT,,DEVELOPMENT_OR_PRIOR_SEAL,1,2021-11-13,2021-11-28,1
PLPL_2013,PLPL,2013-12-31,1317880,HIGH,,V19_V20_DEVELOPMENT,,DEVELOPMENT_OR_PRIOR_SEAL,1,2013-12-21,2014-01-05,1
QUIET_PLACEBO_AAL_20220606,AAL,2022-06-06,6201,HIGH,,V19_V20_DEVELOPMENT,,DEVELOPMENT_OR_PRIOR_SEAL,1,2022-05-27,2022-06-11,1
QUIET_PLACEBO_AAPL_20220407,AAPL,2022-04-07,320193,HIGH,,V19_V20_DEVELOPMENT,,DEVELOPMENT_OR_PRIOR_SEAL,1,2022-03-28,2022-04-12,1
QUIET_PLACEBO_AAT_20211118,AAT,2021-11-18,1500217,HIGH,,V19_V20_DEVELOPMENT,,DEVELOPMENT_OR_PRIOR_SEAL,1,2021-11-08,2021-11-23,1
QUIET_PLACEBO_AA_20211231,AA,2021-12-31,1675149,HIGH,,V19_V20_DEVELOPMENT,,DEVELOPMENT_OR_PRIOR_SEAL,1,2021-12-21,2022-01-05,1
QUIET_PLACEBO_ABBV_20220331,ABBV,2022-03-31,1551152,HIGH,,V19_V20_DEVELOPMENT,,DEVELOPMENT_OR_PRIOR_SEAL,1,2022-03-21,2022-04-05,1
QUIET_PLACEBO_ABTC_20190425,ABTC,2019-04-25,1755953,HIGH,,V19_V20_DEVELOPMENT,,DEVELOPMENT_OR_PRIOR_SEAL,1,2019-04-15,2019-04-30,0
QUIET_PLACEBO_ABT_20220103,ABT,2022-01-03,1800,HIGH,,V19_V20_DEVELOPMENT,,DEVELOPMENT_OR_PRIOR_SEAL,1,2021-12-24,2022-01-08,1
QUIET_PLACEBO_ACET_20211104,ACET,2021-11-04,1720580,HIGH,,V19_V20_DEVELOPMENT,,DEVELOPMENT_OR_PRIOR_SEAL,1,2021-10-25,2021-11-09,1
QUIET_PLACEBO_ACHR-WS_20250509,ACHR-WS,2025-05-09,,UNRESOLVED,,V19_V20_DEVELOPMENT,,DEVELOPMENT_OR_PRIOR_SEAL,1,2025-04-29,2025-05-14,1
QUIET_PLACEBO_ACHV_20230808,ACHV,2023-08-08,949858,HIGH,,V19_V20_DEVELOPMENT,,DEVELOPMENT_OR_PRIOR_SEAL,1,2023-07-29,2023-08-13,1
QUIET_PLACEBO_ACLS_20210927,ACLS,2021-09-27,1113232,HIGH,,V19_V20_DEVELOPMENT,,DEVELOPMENT_OR_PRIOR_SEAL,1,2021-09-17,2021-10-02,1
QUIET_PLACEBO_ACRV_20240828,ACRV,2024-08-28,1781174,HIGH,,V19_V20_DEVELOPMENT,,DEVELOPMENT_OR_PRIOR_SEAL,1,2024-08-18,2024-09-02,1
QUIET_PLACEBO_ACTG_20230120,ACTG,2023-01-20,934549,HIGH,,V19_V20_DEVELOPMENT,,DEVELOPMENT_OR_PRIOR_SEAL,1,2023-01-10,2023-01-25,1
QUIET_PLACEBO_ACV_20211012,ACV,2021-10-12,1636289,HIGH,,V19_V20_DEVELOPMENT,,DEVELOPMENT_OR_PRIOR_SEAL,1,2021-10-02,2021-10-17,1
QUIET_PLACEBO_ADBE_20211027,ADBE,2021-10-27,796343,HIGH,,V19_V20_DEVELOPMENT,,DEVELOPMENT_OR_PRIOR_SEAL,1,2021-10-17,2021-11-01,1
QUIET_PLACEBO_ADCT_20230215,ADCT,2023-02-15,1771910,HIGH,,V19_V20_DEVELOPMENT,,DEVELOPMENT_OR_PRIOR_SEAL,1,2023-02-05,2023-02-20,1
QUIET_PLACEBO_ADIL_20240913,ADIL,2024-09-13,1513525,HIGH,,V19_V20_DEVELOPMENT,,DEVELOPMENT_OR_PRIOR_SEAL,1,2024-09-03,2024-09-18,1
QUIET_PLACEBO_ADI_20220208,ADI,2022-02-08,6281,HIGH,,V19_V20_DEVELOPMENT,,DEVELOPMENT_OR_PRIOR_SEAL,1,2022-01-29,2022-02-13,1
QUIET_PLACEBO_ADP_20220311,ADP,2022-03-11,8670,HIGH,,V19_V20_DEVELOPMENT,,DEVELOPMENT_OR_PRIOR_SEAL,1,2022-03-01,2022-03-16,1
QUIET_PLACEBO_ADSE_20240501,ADSE,2024-05-01,1879248,HIGH,,V19_V20_DEVELOPMENT,,DEVELOPMENT_OR_PRIOR_SEAL,1,2024-04-21,2024-05-06,1
QUIET_PLACEBO_ADSK_20220330,ADSK,2022-03-30,769397,HIGH,,V19_V20_DEVELOPMENT,,DEVELOPMENT_OR_PRIOR_SEAL,1,2022-03-20,2022-04-04,1
QUIET_PLACEBO_ADV_20221206,ADV,2022-12-06,1776661,HIGH,,V19_V20_DEVELOPMENT,,DEVELOPMENT_OR_PRIOR_SEAL,1,2022-11-26,2022-12-11,1
QUIET_PLACEBO_ADX_20211201,ADX,2021-12-01,2230,HIGH,,V19_V20_DEVELOPMENT,,DEVELOPMENT_OR_PRIOR_SEAL,1,2021-11-21,2021-12-06,1
QUIET_PLACEBO_AEG_20211228,AEG,2021-12-28,769218,HIGH,,V19_V20_DEVELOPMENT,,DEVELOPMENT_OR_PRIOR_SEAL,1,2021-12-18,2022-01-02,1
QUIET_PLACEBO_AEHL_20211108,AEHL,2021-11-08,1470683,HIGH,,V19_V20_DEVELOPMENT,,DEVELOPMENT_OR_PRIOR_SEAL,1,2021-10-29,2021-11-13,1
QUIET_PLACEBO_AEI_20231016,AEI,2023-10-16,1750106,HIGH,,V19_V20_DEVELOPMENT,,DEVELOPMENT_OR_PRIOR_SEAL,1,2023-10-06,2023-10-21,1
QUIET_PLACEBO_AEP_20211209,AEP,2021-12-09,4904,HIGH,,V19_V20_DEVELOPMENT,,DEVELOPMENT_OR_PRIOR_SEAL,1,2021-11-29,2021-12-14,1
QUIET_PLACEBO_AERT_20230201,AERT,2023-02-01,1853044,HIGH,,V19_V20_DEVELOPMENT,,DEVELOPMENT_OR_PRIOR_SEAL,1,2023-01-22,2023-02-06,1
QUIET_PLACEBO_AFGB_20220728,AFGB,2022-07-28,1042046,HIGH,,V19_V20_DEVELOPMENT,,DEVELOPMENT_OR_PRIOR_SEAL,1,2022-07-18,2022-08-02,1
QUIET_PLACEBO_AFGC_20230206,AFGC,2023-02-06,1042046,HIGH,,V19_V20_DEVELOPMENT,,DEVELOPMENT_OR_PRIOR_SEAL,1,2023-01-27,2023-02-11,1
QUIET_PLACEBO_AFGE_20230926,AFGE,2023-09-26,1042046,HIGH,,V19_V20_DEVELOPMENT,,DEVELOPMENT_OR_PRIOR_SEAL,1,2023-09-16,2023-10-01,1
QUIET_PLACEBO_AFRM_20241003,AFRM,2024-10-03,1820953,HIGH,,V19_V20_DEVELOPMENT,,DEVELOPMENT_OR_PRIOR_SEAL,1,2024-09-23,2024-10-08,1
QUIET_PLACEBO_AGEN_20200717,AGEN,2020-07-17,1098972,HIGH,,V19_V20_DEVELOPMENT,,DEVELOPMENT_OR_PRIOR_SEAL,1,2020-07-07,2020-07-22,1
QUIET_PLACEBO_AGNCP_20230419,AGNCP,2023-04-19,1423689,HIGH,,V19_V20_DEVELOPMENT,,DEVELOPMENT_OR_PRIOR_SEAL,1,2023-04-09,2023-04-24,1
QUIET_PLACEBO_AGO_20220412,AGO,2022-04-12,1273813,HIGH,,V19_V20_DEVELOPMENT,,DEVELOPMENT_OR_PRIOR_SEAL,1,2022-04-02,2022-04-17,1
QUIET_PLACEBO_AGPU_20211230,AGPU,2021-12-30,1446159,HIGH,,V19_V20_DEVELOPMENT,,DEVELOPMENT_OR_PRIOR_SEAL,1,2021-12-20,2022-01-04,1
QUIET_PLACEBO_AHG_20181026,AHG,2018-10-26,1702318,HIGH,,V19_V20_DEVELOPMENT,,DEVELOPMENT_OR_PRIOR_SEAL,1,2018-10-16,2018-10-31,0
QUIET_PLACEBO_AIFF_20250818,AIFF,2025-08-18,803578,HIGH,,V19_V20_DEVELOPMENT,,DEVELOPMENT_OR_PRIOR_SEAL,1,2025-08-08,2025-08-23,0
QUIET_PLACEBO_AIFU_20200219,AIFU,2020-02-19,1413855,HIGH,,V19_V20_DEVELOPMENT,,DEVELOPMENT_OR_PRIOR_SEAL,1,2020-02-09,2020-02-24,0
QUIET_PLACEBO_AIG_20220516,AIG,2022-05-16,5272,HIGH,,V19_V20_DEVELOPMENT,,DEVELOPMENT_OR_PRIOR_SEAL,1,2022-05-06,2022-05-21,1
QUIET_PLACEBO_AIIO_20231103,AIIO,2023-11-03,1932737,HIGH,,V19_V20_DEVELOPMENT,,DEVELOPMENT_OR_PRIOR_SEAL,1,2023-10-24,2023-11-08,1
QUIET_PLACEBO_AIMD_20240416,AIMD,2024-04-16,1014763,HIGH,,V19_V20_DEVELOPMENT,,DEVELOPMENT_OR_PRIOR_SEAL,1,2024-04-06,2024-04-21,1
QUIET_PLACEBO_AIO_20230412,AIO,2023-04-12,1778114,HIGH,,V19_V20_DEVELOPMENT,,DEVELOPMENT_OR_PRIOR_SEAL,1,2023-04-02,2023-04-17,1
QUIET_PLACEBO_AIP_20240703,AIP,2024-07-03,1667011,HIGH,,V19_V20_DEVELOPMENT,,DEVELOPMENT_OR_PRIOR_SEAL,1,2024-06-23,2024-07-08,1
QUIET_PLACEBO_AIRTP_20220805,AIRTP,2022-08-05,353184,HIGH,,V19_V20_DEVELOPMENT,,DEVELOPMENT_OR_PRIOR_SEAL,1,2022-07-26,2022-08-10,1
QUIET_PLACEBO_AIXC_20211029,AIXC,2021-10-29,1460702,HIGH,,V19_V20_DEVELOPMENT,,DEVELOPMENT_OR_PRIOR_SEAL,1,2021-10-19,2021-11-03,1
QUIET_PLACEBO_AJG_20211213,AJG,2021-12-13,354190,HIGH,,V19_V20_DEVELOPMENT,,DEVELOPMENT_OR_PRIOR_SEAL,1,2021-12-03,2021-12-18,1
QUIET_PLACEBO_AKAM_20211222,AKAM,2021-12-22,1086222,HIGH,,V19_V20_DEVELOPMENT,,DEVELOPMENT_OR_PRIOR_SEAL,1,2021-12-12,2021-12-27,1
QUIET_PLACEBO_AKTX_20201120,AKTX,2020-11-20,1541157,HIGH,,V19_V20_DEVELOPMENT,,DEVELOPMENT_OR_PRIOR_SEAL,1,2020-11-10,2020-11-25,1
QUIET_PLACEBO_ALB_20210322,ALB,2021-03-22,915913,HIGH,,V19_V20_DEVELOPMENT,,DEVELOPMENT_OR_PRIOR_SEAL,1,2021-03-12,2021-03-27,1
QUIET_PLACEBO_ALDX_20211208,ALDX,2021-12-08,1341235,HIGH,,V19_V20_DEVELOPMENT,,DEVELOPMENT_OR_PRIOR_SEAL,1,2021-11-28,2021-12-13,1
QUIET_PLACEBO_ALEC_20220823,ALEC,2022-08-23,1653087,HIGH,,V19_V20_DEVELOPMENT,,DEVELOPMENT_OR_PRIOR_SEAL,1,2022-08-13,2022-08-28,1
QUIET_PLACEBO_ALF_20250326,ALF,2025-03-26,2010930,HIGH,,V19_V20_DEVELOPMENT,,DEVELOPMENT_OR_PRIOR_SEAL,1,2025-03-16,2025-03-31,1
QUIET_PLACEBO_ALGN_20210903,ALGN,2021-09-03,1097149,HIGH,,V19_V20_DEVELOPMENT,,DEVELOPMENT_OR_PRIOR_SEAL,1,2021-08-24,2021-09-08,1
QUIET_PLACEBO_ALLE_20211213,ALLE,2021-12-13,1579241,HIGH,,V19_V20_DEVELOPMENT,,DEVELOPMENT_OR_PRIOR_SEAL,1,2021-12-03,2021-12-18,1
QUIET_PLACEBO_ALL_20211013,ALL,2021-10-13,899051,HIGH,,V19_V20_DEVELOPMENT,,DEVELOPMENT_OR_PRIOR_SEAL,1,2021-10-03,2021-10-18,1
QUIET_PLACEBO_ALNY_20220919,ALNY,2022-09-19,1178670,HIGH,,V19_V20_DEVELOPMENT,,DEVELOPMENT_OR_PRIOR_SEAL,1,2022-09-09,2022-09-24,1
QUIET_PLACEBO_ALTG_20221011,ALTG,2022-10-11,1759824,HIGH,,V19_V20_DEVELOPMENT,,DEVELOPMENT_OR_PRIOR_SEAL,1,2022-10-01,2022-10-16,1
QUIET_PLACEBO_ALTO_20230103,ALTO,2023-01-03,778164,HIGH,,V19_V20_DEVELOPMENT,,DEVELOPMENT_OR_PRIOR_SEAL,1,2022-12-24,2023-01-08,1
QUIET_PLACEBO_ALXO_20211022,ALXO,2021-10-22,1810182,HIGH,,V19_V20_DEVELOPMENT,,DEVELOPMENT_OR_PRIOR_SEAL,1,2021-10-12,2021-10-27,1
QUIET_PLACEBO_AMBA_20210701,AMBA,2021-07-01,1280263,HIGH,,V19_V20_DEVELOPMENT,,DEVELOPMENT_OR_PRIOR_SEAL,1,2021-06-21,2021-07-06,1
QUIET_PLACEBO_AMC_20191205,AMC,2019-12-05,1411579,HIGH,,V19_V20_DEVELOPMENT,,DEVELOPMENT_OR_PRIOR_SEAL,1,2019-11-25,2019-12-10,0
QUIET_PLACEBO_AME_20220228,AME,2022-02-28,1037868,HIGH,,V19_V20_DEVELOPMENT,,DEVELOPMENT_OR_PRIOR_SEAL,1,2022-02-18,2022-03-05,1
QUIET_PLACEBO_AMOD_20230825,AMOD,2023-08-25,1862463,HIGH,,V19_V20_DEVELOPMENT,,DEVELOPMENT_OR_PRIOR_SEAL,1,2023-08-15,2023-08-30,1
QUIET_PLACEBO_AMP_20220401,AMP,2022-04-01,820027,HIGH,,V19_V20_DEVELOPMENT,,DEVELOPMENT_OR_PRIOR_SEAL,1,2022-03-22,2022-04-06,1
QUIET_PLACEBO_AMS_20221201,AMS,2022-12-01,744825,HIGH,,V19_V20_DEVELOPMENT,,DEVELOPMENT_OR_PRIOR_SEAL,1,2022-11-21,2022-12-06,1
QUIET_PLACEBO_AMTD_20230327,AMTD,2023-03-27,1769731,HIGH,,V19_V20_DEVELOPMENT,,DEVELOPMENT_OR_PRIOR_SEAL,1,2023-03-17,2023-04-01,1
QUIET_PLACEBO_AMTX_20240613,AMTX,2024-06-13,738214,HIGH,,V19_V20_DEVELOPMENT,,DEVELOPMENT_OR_PRIOR_SEAL,1,2024-06-03,2024-06-18,1
QUIET_PLACEBO_AMT_20211014,AMT,2021-10-14,1053507,HIGH,,V19_V20_DEVELOPMENT,,DEVELOPMENT_OR_PRIOR_SEAL,1,2021-10-04,2021-10-19,1
QUIET_PLACEBO_ANGH_20250225,ANGH,2025-02-25,1871983,HIGH,,V19_V20_DEVELOPMENT,,DEVELOPMENT_OR_PRIOR_SEAL,1,2025-02-15,2025-03-02,1
QUIET_PLACEBO_ANIK_20220217,ANIK,2022-02-17,898437,HIGH,,V19_V20_DEVELOPMENT,,DEVELOPMENT_OR_PRIOR_SEAL,1,2022-02-07,2022-02-22,1
QUIET_PLACEBO_ANL_20250516,ANL,2025-05-16,1944552,HIGH,,V19_V20_DEVELOPMENT,,DEVELOPMENT_OR_PRIOR_SEAL,1,2025-05-06,2025-05-21,1
QUIET_PLACEBO_ANSC_20250122,ANSC,2025-01-22,1854149,HIGH,,V19_V20_DEVELOPMENT,,DEVELOPMENT_OR_PRIOR_SEAL,1,2025-01-12,2025-01-27,1
QUIET_PLACEBO_ANY_20200219,ANY,2020-02-19,1591956,HIGH,,V19_V20_DEVELOPMENT,,DEVELOPMENT_OR_PRIOR_SEAL,1,2020-02-09,2020-02-24,0
QUIET_PLACEBO_APD_20211112,APD,2021-11-12,2969,HIGH,,V19_V20_DEVELOPMENT,,DEVELOPMENT_OR_PRIOR_SEAL,1,2021-11-02,2021-11-17,1
QUIET_PLACEBO_APPF_20220607,APPF,2022-06-07,1433195,HIGH,,V19_V20_DEVELOPMENT,,DEVELOPMENT_OR_PRIOR_SEAL,1,2022-05-28,2022-06-12,1
QUIET_PLACEBO_APPN_20230420,APPN,2023-04-20,1441683,HIGH,,V19_V20_DEVELOPMENT,,DEVELOPMENT_OR_PRIOR_SEAL,1,2023-04-10,2023-04-25,1
QUIET_PLACEBO_APWC_20211210,APWC,2021-12-10,1026980,HIGH,,V19_V20_DEVELOPMENT,,DEVELOPMENT_OR_PRIOR_SEAL,1,2021-11-30,2021-12-15,1
QUIET_PLACEBO_APYX_20200909,APYX,2020-09-09,719135,HIGH,,V19_V20_DEVELOPMENT,,DEVELOPMENT_OR_PRIOR_SEAL,1,2020-08-30,2020-09-14,1
QUIET_PLACEBO_AQB_20210915,AQB,2021-09-15,1603978,HIGH,,V19_V20_DEVELOPMENT,,DEVELOPMENT_OR_PRIOR_SEAL,1,2021-09-05,2021-09-20,1
QUIET_PLACEBO_AQLT_20250721,AQLT,2025-07-21,,UNRESOLVED,,V19_V20_DEVELOPMENT,,DEVELOPMENT_OR_PRIOR_SEAL,1,2025-07-11,2025-07-26,0
QUIET_PLACEBO_AREC_20230811,AREC,2023-08-11,1590715,HIGH,,V19_V20_DEVELOPMENT,,DEVELOPMENT_OR_PRIOR_SEAL,1,2023-08-01,2023-08-16,1
QUIET_PLACEBO_ARIS_20250115,ARIS,2025-01-15,1964504,HIGH,,V19_V20_DEVELOPMENT,,DEVELOPMENT_OR_PRIOR_SEAL,1,2025-01-05,2025-01-20,1
QUIET_PLACEBO_ARKO_20230609,ARKO,2023-06-09,1823794,HIGH,,V19_V20_DEVELOPMENT,,DEVELOPMENT_OR_PRIOR_SEAL,1,2023-05-30,2023-06-14,1
QUIET_PLACEBO_ARLO_20230706,ARLO,2023-07-06,1736946,HIGH,,V19_V20_DEVELOPMENT,,DEVELOPMENT_OR_PRIOR_SEAL,1,2023-06-26,2023-07-11,1
QUIET_PLACEBO_ARQQ_20220209,ARQQ,2022-02-09,1859690,HIGH,,V19_V20_DEVELOPMENT,,DEVELOPMENT_OR_PRIOR_SEAL,1,2022-01-30,2022-02-14,1
QUIET_PLACEBO_ARQ_20200812,ARQ,2020-08-12,1515156,HIGH,,V19_V20_DEVELOPMENT,,DEVELOPMENT_OR_PRIOR_SEAL,1,2020-08-02,2020-08-17,1
QUIET_PLACEBO_ASBA_20240923,ASBA,2024-09-23,7789,HIGH,,V19_V20_DEVELOPMENT,,DEVELOPMENT_OR_PRIOR_SEAL,1,2024-09-13,2024-09-28,1
QUIET_PLACEBO_ASMB_20210810,ASMB,2021-08-10,1426800,HIGH,,V19_V20_DEVELOPMENT,,DEVELOPMENT_OR_PRIOR_SEAL,1,2021-07-31,2021-08-15,1
QUIET_PLACEBO_ASML_20211026,ASML,2021-10-26,937966,HIGH,,V19_V20_DEVELOPMENT,,DEVELOPMENT_OR_PRIOR_SEAL,1,2021-10-16,2021-10-31,1
QUIET_PLACEBO_ASNS_20240305,ASNS,2024-03-05,1141284,HIGH,,V19_V20_DEVELOPMENT,,DEVELOPMENT_OR_PRIOR_SEAL,1,2024-02-24,2024-03-10,1
QUIET_PLACEBO_ASO_20240108,ASO,2024-01-08,1817358,HIGH,,V19_V20_DEVELOPMENT,,DEVELOPMENT_OR_PRIOR_SEAL,1,2023-12-29,2024-01-13,1
QUIET_PLACEBO_ASPN_20201202,ASPN,2020-12-02,1145986,HIGH,,V19_V20_DEVELOPMENT,,DEVELOPMENT_OR_PRIOR_SEAL,1,2020-11-22,2020-12-07,1
QUIET_PLACEBO_ASTC_20230731,ASTC,2023-07-31,1001907,HIGH,,V19_V20_DEVELOPMENT,,DEVELOPMENT_OR_PRIOR_SEAL,1,2023-07-21,2023-08-05,1
QUIET_PLACEBO_ASYS_20210520,ASYS,2021-05-20,720500,HIGH,,V19_V20_DEVELOPMENT,,DEVELOPMENT_OR_PRIOR_SEAL,1,2021-05-10,2021-05-25,1
QUIET_PLACEBO_ATCX_20220817,ATCX,2022-08-17,1684688,HIGH,,V19_V20_DEVELOPMENT,,DEVELOPMENT_OR_PRIOR_SEAL,1,2022-08-07,2022-08-22,1
QUIET_PLACEBO_ATGL_20250626,ATGL,2025-06-26,1967621,HIGH,,V19_V20_DEVELOPMENT,,DEVELOPMENT_OR_PRIOR_SEAL,1,2025-06-16,2025-07-01,1
QUIET_PLACEBO_ATLC_20230926,ATLC,2023-09-26,1464343,HIGH,,V19_V20_DEVELOPMENT,,DEVELOPMENT_OR_PRIOR_SEAL,1,2023-09-16,2023-10-01,1
QUIET_PLACEBO_ATLX_20250115,ATLX,2025-01-15,1540684,HIGH,,V19_V20_DEVELOPMENT,,DEVELOPMENT_OR_PRIOR_SEAL,1,2025-01-05,2025-01-20,1
QUIET_PLACEBO_ATNI_20210830,ATNI,2021-08-30,879585,HIGH,,V19_V20_DEVELOPMENT,,DEVELOPMENT_OR_PRIOR_SEAL,1,2021-08-20,2021-09-04,1
QUIET_PLACEBO_ATOM_20230308,ATOM,2023-03-08,1420520,HIGH,,V19_V20_DEVELOPMENT,,DEVELOPMENT_OR_PRIOR_SEAL,1,2023-02-26,2023-03-13,1
QUIET_PLACEBO_ATOS_20230302,ATOS,2023-03-02,1488039,HIGH,,V19_V20_DEVELOPMENT,,DEVELOPMENT_OR_PRIOR_SEAL,1,2023-02-20,2023-03-07,1
QUIET_PLACEBO_ATPC_20250319,ATPC,2025-03-19,1713210,HIGH,,V19_V20_DEVELOPMENT,,DEVELOPMENT_OR_PRIOR_SEAL,1,2025-03-09,2025-03-24,1
QUIET_PLACEBO_AUC_20220720,AUC,2022-07-20,1755058,HIGH,,V19_V20_DEVELOPMENT,,DEVELOPMENT_OR_PRIOR_SEAL,1,2022-07-10,2022-07-25,1
QUIET_PLACEBO_AUGU_20250509,AUGU,2025-05-09,,UNRESOLVED,,V19_V20_DEVELOPMENT,,DEVELOPMENT_OR_PRIOR_SEAL,1,2025-04-29,2025-05-14,1
QUIET_PLACEBO_AUID_20231012,AUID,2023-10-12,1534154,HIGH,,V19_V20_DEVELOPMENT,,DEVELOPMENT_OR_PRIOR_SEAL,1,2023-10-02,2023-10-17,1
QUIET_PLACEBO_AUUD_20231117,AUUD,2023-11-17,1554818,HIGH,,V19_V20_DEVELOPMENT,,DEVELOPMENT_OR_PRIOR_SEAL,1,2023-11-07,2023-11-22,1
QUIET_PLACEBO_AU_20211229,AU,2021-12-29,1973832,MEDIUM,,V19_V20_DEVELOPMENT,,DEVELOPMENT_OR_PRIOR_SEAL,1,2021-12-19,2022-01-03,1
QUIET_PLACEBO_AVX_20230228,AVX,2023-02-28,1826397,HIGH,,V19_V20_DEVELOPMENT,,DEVELOPMENT_OR_PRIOR_SEAL,1,2023-02-18,2023-03-05,1
QUIET_PLACEBO_AWX_20220325,AWX,2022-03-25,1061069,HIGH,,V19_V20_DEVELOPMENT,,DEVELOPMENT_OR_PRIOR_SEAL,1,2022-03-15,2022-03-30,1
QUIET_PLACEBO_AXON_20220824,AXON,2022-08-24,1069183,HIGH,,V19_V20_DEVELOPMENT,,DEVELOPMENT_OR_PRIOR_SEAL,1,2022-08-14,2022-08-29,1
QUIET_PLACEBO_AZN_20220301,AZN,2022-03-01,901832,HIGH,,V19_V20_DEVELOPMENT,,DEVELOPMENT_OR_PRIOR_SEAL,1,2022-02-19,2022-03-06,1
QUIET_PLACEBO_AZTA_20220317,AZTA,2022-03-17,933974,HIGH,,V19_V20_DEVELOPMENT,,DEVELOPMENT_OR_PRIOR_SEAL,1,2022-03-07,2022-03-22,1
QUIET_PLACEBO_AZ_20250123,AZ,2025-01-23,1866030,HIGH,,V19_V20_DEVELOPMENT,,DEVELOPMENT_OR_PRIOR_SEAL,1,2025-01-13,2025-01-28,1
QUIET_PLACEBO_A_20210923,A,2021-09-23,1090872,HIGH,,V19_V20_DEVELOPMENT,,DEVELOPMENT_OR_PRIOR_SEAL,1,2021-09-13,2021-09-28,1
QUIET_PLACEBO_BABA_20210617,BABA,2021-06-17,1577552,HIGH,,V19_V20_DEVELOPMENT,,DEVELOPMENT_OR_PRIOR_SEAL,1,2021-06-07,2021-06-22,1
QUIET_PLACEBO_BAC_20220222,BAC,2022-02-22,70858,HIGH,,V19_V20_DEVELOPMENT,,DEVELOPMENT_OR_PRIOR_SEAL,1,2022-02-12,2022-02-27,1
QUIET_PLACEBO_BAER_20240617,BAER,2024-06-17,1941536,HIGH,,V19_V20_DEVELOPMENT,,DEVELOPMENT_OR_PRIOR_SEAL,1,2024-06-07,2024-06-22,1
QUIET_PLACEBO_BALL_20211018,BALL,2021-10-18,9389,HIGH,,V19_V20_DEVELOPMENT,,DEVELOPMENT_OR_PRIOR_SEAL,1,2021-10-08,2021-10-23,1
QUIET_PLACEBO_BANL_20250128,BANL,2025-01-28,1914805,HIGH,,V19_V20_DEVELOPMENT,,DEVELOPMENT_OR_PRIOR_SEAL,1,2025-01-18,2025-02-02,1
QUIET_PLACEBO_BANX_20220125,BANX,2022-01-25,1578987,HIGH,,V19_V20_DEVELOPMENT,,DEVELOPMENT_OR_PRIOR_SEAL,1,2022-01-15,2022-01-30,1
QUIET_PLACEBO_BAOS_20231101,BAOS,2023-11-01,1811216,HIGH,,V19_V20_DEVELOPMENT,,DEVELOPMENT_OR_PRIOR_SEAL,1,2023-10-22,2023-11-06,1
QUIET_PLACEBO_BARK_20231017,BARK,2023-10-17,1819574,HIGH,,V19_V20_DEVELOPMENT,,DEVELOPMENT_OR_PRIOR_SEAL,1,2023-10-07,2023-10-22,1
QUIET_PLACEBO_BATRK_20220714,BATRK,2022-07-14,1958140,MEDIUM,,V19_V20_DEVELOPMENT,,DEVELOPMENT_OR_PRIOR_SEAL,1,2022-07-04,2022-07-19,1
QUIET_PLACEBO_BBAI-WS_20241017,BBAI-WS,2024-10-17,,UNRESOLVED,,V19_V20_DEVELOPMENT,,DEVELOPMENT_OR_PRIOR_SEAL,1,2024-10-07,2024-10-22,1
QUIET_PLACEBO_BBBY_20230303,BBBY,2023-03-03,1130713,HIGH,,V19_V20_DEVELOPMENT,,DEVELOPMENT_OR_PRIOR_SEAL,1,2023-02-21,2023-03-08,1
QUIET_PLACEBO_BBCP_20230426,BBCP,2023-04-26,1703956,HIGH,,V19_V20_DEVELOPMENT,,DEVELOPMENT_OR_PRIOR_SEAL,1,2023-04-16,2023-05-01,1
QUIET_PLACEBO_BBUC_20240514,BBUC,2024-05-14,,UNRESOLVED_MULTIPLE_CIK,,V19_V20_DEVELOPMENT,,DEVELOPMENT_OR_PRIOR_SEAL,1,2024-05-04,2024-05-19,1
QUIET_PLACEBO_BBWI_20211108,BBWI,2021-11-08,701985,HIGH,,V19_V20_DEVELOPMENT,,DEVELOPMENT_OR_PRIOR_SEAL,1,2021-10-29,2021-11-13,1
QUIET_PLACEBO_BCHI_20250902,BCHI,2025-09-02,,UNRESOLVED,,V19_V20_DEVELOPMENT,,DEVELOPMENT_OR_PRIOR_SEAL,1,2025-08-23,2025-09-07,0
QUIET_PLACEBO_BC_20211115,BC,2021-11-15,14930,HIGH,,V19_V20_DEVELOPMENT,,DEVELOPMENT_OR_PRIOR_SEAL,1,2021-11-05,2021-11-20,1
QUIET_PLACEBO_BEAG_20250812,BEAG,2025-08-12,1852207,HIGH,,V19_V20_DEVELOPMENT,,DEVELOPMENT_OR_PRIOR_SEAL,1,2025-08-02,2025-08-17,0
QUIET_PLACEBO_BF-A_20220105,BF-A,2022-01-05,14693,HIGH,,V19_V20_DEVELOPMENT,,DEVELOPMENT_OR_PRIOR_SEAL,1,2021-12-26,2022-01-10,1
QUIET_PLACEBO_BFLY_20211013,BFLY,2021-10-13,1804176,HIGH,,V19_V20_DEVELOPMENT,,DEVELOPMENT_OR_PRIOR_SEAL,1,2021-10-03,2021-10-18,1
QUIET_PLACEBO_BGDE_20230317,BGDE,2023-03-17,1218683,HIGH,,V19_V20_DEVELOPMENT,,DEVELOPMENT_OR_PRIOR_SEAL,1,2023-03-07,2023-03-22,1
QUIET_PLACEBO_BGH_20211105,BGH,2021-11-05,1521404,HIGH,,V19_V20_DEVELOPMENT,,DEVELOPMENT_OR_PRIOR_SEAL,1,2021-10-26,2021-11-10,1
QUIET_PLACEBO_BGLC_20250314,BGLC,2025-03-14,1737523,HIGH,,V19_V20_DEVELOPMENT,,DEVELOPMENT_OR_PRIOR_SEAL,1,2025-03-04,2025-03-19,1
QUIET_PLACEBO_BGM_20220218,BGM,2022-02-18,1779578,HIGH,,V19_V20_DEVELOPMENT,,DEVELOPMENT_OR_PRIOR_SEAL,1,2022-02-08,2022-02-23,1
QUIET_PLACEBO_BGR_20220602,BGR,2022-06-02,1306550,HIGH,,V19_V20_DEVELOPMENT,,DEVELOPMENT_OR_PRIOR_SEAL,1,2022-05-23,2022-06-07,1
QUIET_PLACEBO_BGY_20211027,BGY,2021-10-27,1393299,HIGH,,V19_V20_DEVELOPMENT,,DEVELOPMENT_OR_PRIOR_SEAL,1,2021-10-17,2021-11-01,1
QUIET_PLACEBO_BIO_20210728,BIO,2021-07-28,12208,HIGH,,V19_V20_DEVELOPMENT,,DEVELOPMENT_OR_PRIOR_SEAL,1,2021-07-18,2021-08-02,1
QUIET_PLACEBO_BIRD_20240705,BIRD,2024-07-05,1653909,HIGH,,V19_V20_DEVELOPMENT,,DEVELOPMENT_OR_PRIOR_SEAL,1,2024-06-25,2024-07-10,1
QUIET_PLACEBO_BJRI_20220714,BJRI,2022-07-14,1013488,HIGH,,V19_V20_DEVELOPMENT,,DEVELOPMENT_OR_PRIOR_SEAL,1,2022-07-04,2022-07-19,1
QUIET_PLACEBO_BKSY_20210615,BKSY,2021-06-15,1753539,HIGH,,V19_V20_DEVELOPMENT,,DEVELOPMENT_OR_PRIOR_SEAL,1,2021-06-05,2021-06-20,1
QUIET_PLACEBO_BLNK_20211008,BLNK,2021-10-08,1429764,HIGH,,V19_V20_DEVELOPMENT,,DEVELOPMENT_OR_PRIOR_SEAL,1,2021-09-28,2021-10-13,1
QUIET_PLACEBO_BLUX_20251216,BLUX,2025-12-16,,UNRESOLVED,,V19_V20_DEVELOPMENT,,DEVELOPMENT_OR_PRIOR_SEAL,1,2025-12-06,2025-12-21,0
QUIET_PLACEBO_BL_20220331,BL,2022-03-31,1666134,HIGH,,V19_V20_DEVELOPMENT,,DEVELOPMENT_OR_PRIOR_SEAL,1,2022-03-21,2022-04-05,1
QUIET_PLACEBO_BMEZ_20230503,BMEZ,2023-05-03,1785971,HIGH,,V19_V20_DEVELOPMENT,,DEVELOPMENT_OR_PRIOR_SEAL,1,2023-04-23,2023-05-08,1
QUIET_PLACEBO_BMGL_20250922,BMGL,2025-09-22,2004489,HIGH,,V19_V20_DEVELOPMENT,,DEVELOPMENT_OR_PRIOR_SEAL,1,2025-09-12,2025-09-27,0
QUIET_PLACEBO_BMRN_20220324,BMRN,2022-03-24,1048477,HIGH,,V19_V20_DEVELOPMENT,,DEVELOPMENT_OR_PRIOR_SEAL,1,2022-03-14,2022-03-29,1
QUIET_PLACEBO_BMY_20220214,BMY,2022-02-14,14272,HIGH,,V19_V20_DEVELOPMENT,,DEVELOPMENT_OR_PRIOR_SEAL,1,2022-02-04,2022-02-19,1
QUIET_PLACEBO_BNGO_20211112,BNGO,2021-11-12,1411690,HIGH,,V19_V20_DEVELOPMENT,,DEVELOPMENT_OR_PRIOR_SEAL,1,2021-11-02,2021-11-17,1
QUIET_PLACEBO_BNJ_20230728,BNJ,2023-07-28,1001085,HIGH,,V19_V20_DEVELOPMENT,,DEVELOPMENT_OR_PRIOR_SEAL,1,2023-07-18,2023-08-02,1
QUIET_PLACEBO_BNKK_20221208,BNKK,2022-12-08,1760903,HIGH,,V19_V20_DEVELOPMENT,,DEVELOPMENT_OR_PRIOR_SEAL,1,2022-11-28,2022-12-13,1
QUIET_PLACEBO_BNR_20230615,BNR,2023-06-15,1792267,HIGH,,V19_V20_DEVELOPMENT,,DEVELOPMENT_OR_PRIOR_SEAL,1,2023-06-05,2023-06-20,1
QUIET_PLACEBO_BNTX_20240131,BNTX,2024-01-31,1776985,HIGH,,V19_V20_DEVELOPMENT,,DEVELOPMENT_OR_PRIOR_SEAL,1,2024-01-21,2024-02-05,1
QUIET_PLACEBO_BNY_20220413,BNY,2022-04-13,,UNRESOLVED_MULTIPLE_CIK,,V19_V20_DEVELOPMENT,,DEVELOPMENT_OR_PRIOR_SEAL,1,2022-04-03,2022-04-18,1
QUIET_PLACEBO_BNZI_20220503,BNZI,2022-05-03,1826011,HIGH,,V19_V20_DEVELOPMENT,,DEVELOPMENT_OR_PRIOR_SEAL,1,2022-04-23,2022-05-08,1
QUIET_PLACEBO_BOH_20210928,BOH,2021-09-28,46195,HIGH,,V19_V20_DEVELOPMENT,,DEVELOPMENT_OR_PRIOR_SEAL,1,2021-09-18,2021-10-03,1
QUIET_PLACEBO_BOXL_20221026,BOXL,2022-10-26,1624512,HIGH,,V19_V20_DEVELOPMENT,,DEVELOPMENT_OR_PRIOR_SEAL,1,2022-10-16,2022-10-31,1
QUIET_PLACEBO_BRK-B_20220111,BRK-B,2022-01-11,1067983,HIGH,,V19_V20_DEVELOPMENT,,DEVELOPMENT_OR_PRIOR_SEAL,1,2022-01-01,2022-01-16,1
QUIET_PLACEBO_BRKR_20210805,BRKR,2021-08-05,1109354,HIGH,,V19_V20_DEVELOPMENT,,DEVELOPMENT_OR_PRIOR_SEAL,1,2021-07-26,2021-08-10,1
QUIET_PLACEBO_BROS_20240520,BROS,2024-05-20,1866581,HIGH,,V19_V20_DEVELOPMENT,,DEVELOPMENT_OR_PRIOR_SEAL,1,2024-05-10,2024-05-25,1
QUIET_PLACEBO_BRTX_20240326,BRTX,2024-03-26,1505497,HIGH,,V19_V20_DEVELOPMENT,,DEVELOPMENT_OR_PRIOR_SEAL,1,2024-03-16,2024-03-31,1
QUIET_PLACEBO_BSTZ_20230223,BSTZ,2023-02-23,1768666,HIGH,,V19_V20_DEVELOPMENT,,DEVELOPMENT_OR_PRIOR_SEAL,1,2023-02-13,2023-02-28,1
QUIET_PLACEBO_BTBT_20250507,BTBT,2025-05-07,1710350,HIGH,,V19_V20_DEVELOPMENT,,DEVELOPMENT_OR_PRIOR_SEAL,1,2025-04-27,2025-05-12,1
QUIET_PLACEBO_BTCS_20240625,BTCS,2024-06-25,1436229,HIGH,,V19_V20_DEVELOPMENT,,DEVELOPMENT_OR_PRIOR_SEAL,1,2024-06-15,2024-06-30,1
QUIET_PLACEBO_BTMD_20231128,BTMD,2023-11-28,1819253,HIGH,,V19_V20_DEVELOPMENT,,DEVELOPMENT_OR_PRIOR_SEAL,1,2023-11-18,2023-12-03,1
QUIET_PLACEBO_BWEN_20230406,BWEN,2023-04-06,1120370,HIGH,,V19_V20_DEVELOPMENT,,DEVELOPMENT_OR_PRIOR_SEAL,1,2023-03-27,2023-04-11,1
QUIET_PLACEBO_BWG_20220104,BWG,2022-01-04,1504545,HIGH,,V19_V20_DEVELOPMENT,,DEVELOPMENT_OR_PRIOR_SEAL,1,2021-12-25,2022-01-09,1
QUIET_PLACEBO_BXBL_20250919,BXBL,2025-09-19,1906364,HIGH,,V19_V20_DEVELOPMENT,,DEVELOPMENT_OR_PRIOR_SEAL,1,2025-09-09,2025-09-24,0
QUIET_PLACEBO_BXC_20230824,BXC,2023-08-24,1301787,HIGH,,V19_V20_DEVELOPMENT,,DEVELOPMENT_OR_PRIOR_SEAL,1,2023-08-14,2023-08-29,1
QUIET_PLACEBO_BX_20210809,BX,2021-08-09,1393818,HIGH,,V19_V20_DEVELOPMENT,,DEVELOPMENT_OR_PRIOR_SEAL,1,2021-07-30,2021-08-14,1
QUIET_PLACEBO_CABA_20231026,CABA,2023-10-26,1759138,HIGH,,V19_V20_DEVELOPMENT,,DEVELOPMENT_OR_PRIOR_SEAL,1,2023-10-16,2023-10-31,1
QUIET_PLACEBO_CALC_20240531,CALC,2024-05-31,1534133,HIGH,,V19_V20_DEVELOPMENT,,DEVELOPMENT_OR_PRIOR_SEAL,1,2024-05-21,2024-06-05,1
QUIET_PLACEBO_CAMT_20210625,CAMT,2021-06-25,1109138,HIGH,,V19_V20_DEVELOPMENT,,DEVELOPMENT_OR_PRIOR_SEAL,1,2021-06-15,2021-06-30,1
QUIET_PLACEBO_CAN_20230509,CAN,2023-05-09,1780652,HIGH,,V19_V20_DEVELOPMENT,,DEVELOPMENT_OR_PRIOR_SEAL,1,2023-04-29,2023-05-14,1
QUIET_PLACEBO_CAPR_20230208,CAPR,2023-02-08,1133869,HIGH,,V19_V20_DEVELOPMENT,,DEVELOPMENT_OR_PRIOR_SEAL,1,2023-01-29,2023-02-13,1
QUIET_PLACEBO_CARG_20230421,CARG,2023-04-21,1494259,HIGH,,V19_V20_DEVELOPMENT,,DEVELOPMENT_OR_PRIOR_SEAL,1,2023-04-11,2023-04-26,1
QUIET_PLACEBO_CASY_20220107,CASY,2022-01-07,726958,HIGH,,V19_V20_DEVELOPMENT,,DEVELOPMENT_OR_PRIOR_SEAL,1,2021-12-28,2022-01-12,1
QUIET_PLACEBO_CAT_20220323,CAT,2022-03-23,18230,HIGH,,V19_V20_DEVELOPMENT,,DEVELOPMENT_OR_PRIOR_SEAL,1,2022-03-13,2022-03-28,1
QUIET_PLACEBO_CBOE_20220218,CBOE,2022-02-18,1374310,HIGH,,V19_V20_DEVELOPMENT,,DEVELOPMENT_OR_PRIOR_SEAL,1,2022-02-08,2022-02-23,1
QUIET_PLACEBO_CBU_20211021,CBU,2021-10-21,723188,HIGH,,V19_V20_DEVELOPMENT,,DEVELOPMENT_OR_PRIOR_SEAL,1,2021-10-11,2021-10-26,1
QUIET_PLACEBO_CCBG_20220412,CCBG,2022-04-12,726601,HIGH,,V19_V20_DEVELOPMENT,,DEVELOPMENT_OR_PRIOR_SEAL,1,2022-04-02,2022-04-17,1
QUIET_PLACEBO_CCEC_20210415,CCEC,2021-04-15,1392326,HIGH,,V19_V20_DEVELOPMENT,,DEVELOPMENT_OR_PRIOR_SEAL,1,2021-04-05,2021-04-20,1
QUIET_PLACEBO_CCG_20250523,CCG,2025-05-23,1965473,HIGH,,V19_V20_DEVELOPMENT,,DEVELOPMENT_OR_PRIOR_SEAL,1,2025-05-13,2025-05-28,1
QUIET_PLACEBO_CCIF_20221027,CCIF,2022-10-27,1517767,HIGH,,V19_V20_DEVELOPMENT,,DEVELOPMENT_OR_PRIOR_SEAL,1,2022-10-17,2022-11-01,1
QUIET_PLACEBO_CCJ_20210630,CCJ,2021-06-30,1009001,HIGH,,V19_V20_DEVELOPMENT,,DEVELOPMENT_OR_PRIOR_SEAL,1,2021-06-20,2021-07-05,1
QUIET_PLACEBO_CCL_20210208,CCL,2021-02-08,815097,HIGH,,V19_V20_DEVELOPMENT,,DEVELOPMENT_OR_PRIOR_SEAL,1,2021-01-29,2021-02-13,1
QUIET_PLACEBO_CCO_20210818,CCO,2021-08-18,1334978,HIGH,,V19_V20_DEVELOPMENT,,DEVELOPMENT_OR_PRIOR_SEAL,1,2021-08-08,2021-08-23,1
QUIET_PLACEBO_CCSI_20240220,CCSI,2024-02-20,1866633,HIGH,,V19_V20_DEVELOPMENT,,DEVELOPMENT_OR_PRIOR_SEAL,1,2024-02-10,2024-02-25,1
QUIET_PLACEBO_CCU_20211214,CCU,2021-12-14,888746,HIGH,,V19_V20_DEVELOPMENT,,DEVELOPMENT_OR_PRIOR_SEAL,1,2021-12-04,2021-12-19,1
QUIET_PLACEBO_CDNS_20210929,CDNS,2021-09-29,813672,HIGH,,V19_V20_DEVELOPMENT,,DEVELOPMENT_OR_PRIOR_SEAL,1,2021-09-19,2021-10-04,1
QUIET_PLACEBO_CDRE_20240416,CDRE,2024-04-16,1860543,HIGH,,V19_V20_DEVELOPMENT,,DEVELOPMENT_OR_PRIOR_SEAL,1,2024-04-06,2024-04-21,1
QUIET_PLACEBO_CD_20230712,CD,2023-07-12,1527762,HIGH,,V19_V20_DEVELOPMENT,,DEVELOPMENT_OR_PRIOR_SEAL,1,2023-07-02,2023-07-17,1
QUIET_PLACEBO_CELU_20210212,CELU,2021-02-12,1752828,HIGH,,V19_V20_DEVELOPMENT,,DEVELOPMENT_OR_PRIOR_SEAL,1,2021-02-02,2021-02-17,1
QUIET_PLACEBO_CENT_20220217,CENT,2022-02-17,887733,HIGH,,V19_V20_DEVELOPMENT,,DEVELOPMENT_OR_PRIOR_SEAL,1,2022-02-07,2022-02-22,1
QUIET_PLACEBO_CE_20210803,CE,2021-08-03,1306830,HIGH,,V19_V20_DEVELOPMENT,,DEVELOPMENT_OR_PRIOR_SEAL,1,2021-07-24,2021-08-08,1
QUIET_PLACEBO_CFBK_20220517,CFBK,2022-05-17,1070680,HIGH,,V19_V20_DEVELOPMENT,,DEVELOPMENT_OR_PRIOR_SEAL,1,2022-05-07,2022-05-22,1
QUIET_PLACEBO_CFG_20220214,CFG,2022-02-14,759944,HIGH,,V19_V20_DEVELOPMENT,,DEVELOPMENT_OR_PRIOR_SEAL,1,2022-02-04,2022-02-19,1
QUIET_PLACEBO_CGC_20201120,CGC,2020-11-20,1737927,HIGH,,V19_V20_DEVELOPMENT,,DEVELOPMENT_OR_PRIOR_SEAL,1,2020-11-10,2020-11-25,1
QUIET_PLACEBO_CGHM_20250603,CGHM,2025-06-03,,UNRESOLVED,,V19_V20_DEVELOPMENT,,DEVELOPMENT_OR_PRIOR_SEAL,1,2025-05-24,2025-06-08,1
QUIET_PLACEBO_CGIB_20250529,CGIB,2025-05-29,,UNRESOLVED,,V19_V20_DEVELOPMENT,,DEVELOPMENT_OR_PRIOR_SEAL,1,2025-05-19,2025-06-03,1
QUIET_PLACEBO_CGNT_20240528,CGNT,2024-05-28,1824814,HIGH,,V19_V20_DEVELOPMENT,,DEVELOPMENT_OR_PRIOR_SEAL,1,2024-05-18,2024-06-02,1
QUIET_PLACEBO_CGON_20250311,CGON,2025-03-11,1991792,HIGH,,V19_V20_DEVELOPMENT,,DEVELOPMENT_OR_PRIOR_SEAL,1,2025-03-01,2025-03-16,1
QUIET_PLACEBO_CGUI_20250617,CGUI,2025-06-17,,UNRESOLVED,,V19_V20_DEVELOPMENT,,DEVELOPMENT_OR_PRIOR_SEAL,1,2025-06-07,2025-06-22,1
QUIET_PLACEBO_CHGG_20201023,CHGG,2020-10-23,1364954,HIGH,,V19_V20_DEVELOPMENT,,DEVELOPMENT_OR_PRIOR_SEAL,1,2020-10-13,2020-10-28,1
QUIET_PLACEBO_CHKP_20211207,CHKP,2021-12-07,1015922,HIGH,,V19_V20_DEVELOPMENT,,DEVELOPMENT_OR_PRIOR_SEAL,1,2021-11-27,2021-12-12,1
QUIET_PLACEBO_CHNR_20190801,CHNR,2019-08-01,793628,HIGH,,V19_V20_DEVELOPMENT,,DEVELOPMENT_OR_PRIOR_SEAL,1,2019-07-22,2019-08-06,0
QUIET_PLACEBO_CHRW_20211206,CHRW,2021-12-06,1043277,HIGH,,V19_V20_DEVELOPMENT,,DEVELOPMENT_OR_PRIOR_SEAL,1,2021-11-26,2021-12-11,1
QUIET_PLACEBO_CHSN_20240819,CHSN,2024-08-19,1825349,HIGH,,V19_V20_DEVELOPMENT,,DEVELOPMENT_OR_PRIOR_SEAL,1,2024-08-09,2024-08-24,1
QUIET_PLACEBO_CHTR_20210811,CHTR,2021-08-11,1091667,HIGH,,V19_V20_DEVELOPMENT,,DEVELOPMENT_OR_PRIOR_SEAL,1,2021-08-01,2021-08-16,1
QUIET_PLACEBO_CICB_20250603,CICB,2025-06-03,1534254,HIGH,,V19_V20_DEVELOPMENT,,DEVELOPMENT_OR_PRIOR_SEAL,1,2025-05-24,2025-06-08,1
QUIET_PLACEBO_CIGL_20251017,CIGL,2025-10-17,2001794,HIGH,,V19_V20_DEVELOPMENT,,DEVELOPMENT_OR_PRIOR_SEAL,1,2025-10-07,2025-10-22,0
QUIET_PLACEBO_CISO_20240710,CISO,2024-07-10,1777319,HIGH,,V19_V20_DEVELOPMENT,,DEVELOPMENT_OR_PRIOR_SEAL,1,2024-06-30,2024-07-15,1
QUIET_PLACEBO_CISS_20250818,CISS,2025-08-18,1951067,HIGH,,V19_V20_DEVELOPMENT,,DEVELOPMENT_OR_PRIOR_SEAL,1,2025-08-08,2025-08-23,0
QUIET_PLACEBO_CI_20220427,CI,2022-04-27,1739940,HIGH,,V19_V20_DEVELOPMENT,,DEVELOPMENT_OR_PRIOR_SEAL,1,2022-04-17,2022-05-02,1
QUIET_PLACEBO_CJMB_20251001,CJMB,2025-10-01,2032545,HIGH,,V19_V20_DEVELOPMENT,,DEVELOPMENT_OR_PRIOR_SEAL,1,2025-09-21,2025-10-06,0
QUIET_PLACEBO_CLFD_20220331,CLFD,2022-03-31,796505,HIGH,,V19_V20_DEVELOPMENT,,DEVELOPMENT_OR_PRIOR_SEAL,1,2022-03-21,2022-04-05,1
QUIET_PLACEBO_CLGN_20210930,CLGN,2021-09-30,1631487,HIGH,,V19_V20_DEVELOPMENT,,DEVELOPMENT_OR_PRIOR_SEAL,1,2021-09-20,2021-10-05,1
QUIET_PLACEBO_CLLS_20190719,CLLS,2019-07-19,1627281,HIGH,,V19_V20_DEVELOPMENT,,DEVELOPMENT_OR_PRIOR_SEAL,1,2019-07-09,2019-07-24,0
QUIET_PLACEBO_CLWT_20230531,CLWT,2023-05-31,1026662,HIGH,,V19_V20_DEVELOPMENT,,DEVELOPMENT_OR_PRIOR_SEAL,1,2023-05-21,2023-06-05,1
QUIET_PLACEBO_CL_20211201,CL,2021-12-01,21665,HIGH,,V19_V20_DEVELOPMENT,,DEVELOPMENT_OR_PRIOR_SEAL,1,2021-11-21,2021-12-06,1
QUIET_PLACEBO_CMCO_20211116,CMCO,2021-11-16,1005229,HIGH,,V19_V20_DEVELOPMENT,,DEVELOPMENT_OR_PRIOR_SEAL,1,2021-11-06,2021-11-21,1
QUIET_PLACEBO_CMC_20220811,CMC,2022-08-11,22444,HIGH,,V19_V20_DEVELOPMENT,,DEVELOPMENT_OR_PRIOR_SEAL,1,2022-08-01,2022-08-16,1
QUIET_PLACEBO_CMI_20211210,CMI,2021-12-10,26172,HIGH,,V19_V20_DEVELOPMENT,,DEVELOPMENT_OR_PRIOR_SEAL,1,2021-11-30,2021-12-15,1
QUIET_PLACEBO_CMPS_20230922,CMPS,2023-09-22,1816590,HIGH,,V19_V20_DEVELOPMENT,,DEVELOPMENT_OR_PRIOR_SEAL,1,2023-09-12,2023-09-27,1
QUIET_PLACEBO_CMRC_20240326,CMRC,2024-03-26,1626450,HIGH,,V19_V20_DEVELOPMENT,,DEVELOPMENT_OR_PRIOR_SEAL,1,2024-03-16,2024-03-31,1
QUIET_PLACEBO_CMSD_20221014,CMSD,2022-10-14,811156,HIGH,,V19_V20_DEVELOPMENT,,DEVELOPMENT_OR_PRIOR_SEAL,1,2022-10-04,2022-10-19,1
QUIET_PLACEBO_CMS_20211116,CMS,2021-11-16,811156,HIGH,,V19_V20_DEVELOPMENT,,DEVELOPMENT_OR_PRIOR_SEAL,1,2021-11-06,2021-11-21,1
QUIET_PLACEBO_CMTL_20200827,CMTL,2020-08-27,23197,HIGH,,V19_V20_DEVELOPMENT,,DEVELOPMENT_OR_PRIOR_SEAL,1,2020-08-17,2020-09-01,1
QUIET_PLACEBO_CNA_20220315,CNA,2022-03-15,21175,HIGH,,V19_V20_DEVELOPMENT,,DEVELOPMENT_OR_PRIOR_SEAL,1,2022-03-05,2022-03-20,1
QUIET_PLACEBO_CNCK_20251007,CNCK,2025-10-07,1913847,HIGH,,V19_V20_DEVELOPMENT,,DEVELOPMENT_OR_PRIOR_SEAL,1,2025-09-27,2025-10-12,0
QUIET_PLACEBO_CNEY_20230626,CNEY,2023-06-26,1780785,HIGH,,V19_V20_DEVELOPMENT,,DEVELOPMENT_OR_PRIOR_SEAL,1,2023-06-16,2023-07-01,1
QUIET_PLACEBO_CNF_20210624,CNF,2021-06-24,1733868,HIGH,,V19_V20_DEVELOPMENT,,DEVELOPMENT_OR_PRIOR_SEAL,1,2021-06-14,2021-06-29,1
QUIET_PLACEBO_CNI_20220111,CNI,2022-01-11,16868,HIGH,,V19_V20_DEVELOPMENT,,DEVELOPMENT_OR_PRIOR_SEAL,1,2022-01-01,2022-01-16,1
QUIET_PLACEBO_COCO_20240626,COCO,2024-06-26,1482981,HIGH,,V19_V20_DEVELOPMENT,,DEVELOPMENT_OR_PRIOR_SEAL,1,2024-06-16,2024-07-01,1
QUIET_PLACEBO_COCP_20220916,COCP,2022-09-16,1412486,HIGH,,V19_V20_DEVELOPMENT,,DEVELOPMENT_OR_PRIOR_SEAL,1,2022-09-06,2022-09-21,1
QUIET_PLACEBO_COF_20211119,COF,2021-11-19,927628,HIGH,,V19_V20_DEVELOPMENT,,DEVELOPMENT_OR_PRIOR_SEAL,1,2021-11-09,2021-11-24,1
QUIET_PLACEBO_COGT_20230825,COGT,2023-08-25,1622229,HIGH,,V19_V20_DEVELOPMENT,,DEVELOPMENT_OR_PRIOR_SEAL,1,2023-08-15,2023-08-30,1
QUIET_PLACEBO_COLD_20211202,COLD,2021-12-02,1455863,HIGH,,V19_V20_DEVELOPMENT,,DEVELOPMENT_OR_PRIOR_SEAL,1,2021-11-22,2021-12-07,1
QUIET_PLACEBO_CON_20250509,CON,2025-05-09,2014596,HIGH,,V19_V20_DEVELOPMENT,,DEVELOPMENT_OR_PRIOR_SEAL,1,2025-04-29,2025-05-14,1
QUIET_PLACEBO_COOT_20250731,COOT,2025-07-31,1959994,HIGH,,V19_V20_DEVELOPMENT,,DEVELOPMENT_OR_PRIOR_SEAL,1,2025-07-21,2025-08-05,0
QUIET_PLACEBO_COP_20220610,COP,2022-06-10,1163165,HIGH,,V19_V20_DEVELOPMENT,,DEVELOPMENT_OR_PRIOR_SEAL,1,2022-05-31,2022-06-15,1
QUIET_PLACEBO_CORZ_20250827,CORZ,2025-08-27,1839341,HIGH,,V19_V20_DEVELOPMENT,,DEVELOPMENT_OR_PRIOR_SEAL,1,2025-08-17,2025-09-01,0
QUIET_PLACEBO_COTY_20220824,COTY,2022-08-24,1024305,HIGH,,V19_V20_DEVELOPMENT,,DEVELOPMENT_OR_PRIOR_SEAL,1,2022-08-14,2022-08-29,1
QUIET_PLACEBO_COYA_20240411,COYA,2024-04-11,1835022,HIGH,,V19_V20_DEVELOPMENT,,DEVELOPMENT_OR_PRIOR_SEAL,1,2024-04-01,2024-04-16,1
QUIET_PLACEBO_CPAY_20211223,CPAY,2021-12-23,1175454,HIGH,,V19_V20_DEVELOPMENT,,DEVELOPMENT_OR_PRIOR_SEAL,1,2021-12-13,2021-12-28,1
QUIET_PLACEBO_CPNG_20240517,CPNG,2024-05-17,1834584,HIGH,,V19_V20_DEVELOPMENT,,DEVELOPMENT_OR_PRIOR_SEAL,1,2024-05-07,2024-05-22,1
QUIET_PLACEBO_CPRI_20220830,CPRI,2022-08-30,1530721,HIGH,,V19_V20_DEVELOPMENT,,DEVELOPMENT_OR_PRIOR_SEAL,1,2022-08-20,2022-09-04,1
QUIET_PLACEBO_CPRT_20220328,CPRT,2022-03-28,900075,HIGH,,V19_V20_DEVELOPMENT,,DEVELOPMENT_OR_PRIOR_SEAL,1,2022-03-18,2022-04-02,1
QUIET_PLACEBO_CPRY_20250714,CPRY,2025-07-14,,UNRESOLVED,,V19_V20_DEVELOPMENT,,DEVELOPMENT_OR_PRIOR_SEAL,1,2025-07-04,2025-07-19,0
QUIET_PLACEBO_CPSS_20210810,CPSS,2021-08-10,889609,HIGH,,V19_V20_DEVELOPMENT,,DEVELOPMENT_OR_PRIOR_SEAL,1,2021-07-31,2021-08-15,1
QUIET_PLACEBO_CP_20220125,CP,2022-01-25,16875,HIGH,,V19_V20_DEVELOPMENT,,DEVELOPMENT_OR_PRIOR_SEAL,1,2022-01-15,2022-01-30,1
QUIET_PLACEBO_CRDF_20230726,CRDF,2023-07-26,1213037,HIGH,,V19_V20_DEVELOPMENT,,DEVELOPMENT_OR_PRIOR_SEAL,1,2023-07-16,2023-07-31,1
QUIET_PLACEBO_CRDO_20240125,CRDO,2024-01-25,1807794,HIGH,,V19_V20_DEVELOPMENT,,DEVELOPMENT_OR_PRIOR_SEAL,1,2024-01-15,2024-01-30,1
QUIET_PLACEBO_CREX_20230509,CREX,2023-05-09,1356093,HIGH,,V19_V20_DEVELOPMENT,,DEVELOPMENT_OR_PRIOR_SEAL,1,2023-04-29,2023-05-14,1
QUIET_PLACEBO_CRH_20211011,CRH,2021-10-11,849395,HIGH,,V19_V20_DEVELOPMENT,,DEVELOPMENT_OR_PRIOR_SEAL,1,2021-10-01,2021-10-16,1
QUIET_PLACEBO_CRIS_20211012,CRIS,2021-10-12,1108205,HIGH,,V19_V20_DEVELOPMENT,,DEVELOPMENT_OR_PRIOR_SEAL,1,2021-10-02,2021-10-17,1
QUIET_PLACEBO_CRMT_20210415,CRMT,2021-04-15,799850,HIGH,,V19_V20_DEVELOPMENT,,DEVELOPMENT_OR_PRIOR_SEAL,1,2021-04-05,2021-04-20,1
QUIET_PLACEBO_CRM_20211108,CRM,2021-11-08,1108524,HIGH,,V19_V20_DEVELOPMENT,,DEVELOPMENT_OR_PRIOR_SEAL,1,2021-10-29,2021-11-13,1
QUIET_PLACEBO_CRON_20230329,CRON,2023-03-29,1656472,HIGH,,V19_V20_DEVELOPMENT,,DEVELOPMENT_OR_PRIOR_SEAL,1,2023-03-19,2023-04-03,1
QUIET_PLACEBO_CRSR_20230906,CRSR,2023-09-06,1743759,HIGH,,V19_V20_DEVELOPMENT,,DEVELOPMENT_OR_PRIOR_SEAL,1,2023-08-27,2023-09-11,1
QUIET_PLACEBO_CRVL_20220131,CRVL,2022-01-31,874866,HIGH,,V19_V20_DEVELOPMENT,,DEVELOPMENT_OR_PRIOR_SEAL,1,2022-01-21,2022-02-05,1
QUIET_PLACEBO_CRVO_20221202,CRVO,2022-12-02,1053691,HIGH,,V19_V20_DEVELOPMENT,,DEVELOPMENT_OR_PRIOR_SEAL,1,2022-11-22,2022-12-07,1
QUIET_PLACEBO_CTAS_20220413,CTAS,2022-04-13,723254,HIGH,,V19_V20_DEVELOPMENT,,DEVELOPMENT_OR_PRIOR_SEAL,1,2022-04-03,2022-04-18,1
QUIET_PLACEBO_CTNT_20250923,CTNT,2025-09-23,1951667,HIGH,,V19_V20_DEVELOPMENT,,DEVELOPMENT_OR_PRIOR_SEAL,1,2025-09-13,2025-09-28,0
QUIET_PLACEBO_CTOR_20240207,CTOR,2024-02-07,1851484,HIGH,,V19_V20_DEVELOPMENT,,DEVELOPMENT_OR_PRIOR_SEAL,1,2024-01-28,2024-02-12,1
QUIET_PLACEBO_CTRI_20250415,CTRI,2025-04-15,1981599,HIGH,,V19_V20_DEVELOPMENT,,DEVELOPMENT_OR_PRIOR_SEAL,1,2025-04-05,2025-04-20,1
QUIET_PLACEBO_CTSH_20211112,CTSH,2021-11-12,1058290,HIGH,,V19_V20_DEVELOPMENT,,DEVELOPMENT_OR_PRIOR_SEAL,1,2021-11-02,2021-11-17,1
QUIET_PLACEBO_CTSO_20201016,CTSO,2020-10-16,1175151,HIGH,,V19_V20_DEVELOPMENT,,DEVELOPMENT_OR_PRIOR_SEAL,1,2020-10-06,2020-10-21,1
QUIET_PLACEBO_CTVA_20230324,CTVA,2023-03-24,1755672,HIGH,,V19_V20_DEVELOPMENT,,DEVELOPMENT_OR_PRIOR_SEAL,1,2023-03-14,2023-03-29,1
QUIET_PLACEBO_CTXR_20220228,CTXR,2022-02-28,1506251,HIGH,,V19_V20_DEVELOPMENT,,DEVELOPMENT_OR_PRIOR_SEAL,1,2022-02-18,2022-03-05,1
QUIET_PLACEBO_CUE_20210104,CUE,2021-01-04,1645460,HIGH,,V19_V20_DEVELOPMENT,,DEVELOPMENT_OR_PRIOR_SEAL,1,2020-12-25,2021-01-09,1
QUIET_PLACEBO_CURI_20221220,CURI,2022-12-20,1776909,HIGH,,V19_V20_DEVELOPMENT,,DEVELOPMENT_OR_PRIOR_SEAL,1,2022-12-10,2022-12-25,1
QUIET_PLACEBO_CVRX_20231222,CVRX,2023-12-22,1235912,HIGH,,V19_V20_DEVELOPMENT,,DEVELOPMENT_OR_PRIOR_SEAL,1,2023-12-12,2023-12-27,1
QUIET_PLACEBO_CVS_20211222,CVS,2021-12-22,64803,HIGH,,V19_V20_DEVELOPMENT,,DEVELOPMENT_OR_PRIOR_SEAL,1,2021-12-12,2021-12-27,1
QUIET_PLACEBO_CVX_20220322,CVX,2022-03-22,93410,HIGH,,V19_V20_DEVELOPMENT,,DEVELOPMENT_OR_PRIOR_SEAL,1,2022-03-12,2022-03-27,1
QUIET_PLACEBO_CWD_20240716,CWD,2024-07-16,1627282,HIGH,,V19_V20_DEVELOPMENT,,DEVELOPMENT_OR_PRIOR_SEAL,1,2024-07-06,2024-07-21,1
QUIET_PLACEBO_CXAI_20220419,CXAI,2022-04-19,1820875,HIGH,,V19_V20_DEVELOPMENT,,DEVELOPMENT_OR_PRIOR_SEAL,1,2022-04-09,2022-04-24,1
QUIET_PLACEBO_CXT_20211208,CXT,2021-12-08,25445,HIGH,,V19_V20_DEVELOPMENT,,DEVELOPMENT_OR_PRIOR_SEAL,1,2021-11-28,2021-12-13,1
QUIET_PLACEBO_CYCU_20231114,CYCU,2023-11-14,1868419,HIGH,,V19_V20_DEVELOPMENT,,DEVELOPMENT_OR_PRIOR_SEAL,1,2023-11-04,2023-11-19,1
QUIET_PLACEBO_CZWI_20220429,CZWI,2022-04-29,1367859,HIGH,,V19_V20_DEVELOPMENT,,DEVELOPMENT_OR_PRIOR_SEAL,1,2022-04-19,2022-05-04,1
QUIET_PLACEBO_DAL_20211020,DAL,2021-10-20,27904,HIGH,,V19_V20_DEVELOPMENT,,DEVELOPMENT_OR_PRIOR_SEAL,1,2021-10-10,2021-10-25,1
QUIET_PLACEBO_DARE_20230510,DARE,2023-05-10,1401914,HIGH,,V19_V20_DEVELOPMENT,,DEVELOPMENT_OR_PRIOR_SEAL,1,2023-04-30,2023-05-15,1
QUIET_PLACEBO_DAR_20210910,DAR,2021-09-10,916540,HIGH,,V19_V20_DEVELOPMENT,,DEVELOPMENT_OR_PRIOR_SEAL,1,2021-08-31,2021-09-15,1
QUIET_PLACEBO_DAVA_20220207,DAVA,2022-02-07,1656081,HIGH,,V19_V20_DEVELOPMENT,,DEVELOPMENT_OR_PRIOR_SEAL,1,2022-01-28,2022-02-12,1
QUIET_PLACEBO_DBX_20221122,DBX,2022-11-22,1467623,HIGH,,V19_V20_DEVELOPMENT,,DEVELOPMENT_OR_PRIOR_SEAL,1,2022-11-12,2022-11-27,1
QUIET_PLACEBO_DCH_20220722,DCH,2022-07-22,1062231,HIGH,,V19_V20_DEVELOPMENT,,DEVELOPMENT_OR_PRIOR_SEAL,1,2022-07-12,2022-07-27,1
QUIET_PLACEBO_DCOY_20210930,DCOY,2021-09-30,1615219,HIGH,,V19_V20_DEVELOPMENT,,DEVELOPMENT_OR_PRIOR_SEAL,1,2021-09-20,2021-10-05,1
QUIET_PLACEBO_DDOG_20240118,DDOG,2024-01-18,1561550,HIGH,,V19_V20_DEVELOPMENT,,DEVELOPMENT_OR_PRIOR_SEAL,1,2024-01-08,2024-01-23,1
QUIET_PLACEBO_DD_20220816,DD,2022-08-16,1666700,HIGH,,V19_V20_DEVELOPMENT,,DEVELOPMENT_OR_PRIOR_SEAL,1,2022-08-06,2022-08-21,1
QUIET_PLACEBO_DERM_20250429,DERM,2025-04-29,1867066,HIGH,,V19_V20_DEVELOPMENT,,DEVELOPMENT_OR_PRIOR_SEAL,1,2025-04-19,2025-05-04,1
QUIET_PLACEBO_DEVSF_20230322,DEVSF,2023-03-22,1854480,HIGH,,V19_V20_DEVELOPMENT,,DEVELOPMENT_OR_PRIOR_SEAL,1,2023-03-12,2023-03-27,1
QUIET_PLACEBO_DFSC_20240212,DFSC,2024-02-12,1889823,HIGH,,V19_V20_DEVELOPMENT,,DEVELOPMENT_OR_PRIOR_SEAL,1,2024-02-02,2024-02-17,1
QUIET_PLACEBO_DG_20210809,DG,2021-08-09,29534,HIGH,,V19_V20_DEVELOPMENT,,DEVELOPMENT_OR_PRIOR_SEAL,1,2021-07-30,2021-08-14,1
QUIET_PLACEBO_DHF_20211025,DHF,2021-10-25,1057861,HIGH,,V19_V20_DEVELOPMENT,,DEVELOPMENT_OR_PRIOR_SEAL,1,2021-10-15,2021-10-30,1
QUIET_PLACEBO_DHI_20211223,DHI,2021-12-23,882184,HIGH,,V19_V20_DEVELOPMENT,,DEVELOPMENT_OR_PRIOR_SEAL,1,2021-12-13,2021-12-28,1
QUIET_PLACEBO_DHR_20211011,DHR,2021-10-11,313616,HIGH,,V19_V20_DEVELOPMENT,,DEVELOPMENT_OR_PRIOR_SEAL,1,2021-10-01,2021-10-16,1
QUIET_PLACEBO_DIS_20211102,DIS,2021-11-02,1744489,HIGH,,V19_V20_DEVELOPMENT,,DEVELOPMENT_OR_PRIOR_SEAL,1,2021-10-23,2021-11-07,1
QUIET_PLACEBO_DJT_20230703,DJT,2023-07-03,1849635,HIGH,,V19_V20_DEVELOPMENT,,DEVELOPMENT_OR_PRIOR_SEAL,1,2023-06-23,2023-07-08,1
QUIET_PLACEBO_DKL_20220324,DKL,2022-03-24,1552797,HIGH,,V19_V20_DEVELOPMENT,,DEVELOPMENT_OR_PRIOR_SEAL,1,2022-03-14,2022-03-29,1
QUIET_PLACEBO_DLHC_20230425,DLHC,2023-04-25,785557,HIGH,,V19_V20_DEVELOPMENT,,DEVELOPMENT_OR_PRIOR_SEAL,1,2023-04-15,2023-04-30,1
QUIET_PLACEBO_DLPN_20221130,DLPN,2022-11-30,1282224,HIGH,,V19_V20_DEVELOPMENT,,DEVELOPMENT_OR_PRIOR_SEAL,1,2022-11-20,2022-12-05,1
QUIET_PLACEBO_DLR_20211027,DLR,2021-10-27,1297996,HIGH,,V19_V20_DEVELOPMENT,,DEVELOPMENT_OR_PRIOR_SEAL,1,2021-10-17,2021-11-01,1
QUIET_PLACEBO_DMX_20250904,DMX,2025-09-04,,UNRESOLVED,,V19_V20_DEVELOPMENT,,DEVELOPMENT_OR_PRIOR_SEAL,1,2025-08-25,2025-09-09,0
QUIET_PLACEBO_DOCS_20240621,DOCS,2024-06-21,1516513,HIGH,,V19_V20_DEVELOPMENT,,DEVELOPMENT_OR_PRIOR_SEAL,1,2024-06-11,2024-06-26,1
QUIET_PLACEBO_DOGZ_20210701,DOGZ,2021-07-01,1707303,HIGH,,V19_V20_DEVELOPMENT,,DEVELOPMENT_OR_PRIOR_SEAL,1,2021-06-21,2021-07-06,1
QUIET_PLACEBO_DOV_20211228,DOV,2021-12-28,29905,HIGH,,V19_V20_DEVELOPMENT,,DEVELOPMENT_OR_PRIOR_SEAL,1,2021-12-18,2022-01-02,1
QUIET_PLACEBO_DPG_20220105,DPG,2022-01-05,1515671,HIGH,,V19_V20_DEVELOPMENT,,DEVELOPMENT_OR_PRIOR_SEAL,1,2021-12-26,2022-01-10,1
QUIET_PLACEBO_DPU_20231011,DPU,2023-10-11,1938865,HIGH,,V19_V20_DEVELOPMENT,,DEVELOPMENT_OR_PRIOR_SEAL,1,2023-10-01,2023-10-16,1
QUIET_PLACEBO_DQ_20230425,DQ,2023-04-25,1477641,HIGH,,V19_V20_DEVELOPMENT,,DEVELOPMENT_OR_PRIOR_SEAL,1,2023-04-15,2023-04-30,1
QUIET_PLACEBO_DRTS_20240802,DRTS,2024-08-02,1871321,HIGH,,V19_V20_DEVELOPMENT,,DEVELOPMENT_OR_PRIOR_SEAL,1,2024-07-23,2024-08-07,1
QUIET_PLACEBO_DSGN_20231128,DSGN,2023-11-28,1807120,HIGH,,V19_V20_DEVELOPMENT,,DEVELOPMENT_OR_PRIOR_SEAL,1,2023-11-18,2023-12-03,1
QUIET_PLACEBO_DTE_20211216,DTE,2021-12-16,936340,HIGH,,V19_V20_DEVELOPMENT,,DEVELOPMENT_OR_PRIOR_SEAL,1,2021-12-06,2021-12-21,1
QUIET_PLACEBO_DTF_20210903,DTF,2021-09-03,879535,HIGH,,V19_V20_DEVELOPMENT,,DEVELOPMENT_OR_PRIOR_SEAL,1,2021-08-24,2021-09-08,1
QUIET_PLACEBO_DTSQ_20251007,DTSQ,2025-10-07,2017950,HIGH,,V19_V20_DEVELOPMENT,,DEVELOPMENT_OR_PRIOR_SEAL,1,2025-09-27,2025-10-12,0
QUIET_PLACEBO_DTW_20220110,DTW,2022-01-10,936340,HIGH,,V19_V20_DEVELOPMENT,,DEVELOPMENT_OR_PRIOR_SEAL,1,2021-12-31,2022-01-15,1
QUIET_PLACEBO_DT_20231009,DT,2023-10-09,1773383,HIGH,,V19_V20_DEVELOPMENT,,DEVELOPMENT_OR_PRIOR_SEAL,1,2023-09-29,2023-10-14,1
QUIET_PLACEBO_DUK_20211227,DUK,2021-12-27,1326160,HIGH,,V19_V20_DEVELOPMENT,,DEVELOPMENT_OR_PRIOR_SEAL,1,2021-12-17,2022-01-01,1
QUIET_PLACEBO_DULL_20241015,DULL,2024-10-15,927971,HIGH,,V19_V20_DEVELOPMENT,,DEVELOPMENT_OR_PRIOR_SEAL,1,2024-10-05,2024-10-20,1
QUIET_PLACEBO_DVLT_20211018,DVLT,2021-10-18,1682149,HIGH,,V19_V20_DEVELOPMENT,,DEVELOPMENT_OR_PRIOR_SEAL,1,2021-10-08,2021-10-23,1
QUIET_PLACEBO_DV_20240322,DV,2024-03-22,1819928,HIGH,,V19_V20_DEVELOPMENT,,DEVELOPMENT_OR_PRIOR_SEAL,1,2024-03-12,2024-03-27,1
QUIET_PLACEBO_DWSN_20211021,DWSN,2021-10-21,799165,HIGH,,V19_V20_DEVELOPMENT,,DEVELOPMENT_OR_PRIOR_SEAL,1,2021-10-11,2021-10-26,1
QUIET_PLACEBO_DXCM_20220330,DXCM,2022-03-30,1093557,HIGH,,V19_V20_DEVELOPMENT,,DEVELOPMENT_OR_PRIOR_SEAL,1,2022-03-20,2022-04-04,1
QUIET_PLACEBO_DXC_20211027,DXC,2021-10-27,1688568,HIGH,,V19_V20_DEVELOPMENT,,DEVELOPMENT_OR_PRIOR_SEAL,1,2021-10-17,2021-11-01,1
QUIET_PLACEBO_DXST_20250828,DXST,2025-08-28,1958133,HIGH,,V19_V20_DEVELOPMENT,,DEVELOPMENT_OR_PRIOR_SEAL,1,2025-08-18,2025-09-02,0
QUIET_PLACEBO_DYAI_20211223,DYAI,2021-12-23,1213809,HIGH,,V19_V20_DEVELOPMENT,,DEVELOPMENT_OR_PRIOR_SEAL,1,2021-12-13,2021-12-28,1
QUIET_PLACEBO_EAF_20210728,EAF,2021-07-28,931148,HIGH,,V19_V20_DEVELOPMENT,,DEVELOPMENT_OR_PRIOR_SEAL,1,2021-07-18,2021-08-02,1
QUIET_PLACEBO_EA_20220526,EA,2022-05-26,712515,HIGH,,V19_V20_DEVELOPMENT,,DEVELOPMENT_OR_PRIOR_SEAL,1,2022-05-16,2022-05-31,1
QUIET_PLACEBO_EBAY_20211208,EBAY,2021-12-08,1065088,HIGH,,V19_V20_DEVELOPMENT,,DEVELOPMENT_OR_PRIOR_SEAL,1,2021-11-28,2021-12-13,1
QUIET_PLACEBO_EBF_20220301,EBF,2022-03-01,33002,HIGH,,V19_V20_DEVELOPMENT,,DEVELOPMENT_OR_PRIOR_SEAL,1,2022-02-19,2022-03-06,1
QUIET_PLACEBO_EBON_20240705,EBON,2024-07-05,1799290,HIGH,,V19_V20_DEVELOPMENT,,DEVELOPMENT_OR_PRIOR_SEAL,1,2024-06-25,2024-07-10,1
QUIET_PLACEBO_EBS_20200207,EBS,2020-02-07,1367644,HIGH,,V19_V20_DEVELOPMENT,,DEVELOPMENT_OR_PRIOR_SEAL,1,2020-01-28,2020-02-12,0
QUIET_PLACEBO_ECCV_20240122,ECCV,2024-01-22,1604174,HIGH,,V19_V20_DEVELOPMENT,,DEVELOPMENT_OR_PRIOR_SEAL,1,2024-01-12,2024-01-27,1
QUIET_PLACEBO_ECL_20211201,ECL,2021-12-01,31462,HIGH,,V19_V20_DEVELOPMENT,,DEVELOPMENT_OR_PRIOR_SEAL,1,2021-11-21,2021-12-06,1
QUIET_PLACEBO_ECOR_20230907,ECOR,2023-09-07,1560258,HIGH,,V19_V20_DEVELOPMENT,,DEVELOPMENT_OR_PRIOR_SEAL,1,2023-08-28,2023-09-12,1
QUIET_PLACEBO_EDGF_20250701,EDGF,2025-07-01,,UNRESOLVED,,V19_V20_DEVELOPMENT,,DEVELOPMENT_OR_PRIOR_SEAL,1,2025-06-21,2025-07-06,0
QUIET_PLACEBO_EDRY_20230905,EDRY,2023-09-05,1731388,HIGH,,V19_V20_DEVELOPMENT,,DEVELOPMENT_OR_PRIOR_SEAL,1,2023-08-26,2023-09-10,1
QUIET_PLACEBO_EFSCP_20240628,EFSCP,2024-06-28,1025835,HIGH,,V19_V20_DEVELOPMENT,,DEVELOPMENT_OR_PRIOR_SEAL,1,2024-06-18,2024-07-03,1
QUIET_PLACEBO_EGAN_20220407,EGAN,2022-04-07,1066194,HIGH,,V19_V20_DEVELOPMENT,,DEVELOPMENT_OR_PRIOR_SEAL,1,2022-03-28,2022-04-12,1
QUIET_PLACEBO_ELAN_20220706,ELAN,2022-07-06,1739104,HIGH,,V19_V20_DEVELOPMENT,,DEVELOPMENT_OR_PRIOR_SEAL,1,2022-06-26,2022-07-11,1
QUIET_PLACEBO_ELVA_20240829,ELVA,2024-08-29,1844450,HIGH,,V19_V20_DEVELOPMENT,,DEVELOPMENT_OR_PRIOR_SEAL,1,2024-08-19,2024-09-03,1
QUIET_PLACEBO_ELV_20211231,ELV,2021-12-31,1156039,HIGH,,V19_V20_DEVELOPMENT,,DEVELOPMENT_OR_PRIOR_SEAL,1,2021-12-21,2022-01-05,1
QUIET_PLACEBO_EMD_20211109,EMD,2021-11-09,1227862,HIGH,,V19_V20_DEVELOPMENT,,DEVELOPMENT_OR_PRIOR_SEAL,1,2021-10-30,2021-11-14,1
QUIET_PLACEBO_EML_20220308,EML,2022-03-08,31107,HIGH,,V19_V20_DEVELOPMENT,,DEVELOPMENT_OR_PRIOR_SEAL,1,2022-02-26,2022-03-13,1
QUIET_PLACEBO_EMR_20220216,EMR,2022-02-16,32604,HIGH,,V19_V20_DEVELOPMENT,,DEVELOPMENT_OR_PRIOR_SEAL,1,2022-02-06,2022-02-21,1
QUIET_PLACEBO_ENGN_20241101,ENGN,2024-11-01,1980845,HIGH,,V19_V20_DEVELOPMENT,,DEVELOPMENT_OR_PRIOR_SEAL,1,2024-10-22,2024-11-06,1
QUIET_PLACEBO_ENLT_20240717,ENLT,2024-07-17,1922641,HIGH,,V19_V20_DEVELOPMENT,,DEVELOPMENT_OR_PRIOR_SEAL,1,2024-07-07,2024-07-22,1
QUIET_PLACEBO_ENOV_20220118,ENOV,2022-01-18,1420800,HIGH,,V19_V20_DEVELOPMENT,,DEVELOPMENT_OR_PRIOR_SEAL,1,2022-01-08,2022-01-23,1
QUIET_PLACEBO_ENSC_20201117,ENSC,2020-11-17,1716947,HIGH,,V19_V20_DEVELOPMENT,,DEVELOPMENT_OR_PRIOR_SEAL,1,2020-11-07,2020-11-22,1
QUIET_PLACEBO_ENTG_20210816,ENTG,2021-08-16,1101302,HIGH,,V19_V20_DEVELOPMENT,,DEVELOPMENT_OR_PRIOR_SEAL,1,2021-08-06,2021-08-21,1
QUIET_PLACEBO_EOG_20221123,EOG,2022-11-23,821189,HIGH,,V19_V20_DEVELOPMENT,,DEVELOPMENT_OR_PRIOR_SEAL,1,2022-11-13,2022-11-28,1
QUIET_PLACEBO_EOS_20211027,EOS,2021-10-27,1308335,HIGH,,V19_V20_DEVELOPMENT,,DEVELOPMENT_OR_PRIOR_SEAL,1,2021-10-17,2021-11-01,1
QUIET_PLACEBO_EPOW_20240105,EPOW,2024-01-05,1780731,HIGH,,V19_V20_DEVELOPMENT,,DEVELOPMENT_OR_PRIOR_SEAL,1,2023-12-26,2024-01-10,1
QUIET_PLACEBO_EQT_20230727,EQT,2023-07-27,33213,HIGH,,V19_V20_DEVELOPMENT,,DEVELOPMENT_OR_PRIOR_SEAL,1,2023-07-17,2023-08-01,1
QUIET_PLACEBO_ERNA_20230510,ERNA,2023-05-10,748592,HIGH,,V19_V20_DEVELOPMENT,,DEVELOPMENT_OR_PRIOR_SEAL,1,2023-04-30,2023-05-15,1
QUIET_PLACEBO_ESAB_20240307,ESAB,2024-03-07,1877322,HIGH,,V19_V20_DEVELOPMENT,,DEVELOPMENT_OR_PRIOR_SEAL,1,2024-02-26,2024-03-12,1
QUIET_PLACEBO_ESE_20211229,ESE,2021-12-29,866706,HIGH,,V19_V20_DEVELOPMENT,,DEVELOPMENT_OR_PRIOR_SEAL,1,2021-12-19,2022-01-03,1
QUIET_PLACEBO_ETR_20220113,ETR,2022-01-13,65984,HIGH,,V19_V20_DEVELOPMENT,,DEVELOPMENT_OR_PRIOR_SEAL,1,2022-01-03,2022-01-18,1
QUIET_PLACEBO_ETSY_20211230,ETSY,2021-12-30,1370637,HIGH,,V19_V20_DEVELOPMENT,,DEVELOPMENT_OR_PRIOR_SEAL,1,2021-12-20,2022-01-04,1
QUIET_PLACEBO_ETU_20250923,ETU,2025-09-23,,UNRESOLVED,,V19_V20_DEVELOPMENT,,DEVELOPMENT_OR_PRIOR_SEAL,1,2025-09-13,2025-09-28,0
QUIET_PLACEBO_EVEX-WS_20240424,EVEX-WS,2024-04-24,,UNRESOLVED,,V19_V20_DEVELOPMENT,,DEVELOPMENT_OR_PRIOR_SEAL,1,2024-04-14,2024-04-29,1
QUIET_PLACEBO_EVF_20220120,EVF,2022-01-20,1070732,HIGH,,V19_V20_DEVELOPMENT,,DEVELOPMENT_OR_PRIOR_SEAL,1,2022-01-10,2022-01-25,1
QUIET_PLACEBO_EVGN_20210813,EVGN,2021-08-13,1574565,HIGH,,V19_V20_DEVELOPMENT,,DEVELOPMENT_OR_PRIOR_SEAL,1,2021-08-03,2021-08-18,1
QUIET_PLACEBO_EVH_20220615,EVH,2022-06-15,1628908,HIGH,,V19_V20_DEVELOPMENT,,DEVELOPMENT_OR_PRIOR_SEAL,1,2022-06-05,2022-06-20,1
QUIET_PLACEBO_EVN_20211215,EVN,2021-12-15,1074540,HIGH,,V19_V20_DEVELOPMENT,,DEVELOPMENT_OR_PRIOR_SEAL,1,2021-12-05,2021-12-20,1
QUIET_PLACEBO_EXC_20211206,EXC,2021-12-06,1109357,HIGH,,V19_V20_DEVELOPMENT,,DEVELOPMENT_OR_PRIOR_SEAL,1,2021-11-26,2021-12-11,1
QUIET_PLACEBO_EXFY_20240516,EXFY,2024-05-16,1476840,HIGH,,V19_V20_DEVELOPMENT,,DEVELOPMENT_OR_PRIOR_SEAL,1,2024-05-06,2024-05-21,1
QUIET_PLACEBO_EXPE_20210920,EXPE,2021-09-20,1324424,HIGH,,V19_V20_DEVELOPMENT,,DEVELOPMENT_OR_PRIOR_SEAL,1,2021-09-10,2021-09-25,1
QUIET_PLACEBO_E_20220524,E,2022-05-24,1002242,HIGH,,V19_V20_DEVELOPMENT,,DEVELOPMENT_OR_PRIOR_SEAL,1,2022-05-14,2022-05-29,1
QUIET_PLACEBO_FAF_20211006,FAF,2021-10-06,1472787,HIGH,,V19_V20_DEVELOPMENT,,DEVELOPMENT_OR_PRIOR_SEAL,1,2021-09-26,2021-10-11,1
QUIET_PLACEBO_FAMI_20210827,FAMI,2021-08-27,1701261,HIGH,,V19_V20_DEVELOPMENT,,DEVELOPMENT_OR_PRIOR_SEAL,1,2021-08-17,2021-09-01,1
QUIET_PLACEBO_FANG_20230411,FANG,2023-04-11,1539838,HIGH,,V19_V20_DEVELOPMENT,,DEVELOPMENT_OR_PRIOR_SEAL,1,2023-04-01,2023-04-16,1
QUIET_PLACEBO_FAST_20220330,FAST,2022-03-30,815556,HIGH,,V19_V20_DEVELOPMENT,,DEVELOPMENT_OR_PRIOR_SEAL,1,2022-03-20,2022-04-04,1
QUIET_PLACEBO_FBIN_20211104,FBIN,2021-11-04,1519751,HIGH,,V19_V20_DEVELOPMENT,,DEVELOPMENT_OR_PRIOR_SEAL,1,2021-10-25,2021-11-09,1
QUIET_PLACEBO_FBLG_20251023,FBLG,2025-10-23,1958777,HIGH,,V19_V20_DEVELOPMENT,,DEVELOPMENT_OR_PRIOR_SEAL,1,2025-10-13,2025-10-28,0
QUIET_PLACEBO_FBRX_20220830,FBRX,2022-08-30,1419041,HIGH,,V19_V20_DEVELOPMENT,,DEVELOPMENT_OR_PRIOR_SEAL,1,2022-08-20,2022-09-04,1
QUIET_PLACEBO_FCFS_20220608,FCFS,2022-06-08,840489,HIGH,,V19_V20_DEVELOPMENT,,DEVELOPMENT_OR_PRIOR_SEAL,1,2022-05-29,2022-06-13,1
QUIET_PLACEBO_FCUV_20231205,FCUV,2023-12-05,1590418,HIGH,,V19_V20_DEVELOPMENT,,DEVELOPMENT_OR_PRIOR_SEAL,1,2023-11-25,2023-12-10,1
QUIET_PLACEBO_FCX_20220414,FCX,2022-04-14,831259,HIGH,,V19_V20_DEVELOPMENT,,DEVELOPMENT_OR_PRIOR_SEAL,1,2022-04-04,2022-04-19,1
QUIET_PLACEBO_FDIQ_20211123,FDIQ,2021-11-23,,UNRESOLVED,,V19_V20_DEVELOPMENT,,DEVELOPMENT_OR_PRIOR_SEAL,1,2021-11-13,2021-11-28,1
QUIET_PLACEBO_FDS_20211117,FDS,2021-11-17,1013237,HIGH,,V19_V20_DEVELOPMENT,,DEVELOPMENT_OR_PRIOR_SEAL,1,2021-11-07,2021-11-22,1
QUIET_PLACEBO_FDX_20220408,FDX,2022-04-08,1048911,HIGH,,V19_V20_DEVELOPMENT,,DEVELOPMENT_OR_PRIOR_SEAL,1,2022-03-29,2022-04-13,1
QUIET_PLACEBO_FEAM_20240530,FEAM,2024-05-30,1888654,HIGH,,V19_V20_DEVELOPMENT,,DEVELOPMENT_OR_PRIOR_SEAL,1,2024-05-20,2024-06-04,1
QUIET_PLACEBO_FEBO_20250904,FEBO,2025-09-04,1957001,HIGH,,V19_V20_DEVELOPMENT,,DEVELOPMENT_OR_PRIOR_SEAL,1,2025-08-25,2025-09-09,0
QUIET_PLACEBO_FEED_20200219,FEED,2020-02-19,1326706,HIGH,,V19_V20_DEVELOPMENT,,DEVELOPMENT_OR_PRIOR_SEAL,1,2020-02-09,2020-02-24,0
QUIET_PLACEBO_FFIV_20211115,FFIV,2021-11-15,1048695,HIGH,,V19_V20_DEVELOPMENT,,DEVELOPMENT_OR_PRIOR_SEAL,1,2021-11-05,2021-11-20,1
QUIET_PLACEBO_FGL_20250507,FGL,2025-05-07,1989930,HIGH,,V19_V20_DEVELOPMENT,,DEVELOPMENT_OR_PRIOR_SEAL,1,2025-04-27,2025-05-12,1
QUIET_PLACEBO_FHEQ_20250415,FHEQ,2025-04-15,,UNRESOLVED,,V19_V20_DEVELOPMENT,,DEVELOPMENT_OR_PRIOR_SEAL,1,2025-04-05,2025-04-20,1
QUIET_PLACEBO_FIRY_20240913,FIRY,2024-09-13,1801661,HIGH,,V19_V20_DEVELOPMENT,,DEVELOPMENT_OR_PRIOR_SEAL,1,2024-09-03,2024-09-18,1
QUIET_PLACEBO_FISK_20210119,FISK,2021-01-19,1553079,HIGH,,V19_V20_DEVELOPMENT,,DEVELOPMENT_OR_PRIOR_SEAL,1,2021-01-09,2021-01-24,1
QUIET_PLACEBO_FIVE_20210929,FIVE,2021-09-29,1177609,HIGH,,V19_V20_DEVELOPMENT,,DEVELOPMENT_OR_PRIOR_SEAL,1,2021-09-19,2021-10-04,1
QUIET_PLACEBO_FIXT_20251208,FIXT,2025-12-08,,UNRESOLVED,,V19_V20_DEVELOPMENT,,DEVELOPMENT_OR_PRIOR_SEAL,1,2025-11-28,2025-12-13,0
QUIET_PLACEBO_FIX_20210825,FIX,2021-08-25,1035983,HIGH,,V19_V20_DEVELOPMENT,,DEVELOPMENT_OR_PRIOR_SEAL,1,2021-08-15,2021-08-30,1
QUIET_PLACEBO_FLNT_20210812,FLNT,2021-08-12,1460329,HIGH,,V19_V20_DEVELOPMENT,,DEVELOPMENT_OR_PRIOR_SEAL,1,2021-08-02,2021-08-17,1
QUIET_PLACEBO_FLUX_20230623,FLUX,2023-06-23,1083743,HIGH,,V19_V20_DEVELOPMENT,,DEVELOPMENT_OR_PRIOR_SEAL,1,2023-06-13,2023-06-28,1
QUIET_PLACEBO_FLYD_20240729,FLYD,2024-07-29,927971,HIGH,,V19_V20_DEVELOPMENT,,DEVELOPMENT_OR_PRIOR_SEAL,1,2024-07-19,2024-08-03,1
QUIET_PLACEBO_FLYU_20240708,FLYU,2024-07-08,927971,HIGH,,V19_V20_DEVELOPMENT,,DEVELOPMENT_OR_PRIOR_SEAL,1,2024-06-28,2024-07-13,1
QUIET_PLACEBO_FMN_20211124,FMN,2021-11-24,1199004,HIGH,,V19_V20_DEVELOPMENT,,DEVELOPMENT_OR_PRIOR_SEAL,1,2021-11-14,2021-11-29,1
QUIET_PLACEBO_FMS_20210923,FMS,2021-09-23,1333141,HIGH,,V19_V20_DEVELOPMENT,,DEVELOPMENT_OR_PRIOR_SEAL,1,2021-09-13,2021-09-28,1
QUIET_PLACEBO_FNLC_20220420,FNLC,2022-04-20,765207,HIGH,,V19_V20_DEVELOPMENT,,DEVELOPMENT_OR_PRIOR_SEAL,1,2022-04-10,2022-04-25,1
QUIET_PLACEBO_FOX_20221202,FOX,2022-12-02,1754301,HIGH,,V19_V20_DEVELOPMENT,,DEVELOPMENT_OR_PRIOR_SEAL,1,2022-11-22,2022-12-07,1
QUIET_PLACEBO_FPH_20210924,FPH,2021-09-24,1574197,HIGH,,V19_V20_DEVELOPMENT,,DEVELOPMENT_OR_PRIOR_SEAL,1,2021-09-14,2021-09-29,1
QUIET_PLACEBO_FPWR_20230406,FPWR,2023-04-06,,UNRESOLVED,,V19_V20_DEVELOPMENT,,DEVELOPMENT_OR_PRIOR_SEAL,1,2023-03-27,2023-04-11,1
QUIET_PLACEBO_FRGT_20180731,FRGT,2018-07-31,1687542,HIGH,,V19_V20_DEVELOPMENT,,DEVELOPMENT_OR_PRIOR_SEAL,1,2018-07-21,2018-08-05,0
QUIET_PLACEBO_FRMM_20210108,FRMM,2021-01-08,1690080,HIGH,,V19_V20_DEVELOPMENT,,DEVELOPMENT_OR_PRIOR_SEAL,1,2020-12-29,2021-01-13,1
QUIET_PLACEBO_FRO_20220420,FRO,2022-04-20,913290,HIGH,,V19_V20_DEVELOPMENT,,DEVELOPMENT_OR_PRIOR_SEAL,1,2022-04-10,2022-04-25,1
QUIET_PLACEBO_FSLR_20210727,FSLR,2021-07-27,1274494,HIGH,,V19_V20_DEVELOPMENT,,DEVELOPMENT_OR_PRIOR_SEAL,1,2021-07-17,2021-08-01,1
QUIET_PLACEBO_FSTR_20220105,FSTR,2022-01-05,352825,HIGH,,V19_V20_DEVELOPMENT,,DEVELOPMENT_OR_PRIOR_SEAL,1,2021-12-26,2022-01-10,1
QUIET_PLACEBO_FSUN_20250530,FSUN,2025-05-30,1709442,HIGH,,V19_V20_DEVELOPMENT,,DEVELOPMENT_OR_PRIOR_SEAL,1,2025-05-20,2025-06-04,1
QUIET_PLACEBO_FTAI_20210222,FTAI,2021-02-22,1590364,HIGH,,V19_V20_DEVELOPMENT,,DEVELOPMENT_OR_PRIOR_SEAL,1,2021-02-12,2021-02-27,1
QUIET_PLACEBO_FTHM_20221031,FTHM,2022-10-31,1753162,HIGH,,V19_V20_DEVELOPMENT,,DEVELOPMENT_OR_PRIOR_SEAL,1,2022-10-21,2022-11-05,1
QUIET_PLACEBO_FTI_20221227,FTI,2022-12-27,1681459,HIGH,,V19_V20_DEVELOPMENT,,DEVELOPMENT_OR_PRIOR_SEAL,1,2022-12-17,2023-01-01,1
QUIET_PLACEBO_FTLF_20241015,FTLF,2024-10-15,1374328,HIGH,,V19_V20_DEVELOPMENT,,DEVELOPMENT_OR_PRIOR_SEAL,1,2024-10-05,2024-10-20,1
QUIET_PLACEBO_FTNT_20211118,FTNT,2021-11-18,1262039,HIGH,,V19_V20_DEVELOPMENT,,DEVELOPMENT_OR_PRIOR_SEAL,1,2021-11-08,2021-11-23,1
QUIET_PLACEBO_FT_20211230,FT,2021-12-30,833040,HIGH,,V19_V20_DEVELOPMENT,,DEVELOPMENT_OR_PRIOR_SEAL,1,2021-12-20,2022-01-04,1
QUIET_PLACEBO_FUND_20211216,FUND,2021-12-16,825202,HIGH,,V19_V20_DEVELOPMENT,,DEVELOPMENT_OR_PRIOR_SEAL,1,2021-12-06,2021-12-21,1
QUIET_PLACEBO_FVCB_20220907,FVCB,2022-09-07,1675644,HIGH,,V19_V20_DEVELOPMENT,,DEVELOPMENT_OR_PRIOR_SEAL,1,2022-08-28,2022-09-12,1
QUIET_PLACEBO_FWONA_20220328,FWONA,2022-03-28,1560385,HIGH,,V19_V20_DEVELOPMENT,,DEVELOPMENT_OR_PRIOR_SEAL,1,2022-03-18,2022-04-02,1
QUIET_PLACEBO_FWRG_20231218,FWRG,2023-12-18,1789940,HIGH,,V19_V20_DEVELOPMENT,,DEVELOPMENT_OR_PRIOR_SEAL,1,2023-12-08,2023-12-23,1
QUIET_PLACEBO_FXHO_20230126,FXHO,2023-01-26,1789299,HIGH,,V19_V20_DEVELOPMENT,,DEVELOPMENT_OR_PRIOR_SEAL,1,2023-01-16,2023-01-31,1
QUIET_PLACEBO_GALT_20210914,GALT,2021-09-14,1133416,HIGH,,V19_V20_DEVELOPMENT,,DEVELOPMENT_OR_PRIOR_SEAL,1,2021-09-04,2021-09-19,1
QUIET_PLACEBO_GAME_20240708,GAME,2024-07-08,1714562,HIGH,,V19_V20_DEVELOPMENT,,DEVELOPMENT_OR_PRIOR_SEAL,1,2024-06-28,2024-07-13,1
QUIET_PLACEBO_GARP_20240624,GARP,2024-06-24,,UNRESOLVED,,V19_V20_DEVELOPMENT,,DEVELOPMENT_OR_PRIOR_SEAL,1,2024-06-14,2024-06-29,1
QUIET_PLACEBO_GBDC_20220131,GBDC,2022-01-31,1476765,HIGH,,V19_V20_DEVELOPMENT,,DEVELOPMENT_OR_PRIOR_SEAL,1,2022-01-21,2022-02-05,1
QUIET_PLACEBO_GBFH_20251021,GBFH,2025-10-21,1791145,HIGH,,V19_V20_DEVELOPMENT,,DEVELOPMENT_OR_PRIOR_SEAL,1,2025-10-11,2025-10-26,0
QUIET_PLACEBO_GCAL_20250623,GCAL,2025-06-23,,UNRESOLVED,,V19_V20_DEVELOPMENT,,DEVELOPMENT_OR_PRIOR_SEAL,1,2025-06-13,2025-06-28,1
QUIET_PLACEBO_GCTS-WS_20250311,GCTS-WS,2025-03-11,,UNRESOLVED,,V19_V20_DEVELOPMENT,,DEVELOPMENT_OR_PRIOR_SEAL,1,2025-03-01,2025-03-16,1
QUIET_PLACEBO_GDC_20200219,GDC,2020-02-19,1641398,HIGH,,V19_V20_DEVELOPMENT,,DEVELOPMENT_OR_PRIOR_SEAL,1,2020-02-09,2020-02-24,0
QUIET_PLACEBO_GDHG_20251006,GDHG,2025-10-06,1928340,HIGH,,V19_V20_DEVELOPMENT,,DEVELOPMENT_OR_PRIOR_SEAL,1,2025-09-26,2025-10-11,0
QUIET_PLACEBO_GDL_20211028,GDL,2021-10-28,1378701,HIGH,,V19_V20_DEVELOPMENT,,DEVELOPMENT_OR_PRIOR_SEAL,1,2021-10-18,2021-11-02,1
QUIET_PLACEBO_GDTC_20240919,GDTC,2024-09-19,1873093,HIGH,,V19_V20_DEVELOPMENT,,DEVELOPMENT_OR_PRIOR_SEAL,1,2024-09-09,2024-09-24,1
QUIET_PLACEBO_GDYN_20231107,GDYN,2023-11-07,1743725,HIGH,,V19_V20_DEVELOPMENT,,DEVELOPMENT_OR_PRIOR_SEAL,1,2023-10-28,2023-11-12,1
QUIET_PLACEBO_GD_20220408,GD,2022-04-08,40533,HIGH,,V19_V20_DEVELOPMENT,,DEVELOPMENT_OR_PRIOR_SEAL,1,2022-03-29,2022-04-13,1
QUIET_PLACEBO_GECCH_20250411,GECCH,2025-04-11,1675033,HIGH,,V19_V20_DEVELOPMENT,,DEVELOPMENT_OR_PRIOR_SEAL,1,2025-04-01,2025-04-16,1
QUIET_PLACEBO_GEO_20210824,GEO,2021-08-24,923796,HIGH,,V19_V20_DEVELOPMENT,,DEVELOPMENT_OR_PRIOR_SEAL,1,2021-08-14,2021-08-29,1
QUIET_PLACEBO_GETY_20240730,GETY,2024-07-30,1898496,HIGH,,V19_V20_DEVELOPMENT,,DEVELOPMENT_OR_PRIOR_SEAL,1,2024-07-20,2024-08-04,1
QUIET_PLACEBO_GEV_20250328,GEV,2025-03-28,1996810,HIGH,,V19_V20_DEVELOPMENT,,DEVELOPMENT_OR_PRIOR_SEAL,1,2025-03-18,2025-04-02,1
QUIET_PLACEBO_GE_20220701,GE,2022-07-01,40545,HIGH,,V19_V20_DEVELOPMENT,,DEVELOPMENT_OR_PRIOR_SEAL,1,2022-06-21,2022-07-06,1
QUIET_PLACEBO_GF_20210729,GF,2021-07-29,858706,HIGH,,V19_V20_DEVELOPMENT,,DEVELOPMENT_OR_PRIOR_SEAL,1,2021-07-19,2021-08-03,1
QUIET_PLACEBO_GHM_20210714,GHM,2021-07-14,716314,HIGH,,V19_V20_DEVELOPMENT,,DEVELOPMENT_OR_PRIOR_SEAL,1,2021-07-04,2021-07-19,1
QUIET_PLACEBO_GILD_20211227,GILD,2021-12-27,882095,HIGH,,V19_V20_DEVELOPMENT,,DEVELOPMENT_OR_PRIOR_SEAL,1,2021-12-17,2022-01-01,1
QUIET_PLACEBO_GLBS_20230830,GLBS,2023-08-30,1499780,HIGH,,V19_V20_DEVELOPMENT,,DEVELOPMENT_OR_PRIOR_SEAL,1,2023-08-20,2023-09-04,1
QUIET_PLACEBO_GLOB_20211019,GLOB,2021-10-19,1557860,HIGH,,V19_V20_DEVELOPMENT,,DEVELOPMENT_OR_PRIOR_SEAL,1,2021-10-09,2021-10-24,1
QUIET_PLACEBO_GME_20210923,GME,2021-09-23,1326380,HIGH,,V19_V20_DEVELOPMENT,,DEVELOPMENT_OR_PRIOR_SEAL,1,2021-09-13,2021-09-28,1
QUIET_PLACEBO_GMM_20250605,GMM,2025-06-05,1913749,HIGH,,V19_V20_DEVELOPMENT,,DEVELOPMENT_OR_PRIOR_SEAL,1,2025-05-26,2025-06-10,1
QUIET_PLACEBO_GM_20211206,GM,2021-12-06,1467858,HIGH,,V19_V20_DEVELOPMENT,,DEVELOPMENT_OR_PRIOR_SEAL,1,2021-11-26,2021-12-11,1
QUIET_PLACEBO_GNPX_20210614,GNPX,2021-06-14,1595248,HIGH,,V19_V20_DEVELOPMENT,,DEVELOPMENT_OR_PRIOR_SEAL,1,2021-06-04,2021-06-19,1
QUIET_PLACEBO_GNTA_20240112,GNTA,2024-01-12,1838716,HIGH,,V19_V20_DEVELOPMENT,,DEVELOPMENT_OR_PRIOR_SEAL,1,2024-01-02,2024-01-17,1
QUIET_PLACEBO_GOOGL_20210907,GOOGL,2021-09-07,1652044,HIGH,,V19_V20_DEVELOPMENT,,DEVELOPMENT_OR_PRIOR_SEAL,1,2021-08-28,2021-09-12,1
QUIET_PLACEBO_GOOG_20210909,GOOG,2021-09-09,1652044,HIGH,,V19_V20_DEVELOPMENT,,DEVELOPMENT_OR_PRIOR_SEAL,1,2021-08-30,2021-09-14,1
QUIET_PLACEBO_GOVX_20230712,GOVX,2023-07-12,832489,HIGH,,V19_V20_DEVELOPMENT,,DEVELOPMENT_OR_PRIOR_SEAL,1,2023-07-02,2023-07-17,1
QUIET_PLACEBO_GPN_20211012,GPN,2021-10-12,1123360,HIGH,,V19_V20_DEVELOPMENT,,DEVELOPMENT_OR_PRIOR_SEAL,1,2021-10-02,2021-10-17,1
QUIET_PLACEBO_GREEL_20230920,GREEL,2023-09-20,1844971,HIGH,,V19_V20_DEVELOPMENT,,DEVELOPMENT_OR_PRIOR_SEAL,1,2023-09-10,2023-09-25,1
QUIET_PLACEBO_GRI_20240819,GRI,2024-08-19,1824293,HIGH,,V19_V20_DEVELOPMENT,,DEVELOPMENT_OR_PRIOR_SEAL,1,2024-08-09,2024-08-24,1
QUIET_PLACEBO_GRNQ_20230523,GRNQ,2023-05-23,1597846,HIGH,,V19_V20_DEVELOPMENT,,DEVELOPMENT_OR_PRIOR_SEAL,1,2023-05-13,2023-05-28,1
QUIET_PLACEBO_GSAT_20230828,GSAT,2023-08-28,1366868,HIGH,,V19_V20_DEVELOPMENT,,DEVELOPMENT_OR_PRIOR_SEAL,1,2023-08-18,2023-09-02,1
QUIET_PLACEBO_GSIW_20240709,GSIW,2024-07-09,1954269,HIGH,,V19_V20_DEVELOPMENT,,DEVELOPMENT_OR_PRIOR_SEAL,1,2024-06-29,2024-07-14,1
QUIET_PLACEBO_GSM_20231017,GSM,2023-10-17,1639877,HIGH,,V19_V20_DEVELOPMENT,,DEVELOPMENT_OR_PRIOR_SEAL,1,2023-10-07,2023-10-22,1
QUIET_PLACEBO_GSUN_20250528,GSUN,2025-05-28,1826376,HIGH,,V19_V20_DEVELOPMENT,,DEVELOPMENT_OR_PRIOR_SEAL,1,2025-05-18,2025-06-02,1
QUIET_PLACEBO_GS_20220210,GS,2022-02-10,886982,HIGH,,V19_V20_DEVELOPMENT,,DEVELOPMENT_OR_PRIOR_SEAL,1,2022-01-31,2022-02-15,1
QUIET_PLACEBO_GTBP_20240306,GTBP,2024-03-06,109657,HIGH,,V19_V20_DEVELOPMENT,,DEVELOPMENT_OR_PRIOR_SEAL,1,2024-02-25,2024-03-11,1
QUIET_PLACEBO_GTLB_20240913,GTLB,2024-09-13,1653482,HIGH,,V19_V20_DEVELOPMENT,,DEVELOPMENT_OR_PRIOR_SEAL,1,2024-09-03,2024-09-18,1
QUIET_PLACEBO_GTN-A_20210511,GTN-A,2021-05-11,43196,HIGH,,V19_V20_DEVELOPMENT,,DEVELOPMENT_OR_PRIOR_SEAL,1,2021-05-01,2021-05-16,1
QUIET_PLACEBO_GTN_20210428,GTN,2021-04-28,43196,HIGH,,V19_V20_DEVELOPMENT,,DEVELOPMENT_OR_PRIOR_SEAL,1,2021-04-18,2021-05-03,1
QUIET_PLACEBO_GTY_20220201,GTY,2022-02-01,1052752,HIGH,,V19_V20_DEVELOPMENT,,DEVELOPMENT_OR_PRIOR_SEAL,1,2022-01-22,2022-02-06,1
QUIET_PLACEBO_GURE_20201223,GURE,2020-12-23,885462,HIGH,,V19_V20_DEVELOPMENT,,DEVELOPMENT_OR_PRIOR_SEAL,1,2020-12-13,2020-12-28,1
QUIET_PLACEBO_GVH_20241216,GVH,2024-12-16,1978527,HIGH,,V19_V20_DEVELOPMENT,,DEVELOPMENT_OR_PRIOR_SEAL,1,2024-12-06,2024-12-21,1
QUIET_PLACEBO_GWH_20210713,GWH,2021-07-13,1819438,HIGH,,V19_V20_DEVELOPMENT,,DEVELOPMENT_OR_PRIOR_SEAL,1,2021-07-03,2021-07-18,1
QUIET_PLACEBO_HAIN_20210317,HAIN,2021-03-17,910406,HIGH,,V19_V20_DEVELOPMENT,,DEVELOPMENT_OR_PRIOR_SEAL,1,2021-03-07,2021-03-22,1
QUIET_PLACEBO_HBT_20230523,HBT,2023-05-23,775215,HIGH,,V19_V20_DEVELOPMENT,,DEVELOPMENT_OR_PRIOR_SEAL,1,2023-05-13,2023-05-28,1
QUIET_PLACEBO_HCAT_20211229,HCAT,2021-12-29,1636422,HIGH,,V19_V20_DEVELOPMENT,,DEVELOPMENT_OR_PRIOR_SEAL,1,2021-12-19,2022-01-03,1
QUIET_PLACEBO_HCA_20211231,HCA,2021-12-31,860730,HIGH,,V19_V20_DEVELOPMENT,,DEVELOPMENT_OR_PRIOR_SEAL,1,2021-12-21,2022-01-05,1
QUIET_PLACEBO_HCTI_20231113,HCTI,2023-11-13,1839285,HIGH,,V19_V20_DEVELOPMENT,,DEVELOPMENT_OR_PRIOR_SEAL,1,2023-11-03,2023-11-18,1
QUIET_PLACEBO_HDSN_20240321,HDSN,2024-03-21,925528,HIGH,,V19_V20_DEVELOPMENT,,DEVELOPMENT_OR_PRIOR_SEAL,1,2024-03-11,2024-03-26,1
QUIET_PLACEBO_HD_20211119,HD,2021-11-19,354950,HIGH,,V19_V20_DEVELOPMENT,,DEVELOPMENT_OR_PRIOR_SEAL,1,2021-11-09,2021-11-24,1
QUIET_PLACEBO_HERE_20240909,HERE,2024-09-09,1932770,HIGH,,V19_V20_DEVELOPMENT,,DEVELOPMENT_OR_PRIOR_SEAL,1,2024-08-30,2024-09-14,1
QUIET_PLACEBO_HFRO_20220214,HFRO,2022-02-14,1710680,HIGH,,V19_V20_DEVELOPMENT,,DEVELOPMENT_OR_PRIOR_SEAL,1,2022-02-04,2022-02-19,1
QUIET_PLACEBO_HGLB_20220810,HGLB,2022-08-10,1622148,HIGH,,V19_V20_DEVELOPMENT,,DEVELOPMENT_OR_PRIOR_SEAL,1,2022-07-31,2022-08-15,1
QUIET_PLACEBO_HIG_20220427,HIG,2022-04-27,874766,HIGH,,V19_V20_DEVELOPMENT,,DEVELOPMENT_OR_PRIOR_SEAL,1,2022-04-17,2022-05-02,1
QUIET_PLACEBO_HIMU_20250814,HIMU,2025-08-14,,UNRESOLVED,,V19_V20_DEVELOPMENT,,DEVELOPMENT_OR_PRIOR_SEAL,1,2025-08-04,2025-08-19,0
QUIET_PLACEBO_HLF_20210120,HLF,2021-01-20,1180262,HIGH,,V19_V20_DEVELOPMENT,,DEVELOPMENT_OR_PRIOR_SEAL,1,2021-01-10,2021-01-25,1
QUIET_PLACEBO_HLP_20250110,HLP,2025-01-10,1855557,HIGH,,V19_V20_DEVELOPMENT,,DEVELOPMENT_OR_PRIOR_SEAL,1,2024-12-31,2025-01-15,1
QUIET_PLACEBO_HLT_20220412,HLT,2022-04-12,1585689,HIGH,,V19_V20_DEVELOPMENT,,DEVELOPMENT_OR_PRIOR_SEAL,1,2022-04-02,2022-04-17,1
QUIET_PLACEBO_HOG_20211124,HOG,2021-11-24,793952,HIGH,,V19_V20_DEVELOPMENT,,DEVELOPMENT_OR_PRIOR_SEAL,1,2021-11-14,2021-11-29,1
QUIET_PLACEBO_HPE_20211231,HPE,2021-12-31,1645590,HIGH,,V19_V20_DEVELOPMENT,,DEVELOPMENT_OR_PRIOR_SEAL,1,2021-12-21,2022-01-05,1
QUIET_PLACEBO_HRB_20220217,HRB,2022-02-17,12659,HIGH,,V19_V20_DEVELOPMENT,,DEVELOPMENT_OR_PRIOR_SEAL,1,2022-02-07,2022-02-22,1
QUIET_PLACEBO_HRMY_20240207,HRMY,2024-02-07,1802665,HIGH,,V19_V20_DEVELOPMENT,,DEVELOPMENT_OR_PRIOR_SEAL,1,2024-01-28,2024-02-12,1
QUIET_PLACEBO_HSAI_20240909,HSAI,2024-09-09,1861737,HIGH,,V19_V20_DEVELOPMENT,,DEVELOPMENT_OR_PRIOR_SEAL,1,2024-08-30,2024-09-14,1
QUIET_PLACEBO_HSCS_20250516,HSCS,2025-05-16,1468492,HIGH,,V19_V20_DEVELOPMENT,,DEVELOPMENT_OR_PRIOR_SEAL,1,2025-05-06,2025-05-21,1
QUIET_PLACEBO_HSHP_20241017,HSHP,2024-10-17,1959455,HIGH,,V19_V20_DEVELOPMENT,,DEVELOPMENT_OR_PRIOR_SEAL,1,2024-10-07,2024-10-22,1
QUIET_PLACEBO_HST_20220315,HST,2022-03-15,1070750,HIGH,,V19_V20_DEVELOPMENT,,DEVELOPMENT_OR_PRIOR_SEAL,1,2022-03-05,2022-03-20,1
QUIET_PLACEBO_HTCO_20240320,HTCO,2024-03-20,1928948,HIGH,,V19_V20_DEVELOPMENT,,DEVELOPMENT_OR_PRIOR_SEAL,1,2024-03-10,2024-03-25,1
QUIET_PLACEBO_HTGC_20211110,HTGC,2021-11-10,1280784,HIGH,,V19_V20_DEVELOPMENT,,DEVELOPMENT_OR_PRIOR_SEAL,1,2021-10-31,2021-11-15,1
QUIET_PLACEBO_HUBC_20250610,HUBC,2025-06-10,1905660,HIGH,,V19_V20_DEVELOPMENT,,DEVELOPMENT_OR_PRIOR_SEAL,1,2025-05-31,2025-06-15,1
QUIET_PLACEBO_HUBG_20211110,HUBG,2021-11-10,940942,HIGH,,V19_V20_DEVELOPMENT,,DEVELOPMENT_OR_PRIOR_SEAL,1,2021-10-31,2021-11-15,1
QUIET_PLACEBO_HUBS_20211022,HUBS,2021-10-22,1404655,HIGH,,V19_V20_DEVELOPMENT,,DEVELOPMENT_OR_PRIOR_SEAL,1,2021-10-12,2021-10-27,1
QUIET_PLACEBO_HUN_20220106,HUN,2022-01-06,1307954,HIGH,,V19_V20_DEVELOPMENT,,DEVELOPMENT_OR_PRIOR_SEAL,1,2021-12-27,2022-01-11,1
QUIET_PLACEBO_HUT_20250529,HUT,2025-05-29,1964789,HIGH,,V19_V20_DEVELOPMENT,,DEVELOPMENT_OR_PRIOR_SEAL,1,2025-05-19,2025-06-03,1
QUIET_PLACEBO_HWBK_20220511,HWBK,2022-05-11,893847,HIGH,,V19_V20_DEVELOPMENT,,DEVELOPMENT_OR_PRIOR_SEAL,1,2022-05-01,2022-05-16,1
QUIET_PLACEBO_HWKN_20220407,HWKN,2022-04-07,46250,HIGH,,V19_V20_DEVELOPMENT,,DEVELOPMENT_OR_PRIOR_SEAL,1,2022-03-28,2022-04-12,1
QUIET_PLACEBO_HYFT_20221201,HYFT,2022-12-01,1715925,HIGH,,V19_V20_DEVELOPMENT,,DEVELOPMENT_OR_PRIOR_SEAL,1,2022-11-21,2022-12-06,1
QUIET_PLACEBO_HYPD_20210311,HYPD,2021-03-11,1682639,HIGH,,V19_V20_DEVELOPMENT,,DEVELOPMENT_OR_PRIOR_SEAL,1,2021-03-01,2021-03-16,1
QUIET_PLACEBO_HYSD_20250908,HYSD,2025-09-08,,UNRESOLVED,,V19_V20_DEVELOPMENT,,DEVELOPMENT_OR_PRIOR_SEAL,1,2025-08-29,2025-09-13,0
QUIET_PLACEBO_IBKR_20230213,IBKR,2023-02-13,1381197,HIGH,,V19_V20_DEVELOPMENT,,DEVELOPMENT_OR_PRIOR_SEAL,1,2023-02-03,2023-02-18,1
QUIET_PLACEBO_IBN_20220831,IBN,2022-08-31,1103838,HIGH,,V19_V20_DEVELOPMENT,,DEVELOPMENT_OR_PRIOR_SEAL,1,2022-08-21,2022-09-05,1
QUIET_PLACEBO_IBTA_20250425,IBTA,2025-04-25,1538379,HIGH,,V19_V20_DEVELOPMENT,,DEVELOPMENT_OR_PRIOR_SEAL,1,2025-04-15,2025-04-30,1
QUIET_PLACEBO_ICG_20240823,ICG,2024-08-23,1895597,HIGH,,V19_V20_DEVELOPMENT,,DEVELOPMENT_OR_PRIOR_SEAL,1,2024-08-13,2024-08-28,1
QUIET_PLACEBO_ICU_20220121,ICU,2022-01-21,1831868,HIGH,,V19_V20_DEVELOPMENT,,DEVELOPMENT_OR_PRIOR_SEAL,1,2022-01-11,2022-01-26,1
QUIET_PLACEBO_IDAI_20240701,IDAI,2024-07-01,1718939,HIGH,,V19_V20_DEVELOPMENT,,DEVELOPMENT_OR_PRIOR_SEAL,1,2024-06-21,2024-07-06,1
QUIET_PLACEBO_IDXX_20211018,IDXX,2021-10-18,874716,HIGH,,V19_V20_DEVELOPMENT,,DEVELOPMENT_OR_PRIOR_SEAL,1,2021-10-08,2021-10-23,1
QUIET_PLACEBO_IEP_20211111,IEP,2021-11-11,813762,HIGH,,V19_V20_DEVELOPMENT,,DEVELOPMENT_OR_PRIOR_SEAL,1,2021-11-01,2021-11-16,1
QUIET_PLACEBO_IFLN_20220203,IFLN,2022-02-03,,UNRESOLVED,,V19_V20_DEVELOPMENT,,DEVELOPMENT_OR_PRIOR_SEAL,1,2022-01-24,2022-02-08,1
QUIET_PLACEBO_IFRX_20201013,IFRX,2020-10-13,1708688,HIGH,,V19_V20_DEVELOPMENT,,DEVELOPMENT_OR_PRIOR_SEAL,1,2020-10-03,2020-10-18,1
QUIET_PLACEBO_IHT_20230817,IHT,2023-08-17,82473,HIGH,,V19_V20_DEVELOPMENT,,DEVELOPMENT_OR_PRIOR_SEAL,1,2023-08-07,2023-08-22,1
QUIET_PLACEBO_IKT_20211221,IKT,2021-12-21,1750149,HIGH,,V19_V20_DEVELOPMENT,,DEVELOPMENT_OR_PRIOR_SEAL,1,2021-12-11,2021-12-26,1
QUIET_PLACEBO_ILOW_20250424,ILOW,2025-04-24,,UNRESOLVED,,V19_V20_DEVELOPMENT,,DEVELOPMENT_OR_PRIOR_SEAL,1,2025-04-14,2025-04-29,1
QUIET_PLACEBO_IMAX_20220629,IMAX,2022-06-29,921582,HIGH,,V19_V20_DEVELOPMENT,,DEVELOPMENT_OR_PRIOR_SEAL,1,2022-06-19,2022-07-04,1
QUIET_PLACEBO_IMAY_20250417,IMAY,2025-04-17,,UNRESOLVED,,V19_V20_DEVELOPMENT,,DEVELOPMENT_OR_PRIOR_SEAL,1,2025-04-07,2025-04-22,1
QUIET_PLACEBO_IMCC_20230208,IMCC,2023-02-08,1792030,HIGH,,V19_V20_DEVELOPMENT,,DEVELOPMENT_OR_PRIOR_SEAL,1,2023-01-29,2023-02-13,1
QUIET_PLACEBO_IMRN_20240612,IMRN,2024-06-12,1660046,HIGH,,V19_V20_DEVELOPMENT,,DEVELOPMENT_OR_PRIOR_SEAL,1,2024-06-02,2024-06-17,1
QUIET_PLACEBO_IMST_20250930,IMST,2025-09-30,,UNRESOLVED,,V19_V20_DEVELOPMENT,,DEVELOPMENT_OR_PRIOR_SEAL,1,2025-09-20,2025-10-05,0
QUIET_PLACEBO_INBS_20241209,INBS,2024-12-09,1725430,HIGH,,V19_V20_DEVELOPMENT,,DEVELOPMENT_OR_PRIOR_SEAL,1,2024-11-29,2024-12-14,1
QUIET_PLACEBO_INDO_20230814,INDO,2023-08-14,1757840,HIGH,,V19_V20_DEVELOPMENT,,DEVELOPMENT_OR_PRIOR_SEAL,1,2023-08-04,2023-08-19,1
QUIET_PLACEBO_INDP_20230821,INDP,2023-08-21,1857044,HIGH,,V19_V20_DEVELOPMENT,,DEVELOPMENT_OR_PRIOR_SEAL,1,2023-08-11,2023-08-26,1
QUIET_PLACEBO_INEO_20251002,INEO,2025-10-02,1933951,HIGH,,V19_V20_DEVELOPMENT,,DEVELOPMENT_OR_PRIOR_SEAL,1,2025-09-22,2025-10-07,0
QUIET_PLACEBO_INEQ_20250613,INEQ,2025-06-13,,UNRESOLVED,,V19_V20_DEVELOPMENT,,DEVELOPMENT_OR_PRIOR_SEAL,1,2025-06-03,2025-06-18,1
QUIET_PLACEBO_INLF_20250723,INLF,2025-07-23,1991592,HIGH,,V19_V20_DEVELOPMENT,,DEVELOPMENT_OR_PRIOR_SEAL,1,2025-07-13,2025-07-28,0
QUIET_PLACEBO_INM_20250403,INM,2025-04-03,1728328,HIGH,,V19_V20_DEVELOPMENT,,DEVELOPMENT_OR_PRIOR_SEAL,1,2025-03-24,2025-04-08,1
QUIET_PLACEBO_INO_20190906,INO,2019-09-06,1055726,HIGH,,V19_V20_DEVELOPMENT,,DEVELOPMENT_OR_PRIOR_SEAL,1,2019-08-27,2019-09-11,0
QUIET_PLACEBO_INSM_20230524,INSM,2023-05-24,1104506,HIGH,,V19_V20_DEVELOPMENT,,DEVELOPMENT_OR_PRIOR_SEAL,1,2023-05-14,2023-05-29,1
QUIET_PLACEBO_INTU_20211012,INTU,2021-10-12,896878,HIGH,,V19_V20_DEVELOPMENT,,DEVELOPMENT_OR_PRIOR_SEAL,1,2021-10-02,2021-10-17,1
QUIET_PLACEBO_INTZ_20240118,INTZ,2024-01-18,736012,HIGH,,V19_V20_DEVELOPMENT,,DEVELOPMENT_OR_PRIOR_SEAL,1,2024-01-08,2024-01-23,1
QUIET_PLACEBO_INVZ_20211001,INVZ,2021-10-01,1835654,HIGH,,V19_V20_DEVELOPMENT,,DEVELOPMENT_OR_PRIOR_SEAL,1,2021-09-21,2021-10-06,1
QUIET_PLACEBO_IONQ-WS_20240322,IONQ-WS,2024-03-22,,UNRESOLVED,,V19_V20_DEVELOPMENT,,DEVELOPMENT_OR_PRIOR_SEAL,1,2024-03-12,2024-03-27,1
QUIET_PLACEBO_IOT_20240924,IOT,2024-09-24,1642896,HIGH,,V19_V20_DEVELOPMENT,,DEVELOPMENT_OR_PRIOR_SEAL,1,2024-09-14,2024-09-29,1
QUIET_PLACEBO_IPWR_20230817,IPWR,2023-08-17,1507957,HIGH,,V19_V20_DEVELOPMENT,,DEVELOPMENT_OR_PRIOR_SEAL,1,2023-08-07,2023-08-22,1
QUIET_PLACEBO_IPW_20231206,IPW,2023-12-06,1830072,HIGH,,V19_V20_DEVELOPMENT,,DEVELOPMENT_OR_PRIOR_SEAL,1,2023-11-26,2023-12-11,1
QUIET_PLACEBO_IP_20220119,IP,2022-01-19,51434,HIGH,,V19_V20_DEVELOPMENT,,DEVELOPMENT_OR_PRIOR_SEAL,1,2022-01-09,2022-01-24,1
QUIET_PLACEBO_IRTC_20211227,IRTC,2021-12-27,1388658,HIGH,,V19_V20_DEVELOPMENT,,DEVELOPMENT_OR_PRIOR_SEAL,1,2021-12-17,2022-01-01,1
QUIET_PLACEBO_ISPC_20230131,ISPC,2023-01-31,1558569,HIGH,,V19_V20_DEVELOPMENT,,DEVELOPMENT_OR_PRIOR_SEAL,1,2023-01-21,2023-02-05,1
QUIET_PLACEBO_ISRG_20211223,ISRG,2021-12-23,1035267,HIGH,,V19_V20_DEVELOPMENT,,DEVELOPMENT_OR_PRIOR_SEAL,1,2021-12-13,2021-12-28,1
QUIET_PLACEBO_ISTM_20250227,ISTM,2025-02-27,,UNRESOLVED,,V19_V20_DEVELOPMENT,,DEVELOPMENT_OR_PRIOR_SEAL,1,2025-02-17,2025-03-04,1
QUIET_PLACEBO_JAKK_20240508,JAKK,2024-05-08,1009829,HIGH,,V19_V20_DEVELOPMENT,,DEVELOPMENT_OR_PRIOR_SEAL,1,2024-04-28,2024-05-13,1
QUIET_PLACEBO_JAZZ_20211223,JAZZ,2021-12-23,1232524,HIGH,,V19_V20_DEVELOPMENT,,DEVELOPMENT_OR_PRIOR_SEAL,1,2021-12-13,2021-12-28,1
QUIET_PLACEBO_JBIO_20241129,JBIO,2024-11-29,1798749,HIGH,,V19_V20_DEVELOPMENT,,DEVELOPMENT_OR_PRIOR_SEAL,1,2024-11-19,2024-12-04,1
QUIET_PLACEBO_JCTC_20220527,JCTC,2022-05-27,885307,HIGH,,V19_V20_DEVELOPMENT,,DEVELOPMENT_OR_PRIOR_SEAL,1,2022-05-17,2022-06-01,1
QUIET_PLACEBO_JFU_20240222,JFU,2024-02-22,1619544,HIGH,,V19_V20_DEVELOPMENT,,DEVELOPMENT_OR_PRIOR_SEAL,1,2024-02-12,2024-02-27,1
QUIET_PLACEBO_JTAI_20250610,JTAI,2025-06-10,1861622,HIGH,,V19_V20_DEVELOPMENT,,DEVELOPMENT_OR_PRIOR_SEAL,1,2025-05-31,2025-06-15,1
QUIET_PLACEBO_JZXN_20220818,JZXN,2022-08-18,1816172,HIGH,,V19_V20_DEVELOPMENT,,DEVELOPMENT_OR_PRIOR_SEAL,1,2022-08-08,2022-08-23,1
QUIET_PLACEBO_KG_20211124,KG,2021-11-24,2055116,LOW,,V19_V20_DEVELOPMENT,,DEVELOPMENT_OR_PRIOR_SEAL,1,2021-11-14,2021-11-29,1
QUIET_PLACEBO_KHC_20220324,KHC,2022-03-24,1637459,HIGH,,V19_V20_DEVELOPMENT,,DEVELOPMENT_OR_PRIOR_SEAL,1,2022-03-14,2022-03-29,1
QUIET_PLACEBO_KLAC_20211026,KLAC,2021-10-26,319201,HIGH,,V19_V20_DEVELOPMENT,,DEVELOPMENT_OR_PRIOR_SEAL,1,2021-10-16,2021-10-31,1
QUIET_PLACEBO_KLIC_20220420,KLIC,2022-04-20,56978,HIGH,,V19_V20_DEVELOPMENT,,DEVELOPMENT_OR_PRIOR_SEAL,1,2022-04-10,2022-04-25,1
QUIET_PLACEBO_KLRS_20221206,KLRS,2022-12-06,1754068,HIGH,,V19_V20_DEVELOPMENT,,DEVELOPMENT_OR_PRIOR_SEAL,1,2022-11-26,2022-12-11,1
QUIET_PLACEBO_KOSS_20230103,KOSS,2023-01-03,56701,HIGH,,V19_V20_DEVELOPMENT,,DEVELOPMENT_OR_PRIOR_SEAL,1,2022-12-24,2023-01-08,1
QUIET_PLACEBO_KPTI_20200727,KPTI,2020-07-27,1503802,HIGH,,V19_V20_DEVELOPMENT,,DEVELOPMENT_OR_PRIOR_SEAL,1,2020-07-17,2020-08-01,1
QUIET_PLACEBO_KSCP_20231222,KSCP,2023-12-22,1600983,HIGH,,V19_V20_DEVELOPMENT,,DEVELOPMENT_OR_PRIOR_SEAL,1,2023-12-12,2023-12-27,1
QUIET_PLACEBO_KTTA_20240125,KTTA,2024-01-25,1841330,HIGH,,V19_V20_DEVELOPMENT,,DEVELOPMENT_OR_PRIOR_SEAL,1,2024-01-15,2024-01-30,1
QUIET_PLACEBO_KUST_20220407,KUST,2022-04-07,1342958,HIGH,,V19_V20_DEVELOPMENT,,DEVELOPMENT_OR_PRIOR_SEAL,1,2022-03-28,2022-04-12,1
QUIET_PLACEBO_KVAWF_20250411,KVAWF,2025-04-11,,UNRESOLVED,,V19_V20_DEVELOPMENT,,DEVELOPMENT_OR_PRIOR_SEAL,1,2025-04-01,2025-04-16,1
QUIET_PLACEBO_KVHI_20211012,KVHI,2021-10-12,1007587,HIGH,,V19_V20_DEVELOPMENT,,DEVELOPMENT_OR_PRIOR_SEAL,1,2021-10-02,2021-10-17,1
QUIET_PLACEBO_LCFY_20231219,LCFY,2023-12-19,1875547,HIGH,,V19_V20_DEVELOPMENT,,DEVELOPMENT_OR_PRIOR_SEAL,1,2023-12-09,2023-12-24,1
QUIET_PLACEBO_LESL_20220914,LESL,2022-09-14,1821806,HIGH,,V19_V20_DEVELOPMENT,,DEVELOPMENT_OR_PRIOR_SEAL,1,2022-09-04,2022-09-19,1
QUIET_PLACEBO_LFMD_20240909,LFMD,2024-09-09,948320,HIGH,,V19_V20_DEVELOPMENT,,DEVELOPMENT_OR_PRIOR_SEAL,1,2024-08-30,2024-09-14,1
QUIET_PLACEBO_LFVN_20210330,LFVN,2021-03-30,849146,HIGH,,V19_V20_DEVELOPMENT,,DEVELOPMENT_OR_PRIOR_SEAL,1,2021-03-20,2021-04-04,1
QUIET_PLACEBO_LGHL_20211021,LGHL,2021-10-21,1806524,HIGH,,V19_V20_DEVELOPMENT,,DEVELOPMENT_OR_PRIOR_SEAL,1,2021-10-11,2021-10-26,1
QUIET_PLACEBO_LGO_20230104,LGO,2023-01-04,1400438,HIGH,,V19_V20_DEVELOPMENT,,DEVELOPMENT_OR_PRIOR_SEAL,1,2022-12-25,2023-01-09,1
QUIET_PLACEBO_LICN_20250725,LICN,2025-07-25,1876766,HIGH,,V19_V20_DEVELOPMENT,,DEVELOPMENT_OR_PRIOR_SEAL,1,2025-07-15,2025-07-30,0
QUIET_PLACEBO_LIDR_20210707,LIDR,2021-07-07,1818644,HIGH,,V19_V20_DEVELOPMENT,,DEVELOPMENT_OR_PRIOR_SEAL,1,2021-06-27,2021-07-12,1
QUIET_PLACEBO_LILA_20211111,LILA,2021-11-11,1712184,HIGH,,V19_V20_DEVELOPMENT,,DEVELOPMENT_OR_PRIOR_SEAL,1,2021-11-01,2021-11-16,1
QUIET_PLACEBO_LIN_20220909,LIN,2022-09-09,1707925,HIGH,,V19_V20_DEVELOPMENT,,DEVELOPMENT_OR_PRIOR_SEAL,1,2022-08-30,2022-09-14,1
QUIET_PLACEBO_LNZA_20221011,LNZA,2022-10-11,1843724,HIGH,,V19_V20_DEVELOPMENT,,DEVELOPMENT_OR_PRIOR_SEAL,1,2022-10-01,2022-10-16,1
QUIET_PLACEBO_LOBO_20250225,LOBO,2025-02-25,1932072,HIGH,,V19_V20_DEVELOPMENT,,DEVELOPMENT_OR_PRIOR_SEAL,1,2025-02-15,2025-03-02,1
QUIET_PLACEBO_LOCO_20220119,LOCO,2022-01-19,1606366,HIGH,,V19_V20_DEVELOPMENT,,DEVELOPMENT_OR_PRIOR_SEAL,1,2022-01-09,2022-01-24,1
QUIET_PLACEBO_LOOP_20210409,LOOP,2021-04-09,1504678,HIGH,,V19_V20_DEVELOPMENT,,DEVELOPMENT_OR_PRIOR_SEAL,1,2021-03-30,2021-04-14,1
QUIET_PLACEBO_LRCX_20211029,LRCX,2021-10-29,707549,HIGH,,V19_V20_DEVELOPMENT,,DEVELOPMENT_OR_PRIOR_SEAL,1,2021-10-19,2021-11-03,1
QUIET_PLACEBO_LSE_20251013,LSE,2025-10-13,1985139,HIGH,,V19_V20_DEVELOPMENT,,DEVELOPMENT_OR_PRIOR_SEAL,1,2025-10-03,2025-10-18,0
QUIET_PLACEBO_LSTA_20211123,LSTA,2021-11-23,320017,HIGH,,V19_V20_DEVELOPMENT,,DEVELOPMENT_OR_PRIOR_SEAL,1,2021-11-13,2021-11-28,1
QUIET_PLACEBO_LTRN_20220606,LTRN,2022-06-06,1763950,HIGH,,V19_V20_DEVELOPMENT,,DEVELOPMENT_OR_PRIOR_SEAL,1,2022-05-27,2022-06-11,1
QUIET_PLACEBO_LUNG_20230413,LUNG,2023-04-13,1127537,HIGH,,V19_V20_DEVELOPMENT,,DEVELOPMENT_OR_PRIOR_SEAL,1,2023-04-03,2023-04-18,1
QUIET_PLACEBO_LVLU_20240214,LVLU,2024-02-14,1780201,HIGH,,V19_V20_DEVELOPMENT,,DEVELOPMENT_OR_PRIOR_SEAL,1,2024-02-04,2024-02-19,1
QUIET_PLACEBO_LYEL_20241209,LYEL,2024-12-09,1806952,HIGH,,V19_V20_DEVELOPMENT,,DEVELOPMENT_OR_PRIOR_SEAL,1,2024-11-29,2024-12-14,1
QUIET_PLACEBO_LYFT_20230324,LYFT,2023-03-24,1759509,HIGH,,V19_V20_DEVELOPMENT,,DEVELOPMENT_OR_PRIOR_SEAL,1,2023-03-14,2023-03-29,1
QUIET_PLACEBO_LZ_20240502,LZ,2024-05-02,1286139,HIGH,,V19_V20_DEVELOPMENT,,DEVELOPMENT_OR_PRIOR_SEAL,1,2024-04-22,2024-05-07,1
QUIET_PLACEBO_MAMO_20250509,MAMO,2025-05-09,1952853,HIGH,,V19_V20_DEVELOPMENT,,DEVELOPMENT_OR_PRIOR_SEAL,1,2025-04-29,2025-05-14,1
QUIET_PLACEBO_MARA_20250128,MARA,2025-01-28,1507605,HIGH,,V19_V20_DEVELOPMENT,,DEVELOPMENT_OR_PRIOR_SEAL,1,2025-01-18,2025-02-02,1
QUIET_PLACEBO_MARPS_20230801,MARPS,2023-08-01,62362,HIGH,,V19_V20_DEVELOPMENT,,DEVELOPMENT_OR_PRIOR_SEAL,1,2023-07-22,2023-08-06,1
QUIET_PLACEBO_MASI_20210719,MASI,2021-07-19,937556,HIGH,,V19_V20_DEVELOPMENT,,DEVELOPMENT_OR_PRIOR_SEAL,1,2021-07-09,2021-07-24,1
QUIET_PLACEBO_MBINL_20250718,MBINL,2025-07-18,1629019,HIGH,,V19_V20_DEVELOPMENT,,DEVELOPMENT_OR_PRIOR_SEAL,1,2025-07-08,2025-07-23,0
QUIET_PLACEBO_MBIO_20210603,MBIO,2021-06-03,1680048,HIGH,,V19_V20_DEVELOPMENT,,DEVELOPMENT_OR_PRIOR_SEAL,1,2021-05-24,2021-06-08,1
QUIET_PLACEBO_MBUU_20220527,MBUU,2022-05-27,1590976,HIGH,,V19_V20_DEVELOPMENT,,DEVELOPMENT_OR_PRIOR_SEAL,1,2022-05-17,2022-06-01,1
QUIET_PLACEBO_MB_20251010,MB,2025-10-10,2027265,HIGH,,V19_V20_DEVELOPMENT,,DEVELOPMENT_OR_PRIOR_SEAL,1,2025-09-30,2025-10-15,0
QUIET_PLACEBO_MCHPP_20250918,MCHPP,2025-09-18,827054,HIGH,,V19_V20_DEVELOPMENT,,DEVELOPMENT_OR_PRIOR_SEAL,1,2025-09-08,2025-09-23,0
QUIET_PLACEBO_MCHP_20211019,MCHP,2021-10-19,827054,HIGH,,V19_V20_DEVELOPMENT,,DEVELOPMENT_OR_PRIOR_SEAL,1,2021-10-09,2021-10-24,1
QUIET_PLACEBO_MDIA_20250219,MDIA,2025-02-19,1784254,HIGH,,V19_V20_DEVELOPMENT,,DEVELOPMENT_OR_PRIOR_SEAL,1,2025-02-09,2025-02-24,1
QUIET_PLACEBO_MDLZ_20211029,MDLZ,2021-10-29,1103982,HIGH,,V19_V20_DEVELOPMENT,,DEVELOPMENT_OR_PRIOR_SEAL,1,2021-10-19,2021-11-03,1
QUIET_PLACEBO_MESO_20210908,MESO,2021-09-08,1345099,HIGH,,V19_V20_DEVELOPMENT,,DEVELOPMENT_OR_PRIOR_SEAL,1,2021-08-29,2021-09-13,1
QUIET_PLACEBO_METCB_20240731,METCB,2024-07-31,1687187,HIGH,,V19_V20_DEVELOPMENT,,DEVELOPMENT_OR_PRIOR_SEAL,1,2024-07-21,2024-08-05,1
QUIET_PLACEBO_MFIN_20230125,MFIN,2023-01-25,1000209,HIGH,,V19_V20_DEVELOPMENT,,DEVELOPMENT_OR_PRIOR_SEAL,1,2023-01-15,2023-01-30,1
QUIET_PLACEBO_MF_20250509,MF,2025-05-09,1888525,HIGH,,V19_V20_DEVELOPMENT,,DEVELOPMENT_OR_PRIOR_SEAL,1,2025-04-29,2025-05-14,1
QUIET_PLACEBO_MGRX_20250115,MGRX,2025-01-15,1938046,HIGH,,V19_V20_DEVELOPMENT,,DEVELOPMENT_OR_PRIOR_SEAL,1,2025-01-05,2025-01-20,1
QUIET_PLACEBO_MIRA_20251006,MIRA,2025-10-06,1904286,HIGH,,V19_V20_DEVELOPMENT,,DEVELOPMENT_OR_PRIOR_SEAL,1,2025-09-26,2025-10-11,0
QUIET_PLACEBO_MIST_20220815,MIST,2022-08-15,1408443,HIGH,,V19_V20_DEVELOPMENT,,DEVELOPMENT_OR_PRIOR_SEAL,1,2022-08-05,2022-08-20,1
QUIET_PLACEBO_MLCO_20210518,MLCO,2021-05-18,1381640,HIGH,,V19_V20_DEVELOPMENT,,DEVELOPMENT_OR_PRIOR_SEAL,1,2021-05-08,2021-05-23,1
QUIET_PLACEBO_MNDR_20250513,MNDR,2025-05-13,1976695,HIGH,,V19_V20_DEVELOPMENT,,DEVELOPMENT_OR_PRIOR_SEAL,1,2025-05-03,2025-05-18,1
QUIET_PLACEBO_MNST_20220317,MNST,2022-03-17,865752,HIGH,,V19_V20_DEVELOPMENT,,DEVELOPMENT_OR_PRIOR_SEAL,1,2022-03-07,2022-03-22,1
QUIET_PLACEBO_MNTS_20210727,MNTS,2021-07-27,1781162,HIGH,,V19_V20_DEVELOPMENT,,DEVELOPMENT_OR_PRIOR_SEAL,1,2021-07-17,2021-08-01,1
QUIET_PLACEBO_MOVE_20220324,MOVE,2022-03-24,1734750,HIGH,,V19_V20_DEVELOPMENT,,DEVELOPMENT_OR_PRIOR_SEAL,1,2022-03-14,2022-03-29,1
QUIET_PLACEBO_MRDN_20240312,MRDN,2024-03-12,1437925,HIGH,,V19_V20_DEVELOPMENT,,DEVELOPMENT_OR_PRIOR_SEAL,1,2024-03-02,2024-03-17,1
QUIET_PLACEBO_MRKR_20201116,MRKR,2020-11-16,1094038,HIGH,,V19_V20_DEVELOPMENT,,DEVELOPMENT_OR_PRIOR_SEAL,1,2020-11-06,2020-11-21,1
QUIET_PLACEBO_MRNA_20230728,MRNA,2023-07-28,1682852,HIGH,,V19_V20_DEVELOPMENT,,DEVELOPMENT_OR_PRIOR_SEAL,1,2023-07-18,2023-08-02,1
QUIET_PLACEBO_MRNO_20250512,MRNO,2025-05-12,1988776,HIGH,,V19_V20_DEVELOPMENT,,DEVELOPMENT_OR_PRIOR_SEAL,1,2025-05-02,2025-05-17,1
QUIET_PLACEBO_MRVI_20230328,MRVI,2023-03-28,1823239,HIGH,,V19_V20_DEVELOPMENT,,DEVELOPMENT_OR_PRIOR_SEAL,1,2023-03-18,2023-04-02,1
QUIET_PLACEBO_MSAI_20230411,MSAI,2023-04-11,1863990,HIGH,,V19_V20_DEVELOPMENT,,DEVELOPMENT_OR_PRIOR_SEAL,1,2023-04-01,2023-04-16,1
QUIET_PLACEBO_MSBI_20220316,MSBI,2022-03-16,1466026,HIGH,,V19_V20_DEVELOPMENT,,DEVELOPMENT_OR_PRIOR_SEAL,1,2022-03-06,2022-03-21,1
QUIET_PLACEBO_MSGM_20240923,MSGM,2024-09-23,1821175,HIGH,,V19_V20_DEVELOPMENT,,DEVELOPMENT_OR_PRIOR_SEAL,1,2024-09-13,2024-09-28,1
QUIET_PLACEBO_MSS_20250604,MSS,2025-06-04,1892292,HIGH,,V19_V20_DEVELOPMENT,,DEVELOPMENT_OR_PRIOR_SEAL,1,2025-05-25,2025-06-09,1
QUIET_PLACEBO_MTCH_20221006,MTCH,2022-10-06,891103,HIGH,,V19_V20_DEVELOPMENT,,DEVELOPMENT_OR_PRIOR_SEAL,1,2022-09-26,2022-10-11,1
QUIET_PLACEBO_MTRX_20210507,MTRX,2021-05-07,866273,HIGH,,V19_V20_DEVELOPMENT,,DEVELOPMENT_OR_PRIOR_SEAL,1,2021-04-27,2021-05-12,1
QUIET_PLACEBO_MVST_20200902,MVST,2020-09-02,1760689,HIGH,,V19_V20_DEVELOPMENT,,DEVELOPMENT_OR_PRIOR_SEAL,1,2020-08-23,2020-09-07,1
QUIET_PLACEBO_MYPS_20231031,MYPS,2023-10-31,1823878,HIGH,,V19_V20_DEVELOPMENT,,DEVELOPMENT_OR_PRIOR_SEAL,1,2023-10-21,2023-11-05,1
QUIET_PLACEBO_MYRG_20220321,MYRG,2022-03-21,700923,HIGH,,V19_V20_DEVELOPMENT,,DEVELOPMENT_OR_PRIOR_SEAL,1,2022-03-11,2022-03-26,1
QUIET_PLACEBO_MYSZ_20191104,MYSZ,2019-11-04,1211805,HIGH,,V19_V20_DEVELOPMENT,,DEVELOPMENT_OR_PRIOR_SEAL,1,2019-10-25,2019-11-09,0
QUIET_PLACEBO_NAAS_20191203,NAAS,2019-12-03,1712178,HIGH,,V19_V20_DEVELOPMENT,,DEVELOPMENT_OR_PRIOR_SEAL,1,2019-11-23,2019-12-08,0
QUIET_PLACEBO_NAUT_20230301,NAUT,2023-03-01,1808805,HIGH,,V19_V20_DEVELOPMENT,,DEVELOPMENT_OR_PRIOR_SEAL,1,2023-02-19,2023-03-06,1
QUIET_PLACEBO_NCTY_20200210,NCTY,2020-02-10,1296774,HIGH,,V19_V20_DEVELOPMENT,,DEVELOPMENT_OR_PRIOR_SEAL,1,2020-01-31,2020-02-15,0
QUIET_PLACEBO_NEON_20211020,NEON,2021-10-20,87050,HIGH,,V19_V20_DEVELOPMENT,,DEVELOPMENT_OR_PRIOR_SEAL,1,2021-10-10,2021-10-25,1
QUIET_PLACEBO_NEOV_20231026,NEOV,2023-10-26,1748137,HIGH,,V19_V20_DEVELOPMENT,,DEVELOPMENT_OR_PRIOR_SEAL,1,2023-10-16,2023-10-31,1
QUIET_PLACEBO_NEPH_20220601,NEPH,2022-06-01,1196298,HIGH,,V19_V20_DEVELOPMENT,,DEVELOPMENT_OR_PRIOR_SEAL,1,2022-05-22,2022-06-06,1
QUIET_PLACEBO_NEWTH_20250610,NEWTH,2025-06-10,1587987,HIGH,,V19_V20_DEVELOPMENT,,DEVELOPMENT_OR_PRIOR_SEAL,1,2025-05-31,2025-06-15,1
QUIET_PLACEBO_NEXR_20230717,NEXR,2023-07-17,1885408,HIGH,,V19_V20_DEVELOPMENT,,DEVELOPMENT_OR_PRIOR_SEAL,1,2023-07-07,2023-07-22,1
QUIET_PLACEBO_NFE_20230509,NFE,2023-05-09,1749723,HIGH,,V19_V20_DEVELOPMENT,,DEVELOPMENT_OR_PRIOR_SEAL,1,2023-04-29,2023-05-14,1
QUIET_PLACEBO_NIKI_20191111,NIKI,2019-11-11,1734005,HIGH,,V19_V20_DEVELOPMENT,,DEVELOPMENT_OR_PRIOR_SEAL,1,2019-11-01,2019-11-16,0
QUIET_PLACEBO_NIPG_20251016,NIPG,2025-10-16,1966233,HIGH,,V19_V20_DEVELOPMENT,,DEVELOPMENT_OR_PRIOR_SEAL,1,2025-10-06,2025-10-21,0
QUIET_PLACEBO_NIXX_20240715,NIXX,2024-07-15,1462223,HIGH,,V19_V20_DEVELOPMENT,,DEVELOPMENT_OR_PRIOR_SEAL,1,2024-07-05,2024-07-20,1
QUIET_PLACEBO_NKTX_20230830,NKTX,2023-08-30,1787400,HIGH,,V19_V20_DEVELOPMENT,,DEVELOPMENT_OR_PRIOR_SEAL,1,2023-08-20,2023-09-04,1
QUIET_PLACEBO_NMAD_20240109,NMAD,2024-01-09,1335105,HIGH,,V19_V20_DEVELOPMENT,,DEVELOPMENT_OR_PRIOR_SEAL,1,2023-12-30,2024-01-14,1
QUIET_PLACEBO_NMRA_20240607,NMRA,2024-06-07,1885522,HIGH,,V19_V20_DEVELOPMENT,,DEVELOPMENT_OR_PRIOR_SEAL,1,2024-05-28,2024-06-12,1
QUIET_PLACEBO_NMTC_20230323,NMTC,2023-03-23,1500198,HIGH,,V19_V20_DEVELOPMENT,,DEVELOPMENT_OR_PRIOR_SEAL,1,2023-03-13,2023-03-28,1
QUIET_PLACEBO_NRSN_20240108,NRSN,2024-01-08,1875091,HIGH,,V19_V20_DEVELOPMENT,,DEVELOPMENT_OR_PRIOR_SEAL,1,2023-12-29,2024-01-13,1
QUIET_PLACEBO_NRXP_20200818,NRXP,2020-08-18,1719406,HIGH,,V19_V20_DEVELOPMENT,,DEVELOPMENT_OR_PRIOR_SEAL,1,2020-08-08,2020-08-23,1
QUIET_PLACEBO_NSTS_20231214,NSTS,2023-12-14,1881592,HIGH,,V19_V20_DEVELOPMENT,,DEVELOPMENT_OR_PRIOR_SEAL,1,2023-12-04,2023-12-19,1
QUIET_PLACEBO_NTAP_20220301,NTAP,2022-03-01,1002047,HIGH,,V19_V20_DEVELOPMENT,,DEVELOPMENT_OR_PRIOR_SEAL,1,2022-02-19,2022-03-06,1
QUIET_PLACEBO_NTCL_20251014,NTCL,2025-10-14,1927578,HIGH,,V19_V20_DEVELOPMENT,,DEVELOPMENT_OR_PRIOR_SEAL,1,2025-10-04,2025-10-19,0
QUIET_PLACEBO_NTHI_20251009,NTHI,2025-10-09,1979414,HIGH,,V19_V20_DEVELOPMENT,,DEVELOPMENT_OR_PRIOR_SEAL,1,2025-09-29,2025-10-14,0
QUIET_PLACEBO_NTRP_20210630,NTRP,2021-06-30,788611,HIGH,,V19_V20_DEVELOPMENT,,DEVELOPMENT_OR_PRIOR_SEAL,1,2021-06-20,2021-07-05,1
QUIET_PLACEBO_NTRSO_20230120,NTRSO,2023-01-20,73124,HIGH,,V19_V20_DEVELOPMENT,,DEVELOPMENT_OR_PRIOR_SEAL,1,2023-01-10,2023-01-25,1
QUIET_PLACEBO_NUWE_20210715,NUWE,2021-07-15,1506492,HIGH,,V19_V20_DEVELOPMENT,,DEVELOPMENT_OR_PRIOR_SEAL,1,2021-07-05,2021-07-20,1
QUIET_PLACEBO_NVAX_20230705,NVAX,2023-07-05,1000694,HIGH,,V19_V20_DEVELOPMENT,,DEVELOPMENT_OR_PRIOR_SEAL,1,2023-06-25,2023-07-10,1
QUIET_PLACEBO_NVCT_20240104,NVCT,2024-01-04,1875558,HIGH,,V19_V20_DEVELOPMENT,,DEVELOPMENT_OR_PRIOR_SEAL,1,2023-12-25,2024-01-09,1
QUIET_PLACEBO_NVVE_20211012,NVVE,2021-10-12,1836875,HIGH,,V19_V20_DEVELOPMENT,,DEVELOPMENT_OR_PRIOR_SEAL,1,2021-10-02,2021-10-17,1
QUIET_PLACEBO_NWFL_20220309,NWFL,2022-03-09,1013272,HIGH,,V19_V20_DEVELOPMENT,,DEVELOPMENT_OR_PRIOR_SEAL,1,2022-02-27,2022-03-14,1
QUIET_PLACEBO_NWSA_20220210,NWSA,2022-02-10,1564708,HIGH,,V19_V20_DEVELOPMENT,,DEVELOPMENT_OR_PRIOR_SEAL,1,2022-01-31,2022-02-15,1
QUIET_PLACEBO_NXTC_20220121,NXTC,2022-01-21,1661059,HIGH,,V19_V20_DEVELOPMENT,,DEVELOPMENT_OR_PRIOR_SEAL,1,2022-01-11,2022-01-26,1
QUIET_PLACEBO_NXTS_20230608,NXTS,2023-06-08,1789192,HIGH,,V19_V20_DEVELOPMENT,,DEVELOPMENT_OR_PRIOR_SEAL,1,2023-05-29,2023-06-13,1
QUIET_PLACEBO_OCC_20211124,OCC,2021-11-24,1000230,HIGH,,V19_V20_DEVELOPMENT,,DEVELOPMENT_OR_PRIOR_SEAL,1,2021-11-14,2021-11-29,1
QUIET_PLACEBO_OCUL_20220706,OCUL,2022-07-06,1393434,HIGH,,V19_V20_DEVELOPMENT,,DEVELOPMENT_OR_PRIOR_SEAL,1,2022-06-26,2022-07-11,1
QUIET_PLACEBO_ODFL_20210812,ODFL,2021-08-12,878927,HIGH,,V19_V20_DEVELOPMENT,,DEVELOPMENT_OR_PRIOR_SEAL,1,2021-08-02,2021-08-17,1
QUIET_PLACEBO_OLB_20240312,OLB,2024-03-12,1314196,HIGH,,V19_V20_DEVELOPMENT,,DEVELOPMENT_OR_PRIOR_SEAL,1,2024-03-02,2024-03-17,1
QUIET_PLACEBO_OLMA_20231221,OLMA,2023-12-21,1750284,HIGH,,V19_V20_DEVELOPMENT,,DEVELOPMENT_OR_PRIOR_SEAL,1,2023-12-11,2023-12-26,1
QUIET_PLACEBO_OLOX_20181029,OLOX,2018-10-29,1023994,HIGH,,V19_V20_DEVELOPMENT,,DEVELOPMENT_OR_PRIOR_SEAL,1,2018-10-19,2018-11-03,0
QUIET_PLACEBO_OMER_20200212,OMER,2020-02-12,1285819,HIGH,,V19_V20_DEVELOPMENT,,DEVELOPMENT_OR_PRIOR_SEAL,1,2020-02-02,2020-02-17,0
QUIET_PLACEBO_OMEX_20211110,OMEX,2021-11-10,798528,HIGH,,V19_V20_DEVELOPMENT,,DEVELOPMENT_OR_PRIOR_SEAL,1,2021-10-31,2021-11-15,1
QUIET_PLACEBO_OM_20230113,OM,2023-01-13,1484612,HIGH,,V19_V20_DEVELOPMENT,,DEVELOPMENT_OR_PRIOR_SEAL,1,2023-01-03,2023-01-18,1
QUIET_PLACEBO_ON_20210816,ON,2021-08-16,1097864,HIGH,,V19_V20_DEVELOPMENT,,DEVELOPMENT_OR_PRIOR_SEAL,1,2021-08-06,2021-08-21,1
QUIET_PLACEBO_OPTX_20230217,OPTX,2023-02-17,1866816,HIGH,,V19_V20_DEVELOPMENT,,DEVELOPMENT_OR_PRIOR_SEAL,1,2023-02-07,2023-02-22,1
QUIET_PLACEBO_ORIO_20230327,ORIO,2023-03-27,1602842,HIGH,,V19_V20_DEVELOPMENT,,DEVELOPMENT_OR_PRIOR_SEAL,1,2023-03-17,2023-04-01,1
QUIET_PLACEBO_ORLY_20220224,ORLY,2022-02-24,898173,HIGH,,V19_V20_DEVELOPMENT,,DEVELOPMENT_OR_PRIOR_SEAL,1,2022-02-14,2022-03-01,1
QUIET_PLACEBO_ORRF_20220603,ORRF,2022-06-03,826154,HIGH,,V19_V20_DEVELOPMENT,,DEVELOPMENT_OR_PRIOR_SEAL,1,2022-05-24,2022-06-08,1
QUIET_PLACEBO_OTLY_20240715,OTLY,2024-07-15,1843586,HIGH,,V19_V20_DEVELOPMENT,,DEVELOPMENT_OR_PRIOR_SEAL,1,2024-07-05,2024-07-20,1
QUIET_PLACEBO_OXLCG_20250904,OXLCG,2025-09-04,1495222,HIGH,,V19_V20_DEVELOPMENT,,DEVELOPMENT_OR_PRIOR_SEAL,1,2025-08-25,2025-09-09,0
QUIET_PLACEBO_PAMT_20220223,PAMT,2022-02-23,798287,HIGH,,V19_V20_DEVELOPMENT,,DEVELOPMENT_OR_PRIOR_SEAL,1,2022-02-13,2022-02-28,1
QUIET_PLACEBO_PAYS_20230629,PAYS,2023-06-29,1496443,HIGH,,V19_V20_DEVELOPMENT,,DEVELOPMENT_OR_PRIOR_SEAL,1,2023-06-19,2023-07-04,1
QUIET_PLACEBO_PAYX_20211111,PAYX,2021-11-11,723531,HIGH,,V19_V20_DEVELOPMENT,,DEVELOPMENT_OR_PRIOR_SEAL,1,2021-11-01,2021-11-16,1
QUIET_PLACEBO_PBK_20241017,PBK,2024-10-17,2011053,HIGH,,V19_V20_DEVELOPMENT,,DEVELOPMENT_OR_PRIOR_SEAL,1,2024-10-07,2024-10-22,1
QUIET_PLACEBO_PBM_20250220,PBM,2025-02-20,1985062,HIGH,,V19_V20_DEVELOPMENT,,DEVELOPMENT_OR_PRIOR_SEAL,1,2025-02-10,2025-02-25,1
QUIET_PLACEBO_PCLA_20251030,PCLA,2025-10-30,2018462,HIGH,,V19_V20_DEVELOPMENT,,DEVELOPMENT_OR_PRIOR_SEAL,1,2025-10-20,2025-11-04,0
QUIET_PLACEBO_PCSA_20220404,PCSA,2022-04-04,1533743,HIGH,,V19_V20_DEVELOPMENT,,DEVELOPMENT_OR_PRIOR_SEAL,1,2022-03-25,2022-04-09,1
QUIET_PLACEBO_PDC_20250219,PDC,2025-02-19,1944399,HIGH,,V19_V20_DEVELOPMENT,,DEVELOPMENT_OR_PRIOR_SEAL,1,2025-02-09,2025-02-24,1
QUIET_PLACEBO_PDSB_20230705,PDSB,2023-07-05,1472091,HIGH,,V19_V20_DEVELOPMENT,,DEVELOPMENT_OR_PRIOR_SEAL,1,2023-06-25,2023-07-10,1
QUIET_PLACEBO_PEPG_20230321,PEPG,2023-03-21,1835597,HIGH,,V19_V20_DEVELOPMENT,,DEVELOPMENT_OR_PRIOR_SEAL,1,2023-03-11,2023-03-26,1
QUIET_PLACEBO_PESI_20211122,PESI,2021-11-22,891532,HIGH,,V19_V20_DEVELOPMENT,,DEVELOPMENT_OR_PRIOR_SEAL,1,2021-11-12,2021-11-27,1
QUIET_PLACEBO_PFX_20210826,PFX,2021-08-26,1490349,HIGH,,V19_V20_DEVELOPMENT,,DEVELOPMENT_OR_PRIOR_SEAL,1,2021-08-16,2021-08-31,1
QUIET_PLACEBO_PGY_20240924,PGY,2024-09-24,1883085,HIGH,,V19_V20_DEVELOPMENT,,DEVELOPMENT_OR_PRIOR_SEAL,1,2024-09-14,2024-09-29,1
QUIET_PLACEBO_PKBK_20220630,PKBK,2022-06-30,1315399,HIGH,,V19_V20_DEVELOPMENT,,DEVELOPMENT_OR_PRIOR_SEAL,1,2022-06-20,2022-07-05,1
QUIET_PLACEBO_PLRX_20230714,PLRX,2023-07-14,1746473,HIGH,,V19_V20_DEVELOPMENT,,DEVELOPMENT_OR_PRIOR_SEAL,1,2023-07-04,2023-07-19,1
QUIET_PLACEBO_PLRZ_20251002,PLRZ,2025-10-02,1893645,HIGH,,V19_V20_DEVELOPMENT,,DEVELOPMENT_OR_PRIOR_SEAL,1,2025-09-22,2025-10-07,0
QUIET_PLACEBO_PLSE_20201130,PLSE,2020-11-30,1625101,HIGH,,V19_V20_DEVELOPMENT,,DEVELOPMENT_OR_PRIOR_SEAL,1,2020-11-20,2020-12-05,1
QUIET_PLACEBO_PLTR_20231129,PLTR,2023-11-29,1321655,HIGH,,V19_V20_DEVELOPMENT,,DEVELOPMENT_OR_PRIOR_SEAL,1,2023-11-19,2023-12-04,1
QUIET_PLACEBO_PLUG_20190522,PLUG,2019-05-22,1093691,HIGH,,V19_V20_DEVELOPMENT,,DEVELOPMENT_OR_PRIOR_SEAL,1,2019-05-12,2019-05-27,0
QUIET_PLACEBO_PLUR_20190617,PLUR,2019-06-17,1158780,HIGH,,V19_V20_DEVELOPMENT,,DEVELOPMENT_OR_PRIOR_SEAL,1,2019-06-07,2019-06-22,0
QUIET_PLACEBO_PMEC_20250529,PMEC,2025-05-29,1891944,HIGH,,V19_V20_DEVELOPMENT,,DEVELOPMENT_OR_PRIOR_SEAL,1,2025-05-19,2025-06-03,1
QUIET_PLACEBO_PODC_20250415,PODC,2025-04-15,1940177,HIGH,,V19_V20_DEVELOPMENT,,DEVELOPMENT_OR_PRIOR_SEAL,1,2025-04-05,2025-04-20,1
QUIET_PLACEBO_PODD_20220708,PODD,2022-07-08,1145197,HIGH,,V19_V20_DEVELOPMENT,,DEVELOPMENT_OR_PRIOR_SEAL,1,2022-06-28,2022-07-13,1
QUIET_PLACEBO_POWWP_20230707,POWWP,2023-07-07,1015383,HIGH,,V19_V20_DEVELOPMENT,,DEVELOPMENT_OR_PRIOR_SEAL,1,2023-06-27,2023-07-12,1
QUIET_PLACEBO_PPBT_20210414,PPBT,2021-04-14,1614744,HIGH,,V19_V20_DEVELOPMENT,,DEVELOPMENT_OR_PRIOR_SEAL,1,2021-04-04,2021-04-19,1
QUIET_PLACEBO_PROF_20220107,PROF,2022-01-07,1628808,HIGH,,V19_V20_DEVELOPMENT,,DEVELOPMENT_OR_PRIOR_SEAL,1,2021-12-28,2022-01-12,1
QUIET_PLACEBO_PRPO_20221208,PRPO,2022-12-08,1043961,HIGH,,V19_V20_DEVELOPMENT,,DEVELOPMENT_OR_PRIOR_SEAL,1,2022-11-28,2022-12-13,1
QUIET_PLACEBO_PRSO_20200214,PRSO,2020-02-14,890394,HIGH,,V19_V20_DEVELOPMENT,,DEVELOPMENT_OR_PRIOR_SEAL,1,2020-02-04,2020-02-19,0
QUIET_PLACEBO_PSMT_20220204,PSMT,2022-02-04,1041803,HIGH,,V19_V20_DEVELOPMENT,,DEVELOPMENT_OR_PRIOR_SEAL,1,2022-01-25,2022-02-09,1
QUIET_PLACEBO_PTON_20221122,PTON,2022-11-22,1639825,HIGH,,V19_V20_DEVELOPMENT,,DEVELOPMENT_OR_PRIOR_SEAL,1,2022-11-12,2022-11-27,1
QUIET_PLACEBO_PUBM_20240405,PUBM,2024-04-05,1422930,HIGH,,V19_V20_DEVELOPMENT,,DEVELOPMENT_OR_PRIOR_SEAL,1,2024-03-26,2024-04-10,1
QUIET_PLACEBO_PYPL_20210818,PYPL,2021-08-18,1633917,HIGH,,V19_V20_DEVELOPMENT,,DEVELOPMENT_OR_PRIOR_SEAL,1,2021-08-08,2021-08-23,1
QUIET_PLACEBO_PYXS_20231121,PYXS,2023-11-21,1782223,HIGH,,V19_V20_DEVELOPMENT,,DEVELOPMENT_OR_PRIOR_SEAL,1,2023-11-11,2023-11-26,1
QUIET_PLACEBO_QCLS_20211101,QCLS,2021-11-01,1321834,HIGH,,V19_V20_DEVELOPMENT,,DEVELOPMENT_OR_PRIOR_SEAL,1,2021-10-22,2021-11-06,1
QUIET_PLACEBO_QCOM_20211029,QCOM,2021-10-29,804328,HIGH,,V19_V20_DEVELOPMENT,,DEVELOPMENT_OR_PRIOR_SEAL,1,2021-10-19,2021-11-03,1
QUIET_PLACEBO_QNME_20250610,QNME,2025-06-10,,UNRESOLVED,,V19_V20_DEVELOPMENT,,DEVELOPMENT_OR_PRIOR_SEAL,1,2025-05-31,2025-06-15,1
QUIET_PLACEBO_QNST_20211203,QNST,2021-12-03,1117297,HIGH,,V19_V20_DEVELOPMENT,,DEVELOPMENT_OR_PRIOR_SEAL,1,2021-11-23,2021-12-08,1
QUIET_PLACEBO_QRHC_20230112,QRHC,2023-01-12,1442236,HIGH,,V19_V20_DEVELOPMENT,,DEVELOPMENT_OR_PRIOR_SEAL,1,2023-01-02,2023-01-17,1
QUIET_PLACEBO_QSI_20210603,QSI,2021-06-03,1816431,HIGH,,V19_V20_DEVELOPMENT,,DEVELOPMENT_OR_PRIOR_SEAL,1,2021-05-24,2021-06-08,1
QUIET_PLACEBO_QTEX_20231122,QTEX,2023-11-22,1837493,HIGH,,V19_V20_DEVELOPMENT,,DEVELOPMENT_OR_PRIOR_SEAL,1,2023-11-12,2023-11-27,1
QUIET_PLACEBO_QTTB_20201130,QTTB,2020-11-30,1661998,HIGH,,V19_V20_DEVELOPMENT,,DEVELOPMENT_OR_PRIOR_SEAL,1,2020-11-20,2020-12-05,1
QUIET_PLACEBO_QUBT_20240529,QUBT,2024-05-29,1758009,HIGH,,V19_V20_DEVELOPMENT,,DEVELOPMENT_OR_PRIOR_SEAL,1,2024-05-19,2024-06-03,1
QUIET_PLACEBO_QUCY_20230508,QUCY,2023-05-08,1874252,HIGH,,V19_V20_DEVELOPMENT,,DEVELOPMENT_OR_PRIOR_SEAL,1,2023-04-28,2023-05-13,1
QUIET_PLACEBO_QURE_20210716,QURE,2021-07-16,1590560,HIGH,,V19_V20_DEVELOPMENT,,DEVELOPMENT_OR_PRIOR_SEAL,1,2021-07-06,2021-07-21,1
QUIET_PLACEBO_RANI_20240208,RANI,2024-02-08,1856725,HIGH,,V19_V20_DEVELOPMENT,,DEVELOPMENT_OR_PRIOR_SEAL,1,2024-01-29,2024-02-13,1
QUIET_PLACEBO_RAPT_20230328,RAPT,2023-03-28,1673772,HIGH,,V19_V20_DEVELOPMENT,,DEVELOPMENT_OR_PRIOR_SEAL,1,2023-03-18,2023-04-02,1
QUIET_PLACEBO_RAVE_20230411,RAVE,2023-04-11,718332,HIGH,,V19_V20_DEVELOPMENT,,DEVELOPMENT_OR_PRIOR_SEAL,1,2023-04-01,2023-04-16,1
QUIET_PLACEBO_RBRK_20250429,RBRK,2025-04-29,1943896,HIGH,,V19_V20_DEVELOPMENT,,DEVELOPMENT_OR_PRIOR_SEAL,1,2025-04-19,2025-05-04,1
QUIET_PLACEBO_RCEL_20211025,RCEL,2021-10-25,1762303,HIGH,,V19_V20_DEVELOPMENT,,DEVELOPMENT_OR_PRIOR_SEAL,1,2021-10-15,2021-10-30,1
QUIET_PLACEBO_RCI_20211129,RCI,2021-11-29,733099,HIGH,,V19_V20_DEVELOPMENT,,DEVELOPMENT_OR_PRIOR_SEAL,1,2021-11-19,2021-12-04,1
QUIET_PLACEBO_RCKT_20230303,RCKT,2023-03-03,1281895,HIGH,,V19_V20_DEVELOPMENT,,DEVELOPMENT_OR_PRIOR_SEAL,1,2023-02-21,2023-03-08,1
QUIET_PLACEBO_RCON_20200213,RCON,2020-02-13,1442620,HIGH,,V19_V20_DEVELOPMENT,,DEVELOPMENT_OR_PRIOR_SEAL,1,2020-02-03,2020-02-18,0
QUIET_PLACEBO_RCUS_20230308,RCUS,2023-03-08,1724521,HIGH,,V19_V20_DEVELOPMENT,,DEVELOPMENT_OR_PRIOR_SEAL,1,2023-02-26,2023-03-13,1
QUIET_PLACEBO_RDIB_20230110,RDIB,2023-01-10,716634,HIGH,,V19_V20_DEVELOPMENT,,DEVELOPMENT_OR_PRIOR_SEAL,1,2022-12-31,2023-01-15,1
QUIET_PLACEBO_RDY_20220516,RDY,2022-05-16,1135951,HIGH,,V19_V20_DEVELOPMENT,,DEVELOPMENT_OR_PRIOR_SEAL,1,2022-05-06,2022-05-21,1
QUIET_PLACEBO_REGCO_20241224,REGCO,2024-12-24,910606,HIGH,,V19_V20_DEVELOPMENT,,DEVELOPMENT_OR_PRIOR_SEAL,1,2024-12-14,2024-12-29,1
QUIET_PLACEBO_RELL_20220503,RELL,2022-05-03,355948,HIGH,,V19_V20_DEVELOPMENT,,DEVELOPMENT_OR_PRIOR_SEAL,1,2022-04-23,2022-05-08,1
QUIET_PLACEBO_REXR_20211122,REXR,2021-11-22,1571283,HIGH,,V19_V20_DEVELOPMENT,,DEVELOPMENT_OR_PRIOR_SEAL,1,2021-11-12,2021-11-27,1
QUIET_PLACEBO_RFIL_20211105,RFIL,2021-11-05,740664,HIGH,,V19_V20_DEVELOPMENT,,DEVELOPMENT_OR_PRIOR_SEAL,1,2021-10-26,2021-11-10,1
QUIET_PLACEBO_RFL_20230428,RFL,2023-04-28,1713863,HIGH,,V19_V20_DEVELOPMENT,,DEVELOPMENT_OR_PRIOR_SEAL,1,2023-04-18,2023-05-03,1
QUIET_PLACEBO_RFMZ_20230919,RFMZ,2023-09-19,1817159,HIGH,,V19_V20_DEVELOPMENT,,DEVELOPMENT_OR_PRIOR_SEAL,1,2023-09-09,2023-09-24,1
QUIET_PLACEBO_RF_20211230,RF,2021-12-30,1281761,HIGH,,V19_V20_DEVELOPMENT,,DEVELOPMENT_OR_PRIOR_SEAL,1,2021-12-20,2022-01-04,1
QUIET_PLACEBO_RGCO_20211213,RGCO,2021-12-13,1069533,HIGH,,V19_V20_DEVELOPMENT,,DEVELOPMENT_OR_PRIOR_SEAL,1,2021-12-03,2021-12-18,1
QUIET_PLACEBO_RGC_20230426,RGC,2023-04-26,1829667,HIGH,,V19_V20_DEVELOPMENT,,DEVELOPMENT_OR_PRIOR_SEAL,1,2023-04-16,2023-05-01,1
QUIET_PLACEBO_RGEF_20250807,RGEF,2025-08-07,,UNRESOLVED,,V19_V20_DEVELOPMENT,,DEVELOPMENT_OR_PRIOR_SEAL,1,2025-07-28,2025-08-12,0
QUIET_PLACEBO_RILYL_20220427,RILYL,2022-04-27,1464790,HIGH,,V19_V20_DEVELOPMENT,,DEVELOPMENT_OR_PRIOR_SEAL,1,2022-04-17,2022-05-02,1
QUIET_PLACEBO_RILY_20200414,RILY,2020-04-14,1464790,HIGH,,V19_V20_DEVELOPMENT,,DEVELOPMENT_OR_PRIOR_SEAL,1,2020-04-04,2020-04-19,0
QUIET_PLACEBO_RIME_20240206,RIME,2024-02-06,923601,HIGH,,V19_V20_DEVELOPMENT,,DEVELOPMENT_OR_PRIOR_SEAL,1,2024-01-27,2024-02-11,1
QUIET_PLACEBO_RKDA_20220810,RKDA,2022-08-10,1469443,HIGH,,V19_V20_DEVELOPMENT,,DEVELOPMENT_OR_PRIOR_SEAL,1,2022-07-31,2022-08-15,1
QUIET_PLACEBO_RKT_20230605,RKT,2023-06-05,1805284,HIGH,,V19_V20_DEVELOPMENT,,DEVELOPMENT_OR_PRIOR_SEAL,1,2023-05-26,2023-06-10,1
QUIET_PLACEBO_RLMD_20210301,RLMD,2021-03-01,1553643,HIGH,,V19_V20_DEVELOPMENT,,DEVELOPMENT_OR_PRIOR_SEAL,1,2021-02-19,2021-03-06,1
QUIET_PLACEBO_RMCF_20200306,RMCF,2020-03-06,1616262,HIGH,,V19_V20_DEVELOPMENT,,DEVELOPMENT_OR_PRIOR_SEAL,1,2020-02-25,2020-03-11,0
QUIET_PLACEBO_RMMZ_20240530,RMMZ,2024-05-30,1870833,HIGH,,V19_V20_DEVELOPMENT,,DEVELOPMENT_OR_PRIOR_SEAL,1,2024-05-20,2024-06-04,1
QUIET_PLACEBO_RMR_20220810,RMR,2022-08-10,1644378,HIGH,,V19_V20_DEVELOPMENT,,DEVELOPMENT_OR_PRIOR_SEAL,1,2022-07-31,2022-08-15,1
QUIET_PLACEBO_RMSG_20250613,RMSG,2025-06-13,1983324,HIGH,,V19_V20_DEVELOPMENT,,DEVELOPMENT_OR_PRIOR_SEAL,1,2025-06-03,2025-06-18,1
QUIET_PLACEBO_RNAZ_20220708,RNAZ,2022-07-08,1829635,HIGH,,V19_V20_DEVELOPMENT,,DEVELOPMENT_OR_PRIOR_SEAL,1,2022-06-28,2022-07-13,1
QUIET_PLACEBO_RNP_20211014,RNP,2021-10-14,1224450,HIGH,,V19_V20_DEVELOPMENT,,DEVELOPMENT_OR_PRIOR_SEAL,1,2021-10-04,2021-10-19,1
QUIET_PLACEBO_RNR_20211129,RNR,2021-11-29,913144,HIGH,,V19_V20_DEVELOPMENT,,DEVELOPMENT_OR_PRIOR_SEAL,1,2021-11-19,2021-12-04,1
QUIET_PLACEBO_ROCK_20211117,ROCK,2021-11-17,912562,HIGH,,V19_V20_DEVELOPMENT,,DEVELOPMENT_OR_PRIOR_SEAL,1,2021-11-07,2021-11-22,1
QUIET_PLACEBO_ROIV_20240916,ROIV,2024-09-16,1635088,HIGH,,V19_V20_DEVELOPMENT,,DEVELOPMENT_OR_PRIOR_SEAL,1,2024-09-06,2024-09-21,1
QUIET_PLACEBO_ROST_20220317,ROST,2022-03-17,745732,HIGH,,V19_V20_DEVELOPMENT,,DEVELOPMENT_OR_PRIOR_SEAL,1,2022-03-07,2022-03-22,1
QUIET_PLACEBO_RRBI_20221202,RRBI,2022-12-02,1071236,HIGH,,V19_V20_DEVELOPMENT,,DEVELOPMENT_OR_PRIOR_SEAL,1,2022-11-22,2022-12-07,1
QUIET_PLACEBO_RTB_20240403,RTB,2024-04-03,1419275,HIGH,,V19_V20_DEVELOPMENT,,DEVELOPMENT_OR_PRIOR_SEAL,1,2024-03-24,2024-04-08,1
QUIET_PLACEBO_RUM_20230719,RUM,2023-07-19,1830081,HIGH,,V19_V20_DEVELOPMENT,,DEVELOPMENT_OR_PRIOR_SEAL,1,2023-07-09,2023-07-24,1
QUIET_PLACEBO_RUSHA_20220405,RUSHA,2022-04-05,1012019,HIGH,,V19_V20_DEVELOPMENT,,DEVELOPMENT_OR_PRIOR_SEAL,1,2022-03-26,2022-04-10,1
QUIET_PLACEBO_RWLC_20240617,RWLC,2024-06-17,,UNRESOLVED,,V19_V20_DEVELOPMENT,,DEVELOPMENT_OR_PRIOR_SEAL,1,2024-06-07,2024-06-22,1
QUIET_PLACEBO_RXO_20240404,RXO,2024-04-04,1929561,HIGH,,V19_V20_DEVELOPMENT,,DEVELOPMENT_OR_PRIOR_SEAL,1,2024-03-25,2024-04-09,1
QUIET_PLACEBO_RXST_20240705,RXST,2024-07-05,1111485,HIGH,,V19_V20_DEVELOPMENT,,DEVELOPMENT_OR_PRIOR_SEAL,1,2024-06-25,2024-07-10,1
QUIET_PLACEBO_RYAM_20220831,RYAM,2022-08-31,1597672,HIGH,,V19_V20_DEVELOPMENT,,DEVELOPMENT_OR_PRIOR_SEAL,1,2022-08-21,2022-09-05,1
QUIET_PLACEBO_SAIH_20240827,SAIH,2024-08-27,1847075,HIGH,,V19_V20_DEVELOPMENT,,DEVELOPMENT_OR_PRIOR_SEAL,1,2024-08-17,2024-09-01,1
QUIET_PLACEBO_SAN_20220120,SAN,2022-01-20,891478,HIGH,,V19_V20_DEVELOPMENT,,DEVELOPMENT_OR_PRIOR_SEAL,1,2022-01-10,2022-01-25,1
QUIET_PLACEBO_SAPH_20250825,SAPH,2025-08-25,,UNRESOLVED,,V19_V20_DEVELOPMENT,,DEVELOPMENT_OR_PRIOR_SEAL,1,2025-08-15,2025-08-30,0
QUIET_PLACEBO_SAP_20211221,SAP,2021-12-21,1000184,HIGH,,V19_V20_DEVELOPMENT,,DEVELOPMENT_OR_PRIOR_SEAL,1,2021-12-11,2021-12-26,1
QUIET_PLACEBO_SBAR_20251022,SBAR,2025-10-22,,UNRESOLVED,,V19_V20_DEVELOPMENT,,DEVELOPMENT_OR_PRIOR_SEAL,1,2025-10-12,2025-10-27,0
QUIET_PLACEBO_SCHW_20220428,SCHW,2022-04-28,316709,HIGH,,V19_V20_DEVELOPMENT,,DEVELOPMENT_OR_PRIOR_SEAL,1,2022-04-18,2022-05-03,1
QUIET_PLACEBO_SCLX_20220225,SCLX,2022-02-25,1820190,HIGH,,V19_V20_DEVELOPMENT,,DEVELOPMENT_OR_PRIOR_SEAL,1,2022-02-15,2022-03-02,1
QUIET_PLACEBO_SCL_20211028,SCL,2021-10-28,94049,HIGH,,V19_V20_DEVELOPMENT,,DEVELOPMENT_OR_PRIOR_SEAL,1,2021-10-18,2021-11-02,1
QUIET_PLACEBO_SCYX_20211012,SCYX,2021-10-12,1178253,HIGH,,V19_V20_DEVELOPMENT,,DEVELOPMENT_OR_PRIOR_SEAL,1,2021-10-02,2021-10-17,1
QUIET_PLACEBO_SDHC_20250214,SDHC,2025-02-14,1982518,HIGH,,V19_V20_DEVELOPMENT,,DEVELOPMENT_OR_PRIOR_SEAL,1,2025-02-04,2025-02-19,1
QUIET_PLACEBO_SELXF_20241205,SELXF,2024-12-05,1990950,HIGH,,V19_V20_DEVELOPMENT,,DEVELOPMENT_OR_PRIOR_SEAL,1,2024-11-25,2024-12-10,1
QUIET_PLACEBO_SENEB_20231206,SENEB,2023-12-06,88948,HIGH,,V19_V20_DEVELOPMENT,,DEVELOPMENT_OR_PRIOR_SEAL,1,2023-11-26,2023-12-11,1
QUIET_PLACEBO_SEPU_20251022,SEPU,2025-10-22,,UNRESOLVED,,V19_V20_DEVELOPMENT,,DEVELOPMENT_OR_PRIOR_SEAL,1,2025-10-12,2025-10-27,0
QUIET_PLACEBO_SES_20210922,SES,2021-09-22,1819142,HIGH,,V19_V20_DEVELOPMENT,,DEVELOPMENT_OR_PRIOR_SEAL,1,2021-09-12,2021-09-27,1
QUIET_PLACEBO_SFGV_20250131,SFGV,2025-01-31,,UNRESOLVED,,V19_V20_DEVELOPMENT,,DEVELOPMENT_OR_PRIOR_SEAL,1,2025-01-21,2025-02-05,1
QUIET_PLACEBO_SFHG_20250626,SFHG,2025-06-26,1926792,HIGH,,V19_V20_DEVELOPMENT,,DEVELOPMENT_OR_PRIOR_SEAL,1,2025-06-16,2025-07-01,1
QUIET_PLACEBO_SFIX_20201103,SFIX,2020-11-03,1576942,HIGH,,V19_V20_DEVELOPMENT,,DEVELOPMENT_OR_PRIOR_SEAL,1,2020-10-24,2020-11-08,1
QUIET_PLACEBO_SFST_20220131,SFST,2022-01-31,1090009,HIGH,,V19_V20_DEVELOPMENT,,DEVELOPMENT_OR_PRIOR_SEAL,1,2022-01-21,2022-02-05,1
QUIET_PLACEBO_SGHT_20240917,SGHT,2024-09-17,1531177,HIGH,,V19_V20_DEVELOPMENT,,DEVELOPMENT_OR_PRIOR_SEAL,1,2024-09-07,2024-09-22,1
QUIET_PLACEBO_SGLY_20190411,SGLY,2019-04-11,1422892,HIGH,,V19_V20_DEVELOPMENT,,DEVELOPMENT_OR_PRIOR_SEAL,1,2019-04-01,2019-04-16,0
QUIET_PLACEBO_SHAK_20211115,SHAK,2021-11-15,1620533,HIGH,,V19_V20_DEVELOPMENT,,DEVELOPMENT_OR_PRIOR_SEAL,1,2021-11-05,2021-11-20,1
QUIET_PLACEBO_SHBI_20220728,SHBI,2022-07-28,1035092,HIGH,,V19_V20_DEVELOPMENT,,DEVELOPMENT_OR_PRIOR_SEAL,1,2022-07-18,2022-08-02,1
QUIET_PLACEBO_SHFS_20220525,SHFS,2022-05-25,1854963,HIGH,,V19_V20_DEVELOPMENT,,DEVELOPMENT_OR_PRIOR_SEAL,1,2022-05-15,2022-05-30,1
QUIET_PLACEBO_SHOP_20211012,SHOP,2021-10-12,1594805,HIGH,,V19_V20_DEVELOPMENT,,DEVELOPMENT_OR_PRIOR_SEAL,1,2021-10-02,2021-10-17,1
QUIET_PLACEBO_SIG_20230509,SIG,2023-05-09,832988,HIGH,,V19_V20_DEVELOPMENT,,DEVELOPMENT_OR_PRIOR_SEAL,1,2023-04-29,2023-05-14,1
QUIET_PLACEBO_SILC_20210519,SILC,2021-05-19,916793,HIGH,,V19_V20_DEVELOPMENT,,DEVELOPMENT_OR_PRIOR_SEAL,1,2021-05-09,2021-05-24,1
QUIET_PLACEBO_SITE_20220207,SITE,2022-02-07,1650729,HIGH,,V19_V20_DEVELOPMENT,,DEVELOPMENT_OR_PRIOR_SEAL,1,2022-01-28,2022-02-12,1
QUIET_PLACEBO_SKIN_20220815,SKIN,2022-08-15,1818093,HIGH,,V19_V20_DEVELOPMENT,,DEVELOPMENT_OR_PRIOR_SEAL,1,2022-08-05,2022-08-20,1
QUIET_PLACEBO_SKYA_20240305,SKYA,2024-03-05,1737995,HIGH,,V19_V20_DEVELOPMENT,,DEVELOPMENT_OR_PRIOR_SEAL,1,2024-02-24,2024-03-10,1
QUIET_PLACEBO_SKYE_20241122,SKYE,2024-11-22,1516551,HIGH,,V19_V20_DEVELOPMENT,,DEVELOPMENT_OR_PRIOR_SEAL,1,2024-11-12,2024-11-27,1
QUIET_PLACEBO_SKYH_20241009,SKYH,2024-10-09,1823587,HIGH,,V19_V20_DEVELOPMENT,,DEVELOPMENT_OR_PRIOR_SEAL,1,2024-09-29,2024-10-14,1
QUIET_PLACEBO_SLE_20210922,SLE,2021-09-22,1621672,HIGH,,V19_V20_DEVELOPMENT,,DEVELOPMENT_OR_PRIOR_SEAL,1,2021-09-12,2021-09-27,1
QUIET_PLACEBO_SLGL_20210702,SLGL,2021-07-02,1684693,HIGH,,V19_V20_DEVELOPMENT,,DEVELOPMENT_OR_PRIOR_SEAL,1,2021-06-22,2021-07-07,1
QUIET_PLACEBO_SLGN_20211022,SLGN,2021-10-22,849869,HIGH,,V19_V20_DEVELOPMENT,,DEVELOPMENT_OR_PRIOR_SEAL,1,2021-10-12,2021-10-27,1
QUIET_PLACEBO_SLMT_20250414,SLMT,2025-04-14,1939965,HIGH,,V19_V20_DEVELOPMENT,,DEVELOPMENT_OR_PRIOR_SEAL,1,2025-04-04,2025-04-19,1
QUIET_PLACEBO_SLNG_20240507,SLNG,2024-05-07,1043186,HIGH,,V19_V20_DEVELOPMENT,,DEVELOPMENT_OR_PRIOR_SEAL,1,2024-04-27,2024-05-12,1
QUIET_PLACEBO_SLNZ_20250626,SLNZ,2025-06-26,,UNRESOLVED,,V19_V20_DEVELOPMENT,,DEVELOPMENT_OR_PRIOR_SEAL,1,2025-06-16,2025-07-01,1
QUIET_PLACEBO_SLP_20220214,SLP,2022-02-14,1023459,HIGH,,V19_V20_DEVELOPMENT,,DEVELOPMENT_OR_PRIOR_SEAL,1,2022-02-04,2022-02-19,1
QUIET_PLACEBO_SLXN_20251014,SLXN,2025-10-14,2022416,HIGH,,V19_V20_DEVELOPMENT,,DEVELOPMENT_OR_PRIOR_SEAL,1,2025-10-04,2025-10-19,0
QUIET_PLACEBO_SMAX_20250513,SMAX,2025-05-13,,UNRESOLVED,,V19_V20_DEVELOPMENT,,DEVELOPMENT_OR_PRIOR_SEAL,1,2025-05-03,2025-05-18,1
QUIET_PLACEBO_SMRT_20240125,SMRT,2024-01-25,1837014,HIGH,,V19_V20_DEVELOPMENT,,DEVELOPMENT_OR_PRIOR_SEAL,1,2024-01-15,2024-01-30,1
QUIET_PLACEBO_SMR_20220111,SMR,2022-01-11,1822966,HIGH,,V19_V20_DEVELOPMENT,,DEVELOPMENT_OR_PRIOR_SEAL,1,2022-01-01,2022-01-16,1
QUIET_PLACEBO_SMTC_20210405,SMTC,2021-04-05,88941,HIGH,,V19_V20_DEVELOPMENT,,DEVELOPMENT_OR_PRIOR_SEAL,1,2021-03-26,2021-04-10,1
QUIET_PLACEBO_SMTK_20250108,SMTK,2025-01-08,1817760,HIGH,,V19_V20_DEVELOPMENT,,DEVELOPMENT_OR_PRIOR_SEAL,1,2024-12-29,2025-01-13,1
QUIET_PLACEBO_SMX_20240731,SMX,2024-07-31,1940674,HIGH,,V19_V20_DEVELOPMENT,,DEVELOPMENT_OR_PRIOR_SEAL,1,2024-07-21,2024-08-05,1
QUIET_PLACEBO_SNDA_20220926,SNDA,2022-09-26,1043000,HIGH,,V19_V20_DEVELOPMENT,,DEVELOPMENT_OR_PRIOR_SEAL,1,2022-09-16,2022-10-01,1
QUIET_PLACEBO_SNN_20220114,SNN,2022-01-14,845982,HIGH,,V19_V20_DEVELOPMENT,,DEVELOPMENT_OR_PRIOR_SEAL,1,2022-01-04,2022-01-19,1
QUIET_PLACEBO_SNOA_20210423,SNOA,2021-04-23,1367083,HIGH,,V19_V20_DEVELOPMENT,,DEVELOPMENT_OR_PRIOR_SEAL,1,2021-04-13,2021-04-28,1
QUIET_PLACEBO_SNTI_20220209,SNTI,2022-02-09,1854270,HIGH,,V19_V20_DEVELOPMENT,,DEVELOPMENT_OR_PRIOR_SEAL,1,2022-01-30,2022-02-14,1
QUIET_PLACEBO_SNWV_20251226,SNWV,2025-12-26,1417663,HIGH,,V19_V20_DEVELOPMENT,,DEVELOPMENT_OR_PRIOR_SEAL,1,2025-12-16,2025-12-31,0
QUIET_PLACEBO_SN_20241015,SN,2024-10-15,1957132,HIGH,,V19_V20_DEVELOPMENT,,DEVELOPMENT_OR_PRIOR_SEAL,1,2024-10-05,2024-10-20,1
QUIET_PLACEBO_SOFI_20240411,SOFI,2024-04-11,1818874,HIGH,,V19_V20_DEVELOPMENT,,DEVELOPMENT_OR_PRIOR_SEAL,1,2024-04-01,2024-04-16,1
QUIET_PLACEBO_SONM_20230630,SONM,2023-06-30,1178697,HIGH,,V19_V20_DEVELOPMENT,,DEVELOPMENT_OR_PRIOR_SEAL,1,2023-06-20,2023-07-05,1
QUIET_PLACEBO_SOPH_20240726,SOPH,2024-07-26,1840706,HIGH,,V19_V20_DEVELOPMENT,,DEVELOPMENT_OR_PRIOR_SEAL,1,2024-07-16,2024-07-31,1
QUIET_PLACEBO_SOTK_20240315,SOTK,2024-03-15,806172,HIGH,,V19_V20_DEVELOPMENT,,DEVELOPMENT_OR_PRIOR_SEAL,1,2024-03-05,2024-03-20,1
QUIET_PLACEBO_SOWG_20250320,SOWG,2025-03-20,1490161,HIGH,,V19_V20_DEVELOPMENT,,DEVELOPMENT_OR_PRIOR_SEAL,1,2025-03-10,2025-03-25,1
QUIET_PLACEBO_SPBW_20250825,SPBW,2025-08-25,,UNRESOLVED,,V19_V20_DEVELOPMENT,,DEVELOPMENT_OR_PRIOR_SEAL,1,2025-08-15,2025-08-30,0
QUIET_PLACEBO_SPBX_20250919,SPBX,2025-09-19,,UNRESOLVED,,V19_V20_DEVELOPMENT,,DEVELOPMENT_OR_PRIOR_SEAL,1,2025-09-09,2025-09-24,0
QUIET_PLACEBO_SPCB_20190729,SPCB,2019-07-29,1291855,HIGH,,V19_V20_DEVELOPMENT,,DEVELOPMENT_OR_PRIOR_SEAL,1,2019-07-19,2019-08-03,0
QUIET_PLACEBO_SPFI_20230413,SPFI,2023-04-13,1163668,HIGH,,V19_V20_DEVELOPMENT,,DEVELOPMENT_OR_PRIOR_SEAL,1,2023-04-03,2023-04-18,1
QUIET_PLACEBO_SPG_20220525,SPG,2022-05-25,1063761,HIGH,,V19_V20_DEVELOPMENT,,DEVELOPMENT_OR_PRIOR_SEAL,1,2022-05-15,2022-05-30,1
QUIET_PLACEBO_SPH_20211222,SPH,2021-12-22,1005210,HIGH,,V19_V20_DEVELOPMENT,,DEVELOPMENT_OR_PRIOR_SEAL,1,2021-12-12,2021-12-27,1
QUIET_PLACEBO_SPNT_20211111,SPNT,2021-11-11,1576018,HIGH,,V19_V20_DEVELOPMENT,,DEVELOPMENT_OR_PRIOR_SEAL,1,2021-11-01,2021-11-16,1
QUIET_PLACEBO_SPPP_20211111,SPPP,2021-11-11,1539190,HIGH,,V19_V20_DEVELOPMENT,,DEVELOPMENT_OR_PRIOR_SEAL,1,2021-11-01,2021-11-16,1
QUIET_PLACEBO_SPRO_20230208,SPRO,2023-02-08,1701108,HIGH,,V19_V20_DEVELOPMENT,,DEVELOPMENT_OR_PRIOR_SEAL,1,2023-01-29,2023-02-13,1
QUIET_PLACEBO_SPTB_20250429,SPTB,2025-04-29,,UNRESOLVED,,V19_V20_DEVELOPMENT,,DEVELOPMENT_OR_PRIOR_SEAL,1,2025-04-19,2025-05-04,1
QUIET_PLACEBO_SPYM_20220331,SPYM,2022-03-31,,UNRESOLVED,,V19_V20_DEVELOPMENT,,DEVELOPMENT_OR_PRIOR_SEAL,1,2022-03-21,2022-04-05,1
QUIET_PLACEBO_SRL_20210316,SRL,2021-03-16,16859,HIGH,,V19_V20_DEVELOPMENT,,DEVELOPMENT_OR_PRIOR_SEAL,1,2021-03-06,2021-03-21,1
QUIET_PLACEBO_SRPT_20220503,SRPT,2022-05-03,873303,HIGH,,V19_V20_DEVELOPMENT,,DEVELOPMENT_OR_PRIOR_SEAL,1,2022-04-23,2022-05-08,1
QUIET_PLACEBO_SRZN_20220831,SRZN,2022-08-31,1824893,HIGH,,V19_V20_DEVELOPMENT,,DEVELOPMENT_OR_PRIOR_SEAL,1,2022-08-21,2022-09-05,1
QUIET_PLACEBO_SSK_20251231,SSK,2025-12-31,,UNRESOLVED,,V19_V20_DEVELOPMENT,,DEVELOPMENT_OR_PRIOR_SEAL,1,2025-12-21,2026-01-05,0
QUIET_PLACEBO_SST_20210811,SST,2021-08-11,1805833,HIGH,,V19_V20_DEVELOPMENT,,DEVELOPMENT_OR_PRIOR_SEAL,1,2021-08-01,2021-08-16,1
QUIET_PLACEBO_STG_20210520,STG,2021-05-20,1723935,HIGH,,V19_V20_DEVELOPMENT,,DEVELOPMENT_OR_PRIOR_SEAL,1,2021-05-10,2021-05-25,1
QUIET_PLACEBO_STI_20230929,STI,2023-09-29,1881551,HIGH,,V19_V20_DEVELOPMENT,,DEVELOPMENT_OR_PRIOR_SEAL,1,2023-09-19,2023-10-04,1
QUIET_PLACEBO_STKH_20220404,STKH,2022-04-04,1828098,HIGH,,V19_V20_DEVELOPMENT,,DEVELOPMENT_OR_PRIOR_SEAL,1,2022-03-25,2022-04-09,1
QUIET_PLACEBO_STLD_20220408,STLD,2022-04-08,1022671,HIGH,,V19_V20_DEVELOPMENT,,DEVELOPMENT_OR_PRIOR_SEAL,1,2022-03-29,2022-04-13,1
QUIET_PLACEBO_STM_20220218,STM,2022-02-18,932787,HIGH,,V19_V20_DEVELOPMENT,,DEVELOPMENT_OR_PRIOR_SEAL,1,2022-02-08,2022-02-23,1
QUIET_PLACEBO_STRF_20250919,STRF,2025-09-19,1050446,HIGH,,V19_V20_DEVELOPMENT,,DEVELOPMENT_OR_PRIOR_SEAL,1,2025-09-09,2025-09-24,0
QUIET_PLACEBO_SUPX_20250106,SUPX,2025-01-06,1897087,HIGH,,V19_V20_DEVELOPMENT,,DEVELOPMENT_OR_PRIOR_SEAL,1,2024-12-27,2025-01-11,1
QUIET_PLACEBO_SURG_20231031,SURG,2023-10-31,1392694,HIGH,,V19_V20_DEVELOPMENT,,DEVELOPMENT_OR_PRIOR_SEAL,1,2023-10-21,2023-11-05,1
QUIET_PLACEBO_SUZ_20230511,SUZ,2023-05-11,909327,HIGH,,V19_V20_DEVELOPMENT,,DEVELOPMENT_OR_PRIOR_SEAL,1,2023-05-01,2023-05-16,1
QUIET_PLACEBO_SU_20220209,SU,2022-02-09,311337,HIGH,,V19_V20_DEVELOPMENT,,DEVELOPMENT_OR_PRIOR_SEAL,1,2022-01-30,2022-02-14,1
QUIET_PLACEBO_SVCO_20250106,SVCO,2025-01-06,1943289,HIGH,,V19_V20_DEVELOPMENT,,DEVELOPMENT_OR_PRIOR_SEAL,1,2024-12-27,2025-01-11,1
QUIET_PLACEBO_SWIM_20241101,SWIM,2024-11-01,1833197,HIGH,,V19_V20_DEVELOPMENT,,DEVELOPMENT_OR_PRIOR_SEAL,1,2024-10-22,2024-11-06,1
QUIET_PLACEBO_SYK_20211229,SYK,2021-12-29,310764,HIGH,,V19_V20_DEVELOPMENT,,DEVELOPMENT_OR_PRIOR_SEAL,1,2021-12-19,2022-01-03,1
QUIET_PLACEBO_SYM_20220411,SYM,2022-04-11,1837240,HIGH,,V19_V20_DEVELOPMENT,,DEVELOPMENT_OR_PRIOR_SEAL,1,2022-04-01,2022-04-16,1
QUIET_PLACEBO_SYRE_20201203,SYRE,2020-12-03,1636282,HIGH,,V19_V20_DEVELOPMENT,,DEVELOPMENT_OR_PRIOR_SEAL,1,2020-11-23,2020-12-08,1
QUIET_PLACEBO_SYY_20220323,SYY,2022-03-23,96021,HIGH,,V19_V20_DEVELOPMENT,,DEVELOPMENT_OR_PRIOR_SEAL,1,2022-03-13,2022-03-28,1
QUIET_PLACEBO_TAK_20221014,TAK,2022-10-14,1395064,HIGH,,V19_V20_DEVELOPMENT,,DEVELOPMENT_OR_PRIOR_SEAL,1,2022-10-04,2022-10-19,1
QUIET_PLACEBO_TANH_20190515,TANH,2019-05-15,1588084,HIGH,,V19_V20_DEVELOPMENT,,DEVELOPMENT_OR_PRIOR_SEAL,1,2019-05-05,2019-05-20,0
QUIET_PLACEBO_TAP_20220405,TAP,2022-04-05,24545,HIGH,,V19_V20_DEVELOPMENT,,DEVELOPMENT_OR_PRIOR_SEAL,1,2022-03-26,2022-04-10,1
QUIET_PLACEBO_TBI_20210524,TBI,2021-05-24,768899,HIGH,,V19_V20_DEVELOPMENT,,DEVELOPMENT_OR_PRIOR_SEAL,1,2021-05-14,2021-05-29,1
QUIET_PLACEBO_TCBI_20220818,TCBI,2022-08-18,1077428,HIGH,,V19_V20_DEVELOPMENT,,DEVELOPMENT_OR_PRIOR_SEAL,1,2022-08-08,2022-08-23,1
QUIET_PLACEBO_TCX_20201202,TCX,2020-12-02,909494,HIGH,,V19_V20_DEVELOPMENT,,DEVELOPMENT_OR_PRIOR_SEAL,1,2020-11-22,2020-12-07,1
QUIET_PLACEBO_TC_20210414,TC,2021-04-14,1743340,HIGH,,V19_V20_DEVELOPMENT,,DEVELOPMENT_OR_PRIOR_SEAL,1,2021-04-04,2021-04-19,1
QUIET_PLACEBO_TDG_20220210,TDG,2022-02-10,1260221,HIGH,,V19_V20_DEVELOPMENT,,DEVELOPMENT_OR_PRIOR_SEAL,1,2022-01-31,2022-02-15,1
QUIET_PLACEBO_TEAD_20240409,TEAD,2024-04-09,1454938,HIGH,,V19_V20_DEVELOPMENT,,DEVELOPMENT_OR_PRIOR_SEAL,1,2024-03-30,2024-04-14,1
QUIET_PLACEBO_TECH_20210823,TECH,2021-08-23,842023,HIGH,,V19_V20_DEVELOPMENT,,DEVELOPMENT_OR_PRIOR_SEAL,1,2021-08-13,2021-08-28,1
QUIET_PLACEBO_TELA_20220725,TELA,2022-07-25,1561921,HIGH,,V19_V20_DEVELOPMENT,,DEVELOPMENT_OR_PRIOR_SEAL,1,2022-07-15,2022-07-30,1
QUIET_PLACEBO_TEM_20250828,TEM,2025-08-28,1717115,HIGH,,V19_V20_DEVELOPMENT,,DEVELOPMENT_OR_PRIOR_SEAL,1,2025-08-18,2025-09-02,0
QUIET_PLACEBO_TENB_20230718,TENB,2023-07-18,1660280,HIGH,,V19_V20_DEVELOPMENT,,DEVELOPMENT_OR_PRIOR_SEAL,1,2023-07-08,2023-07-23,1
QUIET_PLACEBO_TENX_20220811,TENX,2022-08-11,34956,HIGH,,V19_V20_DEVELOPMENT,,DEVELOPMENT_OR_PRIOR_SEAL,1,2022-08-01,2022-08-16,1
QUIET_PLACEBO_TFC_20211115,TFC,2021-11-15,92230,HIGH,,V19_V20_DEVELOPMENT,,DEVELOPMENT_OR_PRIOR_SEAL,1,2021-11-05,2021-11-20,1
QUIET_PLACEBO_THCH_20250116,THCH,2025-01-16,1877333,HIGH,,V19_V20_DEVELOPMENT,,DEVELOPMENT_OR_PRIOR_SEAL,1,2025-01-06,2025-01-21,1
QUIET_PLACEBO_THO_20220926,THO,2022-09-26,730263,HIGH,,V19_V20_DEVELOPMENT,,DEVELOPMENT_OR_PRIOR_SEAL,1,2022-09-16,2022-10-01,1
QUIET_PLACEBO_THRY_20230830,THRY,2023-08-30,1556739,HIGH,,V19_V20_DEVELOPMENT,,DEVELOPMENT_OR_PRIOR_SEAL,1,2023-08-20,2023-09-04,1
QUIET_PLACEBO_TIGR_20230628,TIGR,2023-06-28,1756699,HIGH,,V19_V20_DEVELOPMENT,,DEVELOPMENT_OR_PRIOR_SEAL,1,2023-06-18,2023-07-03,1
QUIET_PLACEBO_TISI_20190726,TISI,2019-07-26,318833,HIGH,,V19_V20_DEVELOPMENT,,DEVELOPMENT_OR_PRIOR_SEAL,1,2019-07-16,2019-07-31,0
QUIET_PLACEBO_TJX_20220622,TJX,2022-06-22,109198,HIGH,,V19_V20_DEVELOPMENT,,DEVELOPMENT_OR_PRIOR_SEAL,1,2022-06-12,2022-06-27,1
QUIET_PLACEBO_TKLF_20240418,TKLF,2024-04-18,1836242,HIGH,,V19_V20_DEVELOPMENT,,DEVELOPMENT_OR_PRIOR_SEAL,1,2024-04-08,2024-04-23,1
QUIET_PLACEBO_TLK_20220121,TLK,2022-01-21,1001807,HIGH,,V19_V20_DEVELOPMENT,,DEVELOPMENT_OR_PRIOR_SEAL,1,2022-01-11,2022-01-26,1
QUIET_PLACEBO_TLPH_20191205,TLPH,2019-12-05,1427925,HIGH,,V19_V20_DEVELOPMENT,,DEVELOPMENT_OR_PRIOR_SEAL,1,2019-11-25,2019-12-10,0
QUIET_PLACEBO_TLRY_20230302,TLRY,2023-03-02,1731348,HIGH,,V19_V20_DEVELOPMENT,,DEVELOPMENT_OR_PRIOR_SEAL,1,2023-02-20,2023-03-07,1
QUIET_PLACEBO_TLSI_20221031,TLSI,2022-10-31,1826667,HIGH,,V19_V20_DEVELOPMENT,,DEVELOPMENT_OR_PRIOR_SEAL,1,2022-10-21,2022-11-05,1
QUIET_PLACEBO_TLYS_20211015,TLYS,2021-10-15,1524025,HIGH,,V19_V20_DEVELOPMENT,,DEVELOPMENT_OR_PRIOR_SEAL,1,2021-10-05,2021-10-20,1
QUIET_PLACEBO_TMUS_20220316,TMUS,2022-03-16,1283699,HIGH,,V19_V20_DEVELOPMENT,,DEVELOPMENT_OR_PRIOR_SEAL,1,2022-03-06,2022-03-21,1
QUIET_PLACEBO_TNC_20220211,TNC,2022-02-11,97134,HIGH,,V19_V20_DEVELOPMENT,,DEVELOPMENT_OR_PRIOR_SEAL,1,2022-02-01,2022-02-16,1
QUIET_PLACEBO_TNMG_20250605,TNMG,2025-06-05,2013186,HIGH,,V19_V20_DEVELOPMENT,,DEVELOPMENT_OR_PRIOR_SEAL,1,2025-05-26,2025-06-10,1
QUIET_PLACEBO_TORO_20240918,TORO,2024-09-18,1941131,HIGH,,V19_V20_DEVELOPMENT,,DEVELOPMENT_OR_PRIOR_SEAL,1,2024-09-08,2024-09-23,1
QUIET_PLACEBO_TRC_20211228,TRC,2021-12-28,96869,HIGH,,V19_V20_DEVELOPMENT,,DEVELOPMENT_OR_PRIOR_SEAL,1,2021-12-18,2022-01-02,1
QUIET_PLACEBO_TRGP_20220915,TRGP,2022-09-15,1389170,HIGH,,V19_V20_DEVELOPMENT,,DEVELOPMENT_OR_PRIOR_SEAL,1,2022-09-05,2022-09-20,1
QUIET_PLACEBO_TRIB_20190403,TRIB,2019-04-03,888721,HIGH,,V19_V20_DEVELOPMENT,,DEVELOPMENT_OR_PRIOR_SEAL,1,2019-03-24,2019-04-08,0
QUIET_PLACEBO_TRNO_20211110,TRNO,2021-11-10,1476150,HIGH,,V19_V20_DEVELOPMENT,,DEVELOPMENT_OR_PRIOR_SEAL,1,2021-10-31,2021-11-15,1
QUIET_PLACEBO_TRON_20241129,TRON,2024-11-29,1956744,HIGH,,V19_V20_DEVELOPMENT,,DEVELOPMENT_OR_PRIOR_SEAL,1,2024-11-19,2024-12-04,1
QUIET_PLACEBO_TROO_20191202,TROO,2019-12-02,1412095,HIGH,,V19_V20_DEVELOPMENT,,DEVELOPMENT_OR_PRIOR_SEAL,1,2019-11-22,2019-12-07,0
QUIET_PLACEBO_TRUG_20231003,TRUG,2023-10-03,1857086,HIGH,,V19_V20_DEVELOPMENT,,DEVELOPMENT_OR_PRIOR_SEAL,1,2023-09-23,2023-10-08,1
QUIET_PLACEBO_TRUP_20201231,TRUP,2020-12-31,1371285,HIGH,,V19_V20_DEVELOPMENT,,DEVELOPMENT_OR_PRIOR_SEAL,1,2020-12-21,2021-01-05,1
QUIET_PLACEBO_TRU_20210716,TRU,2021-07-16,1552033,HIGH,,V19_V20_DEVELOPMENT,,DEVELOPMENT_OR_PRIOR_SEAL,1,2021-07-06,2021-07-21,1
QUIET_PLACEBO_TRVI_20231010,TRVI,2023-10-10,1563880,HIGH,,V19_V20_DEVELOPMENT,,DEVELOPMENT_OR_PRIOR_SEAL,1,2023-09-30,2023-10-15,1
QUIET_PLACEBO_TRV_20220128,TRV,2022-01-28,86312,HIGH,,V19_V20_DEVELOPMENT,,DEVELOPMENT_OR_PRIOR_SEAL,1,2022-01-18,2022-02-02,1
QUIET_PLACEBO_TR_20211118,TR,2021-11-18,98677,HIGH,,V19_V20_DEVELOPMENT,,DEVELOPMENT_OR_PRIOR_SEAL,1,2021-11-08,2021-11-23,1
QUIET_PLACEBO_TSAT_20240207,TSAT,2024-02-07,1845840,HIGH,,V19_V20_DEVELOPMENT,,DEVELOPMENT_OR_PRIOR_SEAL,1,2024-01-28,2024-02-12,1
QUIET_PLACEBO_TSCO_20211213,TSCO,2021-12-13,916365,HIGH,,V19_V20_DEVELOPMENT,,DEVELOPMENT_OR_PRIOR_SEAL,1,2021-12-03,2021-12-18,1
QUIET_PLACEBO_TSLA_20210909,TSLA,2021-09-09,1318605,HIGH,,V19_V20_DEVELOPMENT,,DEVELOPMENT_OR_PRIOR_SEAL,1,2021-08-30,2021-09-14,1
QUIET_PLACEBO_TTI_20230811,TTI,2023-08-11,844965,HIGH,,V19_V20_DEVELOPMENT,,DEVELOPMENT_OR_PRIOR_SEAL,1,2023-08-01,2023-08-16,1
QUIET_PLACEBO_TT_20211115,TT,2021-11-15,1466258,HIGH,,V19_V20_DEVELOPMENT,,DEVELOPMENT_OR_PRIOR_SEAL,1,2021-11-05,2021-11-20,1
QUIET_PLACEBO_TVGN_20231010,TVGN,2023-10-10,1860871,HIGH,,V19_V20_DEVELOPMENT,,DEVELOPMENT_OR_PRIOR_SEAL,1,2023-09-30,2023-10-15,1
QUIET_PLACEBO_TXMD_20211025,TXMD,2021-10-25,25743,HIGH,,V19_V20_DEVELOPMENT,,DEVELOPMENT_OR_PRIOR_SEAL,1,2021-10-15,2021-10-30,1
QUIET_PLACEBO_TX_20220921,TX,2022-09-21,1342874,HIGH,,V19_V20_DEVELOPMENT,,DEVELOPMENT_OR_PRIOR_SEAL,1,2022-09-11,2022-09-26,1
QUIET_PLACEBO_TYGO_20221202,TYGO,2022-12-02,1855447,HIGH,,V19_V20_DEVELOPMENT,,DEVELOPMENT_OR_PRIOR_SEAL,1,2022-11-22,2022-12-07,1
QUIET_PLACEBO_TYRA_20240814,TYRA,2024-08-14,1863127,HIGH,,V19_V20_DEVELOPMENT,,DEVELOPMENT_OR_PRIOR_SEAL,1,2024-08-04,2024-08-19,1
QUIET_PLACEBO_UBER_20230822,UBER,2023-08-22,1543151,HIGH,,V19_V20_DEVELOPMENT,,DEVELOPMENT_OR_PRIOR_SEAL,1,2023-08-12,2023-08-27,1
QUIET_PLACEBO_UBS_20211110,UBS,2021-11-10,1610520,HIGH,,V19_V20_DEVELOPMENT,,DEVELOPMENT_OR_PRIOR_SEAL,1,2021-10-31,2021-11-15,1
QUIET_PLACEBO_UCL_20230707,UCL,2023-07-07,1775898,HIGH,,V19_V20_DEVELOPMENT,,DEVELOPMENT_OR_PRIOR_SEAL,1,2023-06-27,2023-07-12,1
QUIET_PLACEBO_UCTT_20220202,UCTT,2022-02-02,1275014,HIGH,,V19_V20_DEVELOPMENT,,DEVELOPMENT_OR_PRIOR_SEAL,1,2022-01-23,2022-02-07,1
QUIET_PLACEBO_UGP_20220715,UGP,2022-07-15,1094972,HIGH,,V19_V20_DEVELOPMENT,,DEVELOPMENT_OR_PRIOR_SEAL,1,2022-07-05,2022-07-20,1
QUIET_PLACEBO_UHT_20220513,UHT,2022-05-13,798783,HIGH,,V19_V20_DEVELOPMENT,,DEVELOPMENT_OR_PRIOR_SEAL,1,2022-05-03,2022-05-18,1
QUIET_PLACEBO_UK_20211004,UK,2021-10-04,1821424,HIGH,,V19_V20_DEVELOPMENT,,DEVELOPMENT_OR_PRIOR_SEAL,1,2021-09-24,2021-10-09,1
QUIET_PLACEBO_ULH_20210913,ULH,2021-09-13,1308208,HIGH,,V19_V20_DEVELOPMENT,,DEVELOPMENT_OR_PRIOR_SEAL,1,2021-09-03,2021-09-18,1
QUIET_PLACEBO_UMC_20220928,UMC,2022-09-28,1033767,HIGH,,V19_V20_DEVELOPMENT,,DEVELOPMENT_OR_PRIOR_SEAL,1,2022-09-18,2022-10-03,1
QUIET_PLACEBO_UNCY_20250502,UNCY,2025-05-02,1766140,HIGH,,V19_V20_DEVELOPMENT,,DEVELOPMENT_OR_PRIOR_SEAL,1,2025-04-22,2025-05-07,1
QUIET_PLACEBO_UNH_20211213,UNH,2021-12-13,731766,HIGH,,V19_V20_DEVELOPMENT,,DEVELOPMENT_OR_PRIOR_SEAL,1,2021-12-03,2021-12-18,1
QUIET_PLACEBO_UONE_20230303,UONE,2023-03-03,1041657,HIGH,,V19_V20_DEVELOPMENT,,DEVELOPMENT_OR_PRIOR_SEAL,1,2023-02-21,2023-03-08,1
QUIET_PLACEBO_UPC_20220504,UPC,2022-05-04,1809616,HIGH,,V19_V20_DEVELOPMENT,,DEVELOPMENT_OR_PRIOR_SEAL,1,2022-04-24,2022-05-09,1
QUIET_PLACEBO_UPLD_20200514,UPLD,2020-05-14,1505155,HIGH,,V19_V20_DEVELOPMENT,,DEVELOPMENT_OR_PRIOR_SEAL,1,2020-05-04,2020-05-19,0
QUIET_PLACEBO_UPST_20240723,UPST,2024-07-23,1647639,HIGH,,V19_V20_DEVELOPMENT,,DEVELOPMENT_OR_PRIOR_SEAL,1,2024-07-13,2024-07-28,1
QUIET_PLACEBO_UP_20210610,UP,2021-06-10,1819516,HIGH,,V19_V20_DEVELOPMENT,,DEVELOPMENT_OR_PRIOR_SEAL,1,2021-05-31,2021-06-15,1
QUIET_PLACEBO_URAA_20250402,URAA,2025-04-02,,UNRESOLVED,,V19_V20_DEVELOPMENT,,DEVELOPMENT_OR_PRIOR_SEAL,1,2025-03-23,2025-04-07,1
QUIET_PLACEBO_URGN_20200917,URGN,2020-09-17,1668243,HIGH,,V19_V20_DEVELOPMENT,,DEVELOPMENT_OR_PRIOR_SEAL,1,2020-09-07,2020-09-22,1
QUIET_PLACEBO_URI_20220408,URI,2022-04-08,1067701,HIGH,,V19_V20_DEVELOPMENT,,DEVELOPMENT_OR_PRIOR_SEAL,1,2022-03-29,2022-04-13,1
QUIET_PLACEBO_USIO_20231020,USIO,2023-10-20,1088034,HIGH,,V19_V20_DEVELOPMENT,,DEVELOPMENT_OR_PRIOR_SEAL,1,2023-10-10,2023-10-25,1
QUIET_PLACEBO_UTF_20211220,UTF,2021-12-20,1275617,HIGH,,V19_V20_DEVELOPMENT,,DEVELOPMENT_OR_PRIOR_SEAL,1,2021-12-10,2021-12-25,1
QUIET_PLACEBO_UTHR_20220520,UTHR,2022-05-20,1082554,HIGH,,V19_V20_DEVELOPMENT,,DEVELOPMENT_OR_PRIOR_SEAL,1,2022-05-10,2022-05-25,1
QUIET_PLACEBO_UVE_20211013,UVE,2021-10-13,891166,HIGH,,V19_V20_DEVELOPMENT,,DEVELOPMENT_OR_PRIOR_SEAL,1,2021-10-03,2021-10-18,1
QUIET_PLACEBO_UZX_20250904,UZX,2025-09-04,1969401,HIGH,,V19_V20_DEVELOPMENT,,DEVELOPMENT_OR_PRIOR_SEAL,1,2025-08-25,2025-09-09,0
QUIET_PLACEBO_VBF_20211022,VBF,2021-10-22,5094,HIGH,,V19_V20_DEVELOPMENT,,DEVELOPMENT_OR_PRIOR_SEAL,1,2021-10-12,2021-10-27,1
QUIET_PLACEBO_VBNK_20240326,VBNK,2024-03-26,1690639,HIGH,,V19_V20_DEVELOPMENT,,DEVELOPMENT_OR_PRIOR_SEAL,1,2024-03-16,2024-03-31,1
QUIET_PLACEBO_VCYT_20230626,VCYT,2023-06-26,1384101,HIGH,,V19_V20_DEVELOPMENT,,DEVELOPMENT_OR_PRIOR_SEAL,1,2023-06-16,2023-07-01,1
QUIET_PLACEBO_VEEE_20231101,VEEE,2023-11-01,1855509,HIGH,,V19_V20_DEVELOPMENT,,DEVELOPMENT_OR_PRIOR_SEAL,1,2023-10-22,2023-11-06,1
QUIET_PLACEBO_VERU_20201023,VERU,2020-10-23,863894,HIGH,,V19_V20_DEVELOPMENT,,DEVELOPMENT_OR_PRIOR_SEAL,1,2020-10-13,2020-10-28,1
QUIET_PLACEBO_VHC_20210409,VHC,2021-04-09,1082324,HIGH,,V19_V20_DEVELOPMENT,,DEVELOPMENT_OR_PRIOR_SEAL,1,2021-03-30,2021-04-14,1
QUIET_PLACEBO_VHI_20220418,VHI,2022-04-18,59255,HIGH,,V19_V20_DEVELOPMENT,,DEVELOPMENT_OR_PRIOR_SEAL,1,2022-04-08,2022-04-23,1
QUIET_PLACEBO_VICR_20210929,VICR,2021-09-29,751978,HIGH,,V19_V20_DEVELOPMENT,,DEVELOPMENT_OR_PRIOR_SEAL,1,2021-09-19,2021-10-04,1
QUIET_PLACEBO_VIP_20190129,VIP,2019-01-29,1844971,MEDIUM,,V19_V20_DEVELOPMENT,,DEVELOPMENT_OR_PRIOR_SEAL,1,2019-01-19,2019-02-03,0
QUIET_PLACEBO_VIV_20220218,VIV,2022-02-18,1066119,HIGH,,V19_V20_DEVELOPMENT,,DEVELOPMENT_OR_PRIOR_SEAL,1,2022-02-08,2022-02-23,1
QUIET_PLACEBO_VMC_20220218,VMC,2022-02-18,1396009,HIGH,,V19_V20_DEVELOPMENT,,DEVELOPMENT_OR_PRIOR_SEAL,1,2022-02-08,2022-02-23,1
QUIET_PLACEBO_VNDA_20220406,VNDA,2022-04-06,1347178,HIGH,,V19_V20_DEVELOPMENT,,DEVELOPMENT_OR_PRIOR_SEAL,1,2022-03-27,2022-04-11,1
QUIET_PLACEBO_VRT_20211026,VRT,2021-10-26,1674101,HIGH,,V19_V20_DEVELOPMENT,,DEVELOPMENT_OR_PRIOR_SEAL,1,2021-10-16,2021-10-31,1
QUIET_PLACEBO_VSEE_20230602,VSEE,2023-06-02,1864531,HIGH,,V19_V20_DEVELOPMENT,,DEVELOPMENT_OR_PRIOR_SEAL,1,2023-05-23,2023-06-07,1
QUIET_PLACEBO_VSME_20250227,VSME,2025-02-27,1951294,HIGH,,V19_V20_DEVELOPMENT,,DEVELOPMENT_OR_PRIOR_SEAL,1,2025-02-17,2025-03-04,1
QUIET_PLACEBO_VST_20210607,VST,2021-06-07,1692819,HIGH,,V19_V20_DEVELOPMENT,,DEVELOPMENT_OR_PRIOR_SEAL,1,2021-05-28,2021-06-12,1
QUIET_PLACEBO_VS_20240731,VS,2024-07-31,1701963,HIGH,,V19_V20_DEVELOPMENT,,DEVELOPMENT_OR_PRIOR_SEAL,1,2024-07-21,2024-08-05,1
QUIET_PLACEBO_VTGN_20211109,VTGN,2021-11-09,1411685,HIGH,,V19_V20_DEVELOPMENT,,DEVELOPMENT_OR_PRIOR_SEAL,1,2021-10-30,2021-11-14,1
QUIET_PLACEBO_VTG_20251230,VTG,2025-12-30,,UNRESOLVED,,V19_V20_DEVELOPMENT,,DEVELOPMENT_OR_PRIOR_SEAL,1,2025-12-20,2026-01-04,0
QUIET_PLACEBO_VTVT_20210909,VTVT,2021-09-09,1641489,HIGH,,V19_V20_DEVELOPMENT,,DEVELOPMENT_OR_PRIOR_SEAL,1,2021-08-30,2021-09-14,1
QUIET_PLACEBO_VYGR_20230301,VYGR,2023-03-01,1640266,HIGH,,V19_V20_DEVELOPMENT,,DEVELOPMENT_OR_PRIOR_SEAL,1,2023-02-19,2023-03-06,1
QUIET_PLACEBO_V_20220303,V,2022-03-03,1403161,HIGH,,V19_V20_DEVELOPMENT,,DEVELOPMENT_OR_PRIOR_SEAL,1,2022-02-21,2022-03-08,1
QUIET_PLACEBO_WAB_20220729,WAB,2022-07-29,943452,HIGH,,V19_V20_DEVELOPMENT,,DEVELOPMENT_OR_PRIOR_SEAL,1,2022-07-19,2022-08-03,1
QUIET_PLACEBO_WAFU_20240404,WAFU,2024-04-04,1716770,HIGH,,V19_V20_DEVELOPMENT,,DEVELOPMENT_OR_PRIOR_SEAL,1,2024-03-25,2024-04-09,1
QUIET_PLACEBO_WBS_20220420,WBS,2022-04-20,801337,HIGH,,V19_V20_DEVELOPMENT,,DEVELOPMENT_OR_PRIOR_SEAL,1,2022-04-10,2022-04-25,1
QUIET_PLACEBO_WCMI_20250827,WCMI,2025-08-27,,UNRESOLVED,,V19_V20_DEVELOPMENT,,DEVELOPMENT_OR_PRIOR_SEAL,1,2025-08-17,2025-09-01,0
QUIET_PLACEBO_WDAY_20220120,WDAY,2022-01-20,1327811,HIGH,,V19_V20_DEVELOPMENT,,DEVELOPMENT_OR_PRIOR_SEAL,1,2022-01-10,2022-01-25,1
QUIET_PLACEBO_WEA_20211019,WEA,2021-10-19,1163792,HIGH,,V19_V20_DEVELOPMENT,,DEVELOPMENT_OR_PRIOR_SEAL,1,2021-10-09,2021-10-24,1
QUIET_PLACEBO_WEC_20211103,WEC,2021-11-03,783325,HIGH,,V19_V20_DEVELOPMENT,,DEVELOPMENT_OR_PRIOR_SEAL,1,2021-10-24,2021-11-08,1
QUIET_PLACEBO_WELD_20250129,WELD,2025-01-29,,UNRESOLVED,,V19_V20_DEVELOPMENT,,DEVELOPMENT_OR_PRIOR_SEAL,1,2025-01-19,2025-02-03,1
QUIET_PLACEBO_WES_20230124,WES,2023-01-24,1423902,HIGH,,V19_V20_DEVELOPMENT,,DEVELOPMENT_OR_PRIOR_SEAL,1,2023-01-14,2023-01-29,1
QUIET_PLACEBO_WFCF_20230824,WFCF,2023-08-24,1360565,HIGH,,V19_V20_DEVELOPMENT,,DEVELOPMENT_OR_PRIOR_SEAL,1,2023-08-14,2023-08-29,1
QUIET_PLACEBO_WFG_20231129,WFG,2023-11-29,1402388,HIGH,,V19_V20_DEVELOPMENT,,DEVELOPMENT_OR_PRIOR_SEAL,1,2023-11-19,2023-12-04,1
QUIET_PLACEBO_WHF_20211203,WHF,2021-12-03,1552198,HIGH,,V19_V20_DEVELOPMENT,,DEVELOPMENT_OR_PRIOR_SEAL,1,2021-11-23,2021-12-08,1
QUIET_PLACEBO_WHLR_20200929,WHLR,2020-09-29,1527541,HIGH,,V19_V20_DEVELOPMENT,,DEVELOPMENT_OR_PRIOR_SEAL,1,2020-09-19,2020-10-04,1
QUIET_PLACEBO_WIT_20220204,WIT,2022-02-04,1123799,HIGH,,V19_V20_DEVELOPMENT,,DEVELOPMENT_OR_PRIOR_SEAL,1,2022-01-25,2022-02-09,1
QUIET_PLACEBO_WIX_20210922,WIX,2021-09-22,1576789,HIGH,,V19_V20_DEVELOPMENT,,DEVELOPMENT_OR_PRIOR_SEAL,1,2021-09-12,2021-09-27,1
QUIET_PLACEBO_WKSP_20221107,WKSP,2022-11-07,1096275,HIGH,,V19_V20_DEVELOPMENT,,DEVELOPMENT_OR_PRIOR_SEAL,1,2022-10-28,2022-11-12,1
QUIET_PLACEBO_WLDN_20210812,WLDN,2021-08-12,1370450,HIGH,,V19_V20_DEVELOPMENT,,DEVELOPMENT_OR_PRIOR_SEAL,1,2021-08-02,2021-08-17,1
QUIET_PLACEBO_WLDS_20240726,WLDS,2024-07-26,1887673,HIGH,,V19_V20_DEVELOPMENT,,DEVELOPMENT_OR_PRIOR_SEAL,1,2024-07-16,2024-07-31,1
QUIET_PLACEBO_WMT_20211229,WMT,2021-12-29,104169,HIGH,,V19_V20_DEVELOPMENT,,DEVELOPMENT_OR_PRIOR_SEAL,1,2021-12-19,2022-01-03,1
QUIET_PLACEBO_WNW_20240610,WNW,2024-06-10,1787803,HIGH,,V19_V20_DEVELOPMENT,,DEVELOPMENT_OR_PRIOR_SEAL,1,2024-05-31,2024-06-15,1
QUIET_PLACEBO_WOK_20250326,WOK,2025-03-26,1929783,HIGH,,V19_V20_DEVELOPMENT,,DEVELOPMENT_OR_PRIOR_SEAL,1,2025-03-16,2025-03-31,1
QUIET_PLACEBO_WOR_20220516,WOR,2022-05-16,108516,HIGH,,V19_V20_DEVELOPMENT,,DEVELOPMENT_OR_PRIOR_SEAL,1,2022-05-06,2022-05-21,1
QUIET_PLACEBO_WPM_20211222,WPM,2021-12-22,1323404,HIGH,,V19_V20_DEVELOPMENT,,DEVELOPMENT_OR_PRIOR_SEAL,1,2021-12-12,2021-12-27,1
QUIET_PLACEBO_WRAP_20211027,WRAP,2021-10-27,1702924,HIGH,,V19_V20_DEVELOPMENT,,DEVELOPMENT_OR_PRIOR_SEAL,1,2021-10-17,2021-11-01,1
QUIET_PLACEBO_WTIU_20241022,WTIU,2024-10-22,927971,HIGH,,V19_V20_DEVELOPMENT,,DEVELOPMENT_OR_PRIOR_SEAL,1,2024-10-12,2024-10-27,1
QUIET_PLACEBO_WYNN_20221214,WYNN,2022-12-14,1174922,HIGH,,V19_V20_DEVELOPMENT,,DEVELOPMENT_OR_PRIOR_SEAL,1,2022-12-04,2022-12-19,1
QUIET_PLACEBO_W_20200916,W,2020-09-16,1616707,HIGH,,V19_V20_DEVELOPMENT,,DEVELOPMENT_OR_PRIOR_SEAL,1,2020-09-06,2020-09-21,1
QUIET_PLACEBO_XBP_20220630,XBP,2022-06-30,1839530,HIGH,,V19_V20_DEVELOPMENT,,DEVELOPMENT_OR_PRIOR_SEAL,1,2022-06-20,2022-07-05,1
QUIET_PLACEBO_XFOR_20201119,XFOR,2020-11-19,1501697,HIGH,,V19_V20_DEVELOPMENT,,DEVELOPMENT_OR_PRIOR_SEAL,1,2020-11-09,2020-11-24,1
QUIET_PLACEBO_XGN_20240216,XGN,2024-02-16,1274737,HIGH,,V19_V20_DEVELOPMENT,,DEVELOPMENT_OR_PRIOR_SEAL,1,2024-02-06,2024-02-21,1
QUIET_PLACEBO_XOM_20220322,XOM,2022-03-22,34088,HIGH,,V19_V20_DEVELOPMENT,,DEVELOPMENT_OR_PRIOR_SEAL,1,2022-03-12,2022-03-27,1
QUIET_PLACEBO_XOS_20231023,XOS,2023-10-23,1819493,HIGH,,V19_V20_DEVELOPMENT,,DEVELOPMENT_OR_PRIOR_SEAL,1,2023-10-13,2023-10-28,1
QUIET_PLACEBO_XPEL_20230908,XPEL,2023-09-08,1767258,HIGH,,V19_V20_DEVELOPMENT,,DEVELOPMENT_OR_PRIOR_SEAL,1,2023-08-29,2023-09-13,1
QUIET_PLACEBO_XXII_20200210,XXII,2020-02-10,1347858,HIGH,,V19_V20_DEVELOPMENT,,DEVELOPMENT_OR_PRIOR_SEAL,1,2020-01-31,2020-02-15,0
QUIET_PLACEBO_XXRP_20251223,XXRP,2025-12-23,,UNRESOLVED,,V19_V20_DEVELOPMENT,,DEVELOPMENT_OR_PRIOR_SEAL,1,2025-12-13,2025-12-28,0
QUIET_PLACEBO_YARW_20201125,YARW,2020-11-25,1566044,HIGH,,V19_V20_DEVELOPMENT,,DEVELOPMENT_OR_PRIOR_SEAL,1,2020-11-15,2020-11-30,1
QUIET_PLACEBO_YELP_20221024,YELP,2022-10-24,1345016,HIGH,,V19_V20_DEVELOPMENT,,DEVELOPMENT_OR_PRIOR_SEAL,1,2022-10-14,2022-10-29,1
QUIET_PLACEBO_YFYA_20250805,YFYA,2025-08-05,,UNRESOLVED,,V19_V20_DEVELOPMENT,,DEVELOPMENT_OR_PRIOR_SEAL,1,2025-07-26,2025-08-10,0
QUIET_PLACEBO_YJ_20220405,YJ,2022-04-05,1759614,HIGH,,V19_V20_DEVELOPMENT,,DEVELOPMENT_OR_PRIOR_SEAL,1,2022-03-26,2022-04-10,1
QUIET_PLACEBO_YQ_20240909,YQ,2024-09-09,1821468,HIGH,,V19_V20_DEVELOPMENT,,DEVELOPMENT_OR_PRIOR_SEAL,1,2024-08-30,2024-09-14,1
QUIET_PLACEBO_YRD_20220628,YRD,2022-06-28,1631761,HIGH,,V19_V20_DEVELOPMENT,,DEVELOPMENT_OR_PRIOR_SEAL,1,2022-06-18,2022-07-03,1
QUIET_PLACEBO_YSG_20231218,YSG,2023-12-18,1819580,HIGH,,V19_V20_DEVELOPMENT,,DEVELOPMENT_OR_PRIOR_SEAL,1,2023-12-08,2023-12-23,1
QUIET_PLACEBO_YUM_20211231,YUM,2021-12-31,1041061,HIGH,,V19_V20_DEVELOPMENT,,DEVELOPMENT_OR_PRIOR_SEAL,1,2021-12-21,2022-01-05,1
QUIET_PLACEBO_ZBAO_20241101,ZBAO,2024-11-01,1966750,HIGH,,V19_V20_DEVELOPMENT,,DEVELOPMENT_OR_PRIOR_SEAL,1,2024-10-22,2024-11-06,1
QUIET_PLACEBO_ZENA_20250926,ZENA,2025-09-26,1997403,HIGH,,V19_V20_DEVELOPMENT,,DEVELOPMENT_OR_PRIOR_SEAL,1,2025-09-16,2025-10-01,0
QUIET_PLACEBO_ZEO_20230418,ZEO,2023-04-18,1865506,HIGH,,V19_V20_DEVELOPMENT,,DEVELOPMENT_OR_PRIOR_SEAL,1,2023-04-08,2023-04-23,1
QUIET_PLACEBO_ZETA_20240129,ZETA,2024-01-29,1851003,HIGH,,V19_V20_DEVELOPMENT,,DEVELOPMENT_OR_PRIOR_SEAL,1,2024-01-19,2024-02-03,1
QUIET_PLACEBO_ZHOG_20250402,ZHOG,2025-04-02,,UNRESOLVED,,V19_V20_DEVELOPMENT,,DEVELOPMENT_OR_PRIOR_SEAL,1,2025-03-23,2025-04-07,1
QUIET_PLACEBO_ZKIN_20200122,ZKIN,2020-01-22,1687451,HIGH,,V19_V20_DEVELOPMENT,,DEVELOPMENT_OR_PRIOR_SEAL,1,2020-01-12,2020-01-27,0
QUIET_PLACEBO_ZSTK_20250604,ZSTK,2025-06-04,1790169,HIGH,,V19_V20_DEVELOPMENT,,DEVELOPMENT_OR_PRIOR_SEAL,1,2025-05-25,2025-06-09,1
QUIET_PLACEBO_Z_20230124,Z,2023-01-24,1617640,HIGH,,V19_V20_DEVELOPMENT,,DEVELOPMENT_OR_PRIOR_SEAL,1,2023-01-14,2023-01-29,1
ROSEN_ILUS_RANGE,ILUS,2020-05-19,1496383,HIGH,,V19_V20_DEVELOPMENT,,DEVELOPMENT_OR_PRIOR_SEAL,1,2020-05-09,2020-05-24,1
ROSEN_SBFM_RANGE,SBFM,2020-05-26,1402328,HIGH,,V19_V20_DEVELOPMENT,,DEVELOPMENT_OR_PRIOR_SEAL,1,2020-05-16,2020-05-31,1
SEETHRU_IGC_20140421_4,IGC,2014-04-21,1326205,HIGH,,V19_V20_DEVELOPMENT,,DEVELOPMENT_OR_PRIOR_SEAL,1,2014-04-11,2014-04-26,1
SEETHRU_IGC_20140506_3,IGC,2014-05-06,1326205,HIGH,,V19_V20_DEVELOPMENT,,DEVELOPMENT_OR_PRIOR_SEAL,1,2014-04-26,2014-05-11,1
SRIPETCH_GLOH_DATE_RECOVERY,GLOH,2014-11-28,,UNRESOLVED,,V19_V20_DEVELOPMENT,,DEVELOPMENT_OR_PRIOR_SEAL,1,2014-11-18,2014-12-03,1
TDIC_2026_EP2,TDIC,2026-04-23,2041338,HIGH,,V19_V20_DEVELOPMENT,,DEVELOPMENT_OR_PRIOR_SEAL,1,2026-04-13,2026-04-28,0
VIGGIANO_AIG_20210714,AIG,2021-07-14,5272,HIGH,,V19_V20_DEVELOPMENT,,DEVELOPMENT_OR_PRIOR_SEAL,1,2021-07-04,2021-07-19,1
VIGGIANO_ATCX_20230131,ATCX,2023-01-31,1684688,HIGH,,V19_V20_DEVELOPMENT,,DEVELOPMENT_OR_PRIOR_SEAL,1,2023-01-21,2023-02-05,1
VIGGIANO_HRMY_20210810,HRMY,2021-08-10,1802665,HIGH,,V19_V20_DEVELOPMENT,,DEVELOPMENT_OR_PRIOR_SEAL,1,2021-07-31,2021-08-15,1
WELLS_BRKR_20110323,BRKR,2011-03-29,1109354,HIGH,,V19_V20_DEVELOPMENT,,DEVELOPMENT_OR_PRIOR_SEAL,1,2011-03-19,2011-04-03,1
YEDID_INSP_20190204,INSP,2019-02-05,1609550,HIGH,,V19_V20_DEVELOPMENT,,DEVELOPMENT_OR_PRIOR_SEAL,1,2019-01-26,2019-02-10,0
YEDID_INSP_20190503,INSP,2019-05-07,1609550,HIGH,,V19_V20_DEVELOPMENT,,DEVELOPMENT_OR_PRIOR_SEAL,1,2019-04-27,2019-05-12,0
YEDID_INSP_20201028,INSP,2020-11-02,1609550,HIGH,,V19_V20_DEVELOPMENT,,DEVELOPMENT_OR_PRIOR_SEAL,1,2020-10-23,2020-11-07,1
YEDID_INSP_20220720,INSP,2022-08-02,1609550,HIGH,,V19_V20_DEVELOPMENT,,DEVELOPMENT_OR_PRIOR_SEAL,1,2022-07-23,2022-08-07,1
YEDID_NNOX_20210505,NNOX,2021-05-11,1795251,HIGH,,V19_V20_DEVELOPMENT,,DEVELOPMENT_OR_PRIOR_SEAL,1,2021-05-01,2021-05-16,1
YEDID_NNOX_20210804,NNOX,2021-08-10,1795251,HIGH,,V19_V20_DEVELOPMENT,,DEVELOPMENT_OR_PRIOR_SEAL,1,2021-07-31,2021-08-15,1
YEDID_NNOX_20210818,NNOX,2021-08-19,1795251,HIGH,,V19_V20_DEVELOPMENT,,DEVELOPMENT_OR_PRIOR_SEAL,1,2021-08-09,2021-08-24,1
YEDID_NOTV_20240507,NOTV,2024-05-13,720154,HIGH,,V19_V20_DEVELOPMENT,,DEVELOPMENT_OR_PRIOR_SEAL,1,2024-05-03,2024-05-18,1
YEDID_OCX_20190115,OCX,2019-01-29,,UNRESOLVED,,V19_V20_DEVELOPMENT,,DEVELOPMENT_OR_PRIOR_SEAL,1,2019-01-19,2019-02-03,0
SEAL8_ACI_20221014,ACI,2022-10-14,,SEAL8_SOURCE_REGISTRY,,EIGHTH_SEAL,OFFICIAL_ISSUER_MA_CONTROLS_V22,EIGHTH_SEAL,0,2022-10-04,2022-10-19,1
SEAL8_SAVE_20220728,SAVE,2022-07-28,,SEAL8_SOURCE_REGISTRY,,EIGHTH_SEAL,OFFICIAL_ISSUER_MA_CONTROLS_V22,EIGHTH_SEAL,0,2022-07-18,2022-08-02,1
SEAL8_CPRI_20230810,CPRI,2023-08-10,,SEAL8_SOURCE_REGISTRY,,EIGHTH_SEAL,OFFICIAL_ISSUER_MA_CONTROLS_V22,EIGHTH_SEAL,0,2023-07-31,2023-08-15,1
SEAL8_HES_20231023,HES,2023-10-23,,SEAL8_SOURCE_REGISTRY,,EIGHTH_SEAL,OFFICIAL_ISSUER_MA_CONTROLS_V22,EIGHTH_SEAL,0,2023-10-13,2023-10-28,1
SEAL8_X_20231218,X,2023-12-18,,SEAL8_SOURCE_REGISTRY,,EIGHTH_SEAL,OFFICIAL_ISSUER_MA_CONTROLS_V22,EIGHTH_SEAL,0,2023-12-08,2023-12-23,1
SEAL8_AXNX_20240108,AXNX,2024-01-08,,SEAL8_SOURCE_REGISTRY,,EIGHTH_SEAL,OFFICIAL_ISSUER_MA_CONTROLS_V22,EIGHTH_SEAL,0,2023-12-29,2024-01-13,1
SEAL8_JNPR_20240109,JNPR,2024-01-09,,SEAL8_SOURCE_REGISTRY,,EIGHTH_SEAL,OFFICIAL_ISSUER_MA_CONTROLS_V22,EIGHTH_SEAL,0,2023-12-30,2024-01-14,1
SEAL8_ANSS_20240116,ANSS,2024-01-16,,SEAL8_SOURCE_REGISTRY,,EIGHTH_SEAL,OFFICIAL_ISSUER_MA_CONTROLS_V22,EIGHTH_SEAL,0,2024-01-06,2024-01-21,1
SEAL8_CHX_20240402,CHX,2024-04-02,,SEAL8_SOURCE_REGISTRY,,EIGHTH_SEAL,OFFICIAL_ISSUER_MA_CONTROLS_V22,EIGHTH_SEAL,0,2024-03-23,2024-04-07,1
SEAL8_PRMW_20240617,PRMW,2024-06-17,,SEAL8_SOURCE_REGISTRY,,EIGHTH_SEAL,OFFICIAL_ISSUER_MA_CONTROLS_V22,EIGHTH_SEAL,0,2024-06-07,2024-06-22,1
SEAL8_PARA_20240707,PARA,2024-07-07,,SEAL8_SOURCE_REGISTRY,,EIGHTH_SEAL,OFFICIAL_ISSUER_MA_CONTROLS_V22,EIGHTH_SEAL,0,2024-06-27,2024-07-12,1
SEAL8_K_20240814,K,2024-08-14,,SEAL8_SOURCE_REGISTRY,,EIGHTH_SEAL,OFFICIAL_ISSUER_MA_CONTROLS_V22,EIGHTH_SEAL,0,2024-08-04,2024-08-19,1
SEAL8_ALTM_20241009,ALTM,2024-10-09,,SEAL8_SOURCE_REGISTRY,,EIGHTH_SEAL,OFFICIAL_ISSUER_MA_CONTROLS_V22,EIGHTH_SEAL,0,2024-09-29,2024-10-14,1
SEAL8_SUM_20241125,SUM,2024-11-25,,SEAL8_SOURCE_REGISTRY,,EIGHTH_SEAL,OFFICIAL_ISSUER_MA_CONTROLS_V22,EIGHTH_SEAL,0,2024-11-15,2024-11-30,1
SEAL8_MOMO_20180223,MOMO,2018-02-23,,SEAL8_SOURCE_REGISTRY,,EIGHTH_SEAL,OFFICIAL_ISSUER_STRATEGIC_CONTROLS_V22,EIGHTH_SEAL,0,2018-02-13,2018-02-28,0
SEAL8_CYDY_20200427,CYDY,2020-04-27,,SEAL8_SOURCE_REGISTRY,,EIGHTH_SEAL,CYTODYN_FALSE_DISCLOSURE_V22,EIGHTH_SEAL,0,2020-04-17,2020-05-02,0
