date,year,quarter,url,status
2003-04-29,2003,2,https://www.sec.gov/dera/data/Public-EDGAR-log-file-data/2003/Qtr2/log20030429.zip,NOT_DOWNLOADED_SANDBOX_NETWORK_BLOCKED
2003-04-30,2003,2,https://www.sec.gov/dera/data/Public-EDGAR-log-file-data/2003/Qtr2/log20030430.zip,NOT_DOWNLOADED_SANDBOX_NETWORK_BLOCKED
2003-05-01,2003,2,https://www.sec.gov/dera/data/Public-EDGAR-log-file-data/2003/Qtr2/log20030501.zip,NOT_DOWNLOADED_SANDBOX_NETWORK_BLOCKED
2003-05-02,2003,2,https://www.sec.gov/dera/data/Public-EDGAR-log-file-data/2003/Qtr2/log20030502.zip,NOT_DOWNLOADED_SANDBOX_NETWORK_BLOCKED
2003-05-03,2003,2,https://www.sec.gov/dera/data/Public-EDGAR-log-file-data/2003/Qtr2/log20030503.zip,NOT_DOWNLOADED_SANDBOX_NETWORK_BLOCKED
2003-05-04,2003,2,https://www.sec.gov/dera/data/Public-EDGAR-log-file-data/2003/Qtr2/log20030504.zip,NOT_DOWNLOADED_SANDBOX_NETWORK_BLOCKED
2003-05-05,2003,2,https://www.sec.gov/dera/data/Public-EDGAR-log-file-data/2003/Qtr2/log20030505.zip,NOT_DOWNLOADED_SANDBOX_NETWORK_BLOCKED
2003-05-06,2003,2,https://www.sec.gov/dera/data/Public-EDGAR-log-file-data/2003/Qtr2/log20030506.zip,NOT_DOWNLOADED_SANDBOX_NETWORK_BLOCKED
2003-05-07,2003,2,https://www.sec.gov/dera/data/Public-EDGAR-log-file-data/2003/Qtr2/log20030507.zip,NOT_DOWNLOADED_SANDBOX_NETWORK_BLOCKED
2003-05-08,2003,2,https://www.sec.gov/dera/data/Public-EDGAR-log-file-data/2003/Qtr2/log20030508.zip,NOT_DOWNLOADED_SANDBOX_NETWORK_BLOCKED
2003-05-09,2003,2,https://www.sec.gov/dera/data/Public-EDGAR-log-file-data/2003/Qtr2/log20030509.zip,NOT_DOWNLOADED_SANDBOX_NETWORK_BLOCKED
2003-05-10,2003,2,https://www.sec.gov/dera/data/Public-EDGAR-log-file-data/2003/Qtr2/log20030510.zip,NOT_DOWNLOADED_SANDBOX_NETWORK_BLOCKED
2003-05-11,2003,2,https://www.sec.gov/dera/data/Public-EDGAR-log-file-data/2003/Qtr2/log20030511.zip,NOT_DOWNLOADED_SANDBOX_NETWORK_BLOCKED
2003-05-12,2003,2,https://www.sec.gov/dera/data/Public-EDGAR-log-file-data/2003/Qtr2/log20030512.zip,NOT_DOWNLOADED_SANDBOX_NETWORK_BLOCKED
2003-05-13,2003,2,https://www.sec.gov/dera/data/Public-EDGAR-log-file-data/2003/Qtr2/log20030513.zip,NOT_DOWNLOADED_SANDBOX_NETWORK_BLOCKED
2003-05-14,2003,2,https://www.sec.gov/dera/data/Public-EDGAR-log-file-data/2003/Qtr2/log20030514.zip,NOT_DOWNLOADED_SANDBOX_NETWORK_BLOCKED
2003-05-15,2003,2,https://www.sec.gov/dera/data/Public-EDGAR-log-file-data/2003/Qtr2/log20030515.zip,NOT_DOWNLOADED_SANDBOX_NETWORK_BLOCKED
2003-05-16,2003,2,https://www.sec.gov/dera/data/Public-EDGAR-log-file-data/2003/Qtr2/log20030516.zip,NOT_DOWNLOADED_SANDBOX_NETWORK_BLOCKED
2003-05-17,2003,2,https://www.sec.gov/dera/data/Public-EDGAR-log-file-data/2003/Qtr2/log20030517.zip,NOT_DOWNLOADED_SANDBOX_NETWORK_BLOCKED
2003-05-18,2003,2,https://www.sec.gov/dera/data/Public-EDGAR-log-file-data/2003/Qtr2/log20030518.zip,NOT_DOWNLOADED_SANDBOX_NETWORK_BLOCKED
2003-05-19,2003,2,https://www.sec.gov/dera/data/Public-EDGAR-log-file-data/2003/Qtr2/log20030519.zip,NOT_DOWNLOADED_SANDBOX_NETWORK_BLOCKED
2003-05-20,2003,2,https://www.sec.gov/dera/data/Public-EDGAR-log-file-data/2003/Qtr2/log20030520.zip,NOT_DOWNLOADED_SANDBOX_NETWORK_BLOCKED
2003-05-21,2003,2,https://www.sec.gov/dera/data/Public-EDGAR-log-file-data/2003/Qtr2/log20030521.zip,NOT_DOWNLOADED_SANDBOX_NETWORK_BLOCKED
2003-05-22,2003,2,https://www.sec.gov/dera/data/Public-EDGAR-log-file-data/2003/Qtr2/log20030522.zip,NOT_DOWNLOADED_SANDBOX_NETWORK_BLOCKED
2003-05-23,2003,2,https://www.sec.gov/dera/data/Public-EDGAR-log-file-data/2003/Qtr2/log20030523.zip,NOT_DOWNLOADED_SANDBOX_NETWORK_BLOCKED
2003-05-24,2003,2,https://www.sec.gov/dera/data/Public-EDGAR-log-file-data/2003/Qtr2/log20030524.zip,NOT_DOWNLOADED_SANDBOX_NETWORK_BLOCKED
2003-05-25,2003,2,https://www.sec.gov/dera/data/Public-EDGAR-log-file-data/2003/Qtr2/log20030525.zip,NOT_DOWNLOADED_SANDBOX_NETWORK_BLOCKED
2003-05-26,2003,2,https://www.sec.gov/dera/data/Public-EDGAR-log-file-data/2003/Qtr2/log20030526.zip,NOT_DOWNLOADED_SANDBOX_NETWORK_BLOCKED
2003-06-06,2003,2,https://www.sec.gov/dera/data/Public-EDGAR-log-file-data/2003/Qtr2/log20030606.zip,NOT_DOWNLOADED_SANDBOX_NETWORK_BLOCKED
2003-06-07,2003,2,https://www.sec.gov/dera/data/Public-EDGAR-log-file-data/2003/Qtr2/log20030607.zip,NOT_DOWNLOADED_SANDBOX_NETWORK_BLOCKED
2003-06-08,2003,2,https://www.sec.gov/dera/data/Public-EDGAR-log-file-data/2003/Qtr2/log20030608.zip,NOT_DOWNLOADED_SANDBOX_NETWORK_BLOCKED
2003-06-09,2003,2,https://www.sec.gov/dera/data/Public-EDGAR-log-file-data/2003/Qtr2/log20030609.zip,NOT_DOWNLOADED_SANDBOX_NETWORK_BLOCKED
2003-06-10,2003,2,https://www.sec.gov/dera/data/Public-EDGAR-log-file-data/2003/Qtr2/log20030610.zip,NOT_DOWNLOADED_SANDBOX_NETWORK_BLOCKED
2003-06-11,2003,2,https://www.sec.gov/dera/data/Public-EDGAR-log-file-data/2003/Qtr2/log20030611.zip,NOT_DOWNLOADED_SANDBOX_NETWORK_BLOCKED
2003-06-12,2003,2,https://www.sec.gov/dera/data/Public-EDGAR-log-file-data/2003/Qtr2/log20030612.zip,NOT_DOWNLOADED_SANDBOX_NETWORK_BLOCKED
2003-06-13,2003,2,https://www.sec.gov/dera/data/Public-EDGAR-log-file-data/2003/Qtr2/log20030613.zip,NOT_DOWNLOADED_SANDBOX_NETWORK_BLOCKED
2003-06-14,2003,2,https://www.sec.gov/dera/data/Public-EDGAR-log-file-data/2003/Qtr2/log20030614.zip,NOT_DOWNLOADED_SANDBOX_NETWORK_BLOCKED
2003-06-15,2003,2,https://www.sec.gov/dera/data/Public-EDGAR-log-file-data/2003/Qtr2/log20030615.zip,NOT_DOWNLOADED_SANDBOX_NETWORK_BLOCKED
2003-06-16,2003,2,https://www.sec.gov/dera/data/Public-EDGAR-log-file-data/2003/Qtr2/log20030616.zip,NOT_DOWNLOADED_SANDBOX_NETWORK_BLOCKED
2003-06-17,2003,2,https://www.sec.gov/dera/data/Public-EDGAR-log-file-data/2003/Qtr2/log20030617.zip,NOT_DOWNLOADED_SANDBOX_NETWORK_BLOCKED
2003-06-18,2003,2,https://www.sec.gov/dera/data/Public-EDGAR-log-file-data/2003/Qtr2/log20030618.zip,NOT_DOWNLOADED_SANDBOX_NETWORK_BLOCKED
2003-06-19,2003,2,https://www.sec.gov/dera/data/Public-EDGAR-log-file-data/2003/Qtr2/log20030619.zip,NOT_DOWNLOADED_SANDBOX_NETWORK_BLOCKED
2003-06-20,2003,2,https://www.sec.gov/dera/data/Public-EDGAR-log-file-data/2003/Qtr2/log20030620.zip,NOT_DOWNLOADED_SANDBOX_NETWORK_BLOCKED
2003-06-21,2003,2,https://www.sec.gov/dera/data/Public-EDGAR-log-file-data/2003/Qtr2/log20030621.zip,NOT_DOWNLOADED_SANDBOX_NETWORK_BLOCKED
2003-08-10,2003,3,https://www.sec.gov/dera/data/Public-EDGAR-log-file-data/2003/Qtr3/log20030810.zip,NOT_DOWNLOADED_SANDBOX_NETWORK_BLOCKED
2003-08-11,2003,3,https://www.sec.gov/dera/data/Public-EDGAR-log-file-data/2003/Qtr3/log20030811.zip,NOT_DOWNLOADED_SANDBOX_NETWORK_BLOCKED
2003-08-12,2003,3,https://www.sec.gov/dera/data/Public-EDGAR-log-file-data/2003/Qtr3/log20030812.zip,NOT_DOWNLOADED_SANDBOX_NETWORK_BLOCKED
2003-08-13,2003,3,https://www.sec.gov/dera/data/Public-EDGAR-log-file-data/2003/Qtr3/log20030813.zip,NOT_DOWNLOADED_SANDBOX_NETWORK_BLOCKED
2003-08-14,2003,3,https://www.sec.gov/dera/data/Public-EDGAR-log-file-data/2003/Qtr3/log20030814.zip,NOT_DOWNLOADED_SANDBOX_NETWORK_BLOCKED
2003-08-15,2003,3,https://www.sec.gov/dera/data/Public-EDGAR-log-file-data/2003/Qtr3/log20030815.zip,NOT_DOWNLOADED_SANDBOX_NETWORK_BLOCKED
2003-08-16,2003,3,https://www.sec.gov/dera/data/Public-EDGAR-log-file-data/2003/Qtr3/log20030816.zip,NOT_DOWNLOADED_SANDBOX_NETWORK_BLOCKED
2003-08-17,2003,3,https://www.sec.gov/dera/data/Public-EDGAR-log-file-data/2003/Qtr3/log20030817.zip,NOT_DOWNLOADED_SANDBOX_NETWORK_BLOCKED
2003-08-18,2003,3,https://www.sec.gov/dera/data/Public-EDGAR-log-file-data/2003/Qtr3/log20030818.zip,NOT_DOWNLOADED_SANDBOX_NETWORK_BLOCKED
2003-08-19,2003,3,https://www.sec.gov/dera/data/Public-EDGAR-log-file-data/2003/Qtr3/log20030819.zip,NOT_DOWNLOADED_SANDBOX_NETWORK_BLOCKED
2003-08-20,2003,3,https://www.sec.gov/dera/data/Public-EDGAR-log-file-data/2003/Qtr3/log20030820.zip,NOT_DOWNLOADED_SANDBOX_NETWORK_BLOCKED
2003-08-21,2003,3,https://www.sec.gov/dera/data/Public-EDGAR-log-file-data/2003/Qtr3/log20030821.zip,NOT_DOWNLOADED_SANDBOX_NETWORK_BLOCKED
2003-08-22,2003,3,https://www.sec.gov/dera/data/Public-EDGAR-log-file-data/2003/Qtr3/log20030822.zip,NOT_DOWNLOADED_SANDBOX_NETWORK_BLOCKED
2003-08-23,2003,3,https://www.sec.gov/dera/data/Public-EDGAR-log-file-data/2003/Qtr3/log20030823.zip,NOT_DOWNLOADED_SANDBOX_NETWORK_BLOCKED
2003-08-24,2003,3,https://www.sec.gov/dera/data/Public-EDGAR-log-file-data/2003/Qtr3/log20030824.zip,NOT_DOWNLOADED_SANDBOX_NETWORK_BLOCKED
2003-08-25,2003,3,https://www.sec.gov/dera/data/Public-EDGAR-log-file-data/2003/Qtr3/log20030825.zip,NOT_DOWNLOADED_SANDBOX_NETWORK_BLOCKED
2003-11-08,2003,4,https://www.sec.gov/dera/data/Public-EDGAR-log-file-data/2003/Qtr4/log20031108.zip,NOT_DOWNLOADED_SANDBOX_NETWORK_BLOCKED
2003-11-09,2003,4,https://www.sec.gov/dera/data/Public-EDGAR-log-file-data/2003/Qtr4/log20031109.zip,NOT_DOWNLOADED_SANDBOX_NETWORK_BLOCKED
2003-11-10,2003,4,https://www.sec.gov/dera/data/Public-EDGAR-log-file-data/2003/Qtr4/log20031110.zip,NOT_DOWNLOADED_SANDBOX_NETWORK_BLOCKED
2003-11-11,2003,4,https://www.sec.gov/dera/data/Public-EDGAR-log-file-data/2003/Qtr4/log20031111.zip,NOT_DOWNLOADED_SANDBOX_NETWORK_BLOCKED
2003-11-12,2003,4,https://www.sec.gov/dera/data/Public-EDGAR-log-file-data/2003/Qtr4/log20031112.zip,NOT_DOWNLOADED_SANDBOX_NETWORK_BLOCKED
2003-11-13,2003,4,https://www.sec.gov/dera/data/Public-EDGAR-log-file-data/2003/Qtr4/log20031113.zip,NOT_DOWNLOADED_SANDBOX_NETWORK_BLOCKED
2003-11-14,2003,4,https://www.sec.gov/dera/data/Public-EDGAR-log-file-data/2003/Qtr4/log20031114.zip,NOT_DOWNLOADED_SANDBOX_NETWORK_BLOCKED
2003-11-15,2003,4,https://www.sec.gov/dera/data/Public-EDGAR-log-file-data/2003/Qtr4/log20031115.zip,NOT_DOWNLOADED_SANDBOX_NETWORK_BLOCKED
2003-11-16,2003,4,https://www.sec.gov/dera/data/Public-EDGAR-log-file-data/2003/Qtr4/log20031116.zip,NOT_DOWNLOADED_SANDBOX_NETWORK_BLOCKED
2003-11-17,2003,4,https://www.sec.gov/dera/data/Public-EDGAR-log-file-data/2003/Qtr4/log20031117.zip,NOT_DOWNLOADED_SANDBOX_NETWORK_BLOCKED
2003-11-18,2003,4,https://www.sec.gov/dera/data/Public-EDGAR-log-file-data/2003/Qtr4/log20031118.zip,NOT_DOWNLOADED_SANDBOX_NETWORK_BLOCKED
2003-11-19,2003,4,https://www.sec.gov/dera/data/Public-EDGAR-log-file-data/2003/Qtr4/log20031119.zip,NOT_DOWNLOADED_SANDBOX_NETWORK_BLOCKED
2003-11-20,2003,4,https://www.sec.gov/dera/data/Public-EDGAR-log-file-data/2003/Qtr4/log20031120.zip,NOT_DOWNLOADED_SANDBOX_NETWORK_BLOCKED
2003-11-21,2003,4,https://www.sec.gov/dera/data/Public-EDGAR-log-file-data/2003/Qtr4/log20031121.zip,NOT_DOWNLOADED_SANDBOX_NETWORK_BLOCKED
2003-11-22,2003,4,https://www.sec.gov/dera/data/Public-EDGAR-log-file-data/2003/Qtr4/log20031122.zip,NOT_DOWNLOADED_SANDBOX_NETWORK_BLOCKED
2003-11-23,2003,4,https://www.sec.gov/dera/data/Public-EDGAR-log-file-data/2003/Qtr4/log20031123.zip,NOT_DOWNLOADED_SANDBOX_NETWORK_BLOCKED
2003-11-24,2003,4,https://www.sec.gov/dera/data/Public-EDGAR-log-file-data/2003/Qtr4/log20031124.zip,NOT_DOWNLOADED_SANDBOX_NETWORK_BLOCKED
2003-11-25,2003,4,https://www.sec.gov/dera/data/Public-EDGAR-log-file-data/2003/Qtr4/log20031125.zip,NOT_DOWNLOADED_SANDBOX_NETWORK_BLOCKED
2003-11-26,2003,4,https://www.sec.gov/dera/data/Public-EDGAR-log-file-data/2003/Qtr4/log20031126.zip,NOT_DOWNLOADED_SANDBOX_NETWORK_BLOCKED
2003-11-27,2003,4,https://www.sec.gov/dera/data/Public-EDGAR-log-file-data/2003/Qtr4/log20031127.zip,NOT_DOWNLOADED_SANDBOX_NETWORK_BLOCKED
2003-11-28,2003,4,https://www.sec.gov/dera/data/Public-EDGAR-log-file-data/2003/Qtr4/log20031128.zip,NOT_DOWNLOADED_SANDBOX_NETWORK_BLOCKED
2003-11-29,2003,4,https://www.sec.gov/dera/data/Public-EDGAR-log-file-data/2003/Qtr4/log20031129.zip,NOT_DOWNLOADED_SANDBOX_NETWORK_BLOCKED
2003-11-30,2003,4,https://www.sec.gov/dera/data/Public-EDGAR-log-file-data/2003/Qtr4/log20031130.zip,NOT_DOWNLOADED_SANDBOX_NETWORK_BLOCKED
2003-12-01,2003,4,https://www.sec.gov/dera/data/Public-EDGAR-log-file-data/2003/Qtr4/log20031201.zip,NOT_DOWNLOADED_SANDBOX_NETWORK_BLOCKED
2003-12-02,2003,4,https://www.sec.gov/dera/data/Public-EDGAR-log-file-data/2003/Qtr4/log20031202.zip,NOT_DOWNLOADED_SANDBOX_NETWORK_BLOCKED
2003-12-03,2003,4,https://www.sec.gov/dera/data/Public-EDGAR-log-file-data/2003/Qtr4/log20031203.zip,NOT_DOWNLOADED_SANDBOX_NETWORK_BLOCKED
2003-12-23,2003,4,https://www.sec.gov/dera/data/Public-EDGAR-log-file-data/2003/Qtr4/log20031223.zip,NOT_DOWNLOADED_SANDBOX_NETWORK_BLOCKED
2003-12-24,2003,4,https://www.sec.gov/dera/data/Public-EDGAR-log-file-data/2003/Qtr4/log20031224.zip,NOT_DOWNLOADED_SANDBOX_NETWORK_BLOCKED
2003-12-25,2003,4,https://www.sec.gov/dera/data/Public-EDGAR-log-file-data/2003/Qtr4/log20031225.zip,NOT_DOWNLOADED_SANDBOX_NETWORK_BLOCKED
2003-12-26,2003,4,https://www.sec.gov/dera/data/Public-EDGAR-log-file-data/2003/Qtr4/log20031226.zip,NOT_DOWNLOADED_SANDBOX_NETWORK_BLOCKED
2003-12-27,2003,4,https://www.sec.gov/dera/data/Public-EDGAR-log-file-data/2003/Qtr4/log20031227.zip,NOT_DOWNLOADED_SANDBOX_NETWORK_BLOCKED
2003-12-28,2003,4,https://www.sec.gov/dera/data/Public-EDGAR-log-file-data/2003/Qtr4/log20031228.zip,NOT_DOWNLOADED_SANDBOX_NETWORK_BLOCKED
2003-12-29,2003,4,https://www.sec.gov/dera/data/Public-EDGAR-log-file-data/2003/Qtr4/log20031229.zip,NOT_DOWNLOADED_SANDBOX_NETWORK_BLOCKED
2003-12-30,2003,4,https://www.sec.gov/dera/data/Public-EDGAR-log-file-data/2003/Qtr4/log20031230.zip,NOT_DOWNLOADED_SANDBOX_NETWORK_BLOCKED
2003-12-31,2003,4,https://www.sec.gov/dera/data/Public-EDGAR-log-file-data/2003/Qtr4/log20031231.zip,NOT_DOWNLOADED_SANDBOX_NETWORK_BLOCKED
2004-01-01,2004,1,https://www.sec.gov/dera/data/Public-EDGAR-log-file-data/2004/Qtr1/log20040101.zip,NOT_DOWNLOADED_SANDBOX_NETWORK_BLOCKED
2004-01-02,2004,1,https://www.sec.gov/dera/data/Public-EDGAR-log-file-data/2004/Qtr1/log20040102.zip,NOT_DOWNLOADED_SANDBOX_NETWORK_BLOCKED
2004-01-03,2004,1,https://www.sec.gov/dera/data/Public-EDGAR-log-file-data/2004/Qtr1/log20040103.zip,NOT_DOWNLOADED_SANDBOX_NETWORK_BLOCKED
2004-01-04,2004,1,https://www.sec.gov/dera/data/Public-EDGAR-log-file-data/2004/Qtr1/log20040104.zip,NOT_DOWNLOADED_SANDBOX_NETWORK_BLOCKED
2004-01-05,2004,1,https://www.sec.gov/dera/data/Public-EDGAR-log-file-data/2004/Qtr1/log20040105.zip,NOT_DOWNLOADED_SANDBOX_NETWORK_BLOCKED
2004-01-06,2004,1,https://www.sec.gov/dera/data/Public-EDGAR-log-file-data/2004/Qtr1/log20040106.zip,NOT_DOWNLOADED_SANDBOX_NETWORK_BLOCKED
2004-01-07,2004,1,https://www.sec.gov/dera/data/Public-EDGAR-log-file-data/2004/Qtr1/log20040107.zip,NOT_DOWNLOADED_SANDBOX_NETWORK_BLOCKED
2004-01-08,2004,1,https://www.sec.gov/dera/data/Public-EDGAR-log-file-data/2004/Qtr1/log20040108.zip,NOT_DOWNLOADED_SANDBOX_NETWORK_BLOCKED
2004-01-09,2004,1,https://www.sec.gov/dera/data/Public-EDGAR-log-file-data/2004/Qtr1/log20040109.zip,NOT_DOWNLOADED_SANDBOX_NETWORK_BLOCKED
2004-01-10,2004,1,https://www.sec.gov/dera/data/Public-EDGAR-log-file-data/2004/Qtr1/log20040110.zip,NOT_DOWNLOADED_SANDBOX_NETWORK_BLOCKED
2004-01-11,2004,1,https://www.sec.gov/dera/data/Public-EDGAR-log-file-data/2004/Qtr1/log20040111.zip,NOT_DOWNLOADED_SANDBOX_NETWORK_BLOCKED
2004-01-12,2004,1,https://www.sec.gov/dera/data/Public-EDGAR-log-file-data/2004/Qtr1/log20040112.zip,NOT_DOWNLOADED_SANDBOX_NETWORK_BLOCKED
2004-01-13,2004,1,https://www.sec.gov/dera/data/Public-EDGAR-log-file-data/2004/Qtr1/log20040113.zip,NOT_DOWNLOADED_SANDBOX_NETWORK_BLOCKED
2004-01-14,2004,1,https://www.sec.gov/dera/data/Public-EDGAR-log-file-data/2004/Qtr1/log20040114.zip,NOT_DOWNLOADED_SANDBOX_NETWORK_BLOCKED
2004-01-15,2004,1,https://www.sec.gov/dera/data/Public-EDGAR-log-file-data/2004/Qtr1/log20040115.zip,NOT_DOWNLOADED_SANDBOX_NETWORK_BLOCKED
2004-01-16,2004,1,https://www.sec.gov/dera/data/Public-EDGAR-log-file-data/2004/Qtr1/log20040116.zip,NOT_DOWNLOADED_SANDBOX_NETWORK_BLOCKED
2004-01-17,2004,1,https://www.sec.gov/dera/data/Public-EDGAR-log-file-data/2004/Qtr1/log20040117.zip,NOT_DOWNLOADED_SANDBOX_NETWORK_BLOCKED
2004-01-18,2004,1,https://www.sec.gov/dera/data/Public-EDGAR-log-file-data/2004/Qtr1/log20040118.zip,NOT_DOWNLOADED_SANDBOX_NETWORK_BLOCKED
2004-01-19,2004,1,https://www.sec.gov/dera/data/Public-EDGAR-log-file-data/2004/Qtr1/log20040119.zip,NOT_DOWNLOADED_SANDBOX_NETWORK_BLOCKED
2004-01-20,2004,1,https://www.sec.gov/dera/data/Public-EDGAR-log-file-data/2004/Qtr1/log20040120.zip,NOT_DOWNLOADED_SANDBOX_NETWORK_BLOCKED
2004-01-21,2004,1,https://www.sec.gov/dera/data/Public-EDGAR-log-file-data/2004/Qtr1/log20040121.zip,NOT_DOWNLOADED_SANDBOX_NETWORK_BLOCKED
2004-02-01,2004,1,https://www.sec.gov/dera/data/Public-EDGAR-log-file-data/2004/Qtr1/log20040201.zip,NOT_DOWNLOADED_SANDBOX_NETWORK_BLOCKED
2004-02-02,2004,1,https://www.sec.gov/dera/data/Public-EDGAR-log-file-data/2004/Qtr1/log20040202.zip,NOT_DOWNLOADED_SANDBOX_NETWORK_BLOCKED
2004-02-03,2004,1,https://www.sec.gov/dera/data/Public-EDGAR-log-file-data/2004/Qtr1/log20040203.zip,NOT_DOWNLOADED_SANDBOX_NETWORK_BLOCKED
2004-02-04,2004,1,https://www.sec.gov/dera/data/Public-EDGAR-log-file-data/2004/Qtr1/log20040204.zip,NOT_DOWNLOADED_SANDBOX_NETWORK_BLOCKED
2004-02-05,2004,1,https://www.sec.gov/dera/data/Public-EDGAR-log-file-data/2004/Qtr1/log20040205.zip,NOT_DOWNLOADED_SANDBOX_NETWORK_BLOCKED
2004-02-06,2004,1,https://www.sec.gov/dera/data/Public-EDGAR-log-file-data/2004/Qtr1/log20040206.zip,NOT_DOWNLOADED_SANDBOX_NETWORK_BLOCKED
2004-02-07,2004,1,https://www.sec.gov/dera/data/Public-EDGAR-log-file-data/2004/Qtr1/log20040207.zip,NOT_DOWNLOADED_SANDBOX_NETWORK_BLOCKED
2004-02-08,2004,1,https://www.sec.gov/dera/data/Public-EDGAR-log-file-data/2004/Qtr1/log20040208.zip,NOT_DOWNLOADED_SANDBOX_NETWORK_BLOCKED
2004-02-09,2004,1,https://www.sec.gov/dera/data/Public-EDGAR-log-file-data/2004/Qtr1/log20040209.zip,NOT_DOWNLOADED_SANDBOX_NETWORK_BLOCKED
2004-02-10,2004,1,https://www.sec.gov/dera/data/Public-EDGAR-log-file-data/2004/Qtr1/log20040210.zip,NOT_DOWNLOADED_SANDBOX_NETWORK_BLOCKED
2004-02-11,2004,1,https://www.sec.gov/dera/data/Public-EDGAR-log-file-data/2004/Qtr1/log20040211.zip,NOT_DOWNLOADED_SANDBOX_NETWORK_BLOCKED
2004-02-12,2004,1,https://www.sec.gov/dera/data/Public-EDGAR-log-file-data/2004/Qtr1/log20040212.zip,NOT_DOWNLOADED_SANDBOX_NETWORK_BLOCKED
2004-02-13,2004,1,https://www.sec.gov/dera/data/Public-EDGAR-log-file-data/2004/Qtr1/log20040213.zip,NOT_DOWNLOADED_SANDBOX_NETWORK_BLOCKED
2004-02-14,2004,1,https://www.sec.gov/dera/data/Public-EDGAR-log-file-data/2004/Qtr1/log20040214.zip,NOT_DOWNLOADED_SANDBOX_NETWORK_BLOCKED
2004-02-15,2004,1,https://www.sec.gov/dera/data/Public-EDGAR-log-file-data/2004/Qtr1/log20040215.zip,NOT_DOWNLOADED_SANDBOX_NETWORK_BLOCKED
2004-02-16,2004,1,https://www.sec.gov/dera/data/Public-EDGAR-log-file-data/2004/Qtr1/log20040216.zip,NOT_DOWNLOADED_SANDBOX_NETWORK_BLOCKED
2004-02-22,2004,1,https://www.sec.gov/dera/data/Public-EDGAR-log-file-data/2004/Qtr1/log20040222.zip,NOT_DOWNLOADED_SANDBOX_NETWORK_BLOCKED
2004-02-23,2004,1,https://www.sec.gov/dera/data/Public-EDGAR-log-file-data/2004/Qtr1/log20040223.zip,NOT_DOWNLOADED_SANDBOX_NETWORK_BLOCKED
2004-02-24,2004,1,https://www.sec.gov/dera/data/Public-EDGAR-log-file-data/2004/Qtr1/log20040224.zip,NOT_DOWNLOADED_SANDBOX_NETWORK_BLOCKED
2004-02-25,2004,1,https://www.sec.gov/dera/data/Public-EDGAR-log-file-data/2004/Qtr1/log20040225.zip,NOT_DOWNLOADED_SANDBOX_NETWORK_BLOCKED
2004-02-26,2004,1,https://www.sec.gov/dera/data/Public-EDGAR-log-file-data/2004/Qtr1/log20040226.zip,NOT_DOWNLOADED_SANDBOX_NETWORK_BLOCKED
2004-02-27,2004,1,https://www.sec.gov/dera/data/Public-EDGAR-log-file-data/2004/Qtr1/log20040227.zip,NOT_DOWNLOADED_SANDBOX_NETWORK_BLOCKED
2004-02-28,2004,1,https://www.sec.gov/dera/data/Public-EDGAR-log-file-data/2004/Qtr1/log20040228.zip,NOT_DOWNLOADED_SANDBOX_NETWORK_BLOCKED
2004-02-29,2004,1,https://www.sec.gov/dera/data/Public-EDGAR-log-file-data/2004/Qtr1/log20040229.zip,NOT_DOWNLOADED_SANDBOX_NETWORK_BLOCKED
2004-03-01,2004,1,https://www.sec.gov/dera/data/Public-EDGAR-log-file-data/2004/Qtr1/log20040301.zip,NOT_DOWNLOADED_SANDBOX_NETWORK_BLOCKED
2004-03-02,2004,1,https://www.sec.gov/dera/data/Public-EDGAR-log-file-data/2004/Qtr1/log20040302.zip,NOT_DOWNLOADED_SANDBOX_NETWORK_BLOCKED
2004-03-03,2004,1,https://www.sec.gov/dera/data/Public-EDGAR-log-file-data/2004/Qtr1/log20040303.zip,NOT_DOWNLOADED_SANDBOX_NETWORK_BLOCKED
2004-03-04,2004,1,https://www.sec.gov/dera/data/Public-EDGAR-log-file-data/2004/Qtr1/log20040304.zip,NOT_DOWNLOADED_SANDBOX_NETWORK_BLOCKED
2004-03-05,2004,1,https://www.sec.gov/dera/data/Public-EDGAR-log-file-data/2004/Qtr1/log20040305.zip,NOT_DOWNLOADED_SANDBOX_NETWORK_BLOCKED
2004-03-06,2004,1,https://www.sec.gov/dera/data/Public-EDGAR-log-file-data/2004/Qtr1/log20040306.zip,NOT_DOWNLOADED_SANDBOX_NETWORK_BLOCKED
2004-03-07,2004,1,https://www.sec.gov/dera/data/Public-EDGAR-log-file-data/2004/Qtr1/log20040307.zip,NOT_DOWNLOADED_SANDBOX_NETWORK_BLOCKED
2004-03-08,2004,1,https://www.sec.gov/dera/data/Public-EDGAR-log-file-data/2004/Qtr1/log20040308.zip,NOT_DOWNLOADED_SANDBOX_NETWORK_BLOCKED
2004-04-10,2004,2,https://www.sec.gov/dera/data/Public-EDGAR-log-file-data/2004/Qtr2/log20040410.zip,NOT_DOWNLOADED_SANDBOX_NETWORK_BLOCKED
2004-04-11,2004,2,https://www.sec.gov/dera/data/Public-EDGAR-log-file-data/2004/Qtr2/log20040411.zip,NOT_DOWNLOADED_SANDBOX_NETWORK_BLOCKED
2004-04-12,2004,2,https://www.sec.gov/dera/data/Public-EDGAR-log-file-data/2004/Qtr2/log20040412.zip,NOT_DOWNLOADED_SANDBOX_NETWORK_BLOCKED
2004-04-13,2004,2,https://www.sec.gov/dera/data/Public-EDGAR-log-file-data/2004/Qtr2/log20040413.zip,NOT_DOWNLOADED_SANDBOX_NETWORK_BLOCKED
2004-04-14,2004,2,https://www.sec.gov/dera/data/Public-EDGAR-log-file-data/2004/Qtr2/log20040414.zip,NOT_DOWNLOADED_SANDBOX_NETWORK_BLOCKED
2004-04-15,2004,2,https://www.sec.gov/dera/data/Public-EDGAR-log-file-data/2004/Qtr2/log20040415.zip,NOT_DOWNLOADED_SANDBOX_NETWORK_BLOCKED
2004-04-16,2004,2,https://www.sec.gov/dera/data/Public-EDGAR-log-file-data/2004/Qtr2/log20040416.zip,NOT_DOWNLOADED_SANDBOX_NETWORK_BLOCKED
2004-04-17,2004,2,https://www.sec.gov/dera/data/Public-EDGAR-log-file-data/2004/Qtr2/log20040417.zip,NOT_DOWNLOADED_SANDBOX_NETWORK_BLOCKED
2004-04-18,2004,2,https://www.sec.gov/dera/data/Public-EDGAR-log-file-data/2004/Qtr2/log20040418.zip,NOT_DOWNLOADED_SANDBOX_NETWORK_BLOCKED
2004-04-19,2004,2,https://www.sec.gov/dera/data/Public-EDGAR-log-file-data/2004/Qtr2/log20040419.zip,NOT_DOWNLOADED_SANDBOX_NETWORK_BLOCKED
2004-04-20,2004,2,https://www.sec.gov/dera/data/Public-EDGAR-log-file-data/2004/Qtr2/log20040420.zip,NOT_DOWNLOADED_SANDBOX_NETWORK_BLOCKED
2004-04-21,2004,2,https://www.sec.gov/dera/data/Public-EDGAR-log-file-data/2004/Qtr2/log20040421.zip,NOT_DOWNLOADED_SANDBOX_NETWORK_BLOCKED
2004-04-22,2004,2,https://www.sec.gov/dera/data/Public-EDGAR-log-file-data/2004/Qtr2/log20040422.zip,NOT_DOWNLOADED_SANDBOX_NETWORK_BLOCKED
2004-04-23,2004,2,https://www.sec.gov/dera/data/Public-EDGAR-log-file-data/2004/Qtr2/log20040423.zip,NOT_DOWNLOADED_SANDBOX_NETWORK_BLOCKED
2004-04-24,2004,2,https://www.sec.gov/dera/data/Public-EDGAR-log-file-data/2004/Qtr2/log20040424.zip,NOT_DOWNLOADED_SANDBOX_NETWORK_BLOCKED
2004-04-25,2004,2,https://www.sec.gov/dera/data/Public-EDGAR-log-file-data/2004/Qtr2/log20040425.zip,NOT_DOWNLOADED_SANDBOX_NETWORK_BLOCKED
2004-04-26,2004,2,https://www.sec.gov/dera/data/Public-EDGAR-log-file-data/2004/Qtr2/log20040426.zip,NOT_DOWNLOADED_SANDBOX_NETWORK_BLOCKED
2004-04-27,2004,2,https://www.sec.gov/dera/data/Public-EDGAR-log-file-data/2004/Qtr2/log20040427.zip,NOT_DOWNLOADED_SANDBOX_NETWORK_BLOCKED
2004-04-28,2004,2,https://www.sec.gov/dera/data/Public-EDGAR-log-file-data/2004/Qtr2/log20040428.zip,NOT_DOWNLOADED_SANDBOX_NETWORK_BLOCKED
2004-04-29,2004,2,https://www.sec.gov/dera/data/Public-EDGAR-log-file-data/2004/Qtr2/log20040429.zip,NOT_DOWNLOADED_SANDBOX_NETWORK_BLOCKED
2004-04-30,2004,2,https://www.sec.gov/dera/data/Public-EDGAR-log-file-data/2004/Qtr2/log20040430.zip,NOT_DOWNLOADED_SANDBOX_NETWORK_BLOCKED
2004-05-01,2004,2,https://www.sec.gov/dera/data/Public-EDGAR-log-file-data/2004/Qtr2/log20040501.zip,NOT_DOWNLOADED_SANDBOX_NETWORK_BLOCKED
2004-05-02,2004,2,https://www.sec.gov/dera/data/Public-EDGAR-log-file-data/2004/Qtr2/log20040502.zip,NOT_DOWNLOADED_SANDBOX_NETWORK_BLOCKED
2004-05-03,2004,2,https://www.sec.gov/dera/data/Public-EDGAR-log-file-data/2004/Qtr2/log20040503.zip,NOT_DOWNLOADED_SANDBOX_NETWORK_BLOCKED
2004-05-04,2004,2,https://www.sec.gov/dera/data/Public-EDGAR-log-file-data/2004/Qtr2/log20040504.zip,NOT_DOWNLOADED_SANDBOX_NETWORK_BLOCKED
2004-05-05,2004,2,https://www.sec.gov/dera/data/Public-EDGAR-log-file-data/2004/Qtr2/log20040505.zip,NOT_DOWNLOADED_SANDBOX_NETWORK_BLOCKED
2004-05-06,2004,2,https://www.sec.gov/dera/data/Public-EDGAR-log-file-data/2004/Qtr2/log20040506.zip,NOT_DOWNLOADED_SANDBOX_NETWORK_BLOCKED
2004-05-07,2004,2,https://www.sec.gov/dera/data/Public-EDGAR-log-file-data/2004/Qtr2/log20040507.zip,NOT_DOWNLOADED_SANDBOX_NETWORK_BLOCKED
2004-05-08,2004,2,https://www.sec.gov/dera/data/Public-EDGAR-log-file-data/2004/Qtr2/log20040508.zip,NOT_DOWNLOADED_SANDBOX_NETWORK_BLOCKED
2004-05-09,2004,2,https://www.sec.gov/dera/data/Public-EDGAR-log-file-data/2004/Qtr2/log20040509.zip,NOT_DOWNLOADED_SANDBOX_NETWORK_BLOCKED
2004-05-10,2004,2,https://www.sec.gov/dera/data/Public-EDGAR-log-file-data/2004/Qtr2/log20040510.zip,NOT_DOWNLOADED_SANDBOX_NETWORK_BLOCKED
2004-05-14,2004,2,https://www.sec.gov/dera/data/Public-EDGAR-log-file-data/2004/Qtr2/log20040514.zip,NOT_DOWNLOADED_SANDBOX_NETWORK_BLOCKED
2004-05-15,2004,2,https://www.sec.gov/dera/data/Public-EDGAR-log-file-data/2004/Qtr2/log20040515.zip,NOT_DOWNLOADED_SANDBOX_NETWORK_BLOCKED
2004-05-16,2004,2,https://www.sec.gov/dera/data/Public-EDGAR-log-file-data/2004/Qtr2/log20040516.zip,NOT_DOWNLOADED_SANDBOX_NETWORK_BLOCKED
2004-05-17,2004,2,https://www.sec.gov/dera/data/Public-EDGAR-log-file-data/2004/Qtr2/log20040517.zip,NOT_DOWNLOADED_SANDBOX_NETWORK_BLOCKED
2004-05-18,2004,2,https://www.sec.gov/dera/data/Public-EDGAR-log-file-data/2004/Qtr2/log20040518.zip,NOT_DOWNLOADED_SANDBOX_NETWORK_BLOCKED
2004-05-19,2004,2,https://www.sec.gov/dera/data/Public-EDGAR-log-file-data/2004/Qtr2/log20040519.zip,NOT_DOWNLOADED_SANDBOX_NETWORK_BLOCKED
2004-05-20,2004,2,https://www.sec.gov/dera/data/Public-EDGAR-log-file-data/2004/Qtr2/log20040520.zip,NOT_DOWNLOADED_SANDBOX_NETWORK_BLOCKED
2004-05-21,2004,2,https://www.sec.gov/dera/data/Public-EDGAR-log-file-data/2004/Qtr2/log20040521.zip,NOT_DOWNLOADED_SANDBOX_NETWORK_BLOCKED
2004-05-22,2004,2,https://www.sec.gov/dera/data/Public-EDGAR-log-file-data/2004/Qtr2/log20040522.zip,NOT_DOWNLOADED_SANDBOX_NETWORK_BLOCKED
2004-05-23,2004,2,https://www.sec.gov/dera/data/Public-EDGAR-log-file-data/2004/Qtr2/log20040523.zip,NOT_DOWNLOADED_SANDBOX_NETWORK_BLOCKED
2004-05-24,2004,2,https://www.sec.gov/dera/data/Public-EDGAR-log-file-data/2004/Qtr2/log20040524.zip,NOT_DOWNLOADED_SANDBOX_NETWORK_BLOCKED
2004-05-25,2004,2,https://www.sec.gov/dera/data/Public-EDGAR-log-file-data/2004/Qtr2/log20040525.zip,NOT_DOWNLOADED_SANDBOX_NETWORK_BLOCKED
2004-05-26,2004,2,https://www.sec.gov/dera/data/Public-EDGAR-log-file-data/2004/Qtr2/log20040526.zip,NOT_DOWNLOADED_SANDBOX_NETWORK_BLOCKED
2004-05-27,2004,2,https://www.sec.gov/dera/data/Public-EDGAR-log-file-data/2004/Qtr2/log20040527.zip,NOT_DOWNLOADED_SANDBOX_NETWORK_BLOCKED
2004-05-28,2004,2,https://www.sec.gov/dera/data/Public-EDGAR-log-file-data/2004/Qtr2/log20040528.zip,NOT_DOWNLOADED_SANDBOX_NETWORK_BLOCKED
2004-05-29,2004,2,https://www.sec.gov/dera/data/Public-EDGAR-log-file-data/2004/Qtr2/log20040529.zip,NOT_DOWNLOADED_SANDBOX_NETWORK_BLOCKED
2004-08-24,2004,3,https://www.sec.gov/dera/data/Public-EDGAR-log-file-data/2004/Qtr3/log20040824.zip,NOT_DOWNLOADED_SANDBOX_NETWORK_BLOCKED
2004-08-25,2004,3,https://www.sec.gov/dera/data/Public-EDGAR-log-file-data/2004/Qtr3/log20040825.zip,NOT_DOWNLOADED_SANDBOX_NETWORK_BLOCKED
2004-08-26,2004,3,https://www.sec.gov/dera/data/Public-EDGAR-log-file-data/2004/Qtr3/log20040826.zip,NOT_DOWNLOADED_SANDBOX_NETWORK_BLOCKED
2004-08-27,2004,3,https://www.sec.gov/dera/data/Public-EDGAR-log-file-data/2004/Qtr3/log20040827.zip,NOT_DOWNLOADED_SANDBOX_NETWORK_BLOCKED
2004-08-28,2004,3,https://www.sec.gov/dera/data/Public-EDGAR-log-file-data/2004/Qtr3/log20040828.zip,NOT_DOWNLOADED_SANDBOX_NETWORK_BLOCKED
2004-08-29,2004,3,https://www.sec.gov/dera/data/Public-EDGAR-log-file-data/2004/Qtr3/log20040829.zip,NOT_DOWNLOADED_SANDBOX_NETWORK_BLOCKED
2004-08-30,2004,3,https://www.sec.gov/dera/data/Public-EDGAR-log-file-data/2004/Qtr3/log20040830.zip,NOT_DOWNLOADED_SANDBOX_NETWORK_BLOCKED
2004-08-31,2004,3,https://www.sec.gov/dera/data/Public-EDGAR-log-file-data/2004/Qtr3/log20040831.zip,NOT_DOWNLOADED_SANDBOX_NETWORK_BLOCKED
2004-09-01,2004,3,https://www.sec.gov/dera/data/Public-EDGAR-log-file-data/2004/Qtr3/log20040901.zip,NOT_DOWNLOADED_SANDBOX_NETWORK_BLOCKED
2004-09-02,2004,3,https://www.sec.gov/dera/data/Public-EDGAR-log-file-data/2004/Qtr3/log20040902.zip,NOT_DOWNLOADED_SANDBOX_NETWORK_BLOCKED
2004-09-03,2004,3,https://www.sec.gov/dera/data/Public-EDGAR-log-file-data/2004/Qtr3/log20040903.zip,NOT_DOWNLOADED_SANDBOX_NETWORK_BLOCKED
2004-09-04,2004,3,https://www.sec.gov/dera/data/Public-EDGAR-log-file-data/2004/Qtr3/log20040904.zip,NOT_DOWNLOADED_SANDBOX_NETWORK_BLOCKED
2004-09-05,2004,3,https://www.sec.gov/dera/data/Public-EDGAR-log-file-data/2004/Qtr3/log20040905.zip,NOT_DOWNLOADED_SANDBOX_NETWORK_BLOCKED
2004-09-06,2004,3,https://www.sec.gov/dera/data/Public-EDGAR-log-file-data/2004/Qtr3/log20040906.zip,NOT_DOWNLOADED_SANDBOX_NETWORK_BLOCKED
2004-09-07,2004,3,https://www.sec.gov/dera/data/Public-EDGAR-log-file-data/2004/Qtr3/log20040907.zip,NOT_DOWNLOADED_SANDBOX_NETWORK_BLOCKED
2004-09-08,2004,3,https://www.sec.gov/dera/data/Public-EDGAR-log-file-data/2004/Qtr3/log20040908.zip,NOT_DOWNLOADED_SANDBOX_NETWORK_BLOCKED
2004-09-09,2004,3,https://www.sec.gov/dera/data/Public-EDGAR-log-file-data/2004/Qtr3/log20040909.zip,NOT_DOWNLOADED_SANDBOX_NETWORK_BLOCKED
2004-09-10,2004,3,https://www.sec.gov/dera/data/Public-EDGAR-log-file-data/2004/Qtr3/log20040910.zip,NOT_DOWNLOADED_SANDBOX_NETWORK_BLOCKED
2004-09-11,2004,3,https://www.sec.gov/dera/data/Public-EDGAR-log-file-data/2004/Qtr3/log20040911.zip,NOT_DOWNLOADED_SANDBOX_NETWORK_BLOCKED
2004-09-12,2004,3,https://www.sec.gov/dera/data/Public-EDGAR-log-file-data/2004/Qtr3/log20040912.zip,NOT_DOWNLOADED_SANDBOX_NETWORK_BLOCKED
2004-09-13,2004,3,https://www.sec.gov/dera/data/Public-EDGAR-log-file-data/2004/Qtr3/log20040913.zip,NOT_DOWNLOADED_SANDBOX_NETWORK_BLOCKED
2004-09-14,2004,3,https://www.sec.gov/dera/data/Public-EDGAR-log-file-data/2004/Qtr3/log20040914.zip,NOT_DOWNLOADED_SANDBOX_NETWORK_BLOCKED
2004-09-15,2004,3,https://www.sec.gov/dera/data/Public-EDGAR-log-file-data/2004/Qtr3/log20040915.zip,NOT_DOWNLOADED_SANDBOX_NETWORK_BLOCKED
2004-09-16,2004,3,https://www.sec.gov/dera/data/Public-EDGAR-log-file-data/2004/Qtr3/log20040916.zip,NOT_DOWNLOADED_SANDBOX_NETWORK_BLOCKED
2004-09-17,2004,3,https://www.sec.gov/dera/data/Public-EDGAR-log-file-data/2004/Qtr3/log20040917.zip,NOT_DOWNLOADED_SANDBOX_NETWORK_BLOCKED
2004-09-18,2004,3,https://www.sec.gov/dera/data/Public-EDGAR-log-file-data/2004/Qtr3/log20040918.zip,NOT_DOWNLOADED_SANDBOX_NETWORK_BLOCKED
2004-09-19,2004,3,https://www.sec.gov/dera/data/Public-EDGAR-log-file-data/2004/Qtr3/log20040919.zip,NOT_DOWNLOADED_SANDBOX_NETWORK_BLOCKED
2004-09-20,2004,3,https://www.sec.gov/dera/data/Public-EDGAR-log-file-data/2004/Qtr3/log20040920.zip,NOT_DOWNLOADED_SANDBOX_NETWORK_BLOCKED
2004-09-21,2004,3,https://www.sec.gov/dera/data/Public-EDGAR-log-file-data/2004/Qtr3/log20040921.zip,NOT_DOWNLOADED_SANDBOX_NETWORK_BLOCKED
2004-09-22,2004,3,https://www.sec.gov/dera/data/Public-EDGAR-log-file-data/2004/Qtr3/log20040922.zip,NOT_DOWNLOADED_SANDBOX_NETWORK_BLOCKED
2004-09-23,2004,3,https://www.sec.gov/dera/data/Public-EDGAR-log-file-data/2004/Qtr3/log20040923.zip,NOT_DOWNLOADED_SANDBOX_NETWORK_BLOCKED
2004-09-24,2004,3,https://www.sec.gov/dera/data/Public-EDGAR-log-file-data/2004/Qtr3/log20040924.zip,NOT_DOWNLOADED_SANDBOX_NETWORK_BLOCKED
2004-09-25,2004,3,https://www.sec.gov/dera/data/Public-EDGAR-log-file-data/2004/Qtr3/log20040925.zip,NOT_DOWNLOADED_SANDBOX_NETWORK_BLOCKED
2004-09-26,2004,3,https://www.sec.gov/dera/data/Public-EDGAR-log-file-data/2004/Qtr3/log20040926.zip,NOT_DOWNLOADED_SANDBOX_NETWORK_BLOCKED
2004-09-27,2004,3,https://www.sec.gov/dera/data/Public-EDGAR-log-file-data/2004/Qtr3/log20040927.zip,NOT_DOWNLOADED_SANDBOX_NETWORK_BLOCKED
2004-09-28,2004,3,https://www.sec.gov/dera/data/Public-EDGAR-log-file-data/2004/Qtr3/log20040928.zip,NOT_DOWNLOADED_SANDBOX_NETWORK_BLOCKED
2004-10-08,2004,4,https://www.sec.gov/dera/data/Public-EDGAR-log-file-data/2004/Qtr4/log20041008.zip,NOT_DOWNLOADED_SANDBOX_NETWORK_BLOCKED
2004-10-09,2004,4,https://www.sec.gov/dera/data/Public-EDGAR-log-file-data/2004/Qtr4/log20041009.zip,NOT_DOWNLOADED_SANDBOX_NETWORK_BLOCKED
2004-10-10,2004,4,https://www.sec.gov/dera/data/Public-EDGAR-log-file-data/2004/Qtr4/log20041010.zip,NOT_DOWNLOADED_SANDBOX_NETWORK_BLOCKED
2004-10-11,2004,4,https://www.sec.gov/dera/data/Public-EDGAR-log-file-data/2004/Qtr4/log20041011.zip,NOT_DOWNLOADED_SANDBOX_NETWORK_BLOCKED
2004-10-12,2004,4,https://www.sec.gov/dera/data/Public-EDGAR-log-file-data/2004/Qtr4/log20041012.zip,NOT_DOWNLOADED_SANDBOX_NETWORK_BLOCKED
2004-10-13,2004,4,https://www.sec.gov/dera/data/Public-EDGAR-log-file-data/2004/Qtr4/log20041013.zip,NOT_DOWNLOADED_SANDBOX_NETWORK_BLOCKED
2004-10-14,2004,4,https://www.sec.gov/dera/data/Public-EDGAR-log-file-data/2004/Qtr4/log20041014.zip,NOT_DOWNLOADED_SANDBOX_NETWORK_BLOCKED
2004-10-15,2004,4,https://www.sec.gov/dera/data/Public-EDGAR-log-file-data/2004/Qtr4/log20041015.zip,NOT_DOWNLOADED_SANDBOX_NETWORK_BLOCKED
2004-10-16,2004,4,https://www.sec.gov/dera/data/Public-EDGAR-log-file-data/2004/Qtr4/log20041016.zip,NOT_DOWNLOADED_SANDBOX_NETWORK_BLOCKED
2004-10-17,2004,4,https://www.sec.gov/dera/data/Public-EDGAR-log-file-data/2004/Qtr4/log20041017.zip,NOT_DOWNLOADED_SANDBOX_NETWORK_BLOCKED
2004-10-18,2004,4,https://www.sec.gov/dera/data/Public-EDGAR-log-file-data/2004/Qtr4/log20041018.zip,NOT_DOWNLOADED_SANDBOX_NETWORK_BLOCKED
2004-10-19,2004,4,https://www.sec.gov/dera/data/Public-EDGAR-log-file-data/2004/Qtr4/log20041019.zip,NOT_DOWNLOADED_SANDBOX_NETWORK_BLOCKED
2004-10-20,2004,4,https://www.sec.gov/dera/data/Public-EDGAR-log-file-data/2004/Qtr4/log20041020.zip,NOT_DOWNLOADED_SANDBOX_NETWORK_BLOCKED
2004-10-21,2004,4,https://www.sec.gov/dera/data/Public-EDGAR-log-file-data/2004/Qtr4/log20041021.zip,NOT_DOWNLOADED_SANDBOX_NETWORK_BLOCKED
2004-10-22,2004,4,https://www.sec.gov/dera/data/Public-EDGAR-log-file-data/2004/Qtr4/log20041022.zip,NOT_DOWNLOADED_SANDBOX_NETWORK_BLOCKED
2004-10-23,2004,4,https://www.sec.gov/dera/data/Public-EDGAR-log-file-data/2004/Qtr4/log20041023.zip,NOT_DOWNLOADED_SANDBOX_NETWORK_BLOCKED
2004-10-24,2004,4,https://www.sec.gov/dera/data/Public-EDGAR-log-file-data/2004/Qtr4/log20041024.zip,NOT_DOWNLOADED_SANDBOX_NETWORK_BLOCKED
2004-10-25,2004,4,https://www.sec.gov/dera/data/Public-EDGAR-log-file-data/2004/Qtr4/log20041025.zip,NOT_DOWNLOADED_SANDBOX_NETWORK_BLOCKED
2004-10-26,2004,4,https://www.sec.gov/dera/data/Public-EDGAR-log-file-data/2004/Qtr4/log20041026.zip,NOT_DOWNLOADED_SANDBOX_NETWORK_BLOCKED
2004-10-27,2004,4,https://www.sec.gov/dera/data/Public-EDGAR-log-file-data/2004/Qtr4/log20041027.zip,NOT_DOWNLOADED_SANDBOX_NETWORK_BLOCKED
2004-10-28,2004,4,https://www.sec.gov/dera/data/Public-EDGAR-log-file-data/2004/Qtr4/log20041028.zip,NOT_DOWNLOADED_SANDBOX_NETWORK_BLOCKED
2004-10-29,2004,4,https://www.sec.gov/dera/data/Public-EDGAR-log-file-data/2004/Qtr4/log20041029.zip,NOT_DOWNLOADED_SANDBOX_NETWORK_BLOCKED
2004-10-30,2004,4,https://www.sec.gov/dera/data/Public-EDGAR-log-file-data/2004/Qtr4/log20041030.zip,NOT_DOWNLOADED_SANDBOX_NETWORK_BLOCKED
2004-10-31,2004,4,https://www.sec.gov/dera/data/Public-EDGAR-log-file-data/2004/Qtr4/log20041031.zip,NOT_DOWNLOADED_SANDBOX_NETWORK_BLOCKED
2004-11-01,2004,4,https://www.sec.gov/dera/data/Public-EDGAR-log-file-data/2004/Qtr4/log20041101.zip,NOT_DOWNLOADED_SANDBOX_NETWORK_BLOCKED
2004-11-02,2004,4,https://www.sec.gov/dera/data/Public-EDGAR-log-file-data/2004/Qtr4/log20041102.zip,NOT_DOWNLOADED_SANDBOX_NETWORK_BLOCKED
2004-11-03,2004,4,https://www.sec.gov/dera/data/Public-EDGAR-log-file-data/2004/Qtr4/log20041103.zip,NOT_DOWNLOADED_SANDBOX_NETWORK_BLOCKED
2004-11-04,2004,4,https://www.sec.gov/dera/data/Public-EDGAR-log-file-data/2004/Qtr4/log20041104.zip,NOT_DOWNLOADED_SANDBOX_NETWORK_BLOCKED
2004-11-05,2004,4,https://www.sec.gov/dera/data/Public-EDGAR-log-file-data/2004/Qtr4/log20041105.zip,NOT_DOWNLOADED_SANDBOX_NETWORK_BLOCKED
2004-11-06,2004,4,https://www.sec.gov/dera/data/Public-EDGAR-log-file-data/2004/Qtr4/log20041106.zip,NOT_DOWNLOADED_SANDBOX_NETWORK_BLOCKED
2004-11-07,2004,4,https://www.sec.gov/dera/data/Public-EDGAR-log-file-data/2004/Qtr4/log20041107.zip,NOT_DOWNLOADED_SANDBOX_NETWORK_BLOCKED
2004-11-08,2004,4,https://www.sec.gov/dera/data/Public-EDGAR-log-file-data/2004/Qtr4/log20041108.zip,NOT_DOWNLOADED_SANDBOX_NETWORK_BLOCKED
2004-11-09,2004,4,https://www.sec.gov/dera/data/Public-EDGAR-log-file-data/2004/Qtr4/log20041109.zip,NOT_DOWNLOADED_SANDBOX_NETWORK_BLOCKED
2004-11-10,2004,4,https://www.sec.gov/dera/data/Public-EDGAR-log-file-data/2004/Qtr4/log20041110.zip,NOT_DOWNLOADED_SANDBOX_NETWORK_BLOCKED
2004-11-11,2004,4,https://www.sec.gov/dera/data/Public-EDGAR-log-file-data/2004/Qtr4/log20041111.zip,NOT_DOWNLOADED_SANDBOX_NETWORK_BLOCKED
2004-11-12,2004,4,https://www.sec.gov/dera/data/Public-EDGAR-log-file-data/2004/Qtr4/log20041112.zip,NOT_DOWNLOADED_SANDBOX_NETWORK_BLOCKED
2004-11-13,2004,4,https://www.sec.gov/dera/data/Public-EDGAR-log-file-data/2004/Qtr4/log20041113.zip,NOT_DOWNLOADED_SANDBOX_NETWORK_BLOCKED
2004-11-14,2004,4,https://www.sec.gov/dera/data/Public-EDGAR-log-file-data/2004/Qtr4/log20041114.zip,NOT_DOWNLOADED_SANDBOX_NETWORK_BLOCKED
2004-11-15,2004,4,https://www.sec.gov/dera/data/Public-EDGAR-log-file-data/2004/Qtr4/log20041115.zip,NOT_DOWNLOADED_SANDBOX_NETWORK_BLOCKED
2004-11-16,2004,4,https://www.sec.gov/dera/data/Public-EDGAR-log-file-data/2004/Qtr4/log20041116.zip,NOT_DOWNLOADED_SANDBOX_NETWORK_BLOCKED
2004-11-17,2004,4,https://www.sec.gov/dera/data/Public-EDGAR-log-file-data/2004/Qtr4/log20041117.zip,NOT_DOWNLOADED_SANDBOX_NETWORK_BLOCKED
2004-11-18,2004,4,https://www.sec.gov/dera/data/Public-EDGAR-log-file-data/2004/Qtr4/log20041118.zip,NOT_DOWNLOADED_SANDBOX_NETWORK_BLOCKED
2004-11-19,2004,4,https://www.sec.gov/dera/data/Public-EDGAR-log-file-data/2004/Qtr4/log20041119.zip,NOT_DOWNLOADED_SANDBOX_NETWORK_BLOCKED
2004-11-20,2004,4,https://www.sec.gov/dera/data/Public-EDGAR-log-file-data/2004/Qtr4/log20041120.zip,NOT_DOWNLOADED_SANDBOX_NETWORK_BLOCKED
2004-11-21,2004,4,https://www.sec.gov/dera/data/Public-EDGAR-log-file-data/2004/Qtr4/log20041121.zip,NOT_DOWNLOADED_SANDBOX_NETWORK_BLOCKED
2004-11-22,2004,4,https://www.sec.gov/dera/data/Public-EDGAR-log-file-data/2004/Qtr4/log20041122.zip,NOT_DOWNLOADED_SANDBOX_NETWORK_BLOCKED
2004-12-24,2004,4,https://www.sec.gov/dera/data/Public-EDGAR-log-file-data/2004/Qtr4/log20041224.zip,NOT_DOWNLOADED_SANDBOX_NETWORK_BLOCKED
2004-12-25,2004,4,https://www.sec.gov/dera/data/Public-EDGAR-log-file-data/2004/Qtr4/log20041225.zip,NOT_DOWNLOADED_SANDBOX_NETWORK_BLOCKED
2004-12-26,2004,4,https://www.sec.gov/dera/data/Public-EDGAR-log-file-data/2004/Qtr4/log20041226.zip,NOT_DOWNLOADED_SANDBOX_NETWORK_BLOCKED
2004-12-27,2004,4,https://www.sec.gov/dera/data/Public-EDGAR-log-file-data/2004/Qtr4/log20041227.zip,NOT_DOWNLOADED_SANDBOX_NETWORK_BLOCKED
2004-12-28,2004,4,https://www.sec.gov/dera/data/Public-EDGAR-log-file-data/2004/Qtr4/log20041228.zip,NOT_DOWNLOADED_SANDBOX_NETWORK_BLOCKED
2004-12-29,2004,4,https://www.sec.gov/dera/data/Public-EDGAR-log-file-data/2004/Qtr4/log20041229.zip,NOT_DOWNLOADED_SANDBOX_NETWORK_BLOCKED
2004-12-30,2004,4,https://www.sec.gov/dera/data/Public-EDGAR-log-file-data/2004/Qtr4/log20041230.zip,NOT_DOWNLOADED_SANDBOX_NETWORK_BLOCKED
2004-12-31,2004,4,https://www.sec.gov/dera/data/Public-EDGAR-log-file-data/2004/Qtr4/log20041231.zip,NOT_DOWNLOADED_SANDBOX_NETWORK_BLOCKED
2005-01-01,2005,1,https://www.sec.gov/dera/data/Public-EDGAR-log-file-data/2005/Qtr1/log20050101.zip,NOT_DOWNLOADED_SANDBOX_NETWORK_BLOCKED
2005-01-02,2005,1,https://www.sec.gov/dera/data/Public-EDGAR-log-file-data/2005/Qtr1/log20050102.zip,NOT_DOWNLOADED_SANDBOX_NETWORK_BLOCKED
2005-01-03,2005,1,https://www.sec.gov/dera/data/Public-EDGAR-log-file-data/2005/Qtr1/log20050103.zip,NOT_DOWNLOADED_SANDBOX_NETWORK_BLOCKED
2005-01-04,2005,1,https://www.sec.gov/dera/data/Public-EDGAR-log-file-data/2005/Qtr1/log20050104.zip,NOT_DOWNLOADED_SANDBOX_NETWORK_BLOCKED
2005-01-05,2005,1,https://www.sec.gov/dera/data/Public-EDGAR-log-file-data/2005/Qtr1/log20050105.zip,NOT_DOWNLOADED_SANDBOX_NETWORK_BLOCKED
2005-01-06,2005,1,https://www.sec.gov/dera/data/Public-EDGAR-log-file-data/2005/Qtr1/log20050106.zip,NOT_DOWNLOADED_SANDBOX_NETWORK_BLOCKED
2005-01-07,2005,1,https://www.sec.gov/dera/data/Public-EDGAR-log-file-data/2005/Qtr1/log20050107.zip,NOT_DOWNLOADED_SANDBOX_NETWORK_BLOCKED
2005-01-08,2005,1,https://www.sec.gov/dera/data/Public-EDGAR-log-file-data/2005/Qtr1/log20050108.zip,NOT_DOWNLOADED_SANDBOX_NETWORK_BLOCKED
2005-02-12,2005,1,https://www.sec.gov/dera/data/Public-EDGAR-log-file-data/2005/Qtr1/log20050212.zip,NOT_DOWNLOADED_SANDBOX_NETWORK_BLOCKED
2005-02-13,2005,1,https://www.sec.gov/dera/data/Public-EDGAR-log-file-data/2005/Qtr1/log20050213.zip,NOT_DOWNLOADED_SANDBOX_NETWORK_BLOCKED
2005-02-14,2005,1,https://www.sec.gov/dera/data/Public-EDGAR-log-file-data/2005/Qtr1/log20050214.zip,NOT_DOWNLOADED_SANDBOX_NETWORK_BLOCKED
2005-02-15,2005,1,https://www.sec.gov/dera/data/Public-EDGAR-log-file-data/2005/Qtr1/log20050215.zip,NOT_DOWNLOADED_SANDBOX_NETWORK_BLOCKED
2005-02-16,2005,1,https://www.sec.gov/dera/data/Public-EDGAR-log-file-data/2005/Qtr1/log20050216.zip,NOT_DOWNLOADED_SANDBOX_NETWORK_BLOCKED
2005-02-17,2005,1,https://www.sec.gov/dera/data/Public-EDGAR-log-file-data/2005/Qtr1/log20050217.zip,NOT_DOWNLOADED_SANDBOX_NETWORK_BLOCKED
2005-02-18,2005,1,https://www.sec.gov/dera/data/Public-EDGAR-log-file-data/2005/Qtr1/log20050218.zip,NOT_DOWNLOADED_SANDBOX_NETWORK_BLOCKED
2005-02-19,2005,1,https://www.sec.gov/dera/data/Public-EDGAR-log-file-data/2005/Qtr1/log20050219.zip,NOT_DOWNLOADED_SANDBOX_NETWORK_BLOCKED
2005-02-20,2005,1,https://www.sec.gov/dera/data/Public-EDGAR-log-file-data/2005/Qtr1/log20050220.zip,NOT_DOWNLOADED_SANDBOX_NETWORK_BLOCKED
2005-02-21,2005,1,https://www.sec.gov/dera/data/Public-EDGAR-log-file-data/2005/Qtr1/log20050221.zip,NOT_DOWNLOADED_SANDBOX_NETWORK_BLOCKED
2005-02-22,2005,1,https://www.sec.gov/dera/data/Public-EDGAR-log-file-data/2005/Qtr1/log20050222.zip,NOT_DOWNLOADED_SANDBOX_NETWORK_BLOCKED
2005-02-23,2005,1,https://www.sec.gov/dera/data/Public-EDGAR-log-file-data/2005/Qtr1/log20050223.zip,NOT_DOWNLOADED_SANDBOX_NETWORK_BLOCKED
2005-02-24,2005,1,https://www.sec.gov/dera/data/Public-EDGAR-log-file-data/2005/Qtr1/log20050224.zip,NOT_DOWNLOADED_SANDBOX_NETWORK_BLOCKED
2005-02-25,2005,1,https://www.sec.gov/dera/data/Public-EDGAR-log-file-data/2005/Qtr1/log20050225.zip,NOT_DOWNLOADED_SANDBOX_NETWORK_BLOCKED
2005-02-26,2005,1,https://www.sec.gov/dera/data/Public-EDGAR-log-file-data/2005/Qtr1/log20050226.zip,NOT_DOWNLOADED_SANDBOX_NETWORK_BLOCKED
2005-02-27,2005,1,https://www.sec.gov/dera/data/Public-EDGAR-log-file-data/2005/Qtr1/log20050227.zip,NOT_DOWNLOADED_SANDBOX_NETWORK_BLOCKED
2005-03-21,2005,1,https://www.sec.gov/dera/data/Public-EDGAR-log-file-data/2005/Qtr1/log20050321.zip,NOT_DOWNLOADED_SANDBOX_NETWORK_BLOCKED
2005-03-22,2005,1,https://www.sec.gov/dera/data/Public-EDGAR-log-file-data/2005/Qtr1/log20050322.zip,NOT_DOWNLOADED_SANDBOX_NETWORK_BLOCKED
2005-03-23,2005,1,https://www.sec.gov/dera/data/Public-EDGAR-log-file-data/2005/Qtr1/log20050323.zip,NOT_DOWNLOADED_SANDBOX_NETWORK_BLOCKED
2005-03-24,2005,1,https://www.sec.gov/dera/data/Public-EDGAR-log-file-data/2005/Qtr1/log20050324.zip,NOT_DOWNLOADED_SANDBOX_NETWORK_BLOCKED
2005-03-25,2005,1,https://www.sec.gov/dera/data/Public-EDGAR-log-file-data/2005/Qtr1/log20050325.zip,NOT_DOWNLOADED_SANDBOX_NETWORK_BLOCKED
2005-03-26,2005,1,https://www.sec.gov/dera/data/Public-EDGAR-log-file-data/2005/Qtr1/log20050326.zip,NOT_DOWNLOADED_SANDBOX_NETWORK_BLOCKED
2005-03-27,2005,1,https://www.sec.gov/dera/data/Public-EDGAR-log-file-data/2005/Qtr1/log20050327.zip,NOT_DOWNLOADED_SANDBOX_NETWORK_BLOCKED
2005-03-28,2005,1,https://www.sec.gov/dera/data/Public-EDGAR-log-file-data/2005/Qtr1/log20050328.zip,NOT_DOWNLOADED_SANDBOX_NETWORK_BLOCKED
2005-03-29,2005,1,https://www.sec.gov/dera/data/Public-EDGAR-log-file-data/2005/Qtr1/log20050329.zip,NOT_DOWNLOADED_SANDBOX_NETWORK_BLOCKED
2005-03-30,2005,1,https://www.sec.gov/dera/data/Public-EDGAR-log-file-data/2005/Qtr1/log20050330.zip,NOT_DOWNLOADED_SANDBOX_NETWORK_BLOCKED
2005-03-31,2005,1,https://www.sec.gov/dera/data/Public-EDGAR-log-file-data/2005/Qtr1/log20050331.zip,NOT_DOWNLOADED_SANDBOX_NETWORK_BLOCKED
2005-04-01,2005,2,https://www.sec.gov/dera/data/Public-EDGAR-log-file-data/2005/Qtr2/log20050401.zip,NOT_DOWNLOADED_SANDBOX_NETWORK_BLOCKED
2005-04-02,2005,2,https://www.sec.gov/dera/data/Public-EDGAR-log-file-data/2005/Qtr2/log20050402.zip,NOT_DOWNLOADED_SANDBOX_NETWORK_BLOCKED
2005-04-03,2005,2,https://www.sec.gov/dera/data/Public-EDGAR-log-file-data/2005/Qtr2/log20050403.zip,NOT_DOWNLOADED_SANDBOX_NETWORK_BLOCKED
2005-04-04,2005,2,https://www.sec.gov/dera/data/Public-EDGAR-log-file-data/2005/Qtr2/log20050404.zip,NOT_DOWNLOADED_SANDBOX_NETWORK_BLOCKED
2005-04-05,2005,2,https://www.sec.gov/dera/data/Public-EDGAR-log-file-data/2005/Qtr2/log20050405.zip,NOT_DOWNLOADED_SANDBOX_NETWORK_BLOCKED
2005-05-03,2005,2,https://www.sec.gov/dera/data/Public-EDGAR-log-file-data/2005/Qtr2/log20050503.zip,NOT_DOWNLOADED_SANDBOX_NETWORK_BLOCKED
2005-05-04,2005,2,https://www.sec.gov/dera/data/Public-EDGAR-log-file-data/2005/Qtr2/log20050504.zip,NOT_DOWNLOADED_SANDBOX_NETWORK_BLOCKED
2005-05-05,2005,2,https://www.sec.gov/dera/data/Public-EDGAR-log-file-data/2005/Qtr2/log20050505.zip,NOT_DOWNLOADED_SANDBOX_NETWORK_BLOCKED
2005-05-06,2005,2,https://www.sec.gov/dera/data/Public-EDGAR-log-file-data/2005/Qtr2/log20050506.zip,NOT_DOWNLOADED_SANDBOX_NETWORK_BLOCKED
2005-05-07,2005,2,https://www.sec.gov/dera/data/Public-EDGAR-log-file-data/2005/Qtr2/log20050507.zip,NOT_DOWNLOADED_SANDBOX_NETWORK_BLOCKED
2005-05-08,2005,2,https://www.sec.gov/dera/data/Public-EDGAR-log-file-data/2005/Qtr2/log20050508.zip,NOT_DOWNLOADED_SANDBOX_NETWORK_BLOCKED
2005-05-09,2005,2,https://www.sec.gov/dera/data/Public-EDGAR-log-file-data/2005/Qtr2/log20050509.zip,NOT_DOWNLOADED_SANDBOX_NETWORK_BLOCKED
2005-05-10,2005,2,https://www.sec.gov/dera/data/Public-EDGAR-log-file-data/2005/Qtr2/log20050510.zip,NOT_DOWNLOADED_SANDBOX_NETWORK_BLOCKED
2005-05-11,2005,2,https://www.sec.gov/dera/data/Public-EDGAR-log-file-data/2005/Qtr2/log20050511.zip,NOT_DOWNLOADED_SANDBOX_NETWORK_BLOCKED
2005-05-12,2005,2,https://www.sec.gov/dera/data/Public-EDGAR-log-file-data/2005/Qtr2/log20050512.zip,NOT_DOWNLOADED_SANDBOX_NETWORK_BLOCKED
2005-05-13,2005,2,https://www.sec.gov/dera/data/Public-EDGAR-log-file-data/2005/Qtr2/log20050513.zip,NOT_DOWNLOADED_SANDBOX_NETWORK_BLOCKED
2005-05-14,2005,2,https://www.sec.gov/dera/data/Public-EDGAR-log-file-data/2005/Qtr2/log20050514.zip,NOT_DOWNLOADED_SANDBOX_NETWORK_BLOCKED
2005-05-15,2005,2,https://www.sec.gov/dera/data/Public-EDGAR-log-file-data/2005/Qtr2/log20050515.zip,NOT_DOWNLOADED_SANDBOX_NETWORK_BLOCKED
2005-05-16,2005,2,https://www.sec.gov/dera/data/Public-EDGAR-log-file-data/2005/Qtr2/log20050516.zip,NOT_DOWNLOADED_SANDBOX_NETWORK_BLOCKED
2005-05-17,2005,2,https://www.sec.gov/dera/data/Public-EDGAR-log-file-data/2005/Qtr2/log20050517.zip,NOT_DOWNLOADED_SANDBOX_NETWORK_BLOCKED
2005-05-18,2005,2,https://www.sec.gov/dera/data/Public-EDGAR-log-file-data/2005/Qtr2/log20050518.zip,NOT_DOWNLOADED_SANDBOX_NETWORK_BLOCKED
2005-06-07,2005,2,https://www.sec.gov/dera/data/Public-EDGAR-log-file-data/2005/Qtr2/log20050607.zip,NOT_DOWNLOADED_SANDBOX_NETWORK_BLOCKED
2005-06-08,2005,2,https://www.sec.gov/dera/data/Public-EDGAR-log-file-data/2005/Qtr2/log20050608.zip,NOT_DOWNLOADED_SANDBOX_NETWORK_BLOCKED
2005-06-09,2005,2,https://www.sec.gov/dera/data/Public-EDGAR-log-file-data/2005/Qtr2/log20050609.zip,NOT_DOWNLOADED_SANDBOX_NETWORK_BLOCKED
2005-06-10,2005,2,https://www.sec.gov/dera/data/Public-EDGAR-log-file-data/2005/Qtr2/log20050610.zip,NOT_DOWNLOADED_SANDBOX_NETWORK_BLOCKED
2005-06-11,2005,2,https://www.sec.gov/dera/data/Public-EDGAR-log-file-data/2005/Qtr2/log20050611.zip,NOT_DOWNLOADED_SANDBOX_NETWORK_BLOCKED
2005-06-12,2005,2,https://www.sec.gov/dera/data/Public-EDGAR-log-file-data/2005/Qtr2/log20050612.zip,NOT_DOWNLOADED_SANDBOX_NETWORK_BLOCKED
2005-06-13,2005,2,https://www.sec.gov/dera/data/Public-EDGAR-log-file-data/2005/Qtr2/log20050613.zip,NOT_DOWNLOADED_SANDBOX_NETWORK_BLOCKED
2005-06-14,2005,2,https://www.sec.gov/dera/data/Public-EDGAR-log-file-data/2005/Qtr2/log20050614.zip,NOT_DOWNLOADED_SANDBOX_NETWORK_BLOCKED
2005-06-15,2005,2,https://www.sec.gov/dera/data/Public-EDGAR-log-file-data/2005/Qtr2/log20050615.zip,NOT_DOWNLOADED_SANDBOX_NETWORK_BLOCKED
2005-06-16,2005,2,https://www.sec.gov/dera/data/Public-EDGAR-log-file-data/2005/Qtr2/log20050616.zip,NOT_DOWNLOADED_SANDBOX_NETWORK_BLOCKED
2005-06-17,2005,2,https://www.sec.gov/dera/data/Public-EDGAR-log-file-data/2005/Qtr2/log20050617.zip,NOT_DOWNLOADED_SANDBOX_NETWORK_BLOCKED
2005-06-18,2005,2,https://www.sec.gov/dera/data/Public-EDGAR-log-file-data/2005/Qtr2/log20050618.zip,NOT_DOWNLOADED_SANDBOX_NETWORK_BLOCKED
2005-06-19,2005,2,https://www.sec.gov/dera/data/Public-EDGAR-log-file-data/2005/Qtr2/log20050619.zip,NOT_DOWNLOADED_SANDBOX_NETWORK_BLOCKED
2005-06-20,2005,2,https://www.sec.gov/dera/data/Public-EDGAR-log-file-data/2005/Qtr2/log20050620.zip,NOT_DOWNLOADED_SANDBOX_NETWORK_BLOCKED
2005-06-21,2005,2,https://www.sec.gov/dera/data/Public-EDGAR-log-file-data/2005/Qtr2/log20050621.zip,NOT_DOWNLOADED_SANDBOX_NETWORK_BLOCKED
2005-06-22,2005,2,https://www.sec.gov/dera/data/Public-EDGAR-log-file-data/2005/Qtr2/log20050622.zip,NOT_DOWNLOADED_SANDBOX_NETWORK_BLOCKED
2005-07-23,2005,3,https://www.sec.gov/dera/data/Public-EDGAR-log-file-data/2005/Qtr3/log20050723.zip,NOT_DOWNLOADED_SANDBOX_NETWORK_BLOCKED
2005-07-24,2005,3,https://www.sec.gov/dera/data/Public-EDGAR-log-file-data/2005/Qtr3/log20050724.zip,NOT_DOWNLOADED_SANDBOX_NETWORK_BLOCKED
2005-07-25,2005,3,https://www.sec.gov/dera/data/Public-EDGAR-log-file-data/2005/Qtr3/log20050725.zip,NOT_DOWNLOADED_SANDBOX_NETWORK_BLOCKED
2005-07-26,2005,3,https://www.sec.gov/dera/data/Public-EDGAR-log-file-data/2005/Qtr3/log20050726.zip,NOT_DOWNLOADED_SANDBOX_NETWORK_BLOCKED
2005-07-27,2005,3,https://www.sec.gov/dera/data/Public-EDGAR-log-file-data/2005/Qtr3/log20050727.zip,NOT_DOWNLOADED_SANDBOX_NETWORK_BLOCKED
2005-07-28,2005,3,https://www.sec.gov/dera/data/Public-EDGAR-log-file-data/2005/Qtr3/log20050728.zip,NOT_DOWNLOADED_SANDBOX_NETWORK_BLOCKED
2005-07-29,2005,3,https://www.sec.gov/dera/data/Public-EDGAR-log-file-data/2005/Qtr3/log20050729.zip,NOT_DOWNLOADED_SANDBOX_NETWORK_BLOCKED
2005-07-30,2005,3,https://www.sec.gov/dera/data/Public-EDGAR-log-file-data/2005/Qtr3/log20050730.zip,NOT_DOWNLOADED_SANDBOX_NETWORK_BLOCKED
2005-07-31,2005,3,https://www.sec.gov/dera/data/Public-EDGAR-log-file-data/2005/Qtr3/log20050731.zip,NOT_DOWNLOADED_SANDBOX_NETWORK_BLOCKED
2005-08-01,2005,3,https://www.sec.gov/dera/data/Public-EDGAR-log-file-data/2005/Qtr3/log20050801.zip,NOT_DOWNLOADED_SANDBOX_NETWORK_BLOCKED
2005-08-02,2005,3,https://www.sec.gov/dera/data/Public-EDGAR-log-file-data/2005/Qtr3/log20050802.zip,NOT_DOWNLOADED_SANDBOX_NETWORK_BLOCKED
2005-08-03,2005,3,https://www.sec.gov/dera/data/Public-EDGAR-log-file-data/2005/Qtr3/log20050803.zip,NOT_DOWNLOADED_SANDBOX_NETWORK_BLOCKED
2005-08-04,2005,3,https://www.sec.gov/dera/data/Public-EDGAR-log-file-data/2005/Qtr3/log20050804.zip,NOT_DOWNLOADED_SANDBOX_NETWORK_BLOCKED
2005-08-05,2005,3,https://www.sec.gov/dera/data/Public-EDGAR-log-file-data/2005/Qtr3/log20050805.zip,NOT_DOWNLOADED_SANDBOX_NETWORK_BLOCKED
2005-08-06,2005,3,https://www.sec.gov/dera/data/Public-EDGAR-log-file-data/2005/Qtr3/log20050806.zip,NOT_DOWNLOADED_SANDBOX_NETWORK_BLOCKED
2005-08-07,2005,3,https://www.sec.gov/dera/data/Public-EDGAR-log-file-data/2005/Qtr3/log20050807.zip,NOT_DOWNLOADED_SANDBOX_NETWORK_BLOCKED
2005-08-08,2005,3,https://www.sec.gov/dera/data/Public-EDGAR-log-file-data/2005/Qtr3/log20050808.zip,NOT_DOWNLOADED_SANDBOX_NETWORK_BLOCKED
2005-08-09,2005,3,https://www.sec.gov/dera/data/Public-EDGAR-log-file-data/2005/Qtr3/log20050809.zip,NOT_DOWNLOADED_SANDBOX_NETWORK_BLOCKED
2005-08-10,2005,3,https://www.sec.gov/dera/data/Public-EDGAR-log-file-data/2005/Qtr3/log20050810.zip,NOT_DOWNLOADED_SANDBOX_NETWORK_BLOCKED
2005-08-11,2005,3,https://www.sec.gov/dera/data/Public-EDGAR-log-file-data/2005/Qtr3/log20050811.zip,NOT_DOWNLOADED_SANDBOX_NETWORK_BLOCKED
2005-08-12,2005,3,https://www.sec.gov/dera/data/Public-EDGAR-log-file-data/2005/Qtr3/log20050812.zip,NOT_DOWNLOADED_SANDBOX_NETWORK_BLOCKED
2005-08-13,2005,3,https://www.sec.gov/dera/data/Public-EDGAR-log-file-data/2005/Qtr3/log20050813.zip,NOT_DOWNLOADED_SANDBOX_NETWORK_BLOCKED
2005-08-14,2005,3,https://www.sec.gov/dera/data/Public-EDGAR-log-file-data/2005/Qtr3/log20050814.zip,NOT_DOWNLOADED_SANDBOX_NETWORK_BLOCKED
2005-08-15,2005,3,https://www.sec.gov/dera/data/Public-EDGAR-log-file-data/2005/Qtr3/log20050815.zip,NOT_DOWNLOADED_SANDBOX_NETWORK_BLOCKED
2005-08-16,2005,3,https://www.sec.gov/dera/data/Public-EDGAR-log-file-data/2005/Qtr3/log20050816.zip,NOT_DOWNLOADED_SANDBOX_NETWORK_BLOCKED
2005-08-17,2005,3,https://www.sec.gov/dera/data/Public-EDGAR-log-file-data/2005/Qtr3/log20050817.zip,NOT_DOWNLOADED_SANDBOX_NETWORK_BLOCKED
2005-08-18,2005,3,https://www.sec.gov/dera/data/Public-EDGAR-log-file-data/2005/Qtr3/log20050818.zip,NOT_DOWNLOADED_SANDBOX_NETWORK_BLOCKED
2005-08-19,2005,3,https://www.sec.gov/dera/data/Public-EDGAR-log-file-data/2005/Qtr3/log20050819.zip,NOT_DOWNLOADED_SANDBOX_NETWORK_BLOCKED
2005-08-20,2005,3,https://www.sec.gov/dera/data/Public-EDGAR-log-file-data/2005/Qtr3/log20050820.zip,NOT_DOWNLOADED_SANDBOX_NETWORK_BLOCKED
2005-08-21,2005,3,https://www.sec.gov/dera/data/Public-EDGAR-log-file-data/2005/Qtr3/log20050821.zip,NOT_DOWNLOADED_SANDBOX_NETWORK_BLOCKED
2005-08-22,2005,3,https://www.sec.gov/dera/data/Public-EDGAR-log-file-data/2005/Qtr3/log20050822.zip,NOT_DOWNLOADED_SANDBOX_NETWORK_BLOCKED
2005-11-29,2005,4,https://www.sec.gov/dera/data/Public-EDGAR-log-file-data/2005/Qtr4/log20051129.zip,NOT_DOWNLOADED_SANDBOX_NETWORK_BLOCKED
2005-11-30,2005,4,https://www.sec.gov/dera/data/Public-EDGAR-log-file-data/2005/Qtr4/log20051130.zip,NOT_DOWNLOADED_SANDBOX_NETWORK_BLOCKED
2005-12-01,2005,4,https://www.sec.gov/dera/data/Public-EDGAR-log-file-data/2005/Qtr4/log20051201.zip,NOT_DOWNLOADED_SANDBOX_NETWORK_BLOCKED
2005-12-02,2005,4,https://www.sec.gov/dera/data/Public-EDGAR-log-file-data/2005/Qtr4/log20051202.zip,NOT_DOWNLOADED_SANDBOX_NETWORK_BLOCKED
2005-12-03,2005,4,https://www.sec.gov/dera/data/Public-EDGAR-log-file-data/2005/Qtr4/log20051203.zip,NOT_DOWNLOADED_SANDBOX_NETWORK_BLOCKED
2005-12-04,2005,4,https://www.sec.gov/dera/data/Public-EDGAR-log-file-data/2005/Qtr4/log20051204.zip,NOT_DOWNLOADED_SANDBOX_NETWORK_BLOCKED
2005-12-05,2005,4,https://www.sec.gov/dera/data/Public-EDGAR-log-file-data/2005/Qtr4/log20051205.zip,NOT_DOWNLOADED_SANDBOX_NETWORK_BLOCKED
2005-12-06,2005,4,https://www.sec.gov/dera/data/Public-EDGAR-log-file-data/2005/Qtr4/log20051206.zip,NOT_DOWNLOADED_SANDBOX_NETWORK_BLOCKED
2005-12-07,2005,4,https://www.sec.gov/dera/data/Public-EDGAR-log-file-data/2005/Qtr4/log20051207.zip,NOT_DOWNLOADED_SANDBOX_NETWORK_BLOCKED
2005-12-08,2005,4,https://www.sec.gov/dera/data/Public-EDGAR-log-file-data/2005/Qtr4/log20051208.zip,NOT_DOWNLOADED_SANDBOX_NETWORK_BLOCKED
2005-12-09,2005,4,https://www.sec.gov/dera/data/Public-EDGAR-log-file-data/2005/Qtr4/log20051209.zip,NOT_DOWNLOADED_SANDBOX_NETWORK_BLOCKED
2005-12-10,2005,4,https://www.sec.gov/dera/data/Public-EDGAR-log-file-data/2005/Qtr4/log20051210.zip,NOT_DOWNLOADED_SANDBOX_NETWORK_BLOCKED
2005-12-11,2005,4,https://www.sec.gov/dera/data/Public-EDGAR-log-file-data/2005/Qtr4/log20051211.zip,NOT_DOWNLOADED_SANDBOX_NETWORK_BLOCKED
2005-12-12,2005,4,https://www.sec.gov/dera/data/Public-EDGAR-log-file-data/2005/Qtr4/log20051212.zip,NOT_DOWNLOADED_SANDBOX_NETWORK_BLOCKED
2005-12-13,2005,4,https://www.sec.gov/dera/data/Public-EDGAR-log-file-data/2005/Qtr4/log20051213.zip,NOT_DOWNLOADED_SANDBOX_NETWORK_BLOCKED
2005-12-14,2005,4,https://www.sec.gov/dera/data/Public-EDGAR-log-file-data/2005/Qtr4/log20051214.zip,NOT_DOWNLOADED_SANDBOX_NETWORK_BLOCKED
2005-12-15,2005,4,https://www.sec.gov/dera/data/Public-EDGAR-log-file-data/2005/Qtr4/log20051215.zip,NOT_DOWNLOADED_SANDBOX_NETWORK_BLOCKED
2005-12-16,2005,4,https://www.sec.gov/dera/data/Public-EDGAR-log-file-data/2005/Qtr4/log20051216.zip,NOT_DOWNLOADED_SANDBOX_NETWORK_BLOCKED
2005-12-17,2005,4,https://www.sec.gov/dera/data/Public-EDGAR-log-file-data/2005/Qtr4/log20051217.zip,NOT_DOWNLOADED_SANDBOX_NETWORK_BLOCKED
2005-12-18,2005,4,https://www.sec.gov/dera/data/Public-EDGAR-log-file-data/2005/Qtr4/log20051218.zip,NOT_DOWNLOADED_SANDBOX_NETWORK_BLOCKED
2006-04-01,2006,2,https://www.sec.gov/dera/data/Public-EDGAR-log-file-data/2006/Qtr2/log20060401.zip,NOT_DOWNLOADED_SANDBOX_NETWORK_BLOCKED
2006-04-02,2006,2,https://www.sec.gov/dera/data/Public-EDGAR-log-file-data/2006/Qtr2/log20060402.zip,NOT_DOWNLOADED_SANDBOX_NETWORK_BLOCKED
2006-04-03,2006,2,https://www.sec.gov/dera/data/Public-EDGAR-log-file-data/2006/Qtr2/log20060403.zip,NOT_DOWNLOADED_SANDBOX_NETWORK_BLOCKED
2006-04-04,2006,2,https://www.sec.gov/dera/data/Public-EDGAR-log-file-data/2006/Qtr2/log20060404.zip,NOT_DOWNLOADED_SANDBOX_NETWORK_BLOCKED
2006-04-05,2006,2,https://www.sec.gov/dera/data/Public-EDGAR-log-file-data/2006/Qtr2/log20060405.zip,NOT_DOWNLOADED_SANDBOX_NETWORK_BLOCKED
2006-04-06,2006,2,https://www.sec.gov/dera/data/Public-EDGAR-log-file-data/2006/Qtr2/log20060406.zip,NOT_DOWNLOADED_SANDBOX_NETWORK_BLOCKED
2006-04-07,2006,2,https://www.sec.gov/dera/data/Public-EDGAR-log-file-data/2006/Qtr2/log20060407.zip,NOT_DOWNLOADED_SANDBOX_NETWORK_BLOCKED
2006-04-08,2006,2,https://www.sec.gov/dera/data/Public-EDGAR-log-file-data/2006/Qtr2/log20060408.zip,NOT_DOWNLOADED_SANDBOX_NETWORK_BLOCKED
2006-04-09,2006,2,https://www.sec.gov/dera/data/Public-EDGAR-log-file-data/2006/Qtr2/log20060409.zip,NOT_DOWNLOADED_SANDBOX_NETWORK_BLOCKED
2006-04-10,2006,2,https://www.sec.gov/dera/data/Public-EDGAR-log-file-data/2006/Qtr2/log20060410.zip,NOT_DOWNLOADED_SANDBOX_NETWORK_BLOCKED
2006-04-11,2006,2,https://www.sec.gov/dera/data/Public-EDGAR-log-file-data/2006/Qtr2/log20060411.zip,NOT_DOWNLOADED_SANDBOX_NETWORK_BLOCKED
2006-04-12,2006,2,https://www.sec.gov/dera/data/Public-EDGAR-log-file-data/2006/Qtr2/log20060412.zip,NOT_DOWNLOADED_SANDBOX_NETWORK_BLOCKED
2006-04-13,2006,2,https://www.sec.gov/dera/data/Public-EDGAR-log-file-data/2006/Qtr2/log20060413.zip,NOT_DOWNLOADED_SANDBOX_NETWORK_BLOCKED
2006-04-14,2006,2,https://www.sec.gov/dera/data/Public-EDGAR-log-file-data/2006/Qtr2/log20060414.zip,NOT_DOWNLOADED_SANDBOX_NETWORK_BLOCKED
2006-04-15,2006,2,https://www.sec.gov/dera/data/Public-EDGAR-log-file-data/2006/Qtr2/log20060415.zip,NOT_DOWNLOADED_SANDBOX_NETWORK_BLOCKED
2006-04-16,2006,2,https://www.sec.gov/dera/data/Public-EDGAR-log-file-data/2006/Qtr2/log20060416.zip,NOT_DOWNLOADED_SANDBOX_NETWORK_BLOCKED
2006-04-17,2006,2,https://www.sec.gov/dera/data/Public-EDGAR-log-file-data/2006/Qtr2/log20060417.zip,NOT_DOWNLOADED_SANDBOX_NETWORK_BLOCKED
2006-04-18,2006,2,https://www.sec.gov/dera/data/Public-EDGAR-log-file-data/2006/Qtr2/log20060418.zip,NOT_DOWNLOADED_SANDBOX_NETWORK_BLOCKED
2006-04-19,2006,2,https://www.sec.gov/dera/data/Public-EDGAR-log-file-data/2006/Qtr2/log20060419.zip,NOT_DOWNLOADED_SANDBOX_NETWORK_BLOCKED
2006-04-20,2006,2,https://www.sec.gov/dera/data/Public-EDGAR-log-file-data/2006/Qtr2/log20060420.zip,NOT_DOWNLOADED_SANDBOX_NETWORK_BLOCKED
2006-04-21,2006,2,https://www.sec.gov/dera/data/Public-EDGAR-log-file-data/2006/Qtr2/log20060421.zip,NOT_DOWNLOADED_SANDBOX_NETWORK_BLOCKED
2006-04-22,2006,2,https://www.sec.gov/dera/data/Public-EDGAR-log-file-data/2006/Qtr2/log20060422.zip,NOT_DOWNLOADED_SANDBOX_NETWORK_BLOCKED
2006-04-23,2006,2,https://www.sec.gov/dera/data/Public-EDGAR-log-file-data/2006/Qtr2/log20060423.zip,NOT_DOWNLOADED_SANDBOX_NETWORK_BLOCKED
2006-04-24,2006,2,https://www.sec.gov/dera/data/Public-EDGAR-log-file-data/2006/Qtr2/log20060424.zip,NOT_DOWNLOADED_SANDBOX_NETWORK_BLOCKED
2006-04-25,2006,2,https://www.sec.gov/dera/data/Public-EDGAR-log-file-data/2006/Qtr2/log20060425.zip,NOT_DOWNLOADED_SANDBOX_NETWORK_BLOCKED
2006-04-26,2006,2,https://www.sec.gov/dera/data/Public-EDGAR-log-file-data/2006/Qtr2/log20060426.zip,NOT_DOWNLOADED_SANDBOX_NETWORK_BLOCKED
2006-04-27,2006,2,https://www.sec.gov/dera/data/Public-EDGAR-log-file-data/2006/Qtr2/log20060427.zip,NOT_DOWNLOADED_SANDBOX_NETWORK_BLOCKED
2006-04-28,2006,2,https://www.sec.gov/dera/data/Public-EDGAR-log-file-data/2006/Qtr2/log20060428.zip,NOT_DOWNLOADED_SANDBOX_NETWORK_BLOCKED
2006-04-29,2006,2,https://www.sec.gov/dera/data/Public-EDGAR-log-file-data/2006/Qtr2/log20060429.zip,NOT_DOWNLOADED_SANDBOX_NETWORK_BLOCKED
2006-04-30,2006,2,https://www.sec.gov/dera/data/Public-EDGAR-log-file-data/2006/Qtr2/log20060430.zip,NOT_DOWNLOADED_SANDBOX_NETWORK_BLOCKED
2006-05-01,2006,2,https://www.sec.gov/dera/data/Public-EDGAR-log-file-data/2006/Qtr2/log20060501.zip,NOT_DOWNLOADED_SANDBOX_NETWORK_BLOCKED
2006-05-02,2006,2,https://www.sec.gov/dera/data/Public-EDGAR-log-file-data/2006/Qtr2/log20060502.zip,NOT_DOWNLOADED_SANDBOX_NETWORK_BLOCKED
2006-05-03,2006,2,https://www.sec.gov/dera/data/Public-EDGAR-log-file-data/2006/Qtr2/log20060503.zip,NOT_DOWNLOADED_SANDBOX_NETWORK_BLOCKED
2006-05-04,2006,2,https://www.sec.gov/dera/data/Public-EDGAR-log-file-data/2006/Qtr2/log20060504.zip,NOT_DOWNLOADED_SANDBOX_NETWORK_BLOCKED
2006-05-05,2006,2,https://www.sec.gov/dera/data/Public-EDGAR-log-file-data/2006/Qtr2/log20060505.zip,NOT_DOWNLOADED_SANDBOX_NETWORK_BLOCKED
2006-05-06,2006,2,https://www.sec.gov/dera/data/Public-EDGAR-log-file-data/2006/Qtr2/log20060506.zip,NOT_DOWNLOADED_SANDBOX_NETWORK_BLOCKED
2006-05-07,2006,2,https://www.sec.gov/dera/data/Public-EDGAR-log-file-data/2006/Qtr2/log20060507.zip,NOT_DOWNLOADED_SANDBOX_NETWORK_BLOCKED
2006-05-08,2006,2,https://www.sec.gov/dera/data/Public-EDGAR-log-file-data/2006/Qtr2/log20060508.zip,NOT_DOWNLOADED_SANDBOX_NETWORK_BLOCKED
2006-05-09,2006,2,https://www.sec.gov/dera/data/Public-EDGAR-log-file-data/2006/Qtr2/log20060509.zip,NOT_DOWNLOADED_SANDBOX_NETWORK_BLOCKED
2006-07-23,2006,3,https://www.sec.gov/dera/data/Public-EDGAR-log-file-data/2006/Qtr3/log20060723.zip,NOT_DOWNLOADED_SANDBOX_NETWORK_BLOCKED
2006-07-24,2006,3,https://www.sec.gov/dera/data/Public-EDGAR-log-file-data/2006/Qtr3/log20060724.zip,NOT_DOWNLOADED_SANDBOX_NETWORK_BLOCKED
2006-07-25,2006,3,https://www.sec.gov/dera/data/Public-EDGAR-log-file-data/2006/Qtr3/log20060725.zip,NOT_DOWNLOADED_SANDBOX_NETWORK_BLOCKED
2006-07-26,2006,3,https://www.sec.gov/dera/data/Public-EDGAR-log-file-data/2006/Qtr3/log20060726.zip,NOT_DOWNLOADED_SANDBOX_NETWORK_BLOCKED
2006-07-27,2006,3,https://www.sec.gov/dera/data/Public-EDGAR-log-file-data/2006/Qtr3/log20060727.zip,NOT_DOWNLOADED_SANDBOX_NETWORK_BLOCKED
2006-07-28,2006,3,https://www.sec.gov/dera/data/Public-EDGAR-log-file-data/2006/Qtr3/log20060728.zip,NOT_DOWNLOADED_SANDBOX_NETWORK_BLOCKED
2006-07-29,2006,3,https://www.sec.gov/dera/data/Public-EDGAR-log-file-data/2006/Qtr3/log20060729.zip,NOT_DOWNLOADED_SANDBOX_NETWORK_BLOCKED
2006-07-30,2006,3,https://www.sec.gov/dera/data/Public-EDGAR-log-file-data/2006/Qtr3/log20060730.zip,NOT_DOWNLOADED_SANDBOX_NETWORK_BLOCKED
2006-07-31,2006,3,https://www.sec.gov/dera/data/Public-EDGAR-log-file-data/2006/Qtr3/log20060731.zip,NOT_DOWNLOADED_SANDBOX_NETWORK_BLOCKED
2006-08-01,2006,3,https://www.sec.gov/dera/data/Public-EDGAR-log-file-data/2006/Qtr3/log20060801.zip,NOT_DOWNLOADED_SANDBOX_NETWORK_BLOCKED
2006-08-02,2006,3,https://www.sec.gov/dera/data/Public-EDGAR-log-file-data/2006/Qtr3/log20060802.zip,NOT_DOWNLOADED_SANDBOX_NETWORK_BLOCKED
2006-08-03,2006,3,https://www.sec.gov/dera/data/Public-EDGAR-log-file-data/2006/Qtr3/log20060803.zip,NOT_DOWNLOADED_SANDBOX_NETWORK_BLOCKED
2006-08-04,2006,3,https://www.sec.gov/dera/data/Public-EDGAR-log-file-data/2006/Qtr3/log20060804.zip,NOT_DOWNLOADED_SANDBOX_NETWORK_BLOCKED
2006-08-05,2006,3,https://www.sec.gov/dera/data/Public-EDGAR-log-file-data/2006/Qtr3/log20060805.zip,NOT_DOWNLOADED_SANDBOX_NETWORK_BLOCKED
2006-08-06,2006,3,https://www.sec.gov/dera/data/Public-EDGAR-log-file-data/2006/Qtr3/log20060806.zip,NOT_DOWNLOADED_SANDBOX_NETWORK_BLOCKED
2006-08-07,2006,3,https://www.sec.gov/dera/data/Public-EDGAR-log-file-data/2006/Qtr3/log20060807.zip,NOT_DOWNLOADED_SANDBOX_NETWORK_BLOCKED
2006-08-08,2006,3,https://www.sec.gov/dera/data/Public-EDGAR-log-file-data/2006/Qtr3/log20060808.zip,NOT_DOWNLOADED_SANDBOX_NETWORK_BLOCKED
2006-08-09,2006,3,https://www.sec.gov/dera/data/Public-EDGAR-log-file-data/2006/Qtr3/log20060809.zip,NOT_DOWNLOADED_SANDBOX_NETWORK_BLOCKED
2006-08-10,2006,3,https://www.sec.gov/dera/data/Public-EDGAR-log-file-data/2006/Qtr3/log20060810.zip,NOT_DOWNLOADED_SANDBOX_NETWORK_BLOCKED
2006-08-11,2006,3,https://www.sec.gov/dera/data/Public-EDGAR-log-file-data/2006/Qtr3/log20060811.zip,NOT_DOWNLOADED_SANDBOX_NETWORK_BLOCKED
2006-08-12,2006,3,https://www.sec.gov/dera/data/Public-EDGAR-log-file-data/2006/Qtr3/log20060812.zip,NOT_DOWNLOADED_SANDBOX_NETWORK_BLOCKED
2006-08-13,2006,3,https://www.sec.gov/dera/data/Public-EDGAR-log-file-data/2006/Qtr3/log20060813.zip,NOT_DOWNLOADED_SANDBOX_NETWORK_BLOCKED
2006-08-14,2006,3,https://www.sec.gov/dera/data/Public-EDGAR-log-file-data/2006/Qtr3/log20060814.zip,NOT_DOWNLOADED_SANDBOX_NETWORK_BLOCKED
2006-08-15,2006,3,https://www.sec.gov/dera/data/Public-EDGAR-log-file-data/2006/Qtr3/log20060815.zip,NOT_DOWNLOADED_SANDBOX_NETWORK_BLOCKED
2006-08-16,2006,3,https://www.sec.gov/dera/data/Public-EDGAR-log-file-data/2006/Qtr3/log20060816.zip,NOT_DOWNLOADED_SANDBOX_NETWORK_BLOCKED
2006-08-17,2006,3,https://www.sec.gov/dera/data/Public-EDGAR-log-file-data/2006/Qtr3/log20060817.zip,NOT_DOWNLOADED_SANDBOX_NETWORK_BLOCKED
2006-08-18,2006,3,https://www.sec.gov/dera/data/Public-EDGAR-log-file-data/2006/Qtr3/log20060818.zip,NOT_DOWNLOADED_SANDBOX_NETWORK_BLOCKED
2006-08-19,2006,3,https://www.sec.gov/dera/data/Public-EDGAR-log-file-data/2006/Qtr3/log20060819.zip,NOT_DOWNLOADED_SANDBOX_NETWORK_BLOCKED
2006-08-20,2006,3,https://www.sec.gov/dera/data/Public-EDGAR-log-file-data/2006/Qtr3/log20060820.zip,NOT_DOWNLOADED_SANDBOX_NETWORK_BLOCKED
2006-08-21,2006,3,https://www.sec.gov/dera/data/Public-EDGAR-log-file-data/2006/Qtr3/log20060821.zip,NOT_DOWNLOADED_SANDBOX_NETWORK_BLOCKED
2006-09-09,2006,3,https://www.sec.gov/dera/data/Public-EDGAR-log-file-data/2006/Qtr3/log20060909.zip,NOT_DOWNLOADED_SANDBOX_NETWORK_BLOCKED
2006-09-10,2006,3,https://www.sec.gov/dera/data/Public-EDGAR-log-file-data/2006/Qtr3/log20060910.zip,NOT_DOWNLOADED_SANDBOX_NETWORK_BLOCKED
2006-09-11,2006,3,https://www.sec.gov/dera/data/Public-EDGAR-log-file-data/2006/Qtr3/log20060911.zip,NOT_DOWNLOADED_SANDBOX_NETWORK_BLOCKED
2006-09-12,2006,3,https://www.sec.gov/dera/data/Public-EDGAR-log-file-data/2006/Qtr3/log20060912.zip,NOT_DOWNLOADED_SANDBOX_NETWORK_BLOCKED
2006-09-13,2006,3,https://www.sec.gov/dera/data/Public-EDGAR-log-file-data/2006/Qtr3/log20060913.zip,NOT_DOWNLOADED_SANDBOX_NETWORK_BLOCKED
2006-09-14,2006,3,https://www.sec.gov/dera/data/Public-EDGAR-log-file-data/2006/Qtr3/log20060914.zip,NOT_DOWNLOADED_SANDBOX_NETWORK_BLOCKED
2006-09-15,2006,3,https://www.sec.gov/dera/data/Public-EDGAR-log-file-data/2006/Qtr3/log20060915.zip,NOT_DOWNLOADED_SANDBOX_NETWORK_BLOCKED
2006-09-16,2006,3,https://www.sec.gov/dera/data/Public-EDGAR-log-file-data/2006/Qtr3/log20060916.zip,NOT_DOWNLOADED_SANDBOX_NETWORK_BLOCKED
2006-09-17,2006,3,https://www.sec.gov/dera/data/Public-EDGAR-log-file-data/2006/Qtr3/log20060917.zip,NOT_DOWNLOADED_SANDBOX_NETWORK_BLOCKED
2006-09-18,2006,3,https://www.sec.gov/dera/data/Public-EDGAR-log-file-data/2006/Qtr3/log20060918.zip,NOT_DOWNLOADED_SANDBOX_NETWORK_BLOCKED
2006-09-19,2006,3,https://www.sec.gov/dera/data/Public-EDGAR-log-file-data/2006/Qtr3/log20060919.zip,NOT_DOWNLOADED_SANDBOX_NETWORK_BLOCKED
2006-09-20,2006,3,https://www.sec.gov/dera/data/Public-EDGAR-log-file-data/2006/Qtr3/log20060920.zip,NOT_DOWNLOADED_SANDBOX_NETWORK_BLOCKED
2006-09-21,2006,3,https://www.sec.gov/dera/data/Public-EDGAR-log-file-data/2006/Qtr3/log20060921.zip,NOT_DOWNLOADED_SANDBOX_NETWORK_BLOCKED
2006-09-22,2006,3,https://www.sec.gov/dera/data/Public-EDGAR-log-file-data/2006/Qtr3/log20060922.zip,NOT_DOWNLOADED_SANDBOX_NETWORK_BLOCKED
2006-09-23,2006,3,https://www.sec.gov/dera/data/Public-EDGAR-log-file-data/2006/Qtr3/log20060923.zip,NOT_DOWNLOADED_SANDBOX_NETWORK_BLOCKED
2006-09-24,2006,3,https://www.sec.gov/dera/data/Public-EDGAR-log-file-data/2006/Qtr3/log20060924.zip,NOT_DOWNLOADED_SANDBOX_NETWORK_BLOCKED
2006-10-13,2006,4,https://www.sec.gov/dera/data/Public-EDGAR-log-file-data/2006/Qtr4/log20061013.zip,NOT_DOWNLOADED_SANDBOX_NETWORK_BLOCKED
2006-10-14,2006,4,https://www.sec.gov/dera/data/Public-EDGAR-log-file-data/2006/Qtr4/log20061014.zip,NOT_DOWNLOADED_SANDBOX_NETWORK_BLOCKED
2006-10-15,2006,4,https://www.sec.gov/dera/data/Public-EDGAR-log-file-data/2006/Qtr4/log20061015.zip,NOT_DOWNLOADED_SANDBOX_NETWORK_BLOCKED
2006-10-16,2006,4,https://www.sec.gov/dera/data/Public-EDGAR-log-file-data/2006/Qtr4/log20061016.zip,NOT_DOWNLOADED_SANDBOX_NETWORK_BLOCKED
2006-10-17,2006,4,https://www.sec.gov/dera/data/Public-EDGAR-log-file-data/2006/Qtr4/log20061017.zip,NOT_DOWNLOADED_SANDBOX_NETWORK_BLOCKED
2006-10-18,2006,4,https://www.sec.gov/dera/data/Public-EDGAR-log-file-data/2006/Qtr4/log20061018.zip,NOT_DOWNLOADED_SANDBOX_NETWORK_BLOCKED
2006-10-19,2006,4,https://www.sec.gov/dera/data/Public-EDGAR-log-file-data/2006/Qtr4/log20061019.zip,NOT_DOWNLOADED_SANDBOX_NETWORK_BLOCKED
2006-10-20,2006,4,https://www.sec.gov/dera/data/Public-EDGAR-log-file-data/2006/Qtr4/log20061020.zip,NOT_DOWNLOADED_SANDBOX_NETWORK_BLOCKED
2006-10-21,2006,4,https://www.sec.gov/dera/data/Public-EDGAR-log-file-data/2006/Qtr4/log20061021.zip,NOT_DOWNLOADED_SANDBOX_NETWORK_BLOCKED
2006-10-22,2006,4,https://www.sec.gov/dera/data/Public-EDGAR-log-file-data/2006/Qtr4/log20061022.zip,NOT_DOWNLOADED_SANDBOX_NETWORK_BLOCKED
2006-10-23,2006,4,https://www.sec.gov/dera/data/Public-EDGAR-log-file-data/2006/Qtr4/log20061023.zip,NOT_DOWNLOADED_SANDBOX_NETWORK_BLOCKED
2006-10-24,2006,4,https://www.sec.gov/dera/data/Public-EDGAR-log-file-data/2006/Qtr4/log20061024.zip,NOT_DOWNLOADED_SANDBOX_NETWORK_BLOCKED
2006-10-25,2006,4,https://www.sec.gov/dera/data/Public-EDGAR-log-file-data/2006/Qtr4/log20061025.zip,NOT_DOWNLOADED_SANDBOX_NETWORK_BLOCKED
2006-10-26,2006,4,https://www.sec.gov/dera/data/Public-EDGAR-log-file-data/2006/Qtr4/log20061026.zip,NOT_DOWNLOADED_SANDBOX_NETWORK_BLOCKED
2006-10-27,2006,4,https://www.sec.gov/dera/data/Public-EDGAR-log-file-data/2006/Qtr4/log20061027.zip,NOT_DOWNLOADED_SANDBOX_NETWORK_BLOCKED
2006-10-28,2006,4,https://www.sec.gov/dera/data/Public-EDGAR-log-file-data/2006/Qtr4/log20061028.zip,NOT_DOWNLOADED_SANDBOX_NETWORK_BLOCKED
2006-10-29,2006,4,https://www.sec.gov/dera/data/Public-EDGAR-log-file-data/2006/Qtr4/log20061029.zip,NOT_DOWNLOADED_SANDBOX_NETWORK_BLOCKED
2006-10-30,2006,4,https://www.sec.gov/dera/data/Public-EDGAR-log-file-data/2006/Qtr4/log20061030.zip,NOT_DOWNLOADED_SANDBOX_NETWORK_BLOCKED
2006-10-31,2006,4,https://www.sec.gov/dera/data/Public-EDGAR-log-file-data/2006/Qtr4/log20061031.zip,NOT_DOWNLOADED_SANDBOX_NETWORK_BLOCKED
2006-11-01,2006,4,https://www.sec.gov/dera/data/Public-EDGAR-log-file-data/2006/Qtr4/log20061101.zip,NOT_DOWNLOADED_SANDBOX_NETWORK_BLOCKED
2006-11-02,2006,4,https://www.sec.gov/dera/data/Public-EDGAR-log-file-data/2006/Qtr4/log20061102.zip,NOT_DOWNLOADED_SANDBOX_NETWORK_BLOCKED
2006-11-03,2006,4,https://www.sec.gov/dera/data/Public-EDGAR-log-file-data/2006/Qtr4/log20061103.zip,NOT_DOWNLOADED_SANDBOX_NETWORK_BLOCKED
2006-11-04,2006,4,https://www.sec.gov/dera/data/Public-EDGAR-log-file-data/2006/Qtr4/log20061104.zip,NOT_DOWNLOADED_SANDBOX_NETWORK_BLOCKED
2006-11-05,2006,4,https://www.sec.gov/dera/data/Public-EDGAR-log-file-data/2006/Qtr4/log20061105.zip,NOT_DOWNLOADED_SANDBOX_NETWORK_BLOCKED
2006-11-06,2006,4,https://www.sec.gov/dera/data/Public-EDGAR-log-file-data/2006/Qtr4/log20061106.zip,NOT_DOWNLOADED_SANDBOX_NETWORK_BLOCKED
2006-11-07,2006,4,https://www.sec.gov/dera/data/Public-EDGAR-log-file-data/2006/Qtr4/log20061107.zip,NOT_DOWNLOADED_SANDBOX_NETWORK_BLOCKED
2006-11-20,2006,4,https://www.sec.gov/dera/data/Public-EDGAR-log-file-data/2006/Qtr4/log20061120.zip,NOT_DOWNLOADED_SANDBOX_NETWORK_BLOCKED
2006-11-21,2006,4,https://www.sec.gov/dera/data/Public-EDGAR-log-file-data/2006/Qtr4/log20061121.zip,NOT_DOWNLOADED_SANDBOX_NETWORK_BLOCKED
2006-11-22,2006,4,https://www.sec.gov/dera/data/Public-EDGAR-log-file-data/2006/Qtr4/log20061122.zip,NOT_DOWNLOADED_SANDBOX_NETWORK_BLOCKED
2006-11-23,2006,4,https://www.sec.gov/dera/data/Public-EDGAR-log-file-data/2006/Qtr4/log20061123.zip,NOT_DOWNLOADED_SANDBOX_NETWORK_BLOCKED
2006-11-24,2006,4,https://www.sec.gov/dera/data/Public-EDGAR-log-file-data/2006/Qtr4/log20061124.zip,NOT_DOWNLOADED_SANDBOX_NETWORK_BLOCKED
2006-11-25,2006,4,https://www.sec.gov/dera/data/Public-EDGAR-log-file-data/2006/Qtr4/log20061125.zip,NOT_DOWNLOADED_SANDBOX_NETWORK_BLOCKED
2006-11-26,2006,4,https://www.sec.gov/dera/data/Public-EDGAR-log-file-data/2006/Qtr4/log20061126.zip,NOT_DOWNLOADED_SANDBOX_NETWORK_BLOCKED
2006-11-27,2006,4,https://www.sec.gov/dera/data/Public-EDGAR-log-file-data/2006/Qtr4/log20061127.zip,NOT_DOWNLOADED_SANDBOX_NETWORK_BLOCKED
2006-11-28,2006,4,https://www.sec.gov/dera/data/Public-EDGAR-log-file-data/2006/Qtr4/log20061128.zip,NOT_DOWNLOADED_SANDBOX_NETWORK_BLOCKED
2006-11-29,2006,4,https://www.sec.gov/dera/data/Public-EDGAR-log-file-data/2006/Qtr4/log20061129.zip,NOT_DOWNLOADED_SANDBOX_NETWORK_BLOCKED
2006-11-30,2006,4,https://www.sec.gov/dera/data/Public-EDGAR-log-file-data/2006/Qtr4/log20061130.zip,NOT_DOWNLOADED_SANDBOX_NETWORK_BLOCKED
2006-12-01,2006,4,https://www.sec.gov/dera/data/Public-EDGAR-log-file-data/2006/Qtr4/log20061201.zip,NOT_DOWNLOADED_SANDBOX_NETWORK_BLOCKED
2006-12-02,2006,4,https://www.sec.gov/dera/data/Public-EDGAR-log-file-data/2006/Qtr4/log20061202.zip,NOT_DOWNLOADED_SANDBOX_NETWORK_BLOCKED
2006-12-03,2006,4,https://www.sec.gov/dera/data/Public-EDGAR-log-file-data/2006/Qtr4/log20061203.zip,NOT_DOWNLOADED_SANDBOX_NETWORK_BLOCKED
2006-12-04,2006,4,https://www.sec.gov/dera/data/Public-EDGAR-log-file-data/2006/Qtr4/log20061204.zip,NOT_DOWNLOADED_SANDBOX_NETWORK_BLOCKED
2006-12-05,2006,4,https://www.sec.gov/dera/data/Public-EDGAR-log-file-data/2006/Qtr4/log20061205.zip,NOT_DOWNLOADED_SANDBOX_NETWORK_BLOCKED
2007-01-20,2007,1,https://www.sec.gov/dera/data/Public-EDGAR-log-file-data/2007/Qtr1/log20070120.zip,NOT_DOWNLOADED_SANDBOX_NETWORK_BLOCKED
2007-01-21,2007,1,https://www.sec.gov/dera/data/Public-EDGAR-log-file-data/2007/Qtr1/log20070121.zip,NOT_DOWNLOADED_SANDBOX_NETWORK_BLOCKED
2007-01-22,2007,1,https://www.sec.gov/dera/data/Public-EDGAR-log-file-data/2007/Qtr1/log20070122.zip,NOT_DOWNLOADED_SANDBOX_NETWORK_BLOCKED
2007-01-23,2007,1,https://www.sec.gov/dera/data/Public-EDGAR-log-file-data/2007/Qtr1/log20070123.zip,NOT_DOWNLOADED_SANDBOX_NETWORK_BLOCKED
2007-01-24,2007,1,https://www.sec.gov/dera/data/Public-EDGAR-log-file-data/2007/Qtr1/log20070124.zip,NOT_DOWNLOADED_SANDBOX_NETWORK_BLOCKED
2007-01-25,2007,1,https://www.sec.gov/dera/data/Public-EDGAR-log-file-data/2007/Qtr1/log20070125.zip,NOT_DOWNLOADED_SANDBOX_NETWORK_BLOCKED
2007-01-26,2007,1,https://www.sec.gov/dera/data/Public-EDGAR-log-file-data/2007/Qtr1/log20070126.zip,NOT_DOWNLOADED_SANDBOX_NETWORK_BLOCKED
2007-01-27,2007,1,https://www.sec.gov/dera/data/Public-EDGAR-log-file-data/2007/Qtr1/log20070127.zip,NOT_DOWNLOADED_SANDBOX_NETWORK_BLOCKED
2007-01-28,2007,1,https://www.sec.gov/dera/data/Public-EDGAR-log-file-data/2007/Qtr1/log20070128.zip,NOT_DOWNLOADED_SANDBOX_NETWORK_BLOCKED
2007-01-29,2007,1,https://www.sec.gov/dera/data/Public-EDGAR-log-file-data/2007/Qtr1/log20070129.zip,NOT_DOWNLOADED_SANDBOX_NETWORK_BLOCKED
2007-01-30,2007,1,https://www.sec.gov/dera/data/Public-EDGAR-log-file-data/2007/Qtr1/log20070130.zip,NOT_DOWNLOADED_SANDBOX_NETWORK_BLOCKED
2007-01-31,2007,1,https://www.sec.gov/dera/data/Public-EDGAR-log-file-data/2007/Qtr1/log20070131.zip,NOT_DOWNLOADED_SANDBOX_NETWORK_BLOCKED
2007-02-01,2007,1,https://www.sec.gov/dera/data/Public-EDGAR-log-file-data/2007/Qtr1/log20070201.zip,NOT_DOWNLOADED_SANDBOX_NETWORK_BLOCKED
2007-02-02,2007,1,https://www.sec.gov/dera/data/Public-EDGAR-log-file-data/2007/Qtr1/log20070202.zip,NOT_DOWNLOADED_SANDBOX_NETWORK_BLOCKED
2007-02-03,2007,1,https://www.sec.gov/dera/data/Public-EDGAR-log-file-data/2007/Qtr1/log20070203.zip,NOT_DOWNLOADED_SANDBOX_NETWORK_BLOCKED
2007-02-04,2007,1,https://www.sec.gov/dera/data/Public-EDGAR-log-file-data/2007/Qtr1/log20070204.zip,NOT_DOWNLOADED_SANDBOX_NETWORK_BLOCKED
2007-02-05,2007,1,https://www.sec.gov/dera/data/Public-EDGAR-log-file-data/2007/Qtr1/log20070205.zip,NOT_DOWNLOADED_SANDBOX_NETWORK_BLOCKED
2007-02-06,2007,1,https://www.sec.gov/dera/data/Public-EDGAR-log-file-data/2007/Qtr1/log20070206.zip,NOT_DOWNLOADED_SANDBOX_NETWORK_BLOCKED
2007-02-07,2007,1,https://www.sec.gov/dera/data/Public-EDGAR-log-file-data/2007/Qtr1/log20070207.zip,NOT_DOWNLOADED_SANDBOX_NETWORK_BLOCKED
2007-02-08,2007,1,https://www.sec.gov/dera/data/Public-EDGAR-log-file-data/2007/Qtr1/log20070208.zip,NOT_DOWNLOADED_SANDBOX_NETWORK_BLOCKED
2007-02-09,2007,1,https://www.sec.gov/dera/data/Public-EDGAR-log-file-data/2007/Qtr1/log20070209.zip,NOT_DOWNLOADED_SANDBOX_NETWORK_BLOCKED
2007-02-10,2007,1,https://www.sec.gov/dera/data/Public-EDGAR-log-file-data/2007/Qtr1/log20070210.zip,NOT_DOWNLOADED_SANDBOX_NETWORK_BLOCKED
2007-02-11,2007,1,https://www.sec.gov/dera/data/Public-EDGAR-log-file-data/2007/Qtr1/log20070211.zip,NOT_DOWNLOADED_SANDBOX_NETWORK_BLOCKED
2007-02-12,2007,1,https://www.sec.gov/dera/data/Public-EDGAR-log-file-data/2007/Qtr1/log20070212.zip,NOT_DOWNLOADED_SANDBOX_NETWORK_BLOCKED
2007-02-13,2007,1,https://www.sec.gov/dera/data/Public-EDGAR-log-file-data/2007/Qtr1/log20070213.zip,NOT_DOWNLOADED_SANDBOX_NETWORK_BLOCKED
2007-06-03,2007,2,https://www.sec.gov/dera/data/Public-EDGAR-log-file-data/2007/Qtr2/log20070603.zip,NOT_DOWNLOADED_SANDBOX_NETWORK_BLOCKED
2007-06-04,2007,2,https://www.sec.gov/dera/data/Public-EDGAR-log-file-data/2007/Qtr2/log20070604.zip,NOT_DOWNLOADED_SANDBOX_NETWORK_BLOCKED
2007-06-05,2007,2,https://www.sec.gov/dera/data/Public-EDGAR-log-file-data/2007/Qtr2/log20070605.zip,NOT_DOWNLOADED_SANDBOX_NETWORK_BLOCKED
2007-06-06,2007,2,https://www.sec.gov/dera/data/Public-EDGAR-log-file-data/2007/Qtr2/log20070606.zip,NOT_DOWNLOADED_SANDBOX_NETWORK_BLOCKED
2007-06-07,2007,2,https://www.sec.gov/dera/data/Public-EDGAR-log-file-data/2007/Qtr2/log20070607.zip,NOT_DOWNLOADED_SANDBOX_NETWORK_BLOCKED
2007-06-08,2007,2,https://www.sec.gov/dera/data/Public-EDGAR-log-file-data/2007/Qtr2/log20070608.zip,NOT_DOWNLOADED_SANDBOX_NETWORK_BLOCKED
2007-06-09,2007,2,https://www.sec.gov/dera/data/Public-EDGAR-log-file-data/2007/Qtr2/log20070609.zip,NOT_DOWNLOADED_SANDBOX_NETWORK_BLOCKED
2007-06-10,2007,2,https://www.sec.gov/dera/data/Public-EDGAR-log-file-data/2007/Qtr2/log20070610.zip,NOT_DOWNLOADED_SANDBOX_NETWORK_BLOCKED
2007-06-11,2007,2,https://www.sec.gov/dera/data/Public-EDGAR-log-file-data/2007/Qtr2/log20070611.zip,NOT_DOWNLOADED_SANDBOX_NETWORK_BLOCKED
2007-06-12,2007,2,https://www.sec.gov/dera/data/Public-EDGAR-log-file-data/2007/Qtr2/log20070612.zip,NOT_DOWNLOADED_SANDBOX_NETWORK_BLOCKED
2007-06-13,2007,2,https://www.sec.gov/dera/data/Public-EDGAR-log-file-data/2007/Qtr2/log20070613.zip,NOT_DOWNLOADED_SANDBOX_NETWORK_BLOCKED
2007-06-14,2007,2,https://www.sec.gov/dera/data/Public-EDGAR-log-file-data/2007/Qtr2/log20070614.zip,NOT_DOWNLOADED_SANDBOX_NETWORK_BLOCKED
2007-06-15,2007,2,https://www.sec.gov/dera/data/Public-EDGAR-log-file-data/2007/Qtr2/log20070615.zip,NOT_DOWNLOADED_SANDBOX_NETWORK_BLOCKED
2007-06-16,2007,2,https://www.sec.gov/dera/data/Public-EDGAR-log-file-data/2007/Qtr2/log20070616.zip,NOT_DOWNLOADED_SANDBOX_NETWORK_BLOCKED
2007-06-17,2007,2,https://www.sec.gov/dera/data/Public-EDGAR-log-file-data/2007/Qtr2/log20070617.zip,NOT_DOWNLOADED_SANDBOX_NETWORK_BLOCKED
2007-06-18,2007,2,https://www.sec.gov/dera/data/Public-EDGAR-log-file-data/2007/Qtr2/log20070618.zip,NOT_DOWNLOADED_SANDBOX_NETWORK_BLOCKED
2007-08-11,2007,3,https://www.sec.gov/dera/data/Public-EDGAR-log-file-data/2007/Qtr3/log20070811.zip,NOT_DOWNLOADED_SANDBOX_NETWORK_BLOCKED
2007-08-12,2007,3,https://www.sec.gov/dera/data/Public-EDGAR-log-file-data/2007/Qtr3/log20070812.zip,NOT_DOWNLOADED_SANDBOX_NETWORK_BLOCKED
2007-08-13,2007,3,https://www.sec.gov/dera/data/Public-EDGAR-log-file-data/2007/Qtr3/log20070813.zip,NOT_DOWNLOADED_SANDBOX_NETWORK_BLOCKED
2007-08-14,2007,3,https://www.sec.gov/dera/data/Public-EDGAR-log-file-data/2007/Qtr3/log20070814.zip,NOT_DOWNLOADED_SANDBOX_NETWORK_BLOCKED
2007-08-15,2007,3,https://www.sec.gov/dera/data/Public-EDGAR-log-file-data/2007/Qtr3/log20070815.zip,NOT_DOWNLOADED_SANDBOX_NETWORK_BLOCKED
2007-08-16,2007,3,https://www.sec.gov/dera/data/Public-EDGAR-log-file-data/2007/Qtr3/log20070816.zip,NOT_DOWNLOADED_SANDBOX_NETWORK_BLOCKED
2007-08-17,2007,3,https://www.sec.gov/dera/data/Public-EDGAR-log-file-data/2007/Qtr3/log20070817.zip,NOT_DOWNLOADED_SANDBOX_NETWORK_BLOCKED
2007-08-18,2007,3,https://www.sec.gov/dera/data/Public-EDGAR-log-file-data/2007/Qtr3/log20070818.zip,NOT_DOWNLOADED_SANDBOX_NETWORK_BLOCKED
2007-08-19,2007,3,https://www.sec.gov/dera/data/Public-EDGAR-log-file-data/2007/Qtr3/log20070819.zip,NOT_DOWNLOADED_SANDBOX_NETWORK_BLOCKED
2007-08-20,2007,3,https://www.sec.gov/dera/data/Public-EDGAR-log-file-data/2007/Qtr3/log20070820.zip,NOT_DOWNLOADED_SANDBOX_NETWORK_BLOCKED
2007-08-21,2007,3,https://www.sec.gov/dera/data/Public-EDGAR-log-file-data/2007/Qtr3/log20070821.zip,NOT_DOWNLOADED_SANDBOX_NETWORK_BLOCKED
2007-08-22,2007,3,https://www.sec.gov/dera/data/Public-EDGAR-log-file-data/2007/Qtr3/log20070822.zip,NOT_DOWNLOADED_SANDBOX_NETWORK_BLOCKED
2007-08-23,2007,3,https://www.sec.gov/dera/data/Public-EDGAR-log-file-data/2007/Qtr3/log20070823.zip,NOT_DOWNLOADED_SANDBOX_NETWORK_BLOCKED
2007-08-24,2007,3,https://www.sec.gov/dera/data/Public-EDGAR-log-file-data/2007/Qtr3/log20070824.zip,NOT_DOWNLOADED_SANDBOX_NETWORK_BLOCKED
2007-08-25,2007,3,https://www.sec.gov/dera/data/Public-EDGAR-log-file-data/2007/Qtr3/log20070825.zip,NOT_DOWNLOADED_SANDBOX_NETWORK_BLOCKED
2007-08-26,2007,3,https://www.sec.gov/dera/data/Public-EDGAR-log-file-data/2007/Qtr3/log20070826.zip,NOT_DOWNLOADED_SANDBOX_NETWORK_BLOCKED
2007-10-27,2007,4,https://www.sec.gov/dera/data/Public-EDGAR-log-file-data/2007/Qtr4/log20071027.zip,NOT_DOWNLOADED_SANDBOX_NETWORK_BLOCKED
2007-10-28,2007,4,https://www.sec.gov/dera/data/Public-EDGAR-log-file-data/2007/Qtr4/log20071028.zip,NOT_DOWNLOADED_SANDBOX_NETWORK_BLOCKED
2007-10-29,2007,4,https://www.sec.gov/dera/data/Public-EDGAR-log-file-data/2007/Qtr4/log20071029.zip,NOT_DOWNLOADED_SANDBOX_NETWORK_BLOCKED
2007-10-30,2007,4,https://www.sec.gov/dera/data/Public-EDGAR-log-file-data/2007/Qtr4/log20071030.zip,NOT_DOWNLOADED_SANDBOX_NETWORK_BLOCKED
2007-10-31,2007,4,https://www.sec.gov/dera/data/Public-EDGAR-log-file-data/2007/Qtr4/log20071031.zip,NOT_DOWNLOADED_SANDBOX_NETWORK_BLOCKED
2007-11-01,2007,4,https://www.sec.gov/dera/data/Public-EDGAR-log-file-data/2007/Qtr4/log20071101.zip,NOT_DOWNLOADED_SANDBOX_NETWORK_BLOCKED
2007-11-02,2007,4,https://www.sec.gov/dera/data/Public-EDGAR-log-file-data/2007/Qtr4/log20071102.zip,NOT_DOWNLOADED_SANDBOX_NETWORK_BLOCKED
2007-11-03,2007,4,https://www.sec.gov/dera/data/Public-EDGAR-log-file-data/2007/Qtr4/log20071103.zip,NOT_DOWNLOADED_SANDBOX_NETWORK_BLOCKED
2007-11-04,2007,4,https://www.sec.gov/dera/data/Public-EDGAR-log-file-data/2007/Qtr4/log20071104.zip,NOT_DOWNLOADED_SANDBOX_NETWORK_BLOCKED
2007-11-05,2007,4,https://www.sec.gov/dera/data/Public-EDGAR-log-file-data/2007/Qtr4/log20071105.zip,NOT_DOWNLOADED_SANDBOX_NETWORK_BLOCKED
2007-11-06,2007,4,https://www.sec.gov/dera/data/Public-EDGAR-log-file-data/2007/Qtr4/log20071106.zip,NOT_DOWNLOADED_SANDBOX_NETWORK_BLOCKED
2007-11-07,2007,4,https://www.sec.gov/dera/data/Public-EDGAR-log-file-data/2007/Qtr4/log20071107.zip,NOT_DOWNLOADED_SANDBOX_NETWORK_BLOCKED
2007-11-08,2007,4,https://www.sec.gov/dera/data/Public-EDGAR-log-file-data/2007/Qtr4/log20071108.zip,NOT_DOWNLOADED_SANDBOX_NETWORK_BLOCKED
2007-11-09,2007,4,https://www.sec.gov/dera/data/Public-EDGAR-log-file-data/2007/Qtr4/log20071109.zip,NOT_DOWNLOADED_SANDBOX_NETWORK_BLOCKED
2007-11-10,2007,4,https://www.sec.gov/dera/data/Public-EDGAR-log-file-data/2007/Qtr4/log20071110.zip,NOT_DOWNLOADED_SANDBOX_NETWORK_BLOCKED
2007-11-11,2007,4,https://www.sec.gov/dera/data/Public-EDGAR-log-file-data/2007/Qtr4/log20071111.zip,NOT_DOWNLOADED_SANDBOX_NETWORK_BLOCKED
2007-11-12,2007,4,https://www.sec.gov/dera/data/Public-EDGAR-log-file-data/2007/Qtr4/log20071112.zip,NOT_DOWNLOADED_SANDBOX_NETWORK_BLOCKED
2007-11-13,2007,4,https://www.sec.gov/dera/data/Public-EDGAR-log-file-data/2007/Qtr4/log20071113.zip,NOT_DOWNLOADED_SANDBOX_NETWORK_BLOCKED
2007-11-14,2007,4,https://www.sec.gov/dera/data/Public-EDGAR-log-file-data/2007/Qtr4/log20071114.zip,NOT_DOWNLOADED_SANDBOX_NETWORK_BLOCKED
2007-11-15,2007,4,https://www.sec.gov/dera/data/Public-EDGAR-log-file-data/2007/Qtr4/log20071115.zip,NOT_DOWNLOADED_SANDBOX_NETWORK_BLOCKED
2007-11-16,2007,4,https://www.sec.gov/dera/data/Public-EDGAR-log-file-data/2007/Qtr4/log20071116.zip,NOT_DOWNLOADED_SANDBOX_NETWORK_BLOCKED
2007-11-17,2007,4,https://www.sec.gov/dera/data/Public-EDGAR-log-file-data/2007/Qtr4/log20071117.zip,NOT_DOWNLOADED_SANDBOX_NETWORK_BLOCKED
2007-11-18,2007,4,https://www.sec.gov/dera/data/Public-EDGAR-log-file-data/2007/Qtr4/log20071118.zip,NOT_DOWNLOADED_SANDBOX_NETWORK_BLOCKED
2007-11-19,2007,4,https://www.sec.gov/dera/data/Public-EDGAR-log-file-data/2007/Qtr4/log20071119.zip,NOT_DOWNLOADED_SANDBOX_NETWORK_BLOCKED
2007-11-20,2007,4,https://www.sec.gov/dera/data/Public-EDGAR-log-file-data/2007/Qtr4/log20071120.zip,NOT_DOWNLOADED_SANDBOX_NETWORK_BLOCKED
2007-11-21,2007,4,https://www.sec.gov/dera/data/Public-EDGAR-log-file-data/2007/Qtr4/log20071121.zip,NOT_DOWNLOADED_SANDBOX_NETWORK_BLOCKED
2007-11-22,2007,4,https://www.sec.gov/dera/data/Public-EDGAR-log-file-data/2007/Qtr4/log20071122.zip,NOT_DOWNLOADED_SANDBOX_NETWORK_BLOCKED
2007-11-23,2007,4,https://www.sec.gov/dera/data/Public-EDGAR-log-file-data/2007/Qtr4/log20071123.zip,NOT_DOWNLOADED_SANDBOX_NETWORK_BLOCKED
2007-11-24,2007,4,https://www.sec.gov/dera/data/Public-EDGAR-log-file-data/2007/Qtr4/log20071124.zip,NOT_DOWNLOADED_SANDBOX_NETWORK_BLOCKED
2007-11-25,2007,4,https://www.sec.gov/dera/data/Public-EDGAR-log-file-data/2007/Qtr4/log20071125.zip,NOT_DOWNLOADED_SANDBOX_NETWORK_BLOCKED
2007-11-26,2007,4,https://www.sec.gov/dera/data/Public-EDGAR-log-file-data/2007/Qtr4/log20071126.zip,NOT_DOWNLOADED_SANDBOX_NETWORK_BLOCKED
2007-11-27,2007,4,https://www.sec.gov/dera/data/Public-EDGAR-log-file-data/2007/Qtr4/log20071127.zip,NOT_DOWNLOADED_SANDBOX_NETWORK_BLOCKED
2007-11-28,2007,4,https://www.sec.gov/dera/data/Public-EDGAR-log-file-data/2007/Qtr4/log20071128.zip,NOT_DOWNLOADED_SANDBOX_NETWORK_BLOCKED
2007-11-29,2007,4,https://www.sec.gov/dera/data/Public-EDGAR-log-file-data/2007/Qtr4/log20071129.zip,NOT_DOWNLOADED_SANDBOX_NETWORK_BLOCKED
2007-11-30,2007,4,https://www.sec.gov/dera/data/Public-EDGAR-log-file-data/2007/Qtr4/log20071130.zip,NOT_DOWNLOADED_SANDBOX_NETWORK_BLOCKED
2007-12-01,2007,4,https://www.sec.gov/dera/data/Public-EDGAR-log-file-data/2007/Qtr4/log20071201.zip,NOT_DOWNLOADED_SANDBOX_NETWORK_BLOCKED
2007-12-02,2007,4,https://www.sec.gov/dera/data/Public-EDGAR-log-file-data/2007/Qtr4/log20071202.zip,NOT_DOWNLOADED_SANDBOX_NETWORK_BLOCKED
2007-12-03,2007,4,https://www.sec.gov/dera/data/Public-EDGAR-log-file-data/2007/Qtr4/log20071203.zip,NOT_DOWNLOADED_SANDBOX_NETWORK_BLOCKED
2007-12-04,2007,4,https://www.sec.gov/dera/data/Public-EDGAR-log-file-data/2007/Qtr4/log20071204.zip,NOT_DOWNLOADED_SANDBOX_NETWORK_BLOCKED
2007-12-05,2007,4,https://www.sec.gov/dera/data/Public-EDGAR-log-file-data/2007/Qtr4/log20071205.zip,NOT_DOWNLOADED_SANDBOX_NETWORK_BLOCKED
2007-12-06,2007,4,https://www.sec.gov/dera/data/Public-EDGAR-log-file-data/2007/Qtr4/log20071206.zip,NOT_DOWNLOADED_SANDBOX_NETWORK_BLOCKED
2007-12-07,2007,4,https://www.sec.gov/dera/data/Public-EDGAR-log-file-data/2007/Qtr4/log20071207.zip,NOT_DOWNLOADED_SANDBOX_NETWORK_BLOCKED
2007-12-08,2007,4,https://www.sec.gov/dera/data/Public-EDGAR-log-file-data/2007/Qtr4/log20071208.zip,NOT_DOWNLOADED_SANDBOX_NETWORK_BLOCKED
2007-12-09,2007,4,https://www.sec.gov/dera/data/Public-EDGAR-log-file-data/2007/Qtr4/log20071209.zip,NOT_DOWNLOADED_SANDBOX_NETWORK_BLOCKED
2007-12-10,2007,4,https://www.sec.gov/dera/data/Public-EDGAR-log-file-data/2007/Qtr4/log20071210.zip,NOT_DOWNLOADED_SANDBOX_NETWORK_BLOCKED
2007-12-11,2007,4,https://www.sec.gov/dera/data/Public-EDGAR-log-file-data/2007/Qtr4/log20071211.zip,NOT_DOWNLOADED_SANDBOX_NETWORK_BLOCKED
2008-01-06,2008,1,https://www.sec.gov/dera/data/Public-EDGAR-log-file-data/2008/Qtr1/log20080106.zip,NOT_DOWNLOADED_SANDBOX_NETWORK_BLOCKED
2008-01-07,2008,1,https://www.sec.gov/dera/data/Public-EDGAR-log-file-data/2008/Qtr1/log20080107.zip,NOT_DOWNLOADED_SANDBOX_NETWORK_BLOCKED
2008-01-08,2008,1,https://www.sec.gov/dera/data/Public-EDGAR-log-file-data/2008/Qtr1/log20080108.zip,NOT_DOWNLOADED_SANDBOX_NETWORK_BLOCKED
2008-01-09,2008,1,https://www.sec.gov/dera/data/Public-EDGAR-log-file-data/2008/Qtr1/log20080109.zip,NOT_DOWNLOADED_SANDBOX_NETWORK_BLOCKED
2008-01-10,2008,1,https://www.sec.gov/dera/data/Public-EDGAR-log-file-data/2008/Qtr1/log20080110.zip,NOT_DOWNLOADED_SANDBOX_NETWORK_BLOCKED
2008-01-11,2008,1,https://www.sec.gov/dera/data/Public-EDGAR-log-file-data/2008/Qtr1/log20080111.zip,NOT_DOWNLOADED_SANDBOX_NETWORK_BLOCKED
2008-01-12,2008,1,https://www.sec.gov/dera/data/Public-EDGAR-log-file-data/2008/Qtr1/log20080112.zip,NOT_DOWNLOADED_SANDBOX_NETWORK_BLOCKED
2008-01-13,2008,1,https://www.sec.gov/dera/data/Public-EDGAR-log-file-data/2008/Qtr1/log20080113.zip,NOT_DOWNLOADED_SANDBOX_NETWORK_BLOCKED
2008-01-14,2008,1,https://www.sec.gov/dera/data/Public-EDGAR-log-file-data/2008/Qtr1/log20080114.zip,NOT_DOWNLOADED_SANDBOX_NETWORK_BLOCKED
2008-01-15,2008,1,https://www.sec.gov/dera/data/Public-EDGAR-log-file-data/2008/Qtr1/log20080115.zip,NOT_DOWNLOADED_SANDBOX_NETWORK_BLOCKED
2008-01-16,2008,1,https://www.sec.gov/dera/data/Public-EDGAR-log-file-data/2008/Qtr1/log20080116.zip,NOT_DOWNLOADED_SANDBOX_NETWORK_BLOCKED
2008-01-17,2008,1,https://www.sec.gov/dera/data/Public-EDGAR-log-file-data/2008/Qtr1/log20080117.zip,NOT_DOWNLOADED_SANDBOX_NETWORK_BLOCKED
2008-01-18,2008,1,https://www.sec.gov/dera/data/Public-EDGAR-log-file-data/2008/Qtr1/log20080118.zip,NOT_DOWNLOADED_SANDBOX_NETWORK_BLOCKED
2008-01-19,2008,1,https://www.sec.gov/dera/data/Public-EDGAR-log-file-data/2008/Qtr1/log20080119.zip,NOT_DOWNLOADED_SANDBOX_NETWORK_BLOCKED
2008-01-20,2008,1,https://www.sec.gov/dera/data/Public-EDGAR-log-file-data/2008/Qtr1/log20080120.zip,NOT_DOWNLOADED_SANDBOX_NETWORK_BLOCKED
2008-01-21,2008,1,https://www.sec.gov/dera/data/Public-EDGAR-log-file-data/2008/Qtr1/log20080121.zip,NOT_DOWNLOADED_SANDBOX_NETWORK_BLOCKED
2008-01-22,2008,1,https://www.sec.gov/dera/data/Public-EDGAR-log-file-data/2008/Qtr1/log20080122.zip,NOT_DOWNLOADED_SANDBOX_NETWORK_BLOCKED
2008-01-23,2008,1,https://www.sec.gov/dera/data/Public-EDGAR-log-file-data/2008/Qtr1/log20080123.zip,NOT_DOWNLOADED_SANDBOX_NETWORK_BLOCKED
2008-01-24,2008,1,https://www.sec.gov/dera/data/Public-EDGAR-log-file-data/2008/Qtr1/log20080124.zip,NOT_DOWNLOADED_SANDBOX_NETWORK_BLOCKED
2008-01-25,2008,1,https://www.sec.gov/dera/data/Public-EDGAR-log-file-data/2008/Qtr1/log20080125.zip,NOT_DOWNLOADED_SANDBOX_NETWORK_BLOCKED
2008-01-26,2008,1,https://www.sec.gov/dera/data/Public-EDGAR-log-file-data/2008/Qtr1/log20080126.zip,NOT_DOWNLOADED_SANDBOX_NETWORK_BLOCKED
2008-01-27,2008,1,https://www.sec.gov/dera/data/Public-EDGAR-log-file-data/2008/Qtr1/log20080127.zip,NOT_DOWNLOADED_SANDBOX_NETWORK_BLOCKED
2008-01-28,2008,1,https://www.sec.gov/dera/data/Public-EDGAR-log-file-data/2008/Qtr1/log20080128.zip,NOT_DOWNLOADED_SANDBOX_NETWORK_BLOCKED
2008-01-29,2008,1,https://www.sec.gov/dera/data/Public-EDGAR-log-file-data/2008/Qtr1/log20080129.zip,NOT_DOWNLOADED_SANDBOX_NETWORK_BLOCKED
2008-01-30,2008,1,https://www.sec.gov/dera/data/Public-EDGAR-log-file-data/2008/Qtr1/log20080130.zip,NOT_DOWNLOADED_SANDBOX_NETWORK_BLOCKED
2008-01-31,2008,1,https://www.sec.gov/dera/data/Public-EDGAR-log-file-data/2008/Qtr1/log20080131.zip,NOT_DOWNLOADED_SANDBOX_NETWORK_BLOCKED
2008-02-01,2008,1,https://www.sec.gov/dera/data/Public-EDGAR-log-file-data/2008/Qtr1/log20080201.zip,NOT_DOWNLOADED_SANDBOX_NETWORK_BLOCKED
2008-02-02,2008,1,https://www.sec.gov/dera/data/Public-EDGAR-log-file-data/2008/Qtr1/log20080202.zip,NOT_DOWNLOADED_SANDBOX_NETWORK_BLOCKED
2008-02-03,2008,1,https://www.sec.gov/dera/data/Public-EDGAR-log-file-data/2008/Qtr1/log20080203.zip,NOT_DOWNLOADED_SANDBOX_NETWORK_BLOCKED
2008-02-04,2008,1,https://www.sec.gov/dera/data/Public-EDGAR-log-file-data/2008/Qtr1/log20080204.zip,NOT_DOWNLOADED_SANDBOX_NETWORK_BLOCKED
2008-02-05,2008,1,https://www.sec.gov/dera/data/Public-EDGAR-log-file-data/2008/Qtr1/log20080205.zip,NOT_DOWNLOADED_SANDBOX_NETWORK_BLOCKED
2008-02-06,2008,1,https://www.sec.gov/dera/data/Public-EDGAR-log-file-data/2008/Qtr1/log20080206.zip,NOT_DOWNLOADED_SANDBOX_NETWORK_BLOCKED
2008-02-07,2008,1,https://www.sec.gov/dera/data/Public-EDGAR-log-file-data/2008/Qtr1/log20080207.zip,NOT_DOWNLOADED_SANDBOX_NETWORK_BLOCKED
2008-02-08,2008,1,https://www.sec.gov/dera/data/Public-EDGAR-log-file-data/2008/Qtr1/log20080208.zip,NOT_DOWNLOADED_SANDBOX_NETWORK_BLOCKED
2008-02-09,2008,1,https://www.sec.gov/dera/data/Public-EDGAR-log-file-data/2008/Qtr1/log20080209.zip,NOT_DOWNLOADED_SANDBOX_NETWORK_BLOCKED
2008-02-10,2008,1,https://www.sec.gov/dera/data/Public-EDGAR-log-file-data/2008/Qtr1/log20080210.zip,NOT_DOWNLOADED_SANDBOX_NETWORK_BLOCKED
2008-02-11,2008,1,https://www.sec.gov/dera/data/Public-EDGAR-log-file-data/2008/Qtr1/log20080211.zip,NOT_DOWNLOADED_SANDBOX_NETWORK_BLOCKED
2008-02-12,2008,1,https://www.sec.gov/dera/data/Public-EDGAR-log-file-data/2008/Qtr1/log20080212.zip,NOT_DOWNLOADED_SANDBOX_NETWORK_BLOCKED
2008-02-13,2008,1,https://www.sec.gov/dera/data/Public-EDGAR-log-file-data/2008/Qtr1/log20080213.zip,NOT_DOWNLOADED_SANDBOX_NETWORK_BLOCKED
2008-03-01,2008,1,https://www.sec.gov/dera/data/Public-EDGAR-log-file-data/2008/Qtr1/log20080301.zip,NOT_DOWNLOADED_SANDBOX_NETWORK_BLOCKED
2008-03-02,2008,1,https://www.sec.gov/dera/data/Public-EDGAR-log-file-data/2008/Qtr1/log20080302.zip,NOT_DOWNLOADED_SANDBOX_NETWORK_BLOCKED
2008-03-03,2008,1,https://www.sec.gov/dera/data/Public-EDGAR-log-file-data/2008/Qtr1/log20080303.zip,NOT_DOWNLOADED_SANDBOX_NETWORK_BLOCKED
2008-03-04,2008,1,https://www.sec.gov/dera/data/Public-EDGAR-log-file-data/2008/Qtr1/log20080304.zip,NOT_DOWNLOADED_SANDBOX_NETWORK_BLOCKED
2008-03-05,2008,1,https://www.sec.gov/dera/data/Public-EDGAR-log-file-data/2008/Qtr1/log20080305.zip,NOT_DOWNLOADED_SANDBOX_NETWORK_BLOCKED
2008-03-06,2008,1,https://www.sec.gov/dera/data/Public-EDGAR-log-file-data/2008/Qtr1/log20080306.zip,NOT_DOWNLOADED_SANDBOX_NETWORK_BLOCKED
2008-03-07,2008,1,https://www.sec.gov/dera/data/Public-EDGAR-log-file-data/2008/Qtr1/log20080307.zip,NOT_DOWNLOADED_SANDBOX_NETWORK_BLOCKED
2008-03-08,2008,1,https://www.sec.gov/dera/data/Public-EDGAR-log-file-data/2008/Qtr1/log20080308.zip,NOT_DOWNLOADED_SANDBOX_NETWORK_BLOCKED
2008-03-09,2008,1,https://www.sec.gov/dera/data/Public-EDGAR-log-file-data/2008/Qtr1/log20080309.zip,NOT_DOWNLOADED_SANDBOX_NETWORK_BLOCKED
2008-03-10,2008,1,https://www.sec.gov/dera/data/Public-EDGAR-log-file-data/2008/Qtr1/log20080310.zip,NOT_DOWNLOADED_SANDBOX_NETWORK_BLOCKED
2008-03-11,2008,1,https://www.sec.gov/dera/data/Public-EDGAR-log-file-data/2008/Qtr1/log20080311.zip,NOT_DOWNLOADED_SANDBOX_NETWORK_BLOCKED
2008-03-12,2008,1,https://www.sec.gov/dera/data/Public-EDGAR-log-file-data/2008/Qtr1/log20080312.zip,NOT_DOWNLOADED_SANDBOX_NETWORK_BLOCKED
2008-03-13,2008,1,https://www.sec.gov/dera/data/Public-EDGAR-log-file-data/2008/Qtr1/log20080313.zip,NOT_DOWNLOADED_SANDBOX_NETWORK_BLOCKED
2008-03-14,2008,1,https://www.sec.gov/dera/data/Public-EDGAR-log-file-data/2008/Qtr1/log20080314.zip,NOT_DOWNLOADED_SANDBOX_NETWORK_BLOCKED
2008-03-15,2008,1,https://www.sec.gov/dera/data/Public-EDGAR-log-file-data/2008/Qtr1/log20080315.zip,NOT_DOWNLOADED_SANDBOX_NETWORK_BLOCKED
2008-03-16,2008,1,https://www.sec.gov/dera/data/Public-EDGAR-log-file-data/2008/Qtr1/log20080316.zip,NOT_DOWNLOADED_SANDBOX_NETWORK_BLOCKED
2008-04-12,2008,2,https://www.sec.gov/dera/data/Public-EDGAR-log-file-data/2008/Qtr2/log20080412.zip,NOT_DOWNLOADED_SANDBOX_NETWORK_BLOCKED
2008-04-13,2008,2,https://www.sec.gov/dera/data/Public-EDGAR-log-file-data/2008/Qtr2/log20080413.zip,NOT_DOWNLOADED_SANDBOX_NETWORK_BLOCKED
2008-04-14,2008,2,https://www.sec.gov/dera/data/Public-EDGAR-log-file-data/2008/Qtr2/log20080414.zip,NOT_DOWNLOADED_SANDBOX_NETWORK_BLOCKED
2008-04-15,2008,2,https://www.sec.gov/dera/data/Public-EDGAR-log-file-data/2008/Qtr2/log20080415.zip,NOT_DOWNLOADED_SANDBOX_NETWORK_BLOCKED
2008-04-16,2008,2,https://www.sec.gov/dera/data/Public-EDGAR-log-file-data/2008/Qtr2/log20080416.zip,NOT_DOWNLOADED_SANDBOX_NETWORK_BLOCKED
2008-04-17,2008,2,https://www.sec.gov/dera/data/Public-EDGAR-log-file-data/2008/Qtr2/log20080417.zip,NOT_DOWNLOADED_SANDBOX_NETWORK_BLOCKED
2008-04-18,2008,2,https://www.sec.gov/dera/data/Public-EDGAR-log-file-data/2008/Qtr2/log20080418.zip,NOT_DOWNLOADED_SANDBOX_NETWORK_BLOCKED
2008-04-19,2008,2,https://www.sec.gov/dera/data/Public-EDGAR-log-file-data/2008/Qtr2/log20080419.zip,NOT_DOWNLOADED_SANDBOX_NETWORK_BLOCKED
2008-04-20,2008,2,https://www.sec.gov/dera/data/Public-EDGAR-log-file-data/2008/Qtr2/log20080420.zip,NOT_DOWNLOADED_SANDBOX_NETWORK_BLOCKED
2008-04-21,2008,2,https://www.sec.gov/dera/data/Public-EDGAR-log-file-data/2008/Qtr2/log20080421.zip,NOT_DOWNLOADED_SANDBOX_NETWORK_BLOCKED
2008-04-22,2008,2,https://www.sec.gov/dera/data/Public-EDGAR-log-file-data/2008/Qtr2/log20080422.zip,NOT_DOWNLOADED_SANDBOX_NETWORK_BLOCKED
2008-04-23,2008,2,https://www.sec.gov/dera/data/Public-EDGAR-log-file-data/2008/Qtr2/log20080423.zip,NOT_DOWNLOADED_SANDBOX_NETWORK_BLOCKED
2008-04-24,2008,2,https://www.sec.gov/dera/data/Public-EDGAR-log-file-data/2008/Qtr2/log20080424.zip,NOT_DOWNLOADED_SANDBOX_NETWORK_BLOCKED
2008-04-25,2008,2,https://www.sec.gov/dera/data/Public-EDGAR-log-file-data/2008/Qtr2/log20080425.zip,NOT_DOWNLOADED_SANDBOX_NETWORK_BLOCKED
2008-04-26,2008,2,https://www.sec.gov/dera/data/Public-EDGAR-log-file-data/2008/Qtr2/log20080426.zip,NOT_DOWNLOADED_SANDBOX_NETWORK_BLOCKED
2008-04-27,2008,2,https://www.sec.gov/dera/data/Public-EDGAR-log-file-data/2008/Qtr2/log20080427.zip,NOT_DOWNLOADED_SANDBOX_NETWORK_BLOCKED
2008-04-28,2008,2,https://www.sec.gov/dera/data/Public-EDGAR-log-file-data/2008/Qtr2/log20080428.zip,NOT_DOWNLOADED_SANDBOX_NETWORK_BLOCKED
2008-04-29,2008,2,https://www.sec.gov/dera/data/Public-EDGAR-log-file-data/2008/Qtr2/log20080429.zip,NOT_DOWNLOADED_SANDBOX_NETWORK_BLOCKED
2008-05-11,2008,2,https://www.sec.gov/dera/data/Public-EDGAR-log-file-data/2008/Qtr2/log20080511.zip,NOT_DOWNLOADED_SANDBOX_NETWORK_BLOCKED
2008-05-12,2008,2,https://www.sec.gov/dera/data/Public-EDGAR-log-file-data/2008/Qtr2/log20080512.zip,NOT_DOWNLOADED_SANDBOX_NETWORK_BLOCKED
2008-05-13,2008,2,https://www.sec.gov/dera/data/Public-EDGAR-log-file-data/2008/Qtr2/log20080513.zip,NOT_DOWNLOADED_SANDBOX_NETWORK_BLOCKED
2008-05-14,2008,2,https://www.sec.gov/dera/data/Public-EDGAR-log-file-data/2008/Qtr2/log20080514.zip,NOT_DOWNLOADED_SANDBOX_NETWORK_BLOCKED
2008-05-15,2008,2,https://www.sec.gov/dera/data/Public-EDGAR-log-file-data/2008/Qtr2/log20080515.zip,NOT_DOWNLOADED_SANDBOX_NETWORK_BLOCKED
2008-05-16,2008,2,https://www.sec.gov/dera/data/Public-EDGAR-log-file-data/2008/Qtr2/log20080516.zip,NOT_DOWNLOADED_SANDBOX_NETWORK_BLOCKED
2008-05-17,2008,2,https://www.sec.gov/dera/data/Public-EDGAR-log-file-data/2008/Qtr2/log20080517.zip,NOT_DOWNLOADED_SANDBOX_NETWORK_BLOCKED
2008-05-18,2008,2,https://www.sec.gov/dera/data/Public-EDGAR-log-file-data/2008/Qtr2/log20080518.zip,NOT_DOWNLOADED_SANDBOX_NETWORK_BLOCKED
2008-05-19,2008,2,https://www.sec.gov/dera/data/Public-EDGAR-log-file-data/2008/Qtr2/log20080519.zip,NOT_DOWNLOADED_SANDBOX_NETWORK_BLOCKED
2008-05-20,2008,2,https://www.sec.gov/dera/data/Public-EDGAR-log-file-data/2008/Qtr2/log20080520.zip,NOT_DOWNLOADED_SANDBOX_NETWORK_BLOCKED
2008-05-21,2008,2,https://www.sec.gov/dera/data/Public-EDGAR-log-file-data/2008/Qtr2/log20080521.zip,NOT_DOWNLOADED_SANDBOX_NETWORK_BLOCKED
2008-05-22,2008,2,https://www.sec.gov/dera/data/Public-EDGAR-log-file-data/2008/Qtr2/log20080522.zip,NOT_DOWNLOADED_SANDBOX_NETWORK_BLOCKED
2008-05-23,2008,2,https://www.sec.gov/dera/data/Public-EDGAR-log-file-data/2008/Qtr2/log20080523.zip,NOT_DOWNLOADED_SANDBOX_NETWORK_BLOCKED
2008-05-24,2008,2,https://www.sec.gov/dera/data/Public-EDGAR-log-file-data/2008/Qtr2/log20080524.zip,NOT_DOWNLOADED_SANDBOX_NETWORK_BLOCKED
2008-05-25,2008,2,https://www.sec.gov/dera/data/Public-EDGAR-log-file-data/2008/Qtr2/log20080525.zip,NOT_DOWNLOADED_SANDBOX_NETWORK_BLOCKED
2008-05-26,2008,2,https://www.sec.gov/dera/data/Public-EDGAR-log-file-data/2008/Qtr2/log20080526.zip,NOT_DOWNLOADED_SANDBOX_NETWORK_BLOCKED
2008-06-30,2008,2,https://www.sec.gov/dera/data/Public-EDGAR-log-file-data/2008/Qtr2/log20080630.zip,NOT_DOWNLOADED_SANDBOX_NETWORK_BLOCKED
2008-07-01,2008,3,https://www.sec.gov/dera/data/Public-EDGAR-log-file-data/2008/Qtr3/log20080701.zip,NOT_DOWNLOADED_SANDBOX_NETWORK_BLOCKED
2008-07-02,2008,3,https://www.sec.gov/dera/data/Public-EDGAR-log-file-data/2008/Qtr3/log20080702.zip,NOT_DOWNLOADED_SANDBOX_NETWORK_BLOCKED
2008-07-03,2008,3,https://www.sec.gov/dera/data/Public-EDGAR-log-file-data/2008/Qtr3/log20080703.zip,NOT_DOWNLOADED_SANDBOX_NETWORK_BLOCKED
2008-07-04,2008,3,https://www.sec.gov/dera/data/Public-EDGAR-log-file-data/2008/Qtr3/log20080704.zip,NOT_DOWNLOADED_SANDBOX_NETWORK_BLOCKED
2008-07-05,2008,3,https://www.sec.gov/dera/data/Public-EDGAR-log-file-data/2008/Qtr3/log20080705.zip,NOT_DOWNLOADED_SANDBOX_NETWORK_BLOCKED
2008-07-06,2008,3,https://www.sec.gov/dera/data/Public-EDGAR-log-file-data/2008/Qtr3/log20080706.zip,NOT_DOWNLOADED_SANDBOX_NETWORK_BLOCKED
2008-07-07,2008,3,https://www.sec.gov/dera/data/Public-EDGAR-log-file-data/2008/Qtr3/log20080707.zip,NOT_DOWNLOADED_SANDBOX_NETWORK_BLOCKED
2008-07-08,2008,3,https://www.sec.gov/dera/data/Public-EDGAR-log-file-data/2008/Qtr3/log20080708.zip,NOT_DOWNLOADED_SANDBOX_NETWORK_BLOCKED
2008-07-09,2008,3,https://www.sec.gov/dera/data/Public-EDGAR-log-file-data/2008/Qtr3/log20080709.zip,NOT_DOWNLOADED_SANDBOX_NETWORK_BLOCKED
2008-07-10,2008,3,https://www.sec.gov/dera/data/Public-EDGAR-log-file-data/2008/Qtr3/log20080710.zip,NOT_DOWNLOADED_SANDBOX_NETWORK_BLOCKED
2008-07-11,2008,3,https://www.sec.gov/dera/data/Public-EDGAR-log-file-data/2008/Qtr3/log20080711.zip,NOT_DOWNLOADED_SANDBOX_NETWORK_BLOCKED
2008-07-12,2008,3,https://www.sec.gov/dera/data/Public-EDGAR-log-file-data/2008/Qtr3/log20080712.zip,NOT_DOWNLOADED_SANDBOX_NETWORK_BLOCKED
2008-07-13,2008,3,https://www.sec.gov/dera/data/Public-EDGAR-log-file-data/2008/Qtr3/log20080713.zip,NOT_DOWNLOADED_SANDBOX_NETWORK_BLOCKED
2008-07-14,2008,3,https://www.sec.gov/dera/data/Public-EDGAR-log-file-data/2008/Qtr3/log20080714.zip,NOT_DOWNLOADED_SANDBOX_NETWORK_BLOCKED
2008-07-15,2008,3,https://www.sec.gov/dera/data/Public-EDGAR-log-file-data/2008/Qtr3/log20080715.zip,NOT_DOWNLOADED_SANDBOX_NETWORK_BLOCKED
2008-07-16,2008,3,https://www.sec.gov/dera/data/Public-EDGAR-log-file-data/2008/Qtr3/log20080716.zip,NOT_DOWNLOADED_SANDBOX_NETWORK_BLOCKED
2008-07-17,2008,3,https://www.sec.gov/dera/data/Public-EDGAR-log-file-data/2008/Qtr3/log20080717.zip,NOT_DOWNLOADED_SANDBOX_NETWORK_BLOCKED
2008-07-18,2008,3,https://www.sec.gov/dera/data/Public-EDGAR-log-file-data/2008/Qtr3/log20080718.zip,NOT_DOWNLOADED_SANDBOX_NETWORK_BLOCKED
2008-07-19,2008,3,https://www.sec.gov/dera/data/Public-EDGAR-log-file-data/2008/Qtr3/log20080719.zip,NOT_DOWNLOADED_SANDBOX_NETWORK_BLOCKED
2008-07-20,2008,3,https://www.sec.gov/dera/data/Public-EDGAR-log-file-data/2008/Qtr3/log20080720.zip,NOT_DOWNLOADED_SANDBOX_NETWORK_BLOCKED
2008-07-21,2008,3,https://www.sec.gov/dera/data/Public-EDGAR-log-file-data/2008/Qtr3/log20080721.zip,NOT_DOWNLOADED_SANDBOX_NETWORK_BLOCKED
2008-07-22,2008,3,https://www.sec.gov/dera/data/Public-EDGAR-log-file-data/2008/Qtr3/log20080722.zip,NOT_DOWNLOADED_SANDBOX_NETWORK_BLOCKED
2008-07-23,2008,3,https://www.sec.gov/dera/data/Public-EDGAR-log-file-data/2008/Qtr3/log20080723.zip,NOT_DOWNLOADED_SANDBOX_NETWORK_BLOCKED
2008-07-24,2008,3,https://www.sec.gov/dera/data/Public-EDGAR-log-file-data/2008/Qtr3/log20080724.zip,NOT_DOWNLOADED_SANDBOX_NETWORK_BLOCKED
2008-07-25,2008,3,https://www.sec.gov/dera/data/Public-EDGAR-log-file-data/2008/Qtr3/log20080725.zip,NOT_DOWNLOADED_SANDBOX_NETWORK_BLOCKED
2008-07-26,2008,3,https://www.sec.gov/dera/data/Public-EDGAR-log-file-data/2008/Qtr3/log20080726.zip,NOT_DOWNLOADED_SANDBOX_NETWORK_BLOCKED
2008-07-27,2008,3,https://www.sec.gov/dera/data/Public-EDGAR-log-file-data/2008/Qtr3/log20080727.zip,NOT_DOWNLOADED_SANDBOX_NETWORK_BLOCKED
2008-07-28,2008,3,https://www.sec.gov/dera/data/Public-EDGAR-log-file-data/2008/Qtr3/log20080728.zip,NOT_DOWNLOADED_SANDBOX_NETWORK_BLOCKED
2008-07-29,2008,3,https://www.sec.gov/dera/data/Public-EDGAR-log-file-data/2008/Qtr3/log20080729.zip,NOT_DOWNLOADED_SANDBOX_NETWORK_BLOCKED
2008-07-30,2008,3,https://www.sec.gov/dera/data/Public-EDGAR-log-file-data/2008/Qtr3/log20080730.zip,NOT_DOWNLOADED_SANDBOX_NETWORK_BLOCKED
2008-07-31,2008,3,https://www.sec.gov/dera/data/Public-EDGAR-log-file-data/2008/Qtr3/log20080731.zip,NOT_DOWNLOADED_SANDBOX_NETWORK_BLOCKED
2008-08-01,2008,3,https://www.sec.gov/dera/data/Public-EDGAR-log-file-data/2008/Qtr3/log20080801.zip,NOT_DOWNLOADED_SANDBOX_NETWORK_BLOCKED
2008-08-02,2008,3,https://www.sec.gov/dera/data/Public-EDGAR-log-file-data/2008/Qtr3/log20080802.zip,NOT_DOWNLOADED_SANDBOX_NETWORK_BLOCKED
2008-08-03,2008,3,https://www.sec.gov/dera/data/Public-EDGAR-log-file-data/2008/Qtr3/log20080803.zip,NOT_DOWNLOADED_SANDBOX_NETWORK_BLOCKED
2008-08-11,2008,3,https://www.sec.gov/dera/data/Public-EDGAR-log-file-data/2008/Qtr3/log20080811.zip,NOT_DOWNLOADED_SANDBOX_NETWORK_BLOCKED
2008-08-12,2008,3,https://www.sec.gov/dera/data/Public-EDGAR-log-file-data/2008/Qtr3/log20080812.zip,NOT_DOWNLOADED_SANDBOX_NETWORK_BLOCKED
2008-08-13,2008,3,https://www.sec.gov/dera/data/Public-EDGAR-log-file-data/2008/Qtr3/log20080813.zip,NOT_DOWNLOADED_SANDBOX_NETWORK_BLOCKED
2008-08-14,2008,3,https://www.sec.gov/dera/data/Public-EDGAR-log-file-data/2008/Qtr3/log20080814.zip,NOT_DOWNLOADED_SANDBOX_NETWORK_BLOCKED
2008-08-15,2008,3,https://www.sec.gov/dera/data/Public-EDGAR-log-file-data/2008/Qtr3/log20080815.zip,NOT_DOWNLOADED_SANDBOX_NETWORK_BLOCKED
2008-08-16,2008,3,https://www.sec.gov/dera/data/Public-EDGAR-log-file-data/2008/Qtr3/log20080816.zip,NOT_DOWNLOADED_SANDBOX_NETWORK_BLOCKED
2008-08-17,2008,3,https://www.sec.gov/dera/data/Public-EDGAR-log-file-data/2008/Qtr3/log20080817.zip,NOT_DOWNLOADED_SANDBOX_NETWORK_BLOCKED
2008-08-18,2008,3,https://www.sec.gov/dera/data/Public-EDGAR-log-file-data/2008/Qtr3/log20080818.zip,NOT_DOWNLOADED_SANDBOX_NETWORK_BLOCKED
2008-08-19,2008,3,https://www.sec.gov/dera/data/Public-EDGAR-log-file-data/2008/Qtr3/log20080819.zip,NOT_DOWNLOADED_SANDBOX_NETWORK_BLOCKED
2008-08-20,2008,3,https://www.sec.gov/dera/data/Public-EDGAR-log-file-data/2008/Qtr3/log20080820.zip,NOT_DOWNLOADED_SANDBOX_NETWORK_BLOCKED
2008-08-21,2008,3,https://www.sec.gov/dera/data/Public-EDGAR-log-file-data/2008/Qtr3/log20080821.zip,NOT_DOWNLOADED_SANDBOX_NETWORK_BLOCKED
2008-08-22,2008,3,https://www.sec.gov/dera/data/Public-EDGAR-log-file-data/2008/Qtr3/log20080822.zip,NOT_DOWNLOADED_SANDBOX_NETWORK_BLOCKED
2008-08-23,2008,3,https://www.sec.gov/dera/data/Public-EDGAR-log-file-data/2008/Qtr3/log20080823.zip,NOT_DOWNLOADED_SANDBOX_NETWORK_BLOCKED
2008-08-24,2008,3,https://www.sec.gov/dera/data/Public-EDGAR-log-file-data/2008/Qtr3/log20080824.zip,NOT_DOWNLOADED_SANDBOX_NETWORK_BLOCKED
2008-08-25,2008,3,https://www.sec.gov/dera/data/Public-EDGAR-log-file-data/2008/Qtr3/log20080825.zip,NOT_DOWNLOADED_SANDBOX_NETWORK_BLOCKED
2008-08-26,2008,3,https://www.sec.gov/dera/data/Public-EDGAR-log-file-data/2008/Qtr3/log20080826.zip,NOT_DOWNLOADED_SANDBOX_NETWORK_BLOCKED
2008-08-27,2008,3,https://www.sec.gov/dera/data/Public-EDGAR-log-file-data/2008/Qtr3/log20080827.zip,NOT_DOWNLOADED_SANDBOX_NETWORK_BLOCKED
2008-08-28,2008,3,https://www.sec.gov/dera/data/Public-EDGAR-log-file-data/2008/Qtr3/log20080828.zip,NOT_DOWNLOADED_SANDBOX_NETWORK_BLOCKED
2008-08-29,2008,3,https://www.sec.gov/dera/data/Public-EDGAR-log-file-data/2008/Qtr3/log20080829.zip,NOT_DOWNLOADED_SANDBOX_NETWORK_BLOCKED
2008-08-30,2008,3,https://www.sec.gov/dera/data/Public-EDGAR-log-file-data/2008/Qtr3/log20080830.zip,NOT_DOWNLOADED_SANDBOX_NETWORK_BLOCKED
2008-08-31,2008,3,https://www.sec.gov/dera/data/Public-EDGAR-log-file-data/2008/Qtr3/log20080831.zip,NOT_DOWNLOADED_SANDBOX_NETWORK_BLOCKED
2008-09-01,2008,3,https://www.sec.gov/dera/data/Public-EDGAR-log-file-data/2008/Qtr3/log20080901.zip,NOT_DOWNLOADED_SANDBOX_NETWORK_BLOCKED
2008-09-02,2008,3,https://www.sec.gov/dera/data/Public-EDGAR-log-file-data/2008/Qtr3/log20080902.zip,NOT_DOWNLOADED_SANDBOX_NETWORK_BLOCKED
2008-09-03,2008,3,https://www.sec.gov/dera/data/Public-EDGAR-log-file-data/2008/Qtr3/log20080903.zip,NOT_DOWNLOADED_SANDBOX_NETWORK_BLOCKED
2008-09-04,2008,3,https://www.sec.gov/dera/data/Public-EDGAR-log-file-data/2008/Qtr3/log20080904.zip,NOT_DOWNLOADED_SANDBOX_NETWORK_BLOCKED
2008-09-05,2008,3,https://www.sec.gov/dera/data/Public-EDGAR-log-file-data/2008/Qtr3/log20080905.zip,NOT_DOWNLOADED_SANDBOX_NETWORK_BLOCKED
2008-09-06,2008,3,https://www.sec.gov/dera/data/Public-EDGAR-log-file-data/2008/Qtr3/log20080906.zip,NOT_DOWNLOADED_SANDBOX_NETWORK_BLOCKED
2008-09-07,2008,3,https://www.sec.gov/dera/data/Public-EDGAR-log-file-data/2008/Qtr3/log20080907.zip,NOT_DOWNLOADED_SANDBOX_NETWORK_BLOCKED
2008-09-08,2008,3,https://www.sec.gov/dera/data/Public-EDGAR-log-file-data/2008/Qtr3/log20080908.zip,NOT_DOWNLOADED_SANDBOX_NETWORK_BLOCKED
2008-09-30,2008,3,https://www.sec.gov/dera/data/Public-EDGAR-log-file-data/2008/Qtr3/log20080930.zip,NOT_DOWNLOADED_SANDBOX_NETWORK_BLOCKED
2008-10-01,2008,4,https://www.sec.gov/dera/data/Public-EDGAR-log-file-data/2008/Qtr4/log20081001.zip,NOT_DOWNLOADED_SANDBOX_NETWORK_BLOCKED
2008-10-02,2008,4,https://www.sec.gov/dera/data/Public-EDGAR-log-file-data/2008/Qtr4/log20081002.zip,NOT_DOWNLOADED_SANDBOX_NETWORK_BLOCKED
2008-10-03,2008,4,https://www.sec.gov/dera/data/Public-EDGAR-log-file-data/2008/Qtr4/log20081003.zip,NOT_DOWNLOADED_SANDBOX_NETWORK_BLOCKED
2008-10-04,2008,4,https://www.sec.gov/dera/data/Public-EDGAR-log-file-data/2008/Qtr4/log20081004.zip,NOT_DOWNLOADED_SANDBOX_NETWORK_BLOCKED
2008-10-05,2008,4,https://www.sec.gov/dera/data/Public-EDGAR-log-file-data/2008/Qtr4/log20081005.zip,NOT_DOWNLOADED_SANDBOX_NETWORK_BLOCKED
2008-10-06,2008,4,https://www.sec.gov/dera/data/Public-EDGAR-log-file-data/2008/Qtr4/log20081006.zip,NOT_DOWNLOADED_SANDBOX_NETWORK_BLOCKED
2008-10-07,2008,4,https://www.sec.gov/dera/data/Public-EDGAR-log-file-data/2008/Qtr4/log20081007.zip,NOT_DOWNLOADED_SANDBOX_NETWORK_BLOCKED
2008-10-08,2008,4,https://www.sec.gov/dera/data/Public-EDGAR-log-file-data/2008/Qtr4/log20081008.zip,NOT_DOWNLOADED_SANDBOX_NETWORK_BLOCKED
2008-10-09,2008,4,https://www.sec.gov/dera/data/Public-EDGAR-log-file-data/2008/Qtr4/log20081009.zip,NOT_DOWNLOADED_SANDBOX_NETWORK_BLOCKED
2008-10-10,2008,4,https://www.sec.gov/dera/data/Public-EDGAR-log-file-data/2008/Qtr4/log20081010.zip,NOT_DOWNLOADED_SANDBOX_NETWORK_BLOCKED
2008-10-11,2008,4,https://www.sec.gov/dera/data/Public-EDGAR-log-file-data/2008/Qtr4/log20081011.zip,NOT_DOWNLOADED_SANDBOX_NETWORK_BLOCKED
2008-10-12,2008,4,https://www.sec.gov/dera/data/Public-EDGAR-log-file-data/2008/Qtr4/log20081012.zip,NOT_DOWNLOADED_SANDBOX_NETWORK_BLOCKED
2008-10-13,2008,4,https://www.sec.gov/dera/data/Public-EDGAR-log-file-data/2008/Qtr4/log20081013.zip,NOT_DOWNLOADED_SANDBOX_NETWORK_BLOCKED
2008-10-14,2008,4,https://www.sec.gov/dera/data/Public-EDGAR-log-file-data/2008/Qtr4/log20081014.zip,NOT_DOWNLOADED_SANDBOX_NETWORK_BLOCKED
2008-10-15,2008,4,https://www.sec.gov/dera/data/Public-EDGAR-log-file-data/2008/Qtr4/log20081015.zip,NOT_DOWNLOADED_SANDBOX_NETWORK_BLOCKED
2008-10-16,2008,4,https://www.sec.gov/dera/data/Public-EDGAR-log-file-data/2008/Qtr4/log20081016.zip,NOT_DOWNLOADED_SANDBOX_NETWORK_BLOCKED
2008-10-17,2008,4,https://www.sec.gov/dera/data/Public-EDGAR-log-file-data/2008/Qtr4/log20081017.zip,NOT_DOWNLOADED_SANDBOX_NETWORK_BLOCKED
2008-10-18,2008,4,https://www.sec.gov/dera/data/Public-EDGAR-log-file-data/2008/Qtr4/log20081018.zip,NOT_DOWNLOADED_SANDBOX_NETWORK_BLOCKED
2008-10-19,2008,4,https://www.sec.gov/dera/data/Public-EDGAR-log-file-data/2008/Qtr4/log20081019.zip,NOT_DOWNLOADED_SANDBOX_NETWORK_BLOCKED
2008-10-20,2008,4,https://www.sec.gov/dera/data/Public-EDGAR-log-file-data/2008/Qtr4/log20081020.zip,NOT_DOWNLOADED_SANDBOX_NETWORK_BLOCKED
2008-10-21,2008,4,https://www.sec.gov/dera/data/Public-EDGAR-log-file-data/2008/Qtr4/log20081021.zip,NOT_DOWNLOADED_SANDBOX_NETWORK_BLOCKED
2008-10-22,2008,4,https://www.sec.gov/dera/data/Public-EDGAR-log-file-data/2008/Qtr4/log20081022.zip,NOT_DOWNLOADED_SANDBOX_NETWORK_BLOCKED
2008-10-23,2008,4,https://www.sec.gov/dera/data/Public-EDGAR-log-file-data/2008/Qtr4/log20081023.zip,NOT_DOWNLOADED_SANDBOX_NETWORK_BLOCKED
2008-10-24,2008,4,https://www.sec.gov/dera/data/Public-EDGAR-log-file-data/2008/Qtr4/log20081024.zip,NOT_DOWNLOADED_SANDBOX_NETWORK_BLOCKED
2008-10-25,2008,4,https://www.sec.gov/dera/data/Public-EDGAR-log-file-data/2008/Qtr4/log20081025.zip,NOT_DOWNLOADED_SANDBOX_NETWORK_BLOCKED
2008-10-26,2008,4,https://www.sec.gov/dera/data/Public-EDGAR-log-file-data/2008/Qtr4/log20081026.zip,NOT_DOWNLOADED_SANDBOX_NETWORK_BLOCKED
2008-10-27,2008,4,https://www.sec.gov/dera/data/Public-EDGAR-log-file-data/2008/Qtr4/log20081027.zip,NOT_DOWNLOADED_SANDBOX_NETWORK_BLOCKED
2008-10-28,2008,4,https://www.sec.gov/dera/data/Public-EDGAR-log-file-data/2008/Qtr4/log20081028.zip,NOT_DOWNLOADED_SANDBOX_NETWORK_BLOCKED
2008-10-29,2008,4,https://www.sec.gov/dera/data/Public-EDGAR-log-file-data/2008/Qtr4/log20081029.zip,NOT_DOWNLOADED_SANDBOX_NETWORK_BLOCKED
2008-10-30,2008,4,https://www.sec.gov/dera/data/Public-EDGAR-log-file-data/2008/Qtr4/log20081030.zip,NOT_DOWNLOADED_SANDBOX_NETWORK_BLOCKED
2008-10-31,2008,4,https://www.sec.gov/dera/data/Public-EDGAR-log-file-data/2008/Qtr4/log20081031.zip,NOT_DOWNLOADED_SANDBOX_NETWORK_BLOCKED
2008-11-01,2008,4,https://www.sec.gov/dera/data/Public-EDGAR-log-file-data/2008/Qtr4/log20081101.zip,NOT_DOWNLOADED_SANDBOX_NETWORK_BLOCKED
2008-11-02,2008,4,https://www.sec.gov/dera/data/Public-EDGAR-log-file-data/2008/Qtr4/log20081102.zip,NOT_DOWNLOADED_SANDBOX_NETWORK_BLOCKED
2008-11-03,2008,4,https://www.sec.gov/dera/data/Public-EDGAR-log-file-data/2008/Qtr4/log20081103.zip,NOT_DOWNLOADED_SANDBOX_NETWORK_BLOCKED
2008-11-04,2008,4,https://www.sec.gov/dera/data/Public-EDGAR-log-file-data/2008/Qtr4/log20081104.zip,NOT_DOWNLOADED_SANDBOX_NETWORK_BLOCKED
2008-11-05,2008,4,https://www.sec.gov/dera/data/Public-EDGAR-log-file-data/2008/Qtr4/log20081105.zip,NOT_DOWNLOADED_SANDBOX_NETWORK_BLOCKED
2008-11-06,2008,4,https://www.sec.gov/dera/data/Public-EDGAR-log-file-data/2008/Qtr4/log20081106.zip,NOT_DOWNLOADED_SANDBOX_NETWORK_BLOCKED
2008-11-07,2008,4,https://www.sec.gov/dera/data/Public-EDGAR-log-file-data/2008/Qtr4/log20081107.zip,NOT_DOWNLOADED_SANDBOX_NETWORK_BLOCKED
2008-11-08,2008,4,https://www.sec.gov/dera/data/Public-EDGAR-log-file-data/2008/Qtr4/log20081108.zip,NOT_DOWNLOADED_SANDBOX_NETWORK_BLOCKED
2008-11-09,2008,4,https://www.sec.gov/dera/data/Public-EDGAR-log-file-data/2008/Qtr4/log20081109.zip,NOT_DOWNLOADED_SANDBOX_NETWORK_BLOCKED
2008-11-10,2008,4,https://www.sec.gov/dera/data/Public-EDGAR-log-file-data/2008/Qtr4/log20081110.zip,NOT_DOWNLOADED_SANDBOX_NETWORK_BLOCKED
2008-11-11,2008,4,https://www.sec.gov/dera/data/Public-EDGAR-log-file-data/2008/Qtr4/log20081111.zip,NOT_DOWNLOADED_SANDBOX_NETWORK_BLOCKED
2008-11-12,2008,4,https://www.sec.gov/dera/data/Public-EDGAR-log-file-data/2008/Qtr4/log20081112.zip,NOT_DOWNLOADED_SANDBOX_NETWORK_BLOCKED
2008-11-13,2008,4,https://www.sec.gov/dera/data/Public-EDGAR-log-file-data/2008/Qtr4/log20081113.zip,NOT_DOWNLOADED_SANDBOX_NETWORK_BLOCKED
2008-11-14,2008,4,https://www.sec.gov/dera/data/Public-EDGAR-log-file-data/2008/Qtr4/log20081114.zip,NOT_DOWNLOADED_SANDBOX_NETWORK_BLOCKED
2008-11-15,2008,4,https://www.sec.gov/dera/data/Public-EDGAR-log-file-data/2008/Qtr4/log20081115.zip,NOT_DOWNLOADED_SANDBOX_NETWORK_BLOCKED
2008-11-16,2008,4,https://www.sec.gov/dera/data/Public-EDGAR-log-file-data/2008/Qtr4/log20081116.zip,NOT_DOWNLOADED_SANDBOX_NETWORK_BLOCKED
2008-11-17,2008,4,https://www.sec.gov/dera/data/Public-EDGAR-log-file-data/2008/Qtr4/log20081117.zip,NOT_DOWNLOADED_SANDBOX_NETWORK_BLOCKED
2008-11-18,2008,4,https://www.sec.gov/dera/data/Public-EDGAR-log-file-data/2008/Qtr4/log20081118.zip,NOT_DOWNLOADED_SANDBOX_NETWORK_BLOCKED
2008-11-19,2008,4,https://www.sec.gov/dera/data/Public-EDGAR-log-file-data/2008/Qtr4/log20081119.zip,NOT_DOWNLOADED_SANDBOX_NETWORK_BLOCKED
2008-11-20,2008,4,https://www.sec.gov/dera/data/Public-EDGAR-log-file-data/2008/Qtr4/log20081120.zip,NOT_DOWNLOADED_SANDBOX_NETWORK_BLOCKED
2008-11-21,2008,4,https://www.sec.gov/dera/data/Public-EDGAR-log-file-data/2008/Qtr4/log20081121.zip,NOT_DOWNLOADED_SANDBOX_NETWORK_BLOCKED
2008-11-22,2008,4,https://www.sec.gov/dera/data/Public-EDGAR-log-file-data/2008/Qtr4/log20081122.zip,NOT_DOWNLOADED_SANDBOX_NETWORK_BLOCKED
2008-11-23,2008,4,https://www.sec.gov/dera/data/Public-EDGAR-log-file-data/2008/Qtr4/log20081123.zip,NOT_DOWNLOADED_SANDBOX_NETWORK_BLOCKED
2008-11-24,2008,4,https://www.sec.gov/dera/data/Public-EDGAR-log-file-data/2008/Qtr4/log20081124.zip,NOT_DOWNLOADED_SANDBOX_NETWORK_BLOCKED
2008-11-25,2008,4,https://www.sec.gov/dera/data/Public-EDGAR-log-file-data/2008/Qtr4/log20081125.zip,NOT_DOWNLOADED_SANDBOX_NETWORK_BLOCKED
2008-11-26,2008,4,https://www.sec.gov/dera/data/Public-EDGAR-log-file-data/2008/Qtr4/log20081126.zip,NOT_DOWNLOADED_SANDBOX_NETWORK_BLOCKED
2008-11-27,2008,4,https://www.sec.gov/dera/data/Public-EDGAR-log-file-data/2008/Qtr4/log20081127.zip,NOT_DOWNLOADED_SANDBOX_NETWORK_BLOCKED
2008-11-28,2008,4,https://www.sec.gov/dera/data/Public-EDGAR-log-file-data/2008/Qtr4/log20081128.zip,NOT_DOWNLOADED_SANDBOX_NETWORK_BLOCKED
2008-11-29,2008,4,https://www.sec.gov/dera/data/Public-EDGAR-log-file-data/2008/Qtr4/log20081129.zip,NOT_DOWNLOADED_SANDBOX_NETWORK_BLOCKED
2008-11-30,2008,4,https://www.sec.gov/dera/data/Public-EDGAR-log-file-data/2008/Qtr4/log20081130.zip,NOT_DOWNLOADED_SANDBOX_NETWORK_BLOCKED
2008-12-01,2008,4,https://www.sec.gov/dera/data/Public-EDGAR-log-file-data/2008/Qtr4/log20081201.zip,NOT_DOWNLOADED_SANDBOX_NETWORK_BLOCKED
2009-02-17,2009,1,https://www.sec.gov/dera/data/Public-EDGAR-log-file-data/2009/Qtr1/log20090217.zip,NOT_DOWNLOADED_SANDBOX_NETWORK_BLOCKED
2009-02-18,2009,1,https://www.sec.gov/dera/data/Public-EDGAR-log-file-data/2009/Qtr1/log20090218.zip,NOT_DOWNLOADED_SANDBOX_NETWORK_BLOCKED
2009-02-19,2009,1,https://www.sec.gov/dera/data/Public-EDGAR-log-file-data/2009/Qtr1/log20090219.zip,NOT_DOWNLOADED_SANDBOX_NETWORK_BLOCKED
2009-02-20,2009,1,https://www.sec.gov/dera/data/Public-EDGAR-log-file-data/2009/Qtr1/log20090220.zip,NOT_DOWNLOADED_SANDBOX_NETWORK_BLOCKED
2009-02-21,2009,1,https://www.sec.gov/dera/data/Public-EDGAR-log-file-data/2009/Qtr1/log20090221.zip,NOT_DOWNLOADED_SANDBOX_NETWORK_BLOCKED
2009-02-22,2009,1,https://www.sec.gov/dera/data/Public-EDGAR-log-file-data/2009/Qtr1/log20090222.zip,NOT_DOWNLOADED_SANDBOX_NETWORK_BLOCKED
2009-02-23,2009,1,https://www.sec.gov/dera/data/Public-EDGAR-log-file-data/2009/Qtr1/log20090223.zip,NOT_DOWNLOADED_SANDBOX_NETWORK_BLOCKED
2009-02-24,2009,1,https://www.sec.gov/dera/data/Public-EDGAR-log-file-data/2009/Qtr1/log20090224.zip,NOT_DOWNLOADED_SANDBOX_NETWORK_BLOCKED
2009-02-25,2009,1,https://www.sec.gov/dera/data/Public-EDGAR-log-file-data/2009/Qtr1/log20090225.zip,NOT_DOWNLOADED_SANDBOX_NETWORK_BLOCKED
2009-02-26,2009,1,https://www.sec.gov/dera/data/Public-EDGAR-log-file-data/2009/Qtr1/log20090226.zip,NOT_DOWNLOADED_SANDBOX_NETWORK_BLOCKED
2009-02-27,2009,1,https://www.sec.gov/dera/data/Public-EDGAR-log-file-data/2009/Qtr1/log20090227.zip,NOT_DOWNLOADED_SANDBOX_NETWORK_BLOCKED
2009-02-28,2009,1,https://www.sec.gov/dera/data/Public-EDGAR-log-file-data/2009/Qtr1/log20090228.zip,NOT_DOWNLOADED_SANDBOX_NETWORK_BLOCKED
2009-03-01,2009,1,https://www.sec.gov/dera/data/Public-EDGAR-log-file-data/2009/Qtr1/log20090301.zip,NOT_DOWNLOADED_SANDBOX_NETWORK_BLOCKED
2009-03-02,2009,1,https://www.sec.gov/dera/data/Public-EDGAR-log-file-data/2009/Qtr1/log20090302.zip,NOT_DOWNLOADED_SANDBOX_NETWORK_BLOCKED
2009-03-03,2009,1,https://www.sec.gov/dera/data/Public-EDGAR-log-file-data/2009/Qtr1/log20090303.zip,NOT_DOWNLOADED_SANDBOX_NETWORK_BLOCKED
2009-03-04,2009,1,https://www.sec.gov/dera/data/Public-EDGAR-log-file-data/2009/Qtr1/log20090304.zip,NOT_DOWNLOADED_SANDBOX_NETWORK_BLOCKED
2009-03-05,2009,1,https://www.sec.gov/dera/data/Public-EDGAR-log-file-data/2009/Qtr1/log20090305.zip,NOT_DOWNLOADED_SANDBOX_NETWORK_BLOCKED
2009-03-06,2009,1,https://www.sec.gov/dera/data/Public-EDGAR-log-file-data/2009/Qtr1/log20090306.zip,NOT_DOWNLOADED_SANDBOX_NETWORK_BLOCKED
2009-03-07,2009,1,https://www.sec.gov/dera/data/Public-EDGAR-log-file-data/2009/Qtr1/log20090307.zip,NOT_DOWNLOADED_SANDBOX_NETWORK_BLOCKED
2009-03-08,2009,1,https://www.sec.gov/dera/data/Public-EDGAR-log-file-data/2009/Qtr1/log20090308.zip,NOT_DOWNLOADED_SANDBOX_NETWORK_BLOCKED
2009-03-09,2009,1,https://www.sec.gov/dera/data/Public-EDGAR-log-file-data/2009/Qtr1/log20090309.zip,NOT_DOWNLOADED_SANDBOX_NETWORK_BLOCKED
2009-03-10,2009,1,https://www.sec.gov/dera/data/Public-EDGAR-log-file-data/2009/Qtr1/log20090310.zip,NOT_DOWNLOADED_SANDBOX_NETWORK_BLOCKED
2009-03-11,2009,1,https://www.sec.gov/dera/data/Public-EDGAR-log-file-data/2009/Qtr1/log20090311.zip,NOT_DOWNLOADED_SANDBOX_NETWORK_BLOCKED
2009-03-12,2009,1,https://www.sec.gov/dera/data/Public-EDGAR-log-file-data/2009/Qtr1/log20090312.zip,NOT_DOWNLOADED_SANDBOX_NETWORK_BLOCKED
2009-03-13,2009,1,https://www.sec.gov/dera/data/Public-EDGAR-log-file-data/2009/Qtr1/log20090313.zip,NOT_DOWNLOADED_SANDBOX_NETWORK_BLOCKED
2009-03-14,2009,1,https://www.sec.gov/dera/data/Public-EDGAR-log-file-data/2009/Qtr1/log20090314.zip,NOT_DOWNLOADED_SANDBOX_NETWORK_BLOCKED
2009-03-15,2009,1,https://www.sec.gov/dera/data/Public-EDGAR-log-file-data/2009/Qtr1/log20090315.zip,NOT_DOWNLOADED_SANDBOX_NETWORK_BLOCKED
2009-03-16,2009,1,https://www.sec.gov/dera/data/Public-EDGAR-log-file-data/2009/Qtr1/log20090316.zip,NOT_DOWNLOADED_SANDBOX_NETWORK_BLOCKED
2009-03-17,2009,1,https://www.sec.gov/dera/data/Public-EDGAR-log-file-data/2009/Qtr1/log20090317.zip,NOT_DOWNLOADED_SANDBOX_NETWORK_BLOCKED
2009-03-18,2009,1,https://www.sec.gov/dera/data/Public-EDGAR-log-file-data/2009/Qtr1/log20090318.zip,NOT_DOWNLOADED_SANDBOX_NETWORK_BLOCKED
2009-03-19,2009,1,https://www.sec.gov/dera/data/Public-EDGAR-log-file-data/2009/Qtr1/log20090319.zip,NOT_DOWNLOADED_SANDBOX_NETWORK_BLOCKED
2009-03-20,2009,1,https://www.sec.gov/dera/data/Public-EDGAR-log-file-data/2009/Qtr1/log20090320.zip,NOT_DOWNLOADED_SANDBOX_NETWORK_BLOCKED
2009-03-21,2009,1,https://www.sec.gov/dera/data/Public-EDGAR-log-file-data/2009/Qtr1/log20090321.zip,NOT_DOWNLOADED_SANDBOX_NETWORK_BLOCKED
2009-03-22,2009,1,https://www.sec.gov/dera/data/Public-EDGAR-log-file-data/2009/Qtr1/log20090322.zip,NOT_DOWNLOADED_SANDBOX_NETWORK_BLOCKED
2009-03-23,2009,1,https://www.sec.gov/dera/data/Public-EDGAR-log-file-data/2009/Qtr1/log20090323.zip,NOT_DOWNLOADED_SANDBOX_NETWORK_BLOCKED
2009-03-24,2009,1,https://www.sec.gov/dera/data/Public-EDGAR-log-file-data/2009/Qtr1/log20090324.zip,NOT_DOWNLOADED_SANDBOX_NETWORK_BLOCKED
2009-03-25,2009,1,https://www.sec.gov/dera/data/Public-EDGAR-log-file-data/2009/Qtr1/log20090325.zip,NOT_DOWNLOADED_SANDBOX_NETWORK_BLOCKED
2009-03-26,2009,1,https://www.sec.gov/dera/data/Public-EDGAR-log-file-data/2009/Qtr1/log20090326.zip,NOT_DOWNLOADED_SANDBOX_NETWORK_BLOCKED
2009-03-27,2009,1,https://www.sec.gov/dera/data/Public-EDGAR-log-file-data/2009/Qtr1/log20090327.zip,NOT_DOWNLOADED_SANDBOX_NETWORK_BLOCKED
2009-03-28,2009,1,https://www.sec.gov/dera/data/Public-EDGAR-log-file-data/2009/Qtr1/log20090328.zip,NOT_DOWNLOADED_SANDBOX_NETWORK_BLOCKED
2009-03-29,2009,1,https://www.sec.gov/dera/data/Public-EDGAR-log-file-data/2009/Qtr1/log20090329.zip,NOT_DOWNLOADED_SANDBOX_NETWORK_BLOCKED
2009-03-30,2009,1,https://www.sec.gov/dera/data/Public-EDGAR-log-file-data/2009/Qtr1/log20090330.zip,NOT_DOWNLOADED_SANDBOX_NETWORK_BLOCKED
2009-03-31,2009,1,https://www.sec.gov/dera/data/Public-EDGAR-log-file-data/2009/Qtr1/log20090331.zip,NOT_DOWNLOADED_SANDBOX_NETWORK_BLOCKED
2009-04-01,2009,2,https://www.sec.gov/dera/data/Public-EDGAR-log-file-data/2009/Qtr2/log20090401.zip,NOT_DOWNLOADED_SANDBOX_NETWORK_BLOCKED
2009-04-02,2009,2,https://www.sec.gov/dera/data/Public-EDGAR-log-file-data/2009/Qtr2/log20090402.zip,NOT_DOWNLOADED_SANDBOX_NETWORK_BLOCKED
2009-04-03,2009,2,https://www.sec.gov/dera/data/Public-EDGAR-log-file-data/2009/Qtr2/log20090403.zip,NOT_DOWNLOADED_SANDBOX_NETWORK_BLOCKED
2009-04-04,2009,2,https://www.sec.gov/dera/data/Public-EDGAR-log-file-data/2009/Qtr2/log20090404.zip,NOT_DOWNLOADED_SANDBOX_NETWORK_BLOCKED
2009-04-05,2009,2,https://www.sec.gov/dera/data/Public-EDGAR-log-file-data/2009/Qtr2/log20090405.zip,NOT_DOWNLOADED_SANDBOX_NETWORK_BLOCKED
2009-05-08,2009,2,https://www.sec.gov/dera/data/Public-EDGAR-log-file-data/2009/Qtr2/log20090508.zip,NOT_DOWNLOADED_SANDBOX_NETWORK_BLOCKED
2009-05-09,2009,2,https://www.sec.gov/dera/data/Public-EDGAR-log-file-data/2009/Qtr2/log20090509.zip,NOT_DOWNLOADED_SANDBOX_NETWORK_BLOCKED
2009-05-10,2009,2,https://www.sec.gov/dera/data/Public-EDGAR-log-file-data/2009/Qtr2/log20090510.zip,NOT_DOWNLOADED_SANDBOX_NETWORK_BLOCKED
2009-05-11,2009,2,https://www.sec.gov/dera/data/Public-EDGAR-log-file-data/2009/Qtr2/log20090511.zip,NOT_DOWNLOADED_SANDBOX_NETWORK_BLOCKED
2009-05-12,2009,2,https://www.sec.gov/dera/data/Public-EDGAR-log-file-data/2009/Qtr2/log20090512.zip,NOT_DOWNLOADED_SANDBOX_NETWORK_BLOCKED
2009-05-13,2009,2,https://www.sec.gov/dera/data/Public-EDGAR-log-file-data/2009/Qtr2/log20090513.zip,NOT_DOWNLOADED_SANDBOX_NETWORK_BLOCKED
2009-05-14,2009,2,https://www.sec.gov/dera/data/Public-EDGAR-log-file-data/2009/Qtr2/log20090514.zip,NOT_DOWNLOADED_SANDBOX_NETWORK_BLOCKED
2009-05-15,2009,2,https://www.sec.gov/dera/data/Public-EDGAR-log-file-data/2009/Qtr2/log20090515.zip,NOT_DOWNLOADED_SANDBOX_NETWORK_BLOCKED
2009-05-16,2009,2,https://www.sec.gov/dera/data/Public-EDGAR-log-file-data/2009/Qtr2/log20090516.zip,NOT_DOWNLOADED_SANDBOX_NETWORK_BLOCKED
2009-05-17,2009,2,https://www.sec.gov/dera/data/Public-EDGAR-log-file-data/2009/Qtr2/log20090517.zip,NOT_DOWNLOADED_SANDBOX_NETWORK_BLOCKED
2009-05-18,2009,2,https://www.sec.gov/dera/data/Public-EDGAR-log-file-data/2009/Qtr2/log20090518.zip,NOT_DOWNLOADED_SANDBOX_NETWORK_BLOCKED
2009-05-19,2009,2,https://www.sec.gov/dera/data/Public-EDGAR-log-file-data/2009/Qtr2/log20090519.zip,NOT_DOWNLOADED_SANDBOX_NETWORK_BLOCKED
2009-05-20,2009,2,https://www.sec.gov/dera/data/Public-EDGAR-log-file-data/2009/Qtr2/log20090520.zip,NOT_DOWNLOADED_SANDBOX_NETWORK_BLOCKED
2009-05-21,2009,2,https://www.sec.gov/dera/data/Public-EDGAR-log-file-data/2009/Qtr2/log20090521.zip,NOT_DOWNLOADED_SANDBOX_NETWORK_BLOCKED
2009-05-22,2009,2,https://www.sec.gov/dera/data/Public-EDGAR-log-file-data/2009/Qtr2/log20090522.zip,NOT_DOWNLOADED_SANDBOX_NETWORK_BLOCKED
2009-05-23,2009,2,https://www.sec.gov/dera/data/Public-EDGAR-log-file-data/2009/Qtr2/log20090523.zip,NOT_DOWNLOADED_SANDBOX_NETWORK_BLOCKED
2009-05-24,2009,2,https://www.sec.gov/dera/data/Public-EDGAR-log-file-data/2009/Qtr2/log20090524.zip,NOT_DOWNLOADED_SANDBOX_NETWORK_BLOCKED
2009-05-25,2009,2,https://www.sec.gov/dera/data/Public-EDGAR-log-file-data/2009/Qtr2/log20090525.zip,NOT_DOWNLOADED_SANDBOX_NETWORK_BLOCKED
2009-06-26,2009,2,https://www.sec.gov/dera/data/Public-EDGAR-log-file-data/2009/Qtr2/log20090626.zip,NOT_DOWNLOADED_SANDBOX_NETWORK_BLOCKED
2009-06-27,2009,2,https://www.sec.gov/dera/data/Public-EDGAR-log-file-data/2009/Qtr2/log20090627.zip,NOT_DOWNLOADED_SANDBOX_NETWORK_BLOCKED
2009-06-28,2009,2,https://www.sec.gov/dera/data/Public-EDGAR-log-file-data/2009/Qtr2/log20090628.zip,NOT_DOWNLOADED_SANDBOX_NETWORK_BLOCKED
2009-06-29,2009,2,https://www.sec.gov/dera/data/Public-EDGAR-log-file-data/2009/Qtr2/log20090629.zip,NOT_DOWNLOADED_SANDBOX_NETWORK_BLOCKED
2009-06-30,2009,2,https://www.sec.gov/dera/data/Public-EDGAR-log-file-data/2009/Qtr2/log20090630.zip,NOT_DOWNLOADED_SANDBOX_NETWORK_BLOCKED
2009-07-01,2009,3,https://www.sec.gov/dera/data/Public-EDGAR-log-file-data/2009/Qtr3/log20090701.zip,NOT_DOWNLOADED_SANDBOX_NETWORK_BLOCKED
2009-07-02,2009,3,https://www.sec.gov/dera/data/Public-EDGAR-log-file-data/2009/Qtr3/log20090702.zip,NOT_DOWNLOADED_SANDBOX_NETWORK_BLOCKED
2009-07-03,2009,3,https://www.sec.gov/dera/data/Public-EDGAR-log-file-data/2009/Qtr3/log20090703.zip,NOT_DOWNLOADED_SANDBOX_NETWORK_BLOCKED
2009-07-04,2009,3,https://www.sec.gov/dera/data/Public-EDGAR-log-file-data/2009/Qtr3/log20090704.zip,NOT_DOWNLOADED_SANDBOX_NETWORK_BLOCKED
2009-07-05,2009,3,https://www.sec.gov/dera/data/Public-EDGAR-log-file-data/2009/Qtr3/log20090705.zip,NOT_DOWNLOADED_SANDBOX_NETWORK_BLOCKED
2009-07-06,2009,3,https://www.sec.gov/dera/data/Public-EDGAR-log-file-data/2009/Qtr3/log20090706.zip,NOT_DOWNLOADED_SANDBOX_NETWORK_BLOCKED
2009-07-07,2009,3,https://www.sec.gov/dera/data/Public-EDGAR-log-file-data/2009/Qtr3/log20090707.zip,NOT_DOWNLOADED_SANDBOX_NETWORK_BLOCKED
2009-07-08,2009,3,https://www.sec.gov/dera/data/Public-EDGAR-log-file-data/2009/Qtr3/log20090708.zip,NOT_DOWNLOADED_SANDBOX_NETWORK_BLOCKED
2009-07-09,2009,3,https://www.sec.gov/dera/data/Public-EDGAR-log-file-data/2009/Qtr3/log20090709.zip,NOT_DOWNLOADED_SANDBOX_NETWORK_BLOCKED
2009-07-10,2009,3,https://www.sec.gov/dera/data/Public-EDGAR-log-file-data/2009/Qtr3/log20090710.zip,NOT_DOWNLOADED_SANDBOX_NETWORK_BLOCKED
2009-07-11,2009,3,https://www.sec.gov/dera/data/Public-EDGAR-log-file-data/2009/Qtr3/log20090711.zip,NOT_DOWNLOADED_SANDBOX_NETWORK_BLOCKED
2009-07-19,2009,3,https://www.sec.gov/dera/data/Public-EDGAR-log-file-data/2009/Qtr3/log20090719.zip,NOT_DOWNLOADED_SANDBOX_NETWORK_BLOCKED
2009-07-20,2009,3,https://www.sec.gov/dera/data/Public-EDGAR-log-file-data/2009/Qtr3/log20090720.zip,NOT_DOWNLOADED_SANDBOX_NETWORK_BLOCKED
2009-07-21,2009,3,https://www.sec.gov/dera/data/Public-EDGAR-log-file-data/2009/Qtr3/log20090721.zip,NOT_DOWNLOADED_SANDBOX_NETWORK_BLOCKED
2009-07-22,2009,3,https://www.sec.gov/dera/data/Public-EDGAR-log-file-data/2009/Qtr3/log20090722.zip,NOT_DOWNLOADED_SANDBOX_NETWORK_BLOCKED
2009-07-23,2009,3,https://www.sec.gov/dera/data/Public-EDGAR-log-file-data/2009/Qtr3/log20090723.zip,NOT_DOWNLOADED_SANDBOX_NETWORK_BLOCKED
2009-07-24,2009,3,https://www.sec.gov/dera/data/Public-EDGAR-log-file-data/2009/Qtr3/log20090724.zip,NOT_DOWNLOADED_SANDBOX_NETWORK_BLOCKED
2009-07-25,2009,3,https://www.sec.gov/dera/data/Public-EDGAR-log-file-data/2009/Qtr3/log20090725.zip,NOT_DOWNLOADED_SANDBOX_NETWORK_BLOCKED
2009-07-26,2009,3,https://www.sec.gov/dera/data/Public-EDGAR-log-file-data/2009/Qtr3/log20090726.zip,NOT_DOWNLOADED_SANDBOX_NETWORK_BLOCKED
2009-07-27,2009,3,https://www.sec.gov/dera/data/Public-EDGAR-log-file-data/2009/Qtr3/log20090727.zip,NOT_DOWNLOADED_SANDBOX_NETWORK_BLOCKED
2009-07-28,2009,3,https://www.sec.gov/dera/data/Public-EDGAR-log-file-data/2009/Qtr3/log20090728.zip,NOT_DOWNLOADED_SANDBOX_NETWORK_BLOCKED
2009-07-29,2009,3,https://www.sec.gov/dera/data/Public-EDGAR-log-file-data/2009/Qtr3/log20090729.zip,NOT_DOWNLOADED_SANDBOX_NETWORK_BLOCKED
2009-07-30,2009,3,https://www.sec.gov/dera/data/Public-EDGAR-log-file-data/2009/Qtr3/log20090730.zip,NOT_DOWNLOADED_SANDBOX_NETWORK_BLOCKED
2009-07-31,2009,3,https://www.sec.gov/dera/data/Public-EDGAR-log-file-data/2009/Qtr3/log20090731.zip,NOT_DOWNLOADED_SANDBOX_NETWORK_BLOCKED
2009-08-01,2009,3,https://www.sec.gov/dera/data/Public-EDGAR-log-file-data/2009/Qtr3/log20090801.zip,NOT_DOWNLOADED_SANDBOX_NETWORK_BLOCKED
2009-08-02,2009,3,https://www.sec.gov/dera/data/Public-EDGAR-log-file-data/2009/Qtr3/log20090802.zip,NOT_DOWNLOADED_SANDBOX_NETWORK_BLOCKED
2009-08-03,2009,3,https://www.sec.gov/dera/data/Public-EDGAR-log-file-data/2009/Qtr3/log20090803.zip,NOT_DOWNLOADED_SANDBOX_NETWORK_BLOCKED
2009-10-06,2009,4,https://www.sec.gov/dera/data/Public-EDGAR-log-file-data/2009/Qtr4/log20091006.zip,NOT_DOWNLOADED_SANDBOX_NETWORK_BLOCKED
2009-10-07,2009,4,https://www.sec.gov/dera/data/Public-EDGAR-log-file-data/2009/Qtr4/log20091007.zip,NOT_DOWNLOADED_SANDBOX_NETWORK_BLOCKED
2009-10-08,2009,4,https://www.sec.gov/dera/data/Public-EDGAR-log-file-data/2009/Qtr4/log20091008.zip,NOT_DOWNLOADED_SANDBOX_NETWORK_BLOCKED
2009-10-09,2009,4,https://www.sec.gov/dera/data/Public-EDGAR-log-file-data/2009/Qtr4/log20091009.zip,NOT_DOWNLOADED_SANDBOX_NETWORK_BLOCKED
2009-10-10,2009,4,https://www.sec.gov/dera/data/Public-EDGAR-log-file-data/2009/Qtr4/log20091010.zip,NOT_DOWNLOADED_SANDBOX_NETWORK_BLOCKED
2009-10-11,2009,4,https://www.sec.gov/dera/data/Public-EDGAR-log-file-data/2009/Qtr4/log20091011.zip,NOT_DOWNLOADED_SANDBOX_NETWORK_BLOCKED
2009-10-12,2009,4,https://www.sec.gov/dera/data/Public-EDGAR-log-file-data/2009/Qtr4/log20091012.zip,NOT_DOWNLOADED_SANDBOX_NETWORK_BLOCKED
2009-10-13,2009,4,https://www.sec.gov/dera/data/Public-EDGAR-log-file-data/2009/Qtr4/log20091013.zip,NOT_DOWNLOADED_SANDBOX_NETWORK_BLOCKED
2009-10-14,2009,4,https://www.sec.gov/dera/data/Public-EDGAR-log-file-data/2009/Qtr4/log20091014.zip,NOT_DOWNLOADED_SANDBOX_NETWORK_BLOCKED
2009-10-15,2009,4,https://www.sec.gov/dera/data/Public-EDGAR-log-file-data/2009/Qtr4/log20091015.zip,NOT_DOWNLOADED_SANDBOX_NETWORK_BLOCKED
2009-10-16,2009,4,https://www.sec.gov/dera/data/Public-EDGAR-log-file-data/2009/Qtr4/log20091016.zip,NOT_DOWNLOADED_SANDBOX_NETWORK_BLOCKED
2009-10-17,2009,4,https://www.sec.gov/dera/data/Public-EDGAR-log-file-data/2009/Qtr4/log20091017.zip,NOT_DOWNLOADED_SANDBOX_NETWORK_BLOCKED
2009-10-18,2009,4,https://www.sec.gov/dera/data/Public-EDGAR-log-file-data/2009/Qtr4/log20091018.zip,NOT_DOWNLOADED_SANDBOX_NETWORK_BLOCKED
2009-10-19,2009,4,https://www.sec.gov/dera/data/Public-EDGAR-log-file-data/2009/Qtr4/log20091019.zip,NOT_DOWNLOADED_SANDBOX_NETWORK_BLOCKED
2009-10-20,2009,4,https://www.sec.gov/dera/data/Public-EDGAR-log-file-data/2009/Qtr4/log20091020.zip,NOT_DOWNLOADED_SANDBOX_NETWORK_BLOCKED
2009-10-21,2009,4,https://www.sec.gov/dera/data/Public-EDGAR-log-file-data/2009/Qtr4/log20091021.zip,NOT_DOWNLOADED_SANDBOX_NETWORK_BLOCKED
2009-10-22,2009,4,https://www.sec.gov/dera/data/Public-EDGAR-log-file-data/2009/Qtr4/log20091022.zip,NOT_DOWNLOADED_SANDBOX_NETWORK_BLOCKED
2009-10-23,2009,4,https://www.sec.gov/dera/data/Public-EDGAR-log-file-data/2009/Qtr4/log20091023.zip,NOT_DOWNLOADED_SANDBOX_NETWORK_BLOCKED
2009-10-24,2009,4,https://www.sec.gov/dera/data/Public-EDGAR-log-file-data/2009/Qtr4/log20091024.zip,NOT_DOWNLOADED_SANDBOX_NETWORK_BLOCKED
2009-10-25,2009,4,https://www.sec.gov/dera/data/Public-EDGAR-log-file-data/2009/Qtr4/log20091025.zip,NOT_DOWNLOADED_SANDBOX_NETWORK_BLOCKED
2009-10-26,2009,4,https://www.sec.gov/dera/data/Public-EDGAR-log-file-data/2009/Qtr4/log20091026.zip,NOT_DOWNLOADED_SANDBOX_NETWORK_BLOCKED
2009-10-27,2009,4,https://www.sec.gov/dera/data/Public-EDGAR-log-file-data/2009/Qtr4/log20091027.zip,NOT_DOWNLOADED_SANDBOX_NETWORK_BLOCKED
2009-10-28,2009,4,https://www.sec.gov/dera/data/Public-EDGAR-log-file-data/2009/Qtr4/log20091028.zip,NOT_DOWNLOADED_SANDBOX_NETWORK_BLOCKED
2009-10-29,2009,4,https://www.sec.gov/dera/data/Public-EDGAR-log-file-data/2009/Qtr4/log20091029.zip,NOT_DOWNLOADED_SANDBOX_NETWORK_BLOCKED
2009-10-30,2009,4,https://www.sec.gov/dera/data/Public-EDGAR-log-file-data/2009/Qtr4/log20091030.zip,NOT_DOWNLOADED_SANDBOX_NETWORK_BLOCKED
2009-10-31,2009,4,https://www.sec.gov/dera/data/Public-EDGAR-log-file-data/2009/Qtr4/log20091031.zip,NOT_DOWNLOADED_SANDBOX_NETWORK_BLOCKED
2009-11-01,2009,4,https://www.sec.gov/dera/data/Public-EDGAR-log-file-data/2009/Qtr4/log20091101.zip,NOT_DOWNLOADED_SANDBOX_NETWORK_BLOCKED
2009-11-02,2009,4,https://www.sec.gov/dera/data/Public-EDGAR-log-file-data/2009/Qtr4/log20091102.zip,NOT_DOWNLOADED_SANDBOX_NETWORK_BLOCKED
2009-11-24,2009,4,https://www.sec.gov/dera/data/Public-EDGAR-log-file-data/2009/Qtr4/log20091124.zip,NOT_DOWNLOADED_SANDBOX_NETWORK_BLOCKED
2009-11-25,2009,4,https://www.sec.gov/dera/data/Public-EDGAR-log-file-data/2009/Qtr4/log20091125.zip,NOT_DOWNLOADED_SANDBOX_NETWORK_BLOCKED
2009-11-26,2009,4,https://www.sec.gov/dera/data/Public-EDGAR-log-file-data/2009/Qtr4/log20091126.zip,NOT_DOWNLOADED_SANDBOX_NETWORK_BLOCKED
2009-11-27,2009,4,https://www.sec.gov/dera/data/Public-EDGAR-log-file-data/2009/Qtr4/log20091127.zip,NOT_DOWNLOADED_SANDBOX_NETWORK_BLOCKED
2009-11-28,2009,4,https://www.sec.gov/dera/data/Public-EDGAR-log-file-data/2009/Qtr4/log20091128.zip,NOT_DOWNLOADED_SANDBOX_NETWORK_BLOCKED
2009-11-29,2009,4,https://www.sec.gov/dera/data/Public-EDGAR-log-file-data/2009/Qtr4/log20091129.zip,NOT_DOWNLOADED_SANDBOX_NETWORK_BLOCKED
2009-11-30,2009,4,https://www.sec.gov/dera/data/Public-EDGAR-log-file-data/2009/Qtr4/log20091130.zip,NOT_DOWNLOADED_SANDBOX_NETWORK_BLOCKED
2009-12-01,2009,4,https://www.sec.gov/dera/data/Public-EDGAR-log-file-data/2009/Qtr4/log20091201.zip,NOT_DOWNLOADED_SANDBOX_NETWORK_BLOCKED
2009-12-02,2009,4,https://www.sec.gov/dera/data/Public-EDGAR-log-file-data/2009/Qtr4/log20091202.zip,NOT_DOWNLOADED_SANDBOX_NETWORK_BLOCKED
2009-12-03,2009,4,https://www.sec.gov/dera/data/Public-EDGAR-log-file-data/2009/Qtr4/log20091203.zip,NOT_DOWNLOADED_SANDBOX_NETWORK_BLOCKED
2009-12-04,2009,4,https://www.sec.gov/dera/data/Public-EDGAR-log-file-data/2009/Qtr4/log20091204.zip,NOT_DOWNLOADED_SANDBOX_NETWORK_BLOCKED
2009-12-05,2009,4,https://www.sec.gov/dera/data/Public-EDGAR-log-file-data/2009/Qtr4/log20091205.zip,NOT_DOWNLOADED_SANDBOX_NETWORK_BLOCKED
2009-12-06,2009,4,https://www.sec.gov/dera/data/Public-EDGAR-log-file-data/2009/Qtr4/log20091206.zip,NOT_DOWNLOADED_SANDBOX_NETWORK_BLOCKED
2009-12-07,2009,4,https://www.sec.gov/dera/data/Public-EDGAR-log-file-data/2009/Qtr4/log20091207.zip,NOT_DOWNLOADED_SANDBOX_NETWORK_BLOCKED
2009-12-08,2009,4,https://www.sec.gov/dera/data/Public-EDGAR-log-file-data/2009/Qtr4/log20091208.zip,NOT_DOWNLOADED_SANDBOX_NETWORK_BLOCKED
2009-12-09,2009,4,https://www.sec.gov/dera/data/Public-EDGAR-log-file-data/2009/Qtr4/log20091209.zip,NOT_DOWNLOADED_SANDBOX_NETWORK_BLOCKED
2009-12-29,2009,4,https://www.sec.gov/dera/data/Public-EDGAR-log-file-data/2009/Qtr4/log20091229.zip,NOT_DOWNLOADED_SANDBOX_NETWORK_BLOCKED
2009-12-30,2009,4,https://www.sec.gov/dera/data/Public-EDGAR-log-file-data/2009/Qtr4/log20091230.zip,NOT_DOWNLOADED_SANDBOX_NETWORK_BLOCKED
2009-12-31,2009,4,https://www.sec.gov/dera/data/Public-EDGAR-log-file-data/2009/Qtr4/log20091231.zip,NOT_DOWNLOADED_SANDBOX_NETWORK_BLOCKED
2010-01-01,2010,1,https://www.sec.gov/dera/data/Public-EDGAR-log-file-data/2010/Qtr1/log20100101.zip,NOT_DOWNLOADED_SANDBOX_NETWORK_BLOCKED
2010-01-02,2010,1,https://www.sec.gov/dera/data/Public-EDGAR-log-file-data/2010/Qtr1/log20100102.zip,NOT_DOWNLOADED_SANDBOX_NETWORK_BLOCKED
2010-01-03,2010,1,https://www.sec.gov/dera/data/Public-EDGAR-log-file-data/2010/Qtr1/log20100103.zip,NOT_DOWNLOADED_SANDBOX_NETWORK_BLOCKED
2010-01-04,2010,1,https://www.sec.gov/dera/data/Public-EDGAR-log-file-data/2010/Qtr1/log20100104.zip,NOT_DOWNLOADED_SANDBOX_NETWORK_BLOCKED
2010-01-05,2010,1,https://www.sec.gov/dera/data/Public-EDGAR-log-file-data/2010/Qtr1/log20100105.zip,NOT_DOWNLOADED_SANDBOX_NETWORK_BLOCKED
2010-01-06,2010,1,https://www.sec.gov/dera/data/Public-EDGAR-log-file-data/2010/Qtr1/log20100106.zip,NOT_DOWNLOADED_SANDBOX_NETWORK_BLOCKED
2010-01-07,2010,1,https://www.sec.gov/dera/data/Public-EDGAR-log-file-data/2010/Qtr1/log20100107.zip,NOT_DOWNLOADED_SANDBOX_NETWORK_BLOCKED
2010-01-08,2010,1,https://www.sec.gov/dera/data/Public-EDGAR-log-file-data/2010/Qtr1/log20100108.zip,NOT_DOWNLOADED_SANDBOX_NETWORK_BLOCKED
2010-01-09,2010,1,https://www.sec.gov/dera/data/Public-EDGAR-log-file-data/2010/Qtr1/log20100109.zip,NOT_DOWNLOADED_SANDBOX_NETWORK_BLOCKED
2010-01-10,2010,1,https://www.sec.gov/dera/data/Public-EDGAR-log-file-data/2010/Qtr1/log20100110.zip,NOT_DOWNLOADED_SANDBOX_NETWORK_BLOCKED
2010-01-11,2010,1,https://www.sec.gov/dera/data/Public-EDGAR-log-file-data/2010/Qtr1/log20100111.zip,NOT_DOWNLOADED_SANDBOX_NETWORK_BLOCKED
2010-01-12,2010,1,https://www.sec.gov/dera/data/Public-EDGAR-log-file-data/2010/Qtr1/log20100112.zip,NOT_DOWNLOADED_SANDBOX_NETWORK_BLOCKED
2010-01-13,2010,1,https://www.sec.gov/dera/data/Public-EDGAR-log-file-data/2010/Qtr1/log20100113.zip,NOT_DOWNLOADED_SANDBOX_NETWORK_BLOCKED
2010-01-29,2010,1,https://www.sec.gov/dera/data/Public-EDGAR-log-file-data/2010/Qtr1/log20100129.zip,NOT_DOWNLOADED_SANDBOX_NETWORK_BLOCKED
2010-01-30,2010,1,https://www.sec.gov/dera/data/Public-EDGAR-log-file-data/2010/Qtr1/log20100130.zip,NOT_DOWNLOADED_SANDBOX_NETWORK_BLOCKED
2010-01-31,2010,1,https://www.sec.gov/dera/data/Public-EDGAR-log-file-data/2010/Qtr1/log20100131.zip,NOT_DOWNLOADED_SANDBOX_NETWORK_BLOCKED
2010-02-01,2010,1,https://www.sec.gov/dera/data/Public-EDGAR-log-file-data/2010/Qtr1/log20100201.zip,NOT_DOWNLOADED_SANDBOX_NETWORK_BLOCKED
2010-02-02,2010,1,https://www.sec.gov/dera/data/Public-EDGAR-log-file-data/2010/Qtr1/log20100202.zip,NOT_DOWNLOADED_SANDBOX_NETWORK_BLOCKED
2010-02-03,2010,1,https://www.sec.gov/dera/data/Public-EDGAR-log-file-data/2010/Qtr1/log20100203.zip,NOT_DOWNLOADED_SANDBOX_NETWORK_BLOCKED
2010-02-04,2010,1,https://www.sec.gov/dera/data/Public-EDGAR-log-file-data/2010/Qtr1/log20100204.zip,NOT_DOWNLOADED_SANDBOX_NETWORK_BLOCKED
2010-02-05,2010,1,https://www.sec.gov/dera/data/Public-EDGAR-log-file-data/2010/Qtr1/log20100205.zip,NOT_DOWNLOADED_SANDBOX_NETWORK_BLOCKED
2010-02-06,2010,1,https://www.sec.gov/dera/data/Public-EDGAR-log-file-data/2010/Qtr1/log20100206.zip,NOT_DOWNLOADED_SANDBOX_NETWORK_BLOCKED
2010-02-07,2010,1,https://www.sec.gov/dera/data/Public-EDGAR-log-file-data/2010/Qtr1/log20100207.zip,NOT_DOWNLOADED_SANDBOX_NETWORK_BLOCKED
2010-02-08,2010,1,https://www.sec.gov/dera/data/Public-EDGAR-log-file-data/2010/Qtr1/log20100208.zip,NOT_DOWNLOADED_SANDBOX_NETWORK_BLOCKED
2010-02-09,2010,1,https://www.sec.gov/dera/data/Public-EDGAR-log-file-data/2010/Qtr1/log20100209.zip,NOT_DOWNLOADED_SANDBOX_NETWORK_BLOCKED
2010-02-10,2010,1,https://www.sec.gov/dera/data/Public-EDGAR-log-file-data/2010/Qtr1/log20100210.zip,NOT_DOWNLOADED_SANDBOX_NETWORK_BLOCKED
2010-02-11,2010,1,https://www.sec.gov/dera/data/Public-EDGAR-log-file-data/2010/Qtr1/log20100211.zip,NOT_DOWNLOADED_SANDBOX_NETWORK_BLOCKED
2010-02-12,2010,1,https://www.sec.gov/dera/data/Public-EDGAR-log-file-data/2010/Qtr1/log20100212.zip,NOT_DOWNLOADED_SANDBOX_NETWORK_BLOCKED
2010-02-13,2010,1,https://www.sec.gov/dera/data/Public-EDGAR-log-file-data/2010/Qtr1/log20100213.zip,NOT_DOWNLOADED_SANDBOX_NETWORK_BLOCKED
2010-02-22,2010,1,https://www.sec.gov/dera/data/Public-EDGAR-log-file-data/2010/Qtr1/log20100222.zip,NOT_DOWNLOADED_SANDBOX_NETWORK_BLOCKED
2010-02-23,2010,1,https://www.sec.gov/dera/data/Public-EDGAR-log-file-data/2010/Qtr1/log20100223.zip,NOT_DOWNLOADED_SANDBOX_NETWORK_BLOCKED
2010-02-24,2010,1,https://www.sec.gov/dera/data/Public-EDGAR-log-file-data/2010/Qtr1/log20100224.zip,NOT_DOWNLOADED_SANDBOX_NETWORK_BLOCKED
2010-02-25,2010,1,https://www.sec.gov/dera/data/Public-EDGAR-log-file-data/2010/Qtr1/log20100225.zip,NOT_DOWNLOADED_SANDBOX_NETWORK_BLOCKED
2010-02-26,2010,1,https://www.sec.gov/dera/data/Public-EDGAR-log-file-data/2010/Qtr1/log20100226.zip,NOT_DOWNLOADED_SANDBOX_NETWORK_BLOCKED
2010-02-27,2010,1,https://www.sec.gov/dera/data/Public-EDGAR-log-file-data/2010/Qtr1/log20100227.zip,NOT_DOWNLOADED_SANDBOX_NETWORK_BLOCKED
2010-02-28,2010,1,https://www.sec.gov/dera/data/Public-EDGAR-log-file-data/2010/Qtr1/log20100228.zip,NOT_DOWNLOADED_SANDBOX_NETWORK_BLOCKED
2010-03-01,2010,1,https://www.sec.gov/dera/data/Public-EDGAR-log-file-data/2010/Qtr1/log20100301.zip,NOT_DOWNLOADED_SANDBOX_NETWORK_BLOCKED
2010-03-02,2010,1,https://www.sec.gov/dera/data/Public-EDGAR-log-file-data/2010/Qtr1/log20100302.zip,NOT_DOWNLOADED_SANDBOX_NETWORK_BLOCKED
2010-03-03,2010,1,https://www.sec.gov/dera/data/Public-EDGAR-log-file-data/2010/Qtr1/log20100303.zip,NOT_DOWNLOADED_SANDBOX_NETWORK_BLOCKED
2010-03-04,2010,1,https://www.sec.gov/dera/data/Public-EDGAR-log-file-data/2010/Qtr1/log20100304.zip,NOT_DOWNLOADED_SANDBOX_NETWORK_BLOCKED
2010-03-05,2010,1,https://www.sec.gov/dera/data/Public-EDGAR-log-file-data/2010/Qtr1/log20100305.zip,NOT_DOWNLOADED_SANDBOX_NETWORK_BLOCKED
2010-03-06,2010,1,https://www.sec.gov/dera/data/Public-EDGAR-log-file-data/2010/Qtr1/log20100306.zip,NOT_DOWNLOADED_SANDBOX_NETWORK_BLOCKED
2010-03-07,2010,1,https://www.sec.gov/dera/data/Public-EDGAR-log-file-data/2010/Qtr1/log20100307.zip,NOT_DOWNLOADED_SANDBOX_NETWORK_BLOCKED
2010-03-08,2010,1,https://www.sec.gov/dera/data/Public-EDGAR-log-file-data/2010/Qtr1/log20100308.zip,NOT_DOWNLOADED_SANDBOX_NETWORK_BLOCKED
2010-03-09,2010,1,https://www.sec.gov/dera/data/Public-EDGAR-log-file-data/2010/Qtr1/log20100309.zip,NOT_DOWNLOADED_SANDBOX_NETWORK_BLOCKED
2010-03-10,2010,1,https://www.sec.gov/dera/data/Public-EDGAR-log-file-data/2010/Qtr1/log20100310.zip,NOT_DOWNLOADED_SANDBOX_NETWORK_BLOCKED
2010-03-11,2010,1,https://www.sec.gov/dera/data/Public-EDGAR-log-file-data/2010/Qtr1/log20100311.zip,NOT_DOWNLOADED_SANDBOX_NETWORK_BLOCKED
2010-03-12,2010,1,https://www.sec.gov/dera/data/Public-EDGAR-log-file-data/2010/Qtr1/log20100312.zip,NOT_DOWNLOADED_SANDBOX_NETWORK_BLOCKED
2010-03-13,2010,1,https://www.sec.gov/dera/data/Public-EDGAR-log-file-data/2010/Qtr1/log20100313.zip,NOT_DOWNLOADED_SANDBOX_NETWORK_BLOCKED
2010-03-14,2010,1,https://www.sec.gov/dera/data/Public-EDGAR-log-file-data/2010/Qtr1/log20100314.zip,NOT_DOWNLOADED_SANDBOX_NETWORK_BLOCKED
2010-03-15,2010,1,https://www.sec.gov/dera/data/Public-EDGAR-log-file-data/2010/Qtr1/log20100315.zip,NOT_DOWNLOADED_SANDBOX_NETWORK_BLOCKED
2010-03-16,2010,1,https://www.sec.gov/dera/data/Public-EDGAR-log-file-data/2010/Qtr1/log20100316.zip,NOT_DOWNLOADED_SANDBOX_NETWORK_BLOCKED
2010-03-17,2010,1,https://www.sec.gov/dera/data/Public-EDGAR-log-file-data/2010/Qtr1/log20100317.zip,NOT_DOWNLOADED_SANDBOX_NETWORK_BLOCKED
2010-03-18,2010,1,https://www.sec.gov/dera/data/Public-EDGAR-log-file-data/2010/Qtr1/log20100318.zip,NOT_DOWNLOADED_SANDBOX_NETWORK_BLOCKED
2010-03-19,2010,1,https://www.sec.gov/dera/data/Public-EDGAR-log-file-data/2010/Qtr1/log20100319.zip,NOT_DOWNLOADED_SANDBOX_NETWORK_BLOCKED
2010-03-20,2010,1,https://www.sec.gov/dera/data/Public-EDGAR-log-file-data/2010/Qtr1/log20100320.zip,NOT_DOWNLOADED_SANDBOX_NETWORK_BLOCKED
2010-03-21,2010,1,https://www.sec.gov/dera/data/Public-EDGAR-log-file-data/2010/Qtr1/log20100321.zip,NOT_DOWNLOADED_SANDBOX_NETWORK_BLOCKED
2010-04-05,2010,2,https://www.sec.gov/dera/data/Public-EDGAR-log-file-data/2010/Qtr2/log20100405.zip,NOT_DOWNLOADED_SANDBOX_NETWORK_BLOCKED
2010-04-06,2010,2,https://www.sec.gov/dera/data/Public-EDGAR-log-file-data/2010/Qtr2/log20100406.zip,NOT_DOWNLOADED_SANDBOX_NETWORK_BLOCKED
2010-04-07,2010,2,https://www.sec.gov/dera/data/Public-EDGAR-log-file-data/2010/Qtr2/log20100407.zip,NOT_DOWNLOADED_SANDBOX_NETWORK_BLOCKED
2010-04-08,2010,2,https://www.sec.gov/dera/data/Public-EDGAR-log-file-data/2010/Qtr2/log20100408.zip,NOT_DOWNLOADED_SANDBOX_NETWORK_BLOCKED
2010-04-09,2010,2,https://www.sec.gov/dera/data/Public-EDGAR-log-file-data/2010/Qtr2/log20100409.zip,NOT_DOWNLOADED_SANDBOX_NETWORK_BLOCKED
2010-04-10,2010,2,https://www.sec.gov/dera/data/Public-EDGAR-log-file-data/2010/Qtr2/log20100410.zip,NOT_DOWNLOADED_SANDBOX_NETWORK_BLOCKED
2010-04-11,2010,2,https://www.sec.gov/dera/data/Public-EDGAR-log-file-data/2010/Qtr2/log20100411.zip,NOT_DOWNLOADED_SANDBOX_NETWORK_BLOCKED
2010-04-12,2010,2,https://www.sec.gov/dera/data/Public-EDGAR-log-file-data/2010/Qtr2/log20100412.zip,NOT_DOWNLOADED_SANDBOX_NETWORK_BLOCKED
2010-04-13,2010,2,https://www.sec.gov/dera/data/Public-EDGAR-log-file-data/2010/Qtr2/log20100413.zip,NOT_DOWNLOADED_SANDBOX_NETWORK_BLOCKED
2010-04-14,2010,2,https://www.sec.gov/dera/data/Public-EDGAR-log-file-data/2010/Qtr2/log20100414.zip,NOT_DOWNLOADED_SANDBOX_NETWORK_BLOCKED
2010-04-15,2010,2,https://www.sec.gov/dera/data/Public-EDGAR-log-file-data/2010/Qtr2/log20100415.zip,NOT_DOWNLOADED_SANDBOX_NETWORK_BLOCKED
2010-04-16,2010,2,https://www.sec.gov/dera/data/Public-EDGAR-log-file-data/2010/Qtr2/log20100416.zip,NOT_DOWNLOADED_SANDBOX_NETWORK_BLOCKED
2010-04-17,2010,2,https://www.sec.gov/dera/data/Public-EDGAR-log-file-data/2010/Qtr2/log20100417.zip,NOT_DOWNLOADED_SANDBOX_NETWORK_BLOCKED
2010-04-18,2010,2,https://www.sec.gov/dera/data/Public-EDGAR-log-file-data/2010/Qtr2/log20100418.zip,NOT_DOWNLOADED_SANDBOX_NETWORK_BLOCKED
2010-04-19,2010,2,https://www.sec.gov/dera/data/Public-EDGAR-log-file-data/2010/Qtr2/log20100419.zip,NOT_DOWNLOADED_SANDBOX_NETWORK_BLOCKED
2010-04-20,2010,2,https://www.sec.gov/dera/data/Public-EDGAR-log-file-data/2010/Qtr2/log20100420.zip,NOT_DOWNLOADED_SANDBOX_NETWORK_BLOCKED
2010-04-25,2010,2,https://www.sec.gov/dera/data/Public-EDGAR-log-file-data/2010/Qtr2/log20100425.zip,NOT_DOWNLOADED_SANDBOX_NETWORK_BLOCKED
2010-04-26,2010,2,https://www.sec.gov/dera/data/Public-EDGAR-log-file-data/2010/Qtr2/log20100426.zip,NOT_DOWNLOADED_SANDBOX_NETWORK_BLOCKED
2010-04-27,2010,2,https://www.sec.gov/dera/data/Public-EDGAR-log-file-data/2010/Qtr2/log20100427.zip,NOT_DOWNLOADED_SANDBOX_NETWORK_BLOCKED
2010-04-28,2010,2,https://www.sec.gov/dera/data/Public-EDGAR-log-file-data/2010/Qtr2/log20100428.zip,NOT_DOWNLOADED_SANDBOX_NETWORK_BLOCKED
2010-04-29,2010,2,https://www.sec.gov/dera/data/Public-EDGAR-log-file-data/2010/Qtr2/log20100429.zip,NOT_DOWNLOADED_SANDBOX_NETWORK_BLOCKED
2010-04-30,2010,2,https://www.sec.gov/dera/data/Public-EDGAR-log-file-data/2010/Qtr2/log20100430.zip,NOT_DOWNLOADED_SANDBOX_NETWORK_BLOCKED
2010-05-01,2010,2,https://www.sec.gov/dera/data/Public-EDGAR-log-file-data/2010/Qtr2/log20100501.zip,NOT_DOWNLOADED_SANDBOX_NETWORK_BLOCKED
2010-05-02,2010,2,https://www.sec.gov/dera/data/Public-EDGAR-log-file-data/2010/Qtr2/log20100502.zip,NOT_DOWNLOADED_SANDBOX_NETWORK_BLOCKED
2010-05-03,2010,2,https://www.sec.gov/dera/data/Public-EDGAR-log-file-data/2010/Qtr2/log20100503.zip,NOT_DOWNLOADED_SANDBOX_NETWORK_BLOCKED
2010-05-04,2010,2,https://www.sec.gov/dera/data/Public-EDGAR-log-file-data/2010/Qtr2/log20100504.zip,NOT_DOWNLOADED_SANDBOX_NETWORK_BLOCKED
2010-05-05,2010,2,https://www.sec.gov/dera/data/Public-EDGAR-log-file-data/2010/Qtr2/log20100505.zip,NOT_DOWNLOADED_SANDBOX_NETWORK_BLOCKED
2010-05-06,2010,2,https://www.sec.gov/dera/data/Public-EDGAR-log-file-data/2010/Qtr2/log20100506.zip,NOT_DOWNLOADED_SANDBOX_NETWORK_BLOCKED
2010-05-07,2010,2,https://www.sec.gov/dera/data/Public-EDGAR-log-file-data/2010/Qtr2/log20100507.zip,NOT_DOWNLOADED_SANDBOX_NETWORK_BLOCKED
2010-05-08,2010,2,https://www.sec.gov/dera/data/Public-EDGAR-log-file-data/2010/Qtr2/log20100508.zip,NOT_DOWNLOADED_SANDBOX_NETWORK_BLOCKED
2010-05-09,2010,2,https://www.sec.gov/dera/data/Public-EDGAR-log-file-data/2010/Qtr2/log20100509.zip,NOT_DOWNLOADED_SANDBOX_NETWORK_BLOCKED
2010-05-10,2010,2,https://www.sec.gov/dera/data/Public-EDGAR-log-file-data/2010/Qtr2/log20100510.zip,NOT_DOWNLOADED_SANDBOX_NETWORK_BLOCKED
2010-05-11,2010,2,https://www.sec.gov/dera/data/Public-EDGAR-log-file-data/2010/Qtr2/log20100511.zip,NOT_DOWNLOADED_SANDBOX_NETWORK_BLOCKED
2010-05-12,2010,2,https://www.sec.gov/dera/data/Public-EDGAR-log-file-data/2010/Qtr2/log20100512.zip,NOT_DOWNLOADED_SANDBOX_NETWORK_BLOCKED
2010-05-13,2010,2,https://www.sec.gov/dera/data/Public-EDGAR-log-file-data/2010/Qtr2/log20100513.zip,NOT_DOWNLOADED_SANDBOX_NETWORK_BLOCKED
2010-05-14,2010,2,https://www.sec.gov/dera/data/Public-EDGAR-log-file-data/2010/Qtr2/log20100514.zip,NOT_DOWNLOADED_SANDBOX_NETWORK_BLOCKED
2010-05-15,2010,2,https://www.sec.gov/dera/data/Public-EDGAR-log-file-data/2010/Qtr2/log20100515.zip,NOT_DOWNLOADED_SANDBOX_NETWORK_BLOCKED
2010-05-16,2010,2,https://www.sec.gov/dera/data/Public-EDGAR-log-file-data/2010/Qtr2/log20100516.zip,NOT_DOWNLOADED_SANDBOX_NETWORK_BLOCKED
2010-05-17,2010,2,https://www.sec.gov/dera/data/Public-EDGAR-log-file-data/2010/Qtr2/log20100517.zip,NOT_DOWNLOADED_SANDBOX_NETWORK_BLOCKED
2010-05-18,2010,2,https://www.sec.gov/dera/data/Public-EDGAR-log-file-data/2010/Qtr2/log20100518.zip,NOT_DOWNLOADED_SANDBOX_NETWORK_BLOCKED
2010-05-19,2010,2,https://www.sec.gov/dera/data/Public-EDGAR-log-file-data/2010/Qtr2/log20100519.zip,NOT_DOWNLOADED_SANDBOX_NETWORK_BLOCKED
2010-05-20,2010,2,https://www.sec.gov/dera/data/Public-EDGAR-log-file-data/2010/Qtr2/log20100520.zip,NOT_DOWNLOADED_SANDBOX_NETWORK_BLOCKED
2010-05-21,2010,2,https://www.sec.gov/dera/data/Public-EDGAR-log-file-data/2010/Qtr2/log20100521.zip,NOT_DOWNLOADED_SANDBOX_NETWORK_BLOCKED
2010-05-22,2010,2,https://www.sec.gov/dera/data/Public-EDGAR-log-file-data/2010/Qtr2/log20100522.zip,NOT_DOWNLOADED_SANDBOX_NETWORK_BLOCKED
2010-05-23,2010,2,https://www.sec.gov/dera/data/Public-EDGAR-log-file-data/2010/Qtr2/log20100523.zip,NOT_DOWNLOADED_SANDBOX_NETWORK_BLOCKED
2010-05-24,2010,2,https://www.sec.gov/dera/data/Public-EDGAR-log-file-data/2010/Qtr2/log20100524.zip,NOT_DOWNLOADED_SANDBOX_NETWORK_BLOCKED
2010-05-25,2010,2,https://www.sec.gov/dera/data/Public-EDGAR-log-file-data/2010/Qtr2/log20100525.zip,NOT_DOWNLOADED_SANDBOX_NETWORK_BLOCKED
2010-05-26,2010,2,https://www.sec.gov/dera/data/Public-EDGAR-log-file-data/2010/Qtr2/log20100526.zip,NOT_DOWNLOADED_SANDBOX_NETWORK_BLOCKED
2010-05-27,2010,2,https://www.sec.gov/dera/data/Public-EDGAR-log-file-data/2010/Qtr2/log20100527.zip,NOT_DOWNLOADED_SANDBOX_NETWORK_BLOCKED
2010-05-28,2010,2,https://www.sec.gov/dera/data/Public-EDGAR-log-file-data/2010/Qtr2/log20100528.zip,NOT_DOWNLOADED_SANDBOX_NETWORK_BLOCKED
2010-05-29,2010,2,https://www.sec.gov/dera/data/Public-EDGAR-log-file-data/2010/Qtr2/log20100529.zip,NOT_DOWNLOADED_SANDBOX_NETWORK_BLOCKED
2010-05-30,2010,2,https://www.sec.gov/dera/data/Public-EDGAR-log-file-data/2010/Qtr2/log20100530.zip,NOT_DOWNLOADED_SANDBOX_NETWORK_BLOCKED
2010-08-17,2010,3,https://www.sec.gov/dera/data/Public-EDGAR-log-file-data/2010/Qtr3/log20100817.zip,NOT_DOWNLOADED_SANDBOX_NETWORK_BLOCKED
2010-08-18,2010,3,https://www.sec.gov/dera/data/Public-EDGAR-log-file-data/2010/Qtr3/log20100818.zip,NOT_DOWNLOADED_SANDBOX_NETWORK_BLOCKED
2010-08-19,2010,3,https://www.sec.gov/dera/data/Public-EDGAR-log-file-data/2010/Qtr3/log20100819.zip,NOT_DOWNLOADED_SANDBOX_NETWORK_BLOCKED
2010-08-20,2010,3,https://www.sec.gov/dera/data/Public-EDGAR-log-file-data/2010/Qtr3/log20100820.zip,NOT_DOWNLOADED_SANDBOX_NETWORK_BLOCKED
2010-08-21,2010,3,https://www.sec.gov/dera/data/Public-EDGAR-log-file-data/2010/Qtr3/log20100821.zip,NOT_DOWNLOADED_SANDBOX_NETWORK_BLOCKED
2010-08-22,2010,3,https://www.sec.gov/dera/data/Public-EDGAR-log-file-data/2010/Qtr3/log20100822.zip,NOT_DOWNLOADED_SANDBOX_NETWORK_BLOCKED
2010-08-23,2010,3,https://www.sec.gov/dera/data/Public-EDGAR-log-file-data/2010/Qtr3/log20100823.zip,NOT_DOWNLOADED_SANDBOX_NETWORK_BLOCKED
2010-08-24,2010,3,https://www.sec.gov/dera/data/Public-EDGAR-log-file-data/2010/Qtr3/log20100824.zip,NOT_DOWNLOADED_SANDBOX_NETWORK_BLOCKED
2010-08-25,2010,3,https://www.sec.gov/dera/data/Public-EDGAR-log-file-data/2010/Qtr3/log20100825.zip,NOT_DOWNLOADED_SANDBOX_NETWORK_BLOCKED
2010-08-26,2010,3,https://www.sec.gov/dera/data/Public-EDGAR-log-file-data/2010/Qtr3/log20100826.zip,NOT_DOWNLOADED_SANDBOX_NETWORK_BLOCKED
2010-08-27,2010,3,https://www.sec.gov/dera/data/Public-EDGAR-log-file-data/2010/Qtr3/log20100827.zip,NOT_DOWNLOADED_SANDBOX_NETWORK_BLOCKED
2010-08-28,2010,3,https://www.sec.gov/dera/data/Public-EDGAR-log-file-data/2010/Qtr3/log20100828.zip,NOT_DOWNLOADED_SANDBOX_NETWORK_BLOCKED
2010-08-29,2010,3,https://www.sec.gov/dera/data/Public-EDGAR-log-file-data/2010/Qtr3/log20100829.zip,NOT_DOWNLOADED_SANDBOX_NETWORK_BLOCKED
2010-08-30,2010,3,https://www.sec.gov/dera/data/Public-EDGAR-log-file-data/2010/Qtr3/log20100830.zip,NOT_DOWNLOADED_SANDBOX_NETWORK_BLOCKED
2010-08-31,2010,3,https://www.sec.gov/dera/data/Public-EDGAR-log-file-data/2010/Qtr3/log20100831.zip,NOT_DOWNLOADED_SANDBOX_NETWORK_BLOCKED
2010-09-01,2010,3,https://www.sec.gov/dera/data/Public-EDGAR-log-file-data/2010/Qtr3/log20100901.zip,NOT_DOWNLOADED_SANDBOX_NETWORK_BLOCKED
2010-09-02,2010,3,https://www.sec.gov/dera/data/Public-EDGAR-log-file-data/2010/Qtr3/log20100902.zip,NOT_DOWNLOADED_SANDBOX_NETWORK_BLOCKED
2010-09-03,2010,3,https://www.sec.gov/dera/data/Public-EDGAR-log-file-data/2010/Qtr3/log20100903.zip,NOT_DOWNLOADED_SANDBOX_NETWORK_BLOCKED
2010-09-04,2010,3,https://www.sec.gov/dera/data/Public-EDGAR-log-file-data/2010/Qtr3/log20100904.zip,NOT_DOWNLOADED_SANDBOX_NETWORK_BLOCKED
2010-09-05,2010,3,https://www.sec.gov/dera/data/Public-EDGAR-log-file-data/2010/Qtr3/log20100905.zip,NOT_DOWNLOADED_SANDBOX_NETWORK_BLOCKED
2010-09-06,2010,3,https://www.sec.gov/dera/data/Public-EDGAR-log-file-data/2010/Qtr3/log20100906.zip,NOT_DOWNLOADED_SANDBOX_NETWORK_BLOCKED
2010-09-07,2010,3,https://www.sec.gov/dera/data/Public-EDGAR-log-file-data/2010/Qtr3/log20100907.zip,NOT_DOWNLOADED_SANDBOX_NETWORK_BLOCKED
2010-09-08,2010,3,https://www.sec.gov/dera/data/Public-EDGAR-log-file-data/2010/Qtr3/log20100908.zip,NOT_DOWNLOADED_SANDBOX_NETWORK_BLOCKED
2010-10-18,2010,4,https://www.sec.gov/dera/data/Public-EDGAR-log-file-data/2010/Qtr4/log20101018.zip,NOT_DOWNLOADED_SANDBOX_NETWORK_BLOCKED
2010-10-19,2010,4,https://www.sec.gov/dera/data/Public-EDGAR-log-file-data/2010/Qtr4/log20101019.zip,NOT_DOWNLOADED_SANDBOX_NETWORK_BLOCKED
2010-10-20,2010,4,https://www.sec.gov/dera/data/Public-EDGAR-log-file-data/2010/Qtr4/log20101020.zip,NOT_DOWNLOADED_SANDBOX_NETWORK_BLOCKED
2010-10-21,2010,4,https://www.sec.gov/dera/data/Public-EDGAR-log-file-data/2010/Qtr4/log20101021.zip,NOT_DOWNLOADED_SANDBOX_NETWORK_BLOCKED
2010-10-22,2010,4,https://www.sec.gov/dera/data/Public-EDGAR-log-file-data/2010/Qtr4/log20101022.zip,NOT_DOWNLOADED_SANDBOX_NETWORK_BLOCKED
2010-10-23,2010,4,https://www.sec.gov/dera/data/Public-EDGAR-log-file-data/2010/Qtr4/log20101023.zip,NOT_DOWNLOADED_SANDBOX_NETWORK_BLOCKED
2010-10-24,2010,4,https://www.sec.gov/dera/data/Public-EDGAR-log-file-data/2010/Qtr4/log20101024.zip,NOT_DOWNLOADED_SANDBOX_NETWORK_BLOCKED
2010-10-25,2010,4,https://www.sec.gov/dera/data/Public-EDGAR-log-file-data/2010/Qtr4/log20101025.zip,NOT_DOWNLOADED_SANDBOX_NETWORK_BLOCKED
2010-10-26,2010,4,https://www.sec.gov/dera/data/Public-EDGAR-log-file-data/2010/Qtr4/log20101026.zip,NOT_DOWNLOADED_SANDBOX_NETWORK_BLOCKED
2010-10-27,2010,4,https://www.sec.gov/dera/data/Public-EDGAR-log-file-data/2010/Qtr4/log20101027.zip,NOT_DOWNLOADED_SANDBOX_NETWORK_BLOCKED
2010-10-28,2010,4,https://www.sec.gov/dera/data/Public-EDGAR-log-file-data/2010/Qtr4/log20101028.zip,NOT_DOWNLOADED_SANDBOX_NETWORK_BLOCKED
2010-10-29,2010,4,https://www.sec.gov/dera/data/Public-EDGAR-log-file-data/2010/Qtr4/log20101029.zip,NOT_DOWNLOADED_SANDBOX_NETWORK_BLOCKED
2010-10-30,2010,4,https://www.sec.gov/dera/data/Public-EDGAR-log-file-data/2010/Qtr4/log20101030.zip,NOT_DOWNLOADED_SANDBOX_NETWORK_BLOCKED
2010-10-31,2010,4,https://www.sec.gov/dera/data/Public-EDGAR-log-file-data/2010/Qtr4/log20101031.zip,NOT_DOWNLOADED_SANDBOX_NETWORK_BLOCKED
2010-11-01,2010,4,https://www.sec.gov/dera/data/Public-EDGAR-log-file-data/2010/Qtr4/log20101101.zip,NOT_DOWNLOADED_SANDBOX_NETWORK_BLOCKED
2010-11-02,2010,4,https://www.sec.gov/dera/data/Public-EDGAR-log-file-data/2010/Qtr4/log20101102.zip,NOT_DOWNLOADED_SANDBOX_NETWORK_BLOCKED
2010-11-14,2010,4,https://www.sec.gov/dera/data/Public-EDGAR-log-file-data/2010/Qtr4/log20101114.zip,NOT_DOWNLOADED_SANDBOX_NETWORK_BLOCKED
2010-11-15,2010,4,https://www.sec.gov/dera/data/Public-EDGAR-log-file-data/2010/Qtr4/log20101115.zip,NOT_DOWNLOADED_SANDBOX_NETWORK_BLOCKED
2010-11-16,2010,4,https://www.sec.gov/dera/data/Public-EDGAR-log-file-data/2010/Qtr4/log20101116.zip,NOT_DOWNLOADED_SANDBOX_NETWORK_BLOCKED
2010-11-17,2010,4,https://www.sec.gov/dera/data/Public-EDGAR-log-file-data/2010/Qtr4/log20101117.zip,NOT_DOWNLOADED_SANDBOX_NETWORK_BLOCKED
2010-11-18,2010,4,https://www.sec.gov/dera/data/Public-EDGAR-log-file-data/2010/Qtr4/log20101118.zip,NOT_DOWNLOADED_SANDBOX_NETWORK_BLOCKED
2010-11-19,2010,4,https://www.sec.gov/dera/data/Public-EDGAR-log-file-data/2010/Qtr4/log20101119.zip,NOT_DOWNLOADED_SANDBOX_NETWORK_BLOCKED
2010-11-20,2010,4,https://www.sec.gov/dera/data/Public-EDGAR-log-file-data/2010/Qtr4/log20101120.zip,NOT_DOWNLOADED_SANDBOX_NETWORK_BLOCKED
2010-11-21,2010,4,https://www.sec.gov/dera/data/Public-EDGAR-log-file-data/2010/Qtr4/log20101121.zip,NOT_DOWNLOADED_SANDBOX_NETWORK_BLOCKED
2010-11-22,2010,4,https://www.sec.gov/dera/data/Public-EDGAR-log-file-data/2010/Qtr4/log20101122.zip,NOT_DOWNLOADED_SANDBOX_NETWORK_BLOCKED
2010-11-23,2010,4,https://www.sec.gov/dera/data/Public-EDGAR-log-file-data/2010/Qtr4/log20101123.zip,NOT_DOWNLOADED_SANDBOX_NETWORK_BLOCKED
2010-11-24,2010,4,https://www.sec.gov/dera/data/Public-EDGAR-log-file-data/2010/Qtr4/log20101124.zip,NOT_DOWNLOADED_SANDBOX_NETWORK_BLOCKED
2010-11-25,2010,4,https://www.sec.gov/dera/data/Public-EDGAR-log-file-data/2010/Qtr4/log20101125.zip,NOT_DOWNLOADED_SANDBOX_NETWORK_BLOCKED
2010-11-26,2010,4,https://www.sec.gov/dera/data/Public-EDGAR-log-file-data/2010/Qtr4/log20101126.zip,NOT_DOWNLOADED_SANDBOX_NETWORK_BLOCKED
2010-11-27,2010,4,https://www.sec.gov/dera/data/Public-EDGAR-log-file-data/2010/Qtr4/log20101127.zip,NOT_DOWNLOADED_SANDBOX_NETWORK_BLOCKED
2010-11-28,2010,4,https://www.sec.gov/dera/data/Public-EDGAR-log-file-data/2010/Qtr4/log20101128.zip,NOT_DOWNLOADED_SANDBOX_NETWORK_BLOCKED
2010-11-29,2010,4,https://www.sec.gov/dera/data/Public-EDGAR-log-file-data/2010/Qtr4/log20101129.zip,NOT_DOWNLOADED_SANDBOX_NETWORK_BLOCKED
2011-01-10,2011,1,https://www.sec.gov/dera/data/Public-EDGAR-log-file-data/2011/Qtr1/log20110110.zip,NOT_DOWNLOADED_SANDBOX_NETWORK_BLOCKED
2011-01-11,2011,1,https://www.sec.gov/dera/data/Public-EDGAR-log-file-data/2011/Qtr1/log20110111.zip,NOT_DOWNLOADED_SANDBOX_NETWORK_BLOCKED
2011-01-12,2011,1,https://www.sec.gov/dera/data/Public-EDGAR-log-file-data/2011/Qtr1/log20110112.zip,NOT_DOWNLOADED_SANDBOX_NETWORK_BLOCKED
2011-01-13,2011,1,https://www.sec.gov/dera/data/Public-EDGAR-log-file-data/2011/Qtr1/log20110113.zip,NOT_DOWNLOADED_SANDBOX_NETWORK_BLOCKED
2011-01-14,2011,1,https://www.sec.gov/dera/data/Public-EDGAR-log-file-data/2011/Qtr1/log20110114.zip,NOT_DOWNLOADED_SANDBOX_NETWORK_BLOCKED
2011-01-15,2011,1,https://www.sec.gov/dera/data/Public-EDGAR-log-file-data/2011/Qtr1/log20110115.zip,NOT_DOWNLOADED_SANDBOX_NETWORK_BLOCKED
2011-01-16,2011,1,https://www.sec.gov/dera/data/Public-EDGAR-log-file-data/2011/Qtr1/log20110116.zip,NOT_DOWNLOADED_SANDBOX_NETWORK_BLOCKED
2011-01-17,2011,1,https://www.sec.gov/dera/data/Public-EDGAR-log-file-data/2011/Qtr1/log20110117.zip,NOT_DOWNLOADED_SANDBOX_NETWORK_BLOCKED
2011-01-18,2011,1,https://www.sec.gov/dera/data/Public-EDGAR-log-file-data/2011/Qtr1/log20110118.zip,NOT_DOWNLOADED_SANDBOX_NETWORK_BLOCKED
2011-01-19,2011,1,https://www.sec.gov/dera/data/Public-EDGAR-log-file-data/2011/Qtr1/log20110119.zip,NOT_DOWNLOADED_SANDBOX_NETWORK_BLOCKED
2011-01-20,2011,1,https://www.sec.gov/dera/data/Public-EDGAR-log-file-data/2011/Qtr1/log20110120.zip,NOT_DOWNLOADED_SANDBOX_NETWORK_BLOCKED
2011-01-21,2011,1,https://www.sec.gov/dera/data/Public-EDGAR-log-file-data/2011/Qtr1/log20110121.zip,NOT_DOWNLOADED_SANDBOX_NETWORK_BLOCKED
2011-01-22,2011,1,https://www.sec.gov/dera/data/Public-EDGAR-log-file-data/2011/Qtr1/log20110122.zip,NOT_DOWNLOADED_SANDBOX_NETWORK_BLOCKED
2011-01-23,2011,1,https://www.sec.gov/dera/data/Public-EDGAR-log-file-data/2011/Qtr1/log20110123.zip,NOT_DOWNLOADED_SANDBOX_NETWORK_BLOCKED
2011-01-24,2011,1,https://www.sec.gov/dera/data/Public-EDGAR-log-file-data/2011/Qtr1/log20110124.zip,NOT_DOWNLOADED_SANDBOX_NETWORK_BLOCKED
2011-01-25,2011,1,https://www.sec.gov/dera/data/Public-EDGAR-log-file-data/2011/Qtr1/log20110125.zip,NOT_DOWNLOADED_SANDBOX_NETWORK_BLOCKED
2011-01-26,2011,1,https://www.sec.gov/dera/data/Public-EDGAR-log-file-data/2011/Qtr1/log20110126.zip,NOT_DOWNLOADED_SANDBOX_NETWORK_BLOCKED
2011-01-27,2011,1,https://www.sec.gov/dera/data/Public-EDGAR-log-file-data/2011/Qtr1/log20110127.zip,NOT_DOWNLOADED_SANDBOX_NETWORK_BLOCKED
2011-01-28,2011,1,https://www.sec.gov/dera/data/Public-EDGAR-log-file-data/2011/Qtr1/log20110128.zip,NOT_DOWNLOADED_SANDBOX_NETWORK_BLOCKED
2011-01-29,2011,1,https://www.sec.gov/dera/data/Public-EDGAR-log-file-data/2011/Qtr1/log20110129.zip,NOT_DOWNLOADED_SANDBOX_NETWORK_BLOCKED
2011-01-30,2011,1,https://www.sec.gov/dera/data/Public-EDGAR-log-file-data/2011/Qtr1/log20110130.zip,NOT_DOWNLOADED_SANDBOX_NETWORK_BLOCKED
2011-01-31,2011,1,https://www.sec.gov/dera/data/Public-EDGAR-log-file-data/2011/Qtr1/log20110131.zip,NOT_DOWNLOADED_SANDBOX_NETWORK_BLOCKED
2011-02-01,2011,1,https://www.sec.gov/dera/data/Public-EDGAR-log-file-data/2011/Qtr1/log20110201.zip,NOT_DOWNLOADED_SANDBOX_NETWORK_BLOCKED
2011-02-02,2011,1,https://www.sec.gov/dera/data/Public-EDGAR-log-file-data/2011/Qtr1/log20110202.zip,NOT_DOWNLOADED_SANDBOX_NETWORK_BLOCKED
2011-02-03,2011,1,https://www.sec.gov/dera/data/Public-EDGAR-log-file-data/2011/Qtr1/log20110203.zip,NOT_DOWNLOADED_SANDBOX_NETWORK_BLOCKED
2011-02-04,2011,1,https://www.sec.gov/dera/data/Public-EDGAR-log-file-data/2011/Qtr1/log20110204.zip,NOT_DOWNLOADED_SANDBOX_NETWORK_BLOCKED
2011-02-05,2011,1,https://www.sec.gov/dera/data/Public-EDGAR-log-file-data/2011/Qtr1/log20110205.zip,NOT_DOWNLOADED_SANDBOX_NETWORK_BLOCKED
2011-02-06,2011,1,https://www.sec.gov/dera/data/Public-EDGAR-log-file-data/2011/Qtr1/log20110206.zip,NOT_DOWNLOADED_SANDBOX_NETWORK_BLOCKED
2011-02-07,2011,1,https://www.sec.gov/dera/data/Public-EDGAR-log-file-data/2011/Qtr1/log20110207.zip,NOT_DOWNLOADED_SANDBOX_NETWORK_BLOCKED
2011-02-14,2011,1,https://www.sec.gov/dera/data/Public-EDGAR-log-file-data/2011/Qtr1/log20110214.zip,NOT_DOWNLOADED_SANDBOX_NETWORK_BLOCKED
2011-02-15,2011,1,https://www.sec.gov/dera/data/Public-EDGAR-log-file-data/2011/Qtr1/log20110215.zip,NOT_DOWNLOADED_SANDBOX_NETWORK_BLOCKED
2011-02-16,2011,1,https://www.sec.gov/dera/data/Public-EDGAR-log-file-data/2011/Qtr1/log20110216.zip,NOT_DOWNLOADED_SANDBOX_NETWORK_BLOCKED
2011-02-17,2011,1,https://www.sec.gov/dera/data/Public-EDGAR-log-file-data/2011/Qtr1/log20110217.zip,NOT_DOWNLOADED_SANDBOX_NETWORK_BLOCKED
2011-02-18,2011,1,https://www.sec.gov/dera/data/Public-EDGAR-log-file-data/2011/Qtr1/log20110218.zip,NOT_DOWNLOADED_SANDBOX_NETWORK_BLOCKED
2011-02-19,2011,1,https://www.sec.gov/dera/data/Public-EDGAR-log-file-data/2011/Qtr1/log20110219.zip,NOT_DOWNLOADED_SANDBOX_NETWORK_BLOCKED
2011-02-20,2011,1,https://www.sec.gov/dera/data/Public-EDGAR-log-file-data/2011/Qtr1/log20110220.zip,NOT_DOWNLOADED_SANDBOX_NETWORK_BLOCKED
2011-02-21,2011,1,https://www.sec.gov/dera/data/Public-EDGAR-log-file-data/2011/Qtr1/log20110221.zip,NOT_DOWNLOADED_SANDBOX_NETWORK_BLOCKED
2011-02-22,2011,1,https://www.sec.gov/dera/data/Public-EDGAR-log-file-data/2011/Qtr1/log20110222.zip,NOT_DOWNLOADED_SANDBOX_NETWORK_BLOCKED
2011-02-23,2011,1,https://www.sec.gov/dera/data/Public-EDGAR-log-file-data/2011/Qtr1/log20110223.zip,NOT_DOWNLOADED_SANDBOX_NETWORK_BLOCKED
2011-02-24,2011,1,https://www.sec.gov/dera/data/Public-EDGAR-log-file-data/2011/Qtr1/log20110224.zip,NOT_DOWNLOADED_SANDBOX_NETWORK_BLOCKED
2011-02-25,2011,1,https://www.sec.gov/dera/data/Public-EDGAR-log-file-data/2011/Qtr1/log20110225.zip,NOT_DOWNLOADED_SANDBOX_NETWORK_BLOCKED
2011-02-26,2011,1,https://www.sec.gov/dera/data/Public-EDGAR-log-file-data/2011/Qtr1/log20110226.zip,NOT_DOWNLOADED_SANDBOX_NETWORK_BLOCKED
2011-02-27,2011,1,https://www.sec.gov/dera/data/Public-EDGAR-log-file-data/2011/Qtr1/log20110227.zip,NOT_DOWNLOADED_SANDBOX_NETWORK_BLOCKED
2011-02-28,2011,1,https://www.sec.gov/dera/data/Public-EDGAR-log-file-data/2011/Qtr1/log20110228.zip,NOT_DOWNLOADED_SANDBOX_NETWORK_BLOCKED
2011-03-01,2011,1,https://www.sec.gov/dera/data/Public-EDGAR-log-file-data/2011/Qtr1/log20110301.zip,NOT_DOWNLOADED_SANDBOX_NETWORK_BLOCKED
2011-03-19,2011,1,https://www.sec.gov/dera/data/Public-EDGAR-log-file-data/2011/Qtr1/log20110319.zip,NOT_DOWNLOADED_SANDBOX_NETWORK_BLOCKED
2011-03-20,2011,1,https://www.sec.gov/dera/data/Public-EDGAR-log-file-data/2011/Qtr1/log20110320.zip,NOT_DOWNLOADED_SANDBOX_NETWORK_BLOCKED
2011-03-21,2011,1,https://www.sec.gov/dera/data/Public-EDGAR-log-file-data/2011/Qtr1/log20110321.zip,NOT_DOWNLOADED_SANDBOX_NETWORK_BLOCKED
2011-03-22,2011,1,https://www.sec.gov/dera/data/Public-EDGAR-log-file-data/2011/Qtr1/log20110322.zip,NOT_DOWNLOADED_SANDBOX_NETWORK_BLOCKED
2011-03-23,2011,1,https://www.sec.gov/dera/data/Public-EDGAR-log-file-data/2011/Qtr1/log20110323.zip,NOT_DOWNLOADED_SANDBOX_NETWORK_BLOCKED
2011-03-24,2011,1,https://www.sec.gov/dera/data/Public-EDGAR-log-file-data/2011/Qtr1/log20110324.zip,NOT_DOWNLOADED_SANDBOX_NETWORK_BLOCKED
2011-03-25,2011,1,https://www.sec.gov/dera/data/Public-EDGAR-log-file-data/2011/Qtr1/log20110325.zip,NOT_DOWNLOADED_SANDBOX_NETWORK_BLOCKED
2011-03-26,2011,1,https://www.sec.gov/dera/data/Public-EDGAR-log-file-data/2011/Qtr1/log20110326.zip,NOT_DOWNLOADED_SANDBOX_NETWORK_BLOCKED
2011-03-27,2011,1,https://www.sec.gov/dera/data/Public-EDGAR-log-file-data/2011/Qtr1/log20110327.zip,NOT_DOWNLOADED_SANDBOX_NETWORK_BLOCKED
2011-03-28,2011,1,https://www.sec.gov/dera/data/Public-EDGAR-log-file-data/2011/Qtr1/log20110328.zip,NOT_DOWNLOADED_SANDBOX_NETWORK_BLOCKED
2011-03-29,2011,1,https://www.sec.gov/dera/data/Public-EDGAR-log-file-data/2011/Qtr1/log20110329.zip,NOT_DOWNLOADED_SANDBOX_NETWORK_BLOCKED
2011-03-30,2011,1,https://www.sec.gov/dera/data/Public-EDGAR-log-file-data/2011/Qtr1/log20110330.zip,NOT_DOWNLOADED_SANDBOX_NETWORK_BLOCKED
2011-03-31,2011,1,https://www.sec.gov/dera/data/Public-EDGAR-log-file-data/2011/Qtr1/log20110331.zip,NOT_DOWNLOADED_SANDBOX_NETWORK_BLOCKED
2011-04-01,2011,2,https://www.sec.gov/dera/data/Public-EDGAR-log-file-data/2011/Qtr2/log20110401.zip,NOT_DOWNLOADED_SANDBOX_NETWORK_BLOCKED
2011-04-02,2011,2,https://www.sec.gov/dera/data/Public-EDGAR-log-file-data/2011/Qtr2/log20110402.zip,NOT_DOWNLOADED_SANDBOX_NETWORK_BLOCKED
2011-04-03,2011,2,https://www.sec.gov/dera/data/Public-EDGAR-log-file-data/2011/Qtr2/log20110403.zip,NOT_DOWNLOADED_SANDBOX_NETWORK_BLOCKED
2011-04-09,2011,2,https://www.sec.gov/dera/data/Public-EDGAR-log-file-data/2011/Qtr2/log20110409.zip,NOT_DOWNLOADED_SANDBOX_NETWORK_BLOCKED
2011-04-10,2011,2,https://www.sec.gov/dera/data/Public-EDGAR-log-file-data/2011/Qtr2/log20110410.zip,NOT_DOWNLOADED_SANDBOX_NETWORK_BLOCKED
2011-04-11,2011,2,https://www.sec.gov/dera/data/Public-EDGAR-log-file-data/2011/Qtr2/log20110411.zip,NOT_DOWNLOADED_SANDBOX_NETWORK_BLOCKED
2011-04-12,2011,2,https://www.sec.gov/dera/data/Public-EDGAR-log-file-data/2011/Qtr2/log20110412.zip,NOT_DOWNLOADED_SANDBOX_NETWORK_BLOCKED
2011-04-13,2011,2,https://www.sec.gov/dera/data/Public-EDGAR-log-file-data/2011/Qtr2/log20110413.zip,NOT_DOWNLOADED_SANDBOX_NETWORK_BLOCKED
2011-04-14,2011,2,https://www.sec.gov/dera/data/Public-EDGAR-log-file-data/2011/Qtr2/log20110414.zip,NOT_DOWNLOADED_SANDBOX_NETWORK_BLOCKED
2011-04-15,2011,2,https://www.sec.gov/dera/data/Public-EDGAR-log-file-data/2011/Qtr2/log20110415.zip,NOT_DOWNLOADED_SANDBOX_NETWORK_BLOCKED
2011-04-16,2011,2,https://www.sec.gov/dera/data/Public-EDGAR-log-file-data/2011/Qtr2/log20110416.zip,NOT_DOWNLOADED_SANDBOX_NETWORK_BLOCKED
2011-04-17,2011,2,https://www.sec.gov/dera/data/Public-EDGAR-log-file-data/2011/Qtr2/log20110417.zip,NOT_DOWNLOADED_SANDBOX_NETWORK_BLOCKED
2011-04-18,2011,2,https://www.sec.gov/dera/data/Public-EDGAR-log-file-data/2011/Qtr2/log20110418.zip,NOT_DOWNLOADED_SANDBOX_NETWORK_BLOCKED
2011-04-19,2011,2,https://www.sec.gov/dera/data/Public-EDGAR-log-file-data/2011/Qtr2/log20110419.zip,NOT_DOWNLOADED_SANDBOX_NETWORK_BLOCKED
2011-04-20,2011,2,https://www.sec.gov/dera/data/Public-EDGAR-log-file-data/2011/Qtr2/log20110420.zip,NOT_DOWNLOADED_SANDBOX_NETWORK_BLOCKED
2011-04-21,2011,2,https://www.sec.gov/dera/data/Public-EDGAR-log-file-data/2011/Qtr2/log20110421.zip,NOT_DOWNLOADED_SANDBOX_NETWORK_BLOCKED
2011-04-22,2011,2,https://www.sec.gov/dera/data/Public-EDGAR-log-file-data/2011/Qtr2/log20110422.zip,NOT_DOWNLOADED_SANDBOX_NETWORK_BLOCKED
2011-04-23,2011,2,https://www.sec.gov/dera/data/Public-EDGAR-log-file-data/2011/Qtr2/log20110423.zip,NOT_DOWNLOADED_SANDBOX_NETWORK_BLOCKED
2011-04-24,2011,2,https://www.sec.gov/dera/data/Public-EDGAR-log-file-data/2011/Qtr2/log20110424.zip,NOT_DOWNLOADED_SANDBOX_NETWORK_BLOCKED
2011-04-25,2011,2,https://www.sec.gov/dera/data/Public-EDGAR-log-file-data/2011/Qtr2/log20110425.zip,NOT_DOWNLOADED_SANDBOX_NETWORK_BLOCKED
2011-04-26,2011,2,https://www.sec.gov/dera/data/Public-EDGAR-log-file-data/2011/Qtr2/log20110426.zip,NOT_DOWNLOADED_SANDBOX_NETWORK_BLOCKED
2011-04-27,2011,2,https://www.sec.gov/dera/data/Public-EDGAR-log-file-data/2011/Qtr2/log20110427.zip,NOT_DOWNLOADED_SANDBOX_NETWORK_BLOCKED
2011-04-28,2011,2,https://www.sec.gov/dera/data/Public-EDGAR-log-file-data/2011/Qtr2/log20110428.zip,NOT_DOWNLOADED_SANDBOX_NETWORK_BLOCKED
2011-04-29,2011,2,https://www.sec.gov/dera/data/Public-EDGAR-log-file-data/2011/Qtr2/log20110429.zip,NOT_DOWNLOADED_SANDBOX_NETWORK_BLOCKED
2011-04-30,2011,2,https://www.sec.gov/dera/data/Public-EDGAR-log-file-data/2011/Qtr2/log20110430.zip,NOT_DOWNLOADED_SANDBOX_NETWORK_BLOCKED
2011-05-01,2011,2,https://www.sec.gov/dera/data/Public-EDGAR-log-file-data/2011/Qtr2/log20110501.zip,NOT_DOWNLOADED_SANDBOX_NETWORK_BLOCKED
2011-05-02,2011,2,https://www.sec.gov/dera/data/Public-EDGAR-log-file-data/2011/Qtr2/log20110502.zip,NOT_DOWNLOADED_SANDBOX_NETWORK_BLOCKED
2011-05-03,2011,2,https://www.sec.gov/dera/data/Public-EDGAR-log-file-data/2011/Qtr2/log20110503.zip,NOT_DOWNLOADED_SANDBOX_NETWORK_BLOCKED
2011-05-04,2011,2,https://www.sec.gov/dera/data/Public-EDGAR-log-file-data/2011/Qtr2/log20110504.zip,NOT_DOWNLOADED_SANDBOX_NETWORK_BLOCKED
2011-05-05,2011,2,https://www.sec.gov/dera/data/Public-EDGAR-log-file-data/2011/Qtr2/log20110505.zip,NOT_DOWNLOADED_SANDBOX_NETWORK_BLOCKED
2011-05-06,2011,2,https://www.sec.gov/dera/data/Public-EDGAR-log-file-data/2011/Qtr2/log20110506.zip,NOT_DOWNLOADED_SANDBOX_NETWORK_BLOCKED
2011-05-07,2011,2,https://www.sec.gov/dera/data/Public-EDGAR-log-file-data/2011/Qtr2/log20110507.zip,NOT_DOWNLOADED_SANDBOX_NETWORK_BLOCKED
2011-05-08,2011,2,https://www.sec.gov/dera/data/Public-EDGAR-log-file-data/2011/Qtr2/log20110508.zip,NOT_DOWNLOADED_SANDBOX_NETWORK_BLOCKED
2011-05-09,2011,2,https://www.sec.gov/dera/data/Public-EDGAR-log-file-data/2011/Qtr2/log20110509.zip,NOT_DOWNLOADED_SANDBOX_NETWORK_BLOCKED
2011-05-10,2011,2,https://www.sec.gov/dera/data/Public-EDGAR-log-file-data/2011/Qtr2/log20110510.zip,NOT_DOWNLOADED_SANDBOX_NETWORK_BLOCKED
2011-05-11,2011,2,https://www.sec.gov/dera/data/Public-EDGAR-log-file-data/2011/Qtr2/log20110511.zip,NOT_DOWNLOADED_SANDBOX_NETWORK_BLOCKED
2011-05-12,2011,2,https://www.sec.gov/dera/data/Public-EDGAR-log-file-data/2011/Qtr2/log20110512.zip,NOT_DOWNLOADED_SANDBOX_NETWORK_BLOCKED
2011-05-13,2011,2,https://www.sec.gov/dera/data/Public-EDGAR-log-file-data/2011/Qtr2/log20110513.zip,NOT_DOWNLOADED_SANDBOX_NETWORK_BLOCKED
2011-05-14,2011,2,https://www.sec.gov/dera/data/Public-EDGAR-log-file-data/2011/Qtr2/log20110514.zip,NOT_DOWNLOADED_SANDBOX_NETWORK_BLOCKED
2011-05-15,2011,2,https://www.sec.gov/dera/data/Public-EDGAR-log-file-data/2011/Qtr2/log20110515.zip,NOT_DOWNLOADED_SANDBOX_NETWORK_BLOCKED
2011-05-16,2011,2,https://www.sec.gov/dera/data/Public-EDGAR-log-file-data/2011/Qtr2/log20110516.zip,NOT_DOWNLOADED_SANDBOX_NETWORK_BLOCKED
2011-05-17,2011,2,https://www.sec.gov/dera/data/Public-EDGAR-log-file-data/2011/Qtr2/log20110517.zip,NOT_DOWNLOADED_SANDBOX_NETWORK_BLOCKED
2011-05-29,2011,2,https://www.sec.gov/dera/data/Public-EDGAR-log-file-data/2011/Qtr2/log20110529.zip,NOT_DOWNLOADED_SANDBOX_NETWORK_BLOCKED
2011-05-30,2011,2,https://www.sec.gov/dera/data/Public-EDGAR-log-file-data/2011/Qtr2/log20110530.zip,NOT_DOWNLOADED_SANDBOX_NETWORK_BLOCKED
2011-05-31,2011,2,https://www.sec.gov/dera/data/Public-EDGAR-log-file-data/2011/Qtr2/log20110531.zip,NOT_DOWNLOADED_SANDBOX_NETWORK_BLOCKED
2011-06-01,2011,2,https://www.sec.gov/dera/data/Public-EDGAR-log-file-data/2011/Qtr2/log20110601.zip,NOT_DOWNLOADED_SANDBOX_NETWORK_BLOCKED
2011-06-02,2011,2,https://www.sec.gov/dera/data/Public-EDGAR-log-file-data/2011/Qtr2/log20110602.zip,NOT_DOWNLOADED_SANDBOX_NETWORK_BLOCKED
2011-06-03,2011,2,https://www.sec.gov/dera/data/Public-EDGAR-log-file-data/2011/Qtr2/log20110603.zip,NOT_DOWNLOADED_SANDBOX_NETWORK_BLOCKED
2011-06-04,2011,2,https://www.sec.gov/dera/data/Public-EDGAR-log-file-data/2011/Qtr2/log20110604.zip,NOT_DOWNLOADED_SANDBOX_NETWORK_BLOCKED
2011-06-05,2011,2,https://www.sec.gov/dera/data/Public-EDGAR-log-file-data/2011/Qtr2/log20110605.zip,NOT_DOWNLOADED_SANDBOX_NETWORK_BLOCKED
2011-06-06,2011,2,https://www.sec.gov/dera/data/Public-EDGAR-log-file-data/2011/Qtr2/log20110606.zip,NOT_DOWNLOADED_SANDBOX_NETWORK_BLOCKED
2011-06-07,2011,2,https://www.sec.gov/dera/data/Public-EDGAR-log-file-data/2011/Qtr2/log20110607.zip,NOT_DOWNLOADED_SANDBOX_NETWORK_BLOCKED
2011-06-08,2011,2,https://www.sec.gov/dera/data/Public-EDGAR-log-file-data/2011/Qtr2/log20110608.zip,NOT_DOWNLOADED_SANDBOX_NETWORK_BLOCKED
2011-06-09,2011,2,https://www.sec.gov/dera/data/Public-EDGAR-log-file-data/2011/Qtr2/log20110609.zip,NOT_DOWNLOADED_SANDBOX_NETWORK_BLOCKED
2011-06-10,2011,2,https://www.sec.gov/dera/data/Public-EDGAR-log-file-data/2011/Qtr2/log20110610.zip,NOT_DOWNLOADED_SANDBOX_NETWORK_BLOCKED
2011-06-11,2011,2,https://www.sec.gov/dera/data/Public-EDGAR-log-file-data/2011/Qtr2/log20110611.zip,NOT_DOWNLOADED_SANDBOX_NETWORK_BLOCKED
2011-06-12,2011,2,https://www.sec.gov/dera/data/Public-EDGAR-log-file-data/2011/Qtr2/log20110612.zip,NOT_DOWNLOADED_SANDBOX_NETWORK_BLOCKED
2011-06-13,2011,2,https://www.sec.gov/dera/data/Public-EDGAR-log-file-data/2011/Qtr2/log20110613.zip,NOT_DOWNLOADED_SANDBOX_NETWORK_BLOCKED
2011-07-30,2011,3,https://www.sec.gov/dera/data/Public-EDGAR-log-file-data/2011/Qtr3/log20110730.zip,NOT_DOWNLOADED_SANDBOX_NETWORK_BLOCKED
2011-07-31,2011,3,https://www.sec.gov/dera/data/Public-EDGAR-log-file-data/2011/Qtr3/log20110731.zip,NOT_DOWNLOADED_SANDBOX_NETWORK_BLOCKED
2011-08-01,2011,3,https://www.sec.gov/dera/data/Public-EDGAR-log-file-data/2011/Qtr3/log20110801.zip,NOT_DOWNLOADED_SANDBOX_NETWORK_BLOCKED
2011-08-02,2011,3,https://www.sec.gov/dera/data/Public-EDGAR-log-file-data/2011/Qtr3/log20110802.zip,NOT_DOWNLOADED_SANDBOX_NETWORK_BLOCKED
2011-08-03,2011,3,https://www.sec.gov/dera/data/Public-EDGAR-log-file-data/2011/Qtr3/log20110803.zip,NOT_DOWNLOADED_SANDBOX_NETWORK_BLOCKED
2011-08-04,2011,3,https://www.sec.gov/dera/data/Public-EDGAR-log-file-data/2011/Qtr3/log20110804.zip,NOT_DOWNLOADED_SANDBOX_NETWORK_BLOCKED
2011-08-05,2011,3,https://www.sec.gov/dera/data/Public-EDGAR-log-file-data/2011/Qtr3/log20110805.zip,NOT_DOWNLOADED_SANDBOX_NETWORK_BLOCKED
2011-08-06,2011,3,https://www.sec.gov/dera/data/Public-EDGAR-log-file-data/2011/Qtr3/log20110806.zip,NOT_DOWNLOADED_SANDBOX_NETWORK_BLOCKED
2011-08-07,2011,3,https://www.sec.gov/dera/data/Public-EDGAR-log-file-data/2011/Qtr3/log20110807.zip,NOT_DOWNLOADED_SANDBOX_NETWORK_BLOCKED
2011-08-08,2011,3,https://www.sec.gov/dera/data/Public-EDGAR-log-file-data/2011/Qtr3/log20110808.zip,NOT_DOWNLOADED_SANDBOX_NETWORK_BLOCKED
2011-08-09,2011,3,https://www.sec.gov/dera/data/Public-EDGAR-log-file-data/2011/Qtr3/log20110809.zip,NOT_DOWNLOADED_SANDBOX_NETWORK_BLOCKED
2011-08-10,2011,3,https://www.sec.gov/dera/data/Public-EDGAR-log-file-data/2011/Qtr3/log20110810.zip,NOT_DOWNLOADED_SANDBOX_NETWORK_BLOCKED
2011-08-11,2011,3,https://www.sec.gov/dera/data/Public-EDGAR-log-file-data/2011/Qtr3/log20110811.zip,NOT_DOWNLOADED_SANDBOX_NETWORK_BLOCKED
2011-08-12,2011,3,https://www.sec.gov/dera/data/Public-EDGAR-log-file-data/2011/Qtr3/log20110812.zip,NOT_DOWNLOADED_SANDBOX_NETWORK_BLOCKED
2011-08-13,2011,3,https://www.sec.gov/dera/data/Public-EDGAR-log-file-data/2011/Qtr3/log20110813.zip,NOT_DOWNLOADED_SANDBOX_NETWORK_BLOCKED
2011-08-14,2011,3,https://www.sec.gov/dera/data/Public-EDGAR-log-file-data/2011/Qtr3/log20110814.zip,NOT_DOWNLOADED_SANDBOX_NETWORK_BLOCKED
2011-08-19,2011,3,https://www.sec.gov/dera/data/Public-EDGAR-log-file-data/2011/Qtr3/log20110819.zip,NOT_DOWNLOADED_SANDBOX_NETWORK_BLOCKED
2011-08-20,2011,3,https://www.sec.gov/dera/data/Public-EDGAR-log-file-data/2011/Qtr3/log20110820.zip,NOT_DOWNLOADED_SANDBOX_NETWORK_BLOCKED
2011-08-21,2011,3,https://www.sec.gov/dera/data/Public-EDGAR-log-file-data/2011/Qtr3/log20110821.zip,NOT_DOWNLOADED_SANDBOX_NETWORK_BLOCKED
2011-08-22,2011,3,https://www.sec.gov/dera/data/Public-EDGAR-log-file-data/2011/Qtr3/log20110822.zip,NOT_DOWNLOADED_SANDBOX_NETWORK_BLOCKED
2011-08-23,2011,3,https://www.sec.gov/dera/data/Public-EDGAR-log-file-data/2011/Qtr3/log20110823.zip,NOT_DOWNLOADED_SANDBOX_NETWORK_BLOCKED
2011-08-24,2011,3,https://www.sec.gov/dera/data/Public-EDGAR-log-file-data/2011/Qtr3/log20110824.zip,NOT_DOWNLOADED_SANDBOX_NETWORK_BLOCKED
2011-08-25,2011,3,https://www.sec.gov/dera/data/Public-EDGAR-log-file-data/2011/Qtr3/log20110825.zip,NOT_DOWNLOADED_SANDBOX_NETWORK_BLOCKED
2011-08-26,2011,3,https://www.sec.gov/dera/data/Public-EDGAR-log-file-data/2011/Qtr3/log20110826.zip,NOT_DOWNLOADED_SANDBOX_NETWORK_BLOCKED
2011-08-27,2011,3,https://www.sec.gov/dera/data/Public-EDGAR-log-file-data/2011/Qtr3/log20110827.zip,NOT_DOWNLOADED_SANDBOX_NETWORK_BLOCKED
2011-08-28,2011,3,https://www.sec.gov/dera/data/Public-EDGAR-log-file-data/2011/Qtr3/log20110828.zip,NOT_DOWNLOADED_SANDBOX_NETWORK_BLOCKED
2011-08-29,2011,3,https://www.sec.gov/dera/data/Public-EDGAR-log-file-data/2011/Qtr3/log20110829.zip,NOT_DOWNLOADED_SANDBOX_NETWORK_BLOCKED
2011-08-30,2011,3,https://www.sec.gov/dera/data/Public-EDGAR-log-file-data/2011/Qtr3/log20110830.zip,NOT_DOWNLOADED_SANDBOX_NETWORK_BLOCKED
2011-08-31,2011,3,https://www.sec.gov/dera/data/Public-EDGAR-log-file-data/2011/Qtr3/log20110831.zip,NOT_DOWNLOADED_SANDBOX_NETWORK_BLOCKED
2011-09-01,2011,3,https://www.sec.gov/dera/data/Public-EDGAR-log-file-data/2011/Qtr3/log20110901.zip,NOT_DOWNLOADED_SANDBOX_NETWORK_BLOCKED
2011-09-02,2011,3,https://www.sec.gov/dera/data/Public-EDGAR-log-file-data/2011/Qtr3/log20110902.zip,NOT_DOWNLOADED_SANDBOX_NETWORK_BLOCKED
2011-09-03,2011,3,https://www.sec.gov/dera/data/Public-EDGAR-log-file-data/2011/Qtr3/log20110903.zip,NOT_DOWNLOADED_SANDBOX_NETWORK_BLOCKED
2011-09-20,2011,3,https://www.sec.gov/dera/data/Public-EDGAR-log-file-data/2011/Qtr3/log20110920.zip,NOT_DOWNLOADED_SANDBOX_NETWORK_BLOCKED
2011-09-21,2011,3,https://www.sec.gov/dera/data/Public-EDGAR-log-file-data/2011/Qtr3/log20110921.zip,NOT_DOWNLOADED_SANDBOX_NETWORK_BLOCKED
2011-09-22,2011,3,https://www.sec.gov/dera/data/Public-EDGAR-log-file-data/2011/Qtr3/log20110922.zip,NOT_DOWNLOADED_SANDBOX_NETWORK_BLOCKED
2011-09-23,2011,3,https://www.sec.gov/dera/data/Public-EDGAR-log-file-data/2011/Qtr3/log20110923.zip,NOT_DOWNLOADED_SANDBOX_NETWORK_BLOCKED
2011-09-24,2011,3,https://www.sec.gov/dera/data/Public-EDGAR-log-file-data/2011/Qtr3/log20110924.zip,NOT_DOWNLOADED_SANDBOX_NETWORK_BLOCKED
2011-09-25,2011,3,https://www.sec.gov/dera/data/Public-EDGAR-log-file-data/2011/Qtr3/log20110925.zip,NOT_DOWNLOADED_SANDBOX_NETWORK_BLOCKED
2011-09-26,2011,3,https://www.sec.gov/dera/data/Public-EDGAR-log-file-data/2011/Qtr3/log20110926.zip,NOT_DOWNLOADED_SANDBOX_NETWORK_BLOCKED
2011-09-27,2011,3,https://www.sec.gov/dera/data/Public-EDGAR-log-file-data/2011/Qtr3/log20110927.zip,NOT_DOWNLOADED_SANDBOX_NETWORK_BLOCKED
2011-09-28,2011,3,https://www.sec.gov/dera/data/Public-EDGAR-log-file-data/2011/Qtr3/log20110928.zip,NOT_DOWNLOADED_SANDBOX_NETWORK_BLOCKED
2011-09-29,2011,3,https://www.sec.gov/dera/data/Public-EDGAR-log-file-data/2011/Qtr3/log20110929.zip,NOT_DOWNLOADED_SANDBOX_NETWORK_BLOCKED
2011-09-30,2011,3,https://www.sec.gov/dera/data/Public-EDGAR-log-file-data/2011/Qtr3/log20110930.zip,NOT_DOWNLOADED_SANDBOX_NETWORK_BLOCKED
2011-10-01,2011,4,https://www.sec.gov/dera/data/Public-EDGAR-log-file-data/2011/Qtr4/log20111001.zip,NOT_DOWNLOADED_SANDBOX_NETWORK_BLOCKED
2011-10-02,2011,4,https://www.sec.gov/dera/data/Public-EDGAR-log-file-data/2011/Qtr4/log20111002.zip,NOT_DOWNLOADED_SANDBOX_NETWORK_BLOCKED
2011-10-03,2011,4,https://www.sec.gov/dera/data/Public-EDGAR-log-file-data/2011/Qtr4/log20111003.zip,NOT_DOWNLOADED_SANDBOX_NETWORK_BLOCKED
2011-10-04,2011,4,https://www.sec.gov/dera/data/Public-EDGAR-log-file-data/2011/Qtr4/log20111004.zip,NOT_DOWNLOADED_SANDBOX_NETWORK_BLOCKED
2011-10-05,2011,4,https://www.sec.gov/dera/data/Public-EDGAR-log-file-data/2011/Qtr4/log20111005.zip,NOT_DOWNLOADED_SANDBOX_NETWORK_BLOCKED
2011-10-06,2011,4,https://www.sec.gov/dera/data/Public-EDGAR-log-file-data/2011/Qtr4/log20111006.zip,NOT_DOWNLOADED_SANDBOX_NETWORK_BLOCKED
2011-10-07,2011,4,https://www.sec.gov/dera/data/Public-EDGAR-log-file-data/2011/Qtr4/log20111007.zip,NOT_DOWNLOADED_SANDBOX_NETWORK_BLOCKED
2011-10-08,2011,4,https://www.sec.gov/dera/data/Public-EDGAR-log-file-data/2011/Qtr4/log20111008.zip,NOT_DOWNLOADED_SANDBOX_NETWORK_BLOCKED
2011-10-09,2011,4,https://www.sec.gov/dera/data/Public-EDGAR-log-file-data/2011/Qtr4/log20111009.zip,NOT_DOWNLOADED_SANDBOX_NETWORK_BLOCKED
2011-10-10,2011,4,https://www.sec.gov/dera/data/Public-EDGAR-log-file-data/2011/Qtr4/log20111010.zip,NOT_DOWNLOADED_SANDBOX_NETWORK_BLOCKED
2011-10-11,2011,4,https://www.sec.gov/dera/data/Public-EDGAR-log-file-data/2011/Qtr4/log20111011.zip,NOT_DOWNLOADED_SANDBOX_NETWORK_BLOCKED
2011-10-12,2011,4,https://www.sec.gov/dera/data/Public-EDGAR-log-file-data/2011/Qtr4/log20111012.zip,NOT_DOWNLOADED_SANDBOX_NETWORK_BLOCKED
2011-10-13,2011,4,https://www.sec.gov/dera/data/Public-EDGAR-log-file-data/2011/Qtr4/log20111013.zip,NOT_DOWNLOADED_SANDBOX_NETWORK_BLOCKED
2011-10-14,2011,4,https://www.sec.gov/dera/data/Public-EDGAR-log-file-data/2011/Qtr4/log20111014.zip,NOT_DOWNLOADED_SANDBOX_NETWORK_BLOCKED
2011-10-15,2011,4,https://www.sec.gov/dera/data/Public-EDGAR-log-file-data/2011/Qtr4/log20111015.zip,NOT_DOWNLOADED_SANDBOX_NETWORK_BLOCKED
2011-10-16,2011,4,https://www.sec.gov/dera/data/Public-EDGAR-log-file-data/2011/Qtr4/log20111016.zip,NOT_DOWNLOADED_SANDBOX_NETWORK_BLOCKED
2011-10-24,2011,4,https://www.sec.gov/dera/data/Public-EDGAR-log-file-data/2011/Qtr4/log20111024.zip,NOT_DOWNLOADED_SANDBOX_NETWORK_BLOCKED
2011-10-25,2011,4,https://www.sec.gov/dera/data/Public-EDGAR-log-file-data/2011/Qtr4/log20111025.zip,NOT_DOWNLOADED_SANDBOX_NETWORK_BLOCKED
2011-10-26,2011,4,https://www.sec.gov/dera/data/Public-EDGAR-log-file-data/2011/Qtr4/log20111026.zip,NOT_DOWNLOADED_SANDBOX_NETWORK_BLOCKED
2011-10-27,2011,4,https://www.sec.gov/dera/data/Public-EDGAR-log-file-data/2011/Qtr4/log20111027.zip,NOT_DOWNLOADED_SANDBOX_NETWORK_BLOCKED
2011-10-28,2011,4,https://www.sec.gov/dera/data/Public-EDGAR-log-file-data/2011/Qtr4/log20111028.zip,NOT_DOWNLOADED_SANDBOX_NETWORK_BLOCKED
2011-10-29,2011,4,https://www.sec.gov/dera/data/Public-EDGAR-log-file-data/2011/Qtr4/log20111029.zip,NOT_DOWNLOADED_SANDBOX_NETWORK_BLOCKED
2011-10-30,2011,4,https://www.sec.gov/dera/data/Public-EDGAR-log-file-data/2011/Qtr4/log20111030.zip,NOT_DOWNLOADED_SANDBOX_NETWORK_BLOCKED
2011-10-31,2011,4,https://www.sec.gov/dera/data/Public-EDGAR-log-file-data/2011/Qtr4/log20111031.zip,NOT_DOWNLOADED_SANDBOX_NETWORK_BLOCKED
2011-11-01,2011,4,https://www.sec.gov/dera/data/Public-EDGAR-log-file-data/2011/Qtr4/log20111101.zip,NOT_DOWNLOADED_SANDBOX_NETWORK_BLOCKED
2011-11-02,2011,4,https://www.sec.gov/dera/data/Public-EDGAR-log-file-data/2011/Qtr4/log20111102.zip,NOT_DOWNLOADED_SANDBOX_NETWORK_BLOCKED
2011-11-03,2011,4,https://www.sec.gov/dera/data/Public-EDGAR-log-file-data/2011/Qtr4/log20111103.zip,NOT_DOWNLOADED_SANDBOX_NETWORK_BLOCKED
2011-11-04,2011,4,https://www.sec.gov/dera/data/Public-EDGAR-log-file-data/2011/Qtr4/log20111104.zip,NOT_DOWNLOADED_SANDBOX_NETWORK_BLOCKED
2011-11-05,2011,4,https://www.sec.gov/dera/data/Public-EDGAR-log-file-data/2011/Qtr4/log20111105.zip,NOT_DOWNLOADED_SANDBOX_NETWORK_BLOCKED
2011-11-06,2011,4,https://www.sec.gov/dera/data/Public-EDGAR-log-file-data/2011/Qtr4/log20111106.zip,NOT_DOWNLOADED_SANDBOX_NETWORK_BLOCKED
2011-11-07,2011,4,https://www.sec.gov/dera/data/Public-EDGAR-log-file-data/2011/Qtr4/log20111107.zip,NOT_DOWNLOADED_SANDBOX_NETWORK_BLOCKED
2011-11-08,2011,4,https://www.sec.gov/dera/data/Public-EDGAR-log-file-data/2011/Qtr4/log20111108.zip,NOT_DOWNLOADED_SANDBOX_NETWORK_BLOCKED
2011-12-27,2011,4,https://www.sec.gov/dera/data/Public-EDGAR-log-file-data/2011/Qtr4/log20111227.zip,NOT_DOWNLOADED_SANDBOX_NETWORK_BLOCKED
2011-12-28,2011,4,https://www.sec.gov/dera/data/Public-EDGAR-log-file-data/2011/Qtr4/log20111228.zip,NOT_DOWNLOADED_SANDBOX_NETWORK_BLOCKED
2011-12-29,2011,4,https://www.sec.gov/dera/data/Public-EDGAR-log-file-data/2011/Qtr4/log20111229.zip,NOT_DOWNLOADED_SANDBOX_NETWORK_BLOCKED
2011-12-30,2011,4,https://www.sec.gov/dera/data/Public-EDGAR-log-file-data/2011/Qtr4/log20111230.zip,NOT_DOWNLOADED_SANDBOX_NETWORK_BLOCKED
2011-12-31,2011,4,https://www.sec.gov/dera/data/Public-EDGAR-log-file-data/2011/Qtr4/log20111231.zip,NOT_DOWNLOADED_SANDBOX_NETWORK_BLOCKED
2012-01-01,2012,1,https://www.sec.gov/dera/data/Public-EDGAR-log-file-data/2012/Qtr1/log20120101.zip,NOT_DOWNLOADED_SANDBOX_NETWORK_BLOCKED
2012-01-02,2012,1,https://www.sec.gov/dera/data/Public-EDGAR-log-file-data/2012/Qtr1/log20120102.zip,NOT_DOWNLOADED_SANDBOX_NETWORK_BLOCKED
2012-01-03,2012,1,https://www.sec.gov/dera/data/Public-EDGAR-log-file-data/2012/Qtr1/log20120103.zip,NOT_DOWNLOADED_SANDBOX_NETWORK_BLOCKED
2012-01-04,2012,1,https://www.sec.gov/dera/data/Public-EDGAR-log-file-data/2012/Qtr1/log20120104.zip,NOT_DOWNLOADED_SANDBOX_NETWORK_BLOCKED
2012-01-05,2012,1,https://www.sec.gov/dera/data/Public-EDGAR-log-file-data/2012/Qtr1/log20120105.zip,NOT_DOWNLOADED_SANDBOX_NETWORK_BLOCKED
2012-01-06,2012,1,https://www.sec.gov/dera/data/Public-EDGAR-log-file-data/2012/Qtr1/log20120106.zip,NOT_DOWNLOADED_SANDBOX_NETWORK_BLOCKED
2012-01-07,2012,1,https://www.sec.gov/dera/data/Public-EDGAR-log-file-data/2012/Qtr1/log20120107.zip,NOT_DOWNLOADED_SANDBOX_NETWORK_BLOCKED
2012-01-08,2012,1,https://www.sec.gov/dera/data/Public-EDGAR-log-file-data/2012/Qtr1/log20120108.zip,NOT_DOWNLOADED_SANDBOX_NETWORK_BLOCKED
2012-01-09,2012,1,https://www.sec.gov/dera/data/Public-EDGAR-log-file-data/2012/Qtr1/log20120109.zip,NOT_DOWNLOADED_SANDBOX_NETWORK_BLOCKED
2012-01-10,2012,1,https://www.sec.gov/dera/data/Public-EDGAR-log-file-data/2012/Qtr1/log20120110.zip,NOT_DOWNLOADED_SANDBOX_NETWORK_BLOCKED
2012-01-11,2012,1,https://www.sec.gov/dera/data/Public-EDGAR-log-file-data/2012/Qtr1/log20120111.zip,NOT_DOWNLOADED_SANDBOX_NETWORK_BLOCKED
2012-01-12,2012,1,https://www.sec.gov/dera/data/Public-EDGAR-log-file-data/2012/Qtr1/log20120112.zip,NOT_DOWNLOADED_SANDBOX_NETWORK_BLOCKED
2012-01-13,2012,1,https://www.sec.gov/dera/data/Public-EDGAR-log-file-data/2012/Qtr1/log20120113.zip,NOT_DOWNLOADED_SANDBOX_NETWORK_BLOCKED
2012-01-14,2012,1,https://www.sec.gov/dera/data/Public-EDGAR-log-file-data/2012/Qtr1/log20120114.zip,NOT_DOWNLOADED_SANDBOX_NETWORK_BLOCKED
2012-01-15,2012,1,https://www.sec.gov/dera/data/Public-EDGAR-log-file-data/2012/Qtr1/log20120115.zip,NOT_DOWNLOADED_SANDBOX_NETWORK_BLOCKED
2012-01-16,2012,1,https://www.sec.gov/dera/data/Public-EDGAR-log-file-data/2012/Qtr1/log20120116.zip,NOT_DOWNLOADED_SANDBOX_NETWORK_BLOCKED
2012-01-17,2012,1,https://www.sec.gov/dera/data/Public-EDGAR-log-file-data/2012/Qtr1/log20120117.zip,NOT_DOWNLOADED_SANDBOX_NETWORK_BLOCKED
2012-01-18,2012,1,https://www.sec.gov/dera/data/Public-EDGAR-log-file-data/2012/Qtr1/log20120118.zip,NOT_DOWNLOADED_SANDBOX_NETWORK_BLOCKED
2012-01-19,2012,1,https://www.sec.gov/dera/data/Public-EDGAR-log-file-data/2012/Qtr1/log20120119.zip,NOT_DOWNLOADED_SANDBOX_NETWORK_BLOCKED
2012-01-20,2012,1,https://www.sec.gov/dera/data/Public-EDGAR-log-file-data/2012/Qtr1/log20120120.zip,NOT_DOWNLOADED_SANDBOX_NETWORK_BLOCKED
2012-01-21,2012,1,https://www.sec.gov/dera/data/Public-EDGAR-log-file-data/2012/Qtr1/log20120121.zip,NOT_DOWNLOADED_SANDBOX_NETWORK_BLOCKED
2012-01-22,2012,1,https://www.sec.gov/dera/data/Public-EDGAR-log-file-data/2012/Qtr1/log20120122.zip,NOT_DOWNLOADED_SANDBOX_NETWORK_BLOCKED
2012-01-23,2012,1,https://www.sec.gov/dera/data/Public-EDGAR-log-file-data/2012/Qtr1/log20120123.zip,NOT_DOWNLOADED_SANDBOX_NETWORK_BLOCKED
2012-01-24,2012,1,https://www.sec.gov/dera/data/Public-EDGAR-log-file-data/2012/Qtr1/log20120124.zip,NOT_DOWNLOADED_SANDBOX_NETWORK_BLOCKED
2012-01-25,2012,1,https://www.sec.gov/dera/data/Public-EDGAR-log-file-data/2012/Qtr1/log20120125.zip,NOT_DOWNLOADED_SANDBOX_NETWORK_BLOCKED
2012-01-26,2012,1,https://www.sec.gov/dera/data/Public-EDGAR-log-file-data/2012/Qtr1/log20120126.zip,NOT_DOWNLOADED_SANDBOX_NETWORK_BLOCKED
2012-01-27,2012,1,https://www.sec.gov/dera/data/Public-EDGAR-log-file-data/2012/Qtr1/log20120127.zip,NOT_DOWNLOADED_SANDBOX_NETWORK_BLOCKED
2012-01-28,2012,1,https://www.sec.gov/dera/data/Public-EDGAR-log-file-data/2012/Qtr1/log20120128.zip,NOT_DOWNLOADED_SANDBOX_NETWORK_BLOCKED
2012-01-29,2012,1,https://www.sec.gov/dera/data/Public-EDGAR-log-file-data/2012/Qtr1/log20120129.zip,NOT_DOWNLOADED_SANDBOX_NETWORK_BLOCKED
2012-01-30,2012,1,https://www.sec.gov/dera/data/Public-EDGAR-log-file-data/2012/Qtr1/log20120130.zip,NOT_DOWNLOADED_SANDBOX_NETWORK_BLOCKED
2012-01-31,2012,1,https://www.sec.gov/dera/data/Public-EDGAR-log-file-data/2012/Qtr1/log20120131.zip,NOT_DOWNLOADED_SANDBOX_NETWORK_BLOCKED
2012-02-01,2012,1,https://www.sec.gov/dera/data/Public-EDGAR-log-file-data/2012/Qtr1/log20120201.zip,NOT_DOWNLOADED_SANDBOX_NETWORK_BLOCKED
2012-02-02,2012,1,https://www.sec.gov/dera/data/Public-EDGAR-log-file-data/2012/Qtr1/log20120202.zip,NOT_DOWNLOADED_SANDBOX_NETWORK_BLOCKED
2012-02-03,2012,1,https://www.sec.gov/dera/data/Public-EDGAR-log-file-data/2012/Qtr1/log20120203.zip,NOT_DOWNLOADED_SANDBOX_NETWORK_BLOCKED
2012-02-04,2012,1,https://www.sec.gov/dera/data/Public-EDGAR-log-file-data/2012/Qtr1/log20120204.zip,NOT_DOWNLOADED_SANDBOX_NETWORK_BLOCKED
2012-02-05,2012,1,https://www.sec.gov/dera/data/Public-EDGAR-log-file-data/2012/Qtr1/log20120205.zip,NOT_DOWNLOADED_SANDBOX_NETWORK_BLOCKED
2012-02-06,2012,1,https://www.sec.gov/dera/data/Public-EDGAR-log-file-data/2012/Qtr1/log20120206.zip,NOT_DOWNLOADED_SANDBOX_NETWORK_BLOCKED
2012-03-11,2012,1,https://www.sec.gov/dera/data/Public-EDGAR-log-file-data/2012/Qtr1/log20120311.zip,NOT_DOWNLOADED_SANDBOX_NETWORK_BLOCKED
2012-03-12,2012,1,https://www.sec.gov/dera/data/Public-EDGAR-log-file-data/2012/Qtr1/log20120312.zip,NOT_DOWNLOADED_SANDBOX_NETWORK_BLOCKED
2012-03-13,2012,1,https://www.sec.gov/dera/data/Public-EDGAR-log-file-data/2012/Qtr1/log20120313.zip,NOT_DOWNLOADED_SANDBOX_NETWORK_BLOCKED
2012-03-14,2012,1,https://www.sec.gov/dera/data/Public-EDGAR-log-file-data/2012/Qtr1/log20120314.zip,NOT_DOWNLOADED_SANDBOX_NETWORK_BLOCKED
2012-03-15,2012,1,https://www.sec.gov/dera/data/Public-EDGAR-log-file-data/2012/Qtr1/log20120315.zip,NOT_DOWNLOADED_SANDBOX_NETWORK_BLOCKED
2012-03-16,2012,1,https://www.sec.gov/dera/data/Public-EDGAR-log-file-data/2012/Qtr1/log20120316.zip,NOT_DOWNLOADED_SANDBOX_NETWORK_BLOCKED
2012-03-17,2012,1,https://www.sec.gov/dera/data/Public-EDGAR-log-file-data/2012/Qtr1/log20120317.zip,NOT_DOWNLOADED_SANDBOX_NETWORK_BLOCKED
2012-03-18,2012,1,https://www.sec.gov/dera/data/Public-EDGAR-log-file-data/2012/Qtr1/log20120318.zip,NOT_DOWNLOADED_SANDBOX_NETWORK_BLOCKED
2012-03-19,2012,1,https://www.sec.gov/dera/data/Public-EDGAR-log-file-data/2012/Qtr1/log20120319.zip,NOT_DOWNLOADED_SANDBOX_NETWORK_BLOCKED
2012-03-20,2012,1,https://www.sec.gov/dera/data/Public-EDGAR-log-file-data/2012/Qtr1/log20120320.zip,NOT_DOWNLOADED_SANDBOX_NETWORK_BLOCKED
2012-03-21,2012,1,https://www.sec.gov/dera/data/Public-EDGAR-log-file-data/2012/Qtr1/log20120321.zip,NOT_DOWNLOADED_SANDBOX_NETWORK_BLOCKED
2012-03-22,2012,1,https://www.sec.gov/dera/data/Public-EDGAR-log-file-data/2012/Qtr1/log20120322.zip,NOT_DOWNLOADED_SANDBOX_NETWORK_BLOCKED
2012-03-23,2012,1,https://www.sec.gov/dera/data/Public-EDGAR-log-file-data/2012/Qtr1/log20120323.zip,NOT_DOWNLOADED_SANDBOX_NETWORK_BLOCKED
2012-03-24,2012,1,https://www.sec.gov/dera/data/Public-EDGAR-log-file-data/2012/Qtr1/log20120324.zip,NOT_DOWNLOADED_SANDBOX_NETWORK_BLOCKED
2012-03-25,2012,1,https://www.sec.gov/dera/data/Public-EDGAR-log-file-data/2012/Qtr1/log20120325.zip,NOT_DOWNLOADED_SANDBOX_NETWORK_BLOCKED
2012-03-26,2012,1,https://www.sec.gov/dera/data/Public-EDGAR-log-file-data/2012/Qtr1/log20120326.zip,NOT_DOWNLOADED_SANDBOX_NETWORK_BLOCKED
2012-05-21,2012,2,https://www.sec.gov/dera/data/Public-EDGAR-log-file-data/2012/Qtr2/log20120521.zip,NOT_DOWNLOADED_SANDBOX_NETWORK_BLOCKED
2012-05-22,2012,2,https://www.sec.gov/dera/data/Public-EDGAR-log-file-data/2012/Qtr2/log20120522.zip,NOT_DOWNLOADED_SANDBOX_NETWORK_BLOCKED
2012-05-23,2012,2,https://www.sec.gov/dera/data/Public-EDGAR-log-file-data/2012/Qtr2/log20120523.zip,NOT_DOWNLOADED_SANDBOX_NETWORK_BLOCKED
2012-05-24,2012,2,https://www.sec.gov/dera/data/Public-EDGAR-log-file-data/2012/Qtr2/log20120524.zip,NOT_DOWNLOADED_SANDBOX_NETWORK_BLOCKED
2012-05-25,2012,2,https://www.sec.gov/dera/data/Public-EDGAR-log-file-data/2012/Qtr2/log20120525.zip,NOT_DOWNLOADED_SANDBOX_NETWORK_BLOCKED
2012-05-26,2012,2,https://www.sec.gov/dera/data/Public-EDGAR-log-file-data/2012/Qtr2/log20120526.zip,NOT_DOWNLOADED_SANDBOX_NETWORK_BLOCKED
2012-05-27,2012,2,https://www.sec.gov/dera/data/Public-EDGAR-log-file-data/2012/Qtr2/log20120527.zip,NOT_DOWNLOADED_SANDBOX_NETWORK_BLOCKED
2012-05-28,2012,2,https://www.sec.gov/dera/data/Public-EDGAR-log-file-data/2012/Qtr2/log20120528.zip,NOT_DOWNLOADED_SANDBOX_NETWORK_BLOCKED
2012-05-29,2012,2,https://www.sec.gov/dera/data/Public-EDGAR-log-file-data/2012/Qtr2/log20120529.zip,NOT_DOWNLOADED_SANDBOX_NETWORK_BLOCKED
2012-05-30,2012,2,https://www.sec.gov/dera/data/Public-EDGAR-log-file-data/2012/Qtr2/log20120530.zip,NOT_DOWNLOADED_SANDBOX_NETWORK_BLOCKED
2012-05-31,2012,2,https://www.sec.gov/dera/data/Public-EDGAR-log-file-data/2012/Qtr2/log20120531.zip,NOT_DOWNLOADED_SANDBOX_NETWORK_BLOCKED
2012-06-01,2012,2,https://www.sec.gov/dera/data/Public-EDGAR-log-file-data/2012/Qtr2/log20120601.zip,NOT_DOWNLOADED_SANDBOX_NETWORK_BLOCKED
2012-06-02,2012,2,https://www.sec.gov/dera/data/Public-EDGAR-log-file-data/2012/Qtr2/log20120602.zip,NOT_DOWNLOADED_SANDBOX_NETWORK_BLOCKED
2012-06-03,2012,2,https://www.sec.gov/dera/data/Public-EDGAR-log-file-data/2012/Qtr2/log20120603.zip,NOT_DOWNLOADED_SANDBOX_NETWORK_BLOCKED
2012-06-04,2012,2,https://www.sec.gov/dera/data/Public-EDGAR-log-file-data/2012/Qtr2/log20120604.zip,NOT_DOWNLOADED_SANDBOX_NETWORK_BLOCKED
2012-06-05,2012,2,https://www.sec.gov/dera/data/Public-EDGAR-log-file-data/2012/Qtr2/log20120605.zip,NOT_DOWNLOADED_SANDBOX_NETWORK_BLOCKED
2012-06-15,2012,2,https://www.sec.gov/dera/data/Public-EDGAR-log-file-data/2012/Qtr2/log20120615.zip,NOT_DOWNLOADED_SANDBOX_NETWORK_BLOCKED
2012-06-16,2012,2,https://www.sec.gov/dera/data/Public-EDGAR-log-file-data/2012/Qtr2/log20120616.zip,NOT_DOWNLOADED_SANDBOX_NETWORK_BLOCKED
2012-06-17,2012,2,https://www.sec.gov/dera/data/Public-EDGAR-log-file-data/2012/Qtr2/log20120617.zip,NOT_DOWNLOADED_SANDBOX_NETWORK_BLOCKED
2012-06-18,2012,2,https://www.sec.gov/dera/data/Public-EDGAR-log-file-data/2012/Qtr2/log20120618.zip,NOT_DOWNLOADED_SANDBOX_NETWORK_BLOCKED
2012-06-19,2012,2,https://www.sec.gov/dera/data/Public-EDGAR-log-file-data/2012/Qtr2/log20120619.zip,NOT_DOWNLOADED_SANDBOX_NETWORK_BLOCKED
2012-06-20,2012,2,https://www.sec.gov/dera/data/Public-EDGAR-log-file-data/2012/Qtr2/log20120620.zip,NOT_DOWNLOADED_SANDBOX_NETWORK_BLOCKED
2012-06-21,2012,2,https://www.sec.gov/dera/data/Public-EDGAR-log-file-data/2012/Qtr2/log20120621.zip,NOT_DOWNLOADED_SANDBOX_NETWORK_BLOCKED
2012-06-22,2012,2,https://www.sec.gov/dera/data/Public-EDGAR-log-file-data/2012/Qtr2/log20120622.zip,NOT_DOWNLOADED_SANDBOX_NETWORK_BLOCKED
2012-06-23,2012,2,https://www.sec.gov/dera/data/Public-EDGAR-log-file-data/2012/Qtr2/log20120623.zip,NOT_DOWNLOADED_SANDBOX_NETWORK_BLOCKED
2012-06-24,2012,2,https://www.sec.gov/dera/data/Public-EDGAR-log-file-data/2012/Qtr2/log20120624.zip,NOT_DOWNLOADED_SANDBOX_NETWORK_BLOCKED
2012-06-25,2012,2,https://www.sec.gov/dera/data/Public-EDGAR-log-file-data/2012/Qtr2/log20120625.zip,NOT_DOWNLOADED_SANDBOX_NETWORK_BLOCKED
2012-06-26,2012,2,https://www.sec.gov/dera/data/Public-EDGAR-log-file-data/2012/Qtr2/log20120626.zip,NOT_DOWNLOADED_SANDBOX_NETWORK_BLOCKED
2012-06-27,2012,2,https://www.sec.gov/dera/data/Public-EDGAR-log-file-data/2012/Qtr2/log20120627.zip,NOT_DOWNLOADED_SANDBOX_NETWORK_BLOCKED
2012-06-28,2012,2,https://www.sec.gov/dera/data/Public-EDGAR-log-file-data/2012/Qtr2/log20120628.zip,NOT_DOWNLOADED_SANDBOX_NETWORK_BLOCKED
2012-06-29,2012,2,https://www.sec.gov/dera/data/Public-EDGAR-log-file-data/2012/Qtr2/log20120629.zip,NOT_DOWNLOADED_SANDBOX_NETWORK_BLOCKED
2012-06-30,2012,2,https://www.sec.gov/dera/data/Public-EDGAR-log-file-data/2012/Qtr2/log20120630.zip,NOT_DOWNLOADED_SANDBOX_NETWORK_BLOCKED
2012-07-01,2012,3,https://www.sec.gov/dera/data/Public-EDGAR-log-file-data/2012/Qtr3/log20120701.zip,NOT_DOWNLOADED_SANDBOX_NETWORK_BLOCKED
2012-07-02,2012,3,https://www.sec.gov/dera/data/Public-EDGAR-log-file-data/2012/Qtr3/log20120702.zip,NOT_DOWNLOADED_SANDBOX_NETWORK_BLOCKED
2012-07-03,2012,3,https://www.sec.gov/dera/data/Public-EDGAR-log-file-data/2012/Qtr3/log20120703.zip,NOT_DOWNLOADED_SANDBOX_NETWORK_BLOCKED
2012-07-04,2012,3,https://www.sec.gov/dera/data/Public-EDGAR-log-file-data/2012/Qtr3/log20120704.zip,NOT_DOWNLOADED_SANDBOX_NETWORK_BLOCKED
2012-07-05,2012,3,https://www.sec.gov/dera/data/Public-EDGAR-log-file-data/2012/Qtr3/log20120705.zip,NOT_DOWNLOADED_SANDBOX_NETWORK_BLOCKED
2012-07-06,2012,3,https://www.sec.gov/dera/data/Public-EDGAR-log-file-data/2012/Qtr3/log20120706.zip,NOT_DOWNLOADED_SANDBOX_NETWORK_BLOCKED
2012-07-07,2012,3,https://www.sec.gov/dera/data/Public-EDGAR-log-file-data/2012/Qtr3/log20120707.zip,NOT_DOWNLOADED_SANDBOX_NETWORK_BLOCKED
2012-07-08,2012,3,https://www.sec.gov/dera/data/Public-EDGAR-log-file-data/2012/Qtr3/log20120708.zip,NOT_DOWNLOADED_SANDBOX_NETWORK_BLOCKED
2012-07-09,2012,3,https://www.sec.gov/dera/data/Public-EDGAR-log-file-data/2012/Qtr3/log20120709.zip,NOT_DOWNLOADED_SANDBOX_NETWORK_BLOCKED
2012-07-10,2012,3,https://www.sec.gov/dera/data/Public-EDGAR-log-file-data/2012/Qtr3/log20120710.zip,NOT_DOWNLOADED_SANDBOX_NETWORK_BLOCKED
2012-07-11,2012,3,https://www.sec.gov/dera/data/Public-EDGAR-log-file-data/2012/Qtr3/log20120711.zip,NOT_DOWNLOADED_SANDBOX_NETWORK_BLOCKED
2012-07-12,2012,3,https://www.sec.gov/dera/data/Public-EDGAR-log-file-data/2012/Qtr3/log20120712.zip,NOT_DOWNLOADED_SANDBOX_NETWORK_BLOCKED
2012-07-13,2012,3,https://www.sec.gov/dera/data/Public-EDGAR-log-file-data/2012/Qtr3/log20120713.zip,NOT_DOWNLOADED_SANDBOX_NETWORK_BLOCKED
2012-07-14,2012,3,https://www.sec.gov/dera/data/Public-EDGAR-log-file-data/2012/Qtr3/log20120714.zip,NOT_DOWNLOADED_SANDBOX_NETWORK_BLOCKED
2012-07-15,2012,3,https://www.sec.gov/dera/data/Public-EDGAR-log-file-data/2012/Qtr3/log20120715.zip,NOT_DOWNLOADED_SANDBOX_NETWORK_BLOCKED
2012-07-16,2012,3,https://www.sec.gov/dera/data/Public-EDGAR-log-file-data/2012/Qtr3/log20120716.zip,NOT_DOWNLOADED_SANDBOX_NETWORK_BLOCKED
2012-07-17,2012,3,https://www.sec.gov/dera/data/Public-EDGAR-log-file-data/2012/Qtr3/log20120717.zip,NOT_DOWNLOADED_SANDBOX_NETWORK_BLOCKED
2012-07-18,2012,3,https://www.sec.gov/dera/data/Public-EDGAR-log-file-data/2012/Qtr3/log20120718.zip,NOT_DOWNLOADED_SANDBOX_NETWORK_BLOCKED
2012-07-19,2012,3,https://www.sec.gov/dera/data/Public-EDGAR-log-file-data/2012/Qtr3/log20120719.zip,NOT_DOWNLOADED_SANDBOX_NETWORK_BLOCKED
2012-07-20,2012,3,https://www.sec.gov/dera/data/Public-EDGAR-log-file-data/2012/Qtr3/log20120720.zip,NOT_DOWNLOADED_SANDBOX_NETWORK_BLOCKED
2012-07-21,2012,3,https://www.sec.gov/dera/data/Public-EDGAR-log-file-data/2012/Qtr3/log20120721.zip,NOT_DOWNLOADED_SANDBOX_NETWORK_BLOCKED
2012-07-22,2012,3,https://www.sec.gov/dera/data/Public-EDGAR-log-file-data/2012/Qtr3/log20120722.zip,NOT_DOWNLOADED_SANDBOX_NETWORK_BLOCKED
2012-07-23,2012,3,https://www.sec.gov/dera/data/Public-EDGAR-log-file-data/2012/Qtr3/log20120723.zip,NOT_DOWNLOADED_SANDBOX_NETWORK_BLOCKED
2012-07-24,2012,3,https://www.sec.gov/dera/data/Public-EDGAR-log-file-data/2012/Qtr3/log20120724.zip,NOT_DOWNLOADED_SANDBOX_NETWORK_BLOCKED
2012-07-25,2012,3,https://www.sec.gov/dera/data/Public-EDGAR-log-file-data/2012/Qtr3/log20120725.zip,NOT_DOWNLOADED_SANDBOX_NETWORK_BLOCKED
2012-07-26,2012,3,https://www.sec.gov/dera/data/Public-EDGAR-log-file-data/2012/Qtr3/log20120726.zip,NOT_DOWNLOADED_SANDBOX_NETWORK_BLOCKED
2012-07-27,2012,3,https://www.sec.gov/dera/data/Public-EDGAR-log-file-data/2012/Qtr3/log20120727.zip,NOT_DOWNLOADED_SANDBOX_NETWORK_BLOCKED
2012-07-28,2012,3,https://www.sec.gov/dera/data/Public-EDGAR-log-file-data/2012/Qtr3/log20120728.zip,NOT_DOWNLOADED_SANDBOX_NETWORK_BLOCKED
2012-07-29,2012,3,https://www.sec.gov/dera/data/Public-EDGAR-log-file-data/2012/Qtr3/log20120729.zip,NOT_DOWNLOADED_SANDBOX_NETWORK_BLOCKED
2012-07-30,2012,3,https://www.sec.gov/dera/data/Public-EDGAR-log-file-data/2012/Qtr3/log20120730.zip,NOT_DOWNLOADED_SANDBOX_NETWORK_BLOCKED
2012-07-31,2012,3,https://www.sec.gov/dera/data/Public-EDGAR-log-file-data/2012/Qtr3/log20120731.zip,NOT_DOWNLOADED_SANDBOX_NETWORK_BLOCKED
2012-08-19,2012,3,https://www.sec.gov/dera/data/Public-EDGAR-log-file-data/2012/Qtr3/log20120819.zip,NOT_DOWNLOADED_SANDBOX_NETWORK_BLOCKED
2012-08-20,2012,3,https://www.sec.gov/dera/data/Public-EDGAR-log-file-data/2012/Qtr3/log20120820.zip,NOT_DOWNLOADED_SANDBOX_NETWORK_BLOCKED
2012-08-21,2012,3,https://www.sec.gov/dera/data/Public-EDGAR-log-file-data/2012/Qtr3/log20120821.zip,NOT_DOWNLOADED_SANDBOX_NETWORK_BLOCKED
2012-08-22,2012,3,https://www.sec.gov/dera/data/Public-EDGAR-log-file-data/2012/Qtr3/log20120822.zip,NOT_DOWNLOADED_SANDBOX_NETWORK_BLOCKED
2012-08-23,2012,3,https://www.sec.gov/dera/data/Public-EDGAR-log-file-data/2012/Qtr3/log20120823.zip,NOT_DOWNLOADED_SANDBOX_NETWORK_BLOCKED
2012-08-24,2012,3,https://www.sec.gov/dera/data/Public-EDGAR-log-file-data/2012/Qtr3/log20120824.zip,NOT_DOWNLOADED_SANDBOX_NETWORK_BLOCKED
2012-08-25,2012,3,https://www.sec.gov/dera/data/Public-EDGAR-log-file-data/2012/Qtr3/log20120825.zip,NOT_DOWNLOADED_SANDBOX_NETWORK_BLOCKED
2012-08-26,2012,3,https://www.sec.gov/dera/data/Public-EDGAR-log-file-data/2012/Qtr3/log20120826.zip,NOT_DOWNLOADED_SANDBOX_NETWORK_BLOCKED
2012-08-27,2012,3,https://www.sec.gov/dera/data/Public-EDGAR-log-file-data/2012/Qtr3/log20120827.zip,NOT_DOWNLOADED_SANDBOX_NETWORK_BLOCKED
2012-08-28,2012,3,https://www.sec.gov/dera/data/Public-EDGAR-log-file-data/2012/Qtr3/log20120828.zip,NOT_DOWNLOADED_SANDBOX_NETWORK_BLOCKED
2012-08-29,2012,3,https://www.sec.gov/dera/data/Public-EDGAR-log-file-data/2012/Qtr3/log20120829.zip,NOT_DOWNLOADED_SANDBOX_NETWORK_BLOCKED
2012-08-30,2012,3,https://www.sec.gov/dera/data/Public-EDGAR-log-file-data/2012/Qtr3/log20120830.zip,NOT_DOWNLOADED_SANDBOX_NETWORK_BLOCKED
2012-08-31,2012,3,https://www.sec.gov/dera/data/Public-EDGAR-log-file-data/2012/Qtr3/log20120831.zip,NOT_DOWNLOADED_SANDBOX_NETWORK_BLOCKED
2012-09-01,2012,3,https://www.sec.gov/dera/data/Public-EDGAR-log-file-data/2012/Qtr3/log20120901.zip,NOT_DOWNLOADED_SANDBOX_NETWORK_BLOCKED
2012-09-02,2012,3,https://www.sec.gov/dera/data/Public-EDGAR-log-file-data/2012/Qtr3/log20120902.zip,NOT_DOWNLOADED_SANDBOX_NETWORK_BLOCKED
2012-09-03,2012,3,https://www.sec.gov/dera/data/Public-EDGAR-log-file-data/2012/Qtr3/log20120903.zip,NOT_DOWNLOADED_SANDBOX_NETWORK_BLOCKED
2012-11-02,2012,4,https://www.sec.gov/dera/data/Public-EDGAR-log-file-data/2012/Qtr4/log20121102.zip,NOT_DOWNLOADED_SANDBOX_NETWORK_BLOCKED
2012-11-03,2012,4,https://www.sec.gov/dera/data/Public-EDGAR-log-file-data/2012/Qtr4/log20121103.zip,NOT_DOWNLOADED_SANDBOX_NETWORK_BLOCKED
2012-11-04,2012,4,https://www.sec.gov/dera/data/Public-EDGAR-log-file-data/2012/Qtr4/log20121104.zip,NOT_DOWNLOADED_SANDBOX_NETWORK_BLOCKED
2012-11-05,2012,4,https://www.sec.gov/dera/data/Public-EDGAR-log-file-data/2012/Qtr4/log20121105.zip,NOT_DOWNLOADED_SANDBOX_NETWORK_BLOCKED
2012-11-06,2012,4,https://www.sec.gov/dera/data/Public-EDGAR-log-file-data/2012/Qtr4/log20121106.zip,NOT_DOWNLOADED_SANDBOX_NETWORK_BLOCKED
2012-11-07,2012,4,https://www.sec.gov/dera/data/Public-EDGAR-log-file-data/2012/Qtr4/log20121107.zip,NOT_DOWNLOADED_SANDBOX_NETWORK_BLOCKED
2012-11-08,2012,4,https://www.sec.gov/dera/data/Public-EDGAR-log-file-data/2012/Qtr4/log20121108.zip,NOT_DOWNLOADED_SANDBOX_NETWORK_BLOCKED
2012-11-09,2012,4,https://www.sec.gov/dera/data/Public-EDGAR-log-file-data/2012/Qtr4/log20121109.zip,NOT_DOWNLOADED_SANDBOX_NETWORK_BLOCKED
2012-11-10,2012,4,https://www.sec.gov/dera/data/Public-EDGAR-log-file-data/2012/Qtr4/log20121110.zip,NOT_DOWNLOADED_SANDBOX_NETWORK_BLOCKED
2012-11-11,2012,4,https://www.sec.gov/dera/data/Public-EDGAR-log-file-data/2012/Qtr4/log20121111.zip,NOT_DOWNLOADED_SANDBOX_NETWORK_BLOCKED
2012-11-12,2012,4,https://www.sec.gov/dera/data/Public-EDGAR-log-file-data/2012/Qtr4/log20121112.zip,NOT_DOWNLOADED_SANDBOX_NETWORK_BLOCKED
2012-11-13,2012,4,https://www.sec.gov/dera/data/Public-EDGAR-log-file-data/2012/Qtr4/log20121113.zip,NOT_DOWNLOADED_SANDBOX_NETWORK_BLOCKED
2012-11-14,2012,4,https://www.sec.gov/dera/data/Public-EDGAR-log-file-data/2012/Qtr4/log20121114.zip,NOT_DOWNLOADED_SANDBOX_NETWORK_BLOCKED
2012-11-15,2012,4,https://www.sec.gov/dera/data/Public-EDGAR-log-file-data/2012/Qtr4/log20121115.zip,NOT_DOWNLOADED_SANDBOX_NETWORK_BLOCKED
2012-11-16,2012,4,https://www.sec.gov/dera/data/Public-EDGAR-log-file-data/2012/Qtr4/log20121116.zip,NOT_DOWNLOADED_SANDBOX_NETWORK_BLOCKED
2012-11-17,2012,4,https://www.sec.gov/dera/data/Public-EDGAR-log-file-data/2012/Qtr4/log20121117.zip,NOT_DOWNLOADED_SANDBOX_NETWORK_BLOCKED
2012-11-18,2012,4,https://www.sec.gov/dera/data/Public-EDGAR-log-file-data/2012/Qtr4/log20121118.zip,NOT_DOWNLOADED_SANDBOX_NETWORK_BLOCKED
2012-11-19,2012,4,https://www.sec.gov/dera/data/Public-EDGAR-log-file-data/2012/Qtr4/log20121119.zip,NOT_DOWNLOADED_SANDBOX_NETWORK_BLOCKED
2012-12-09,2012,4,https://www.sec.gov/dera/data/Public-EDGAR-log-file-data/2012/Qtr4/log20121209.zip,NOT_DOWNLOADED_SANDBOX_NETWORK_BLOCKED
2012-12-10,2012,4,https://www.sec.gov/dera/data/Public-EDGAR-log-file-data/2012/Qtr4/log20121210.zip,NOT_DOWNLOADED_SANDBOX_NETWORK_BLOCKED
2012-12-11,2012,4,https://www.sec.gov/dera/data/Public-EDGAR-log-file-data/2012/Qtr4/log20121211.zip,NOT_DOWNLOADED_SANDBOX_NETWORK_BLOCKED
2012-12-12,2012,4,https://www.sec.gov/dera/data/Public-EDGAR-log-file-data/2012/Qtr4/log20121212.zip,NOT_DOWNLOADED_SANDBOX_NETWORK_BLOCKED
2012-12-13,2012,4,https://www.sec.gov/dera/data/Public-EDGAR-log-file-data/2012/Qtr4/log20121213.zip,NOT_DOWNLOADED_SANDBOX_NETWORK_BLOCKED
2012-12-14,2012,4,https://www.sec.gov/dera/data/Public-EDGAR-log-file-data/2012/Qtr4/log20121214.zip,NOT_DOWNLOADED_SANDBOX_NETWORK_BLOCKED
2012-12-15,2012,4,https://www.sec.gov/dera/data/Public-EDGAR-log-file-data/2012/Qtr4/log20121215.zip,NOT_DOWNLOADED_SANDBOX_NETWORK_BLOCKED
2012-12-16,2012,4,https://www.sec.gov/dera/data/Public-EDGAR-log-file-data/2012/Qtr4/log20121216.zip,NOT_DOWNLOADED_SANDBOX_NETWORK_BLOCKED
2012-12-17,2012,4,https://www.sec.gov/dera/data/Public-EDGAR-log-file-data/2012/Qtr4/log20121217.zip,NOT_DOWNLOADED_SANDBOX_NETWORK_BLOCKED
2012-12-18,2012,4,https://www.sec.gov/dera/data/Public-EDGAR-log-file-data/2012/Qtr4/log20121218.zip,NOT_DOWNLOADED_SANDBOX_NETWORK_BLOCKED
2012-12-19,2012,4,https://www.sec.gov/dera/data/Public-EDGAR-log-file-data/2012/Qtr4/log20121219.zip,NOT_DOWNLOADED_SANDBOX_NETWORK_BLOCKED
2012-12-20,2012,4,https://www.sec.gov/dera/data/Public-EDGAR-log-file-data/2012/Qtr4/log20121220.zip,NOT_DOWNLOADED_SANDBOX_NETWORK_BLOCKED
2012-12-21,2012,4,https://www.sec.gov/dera/data/Public-EDGAR-log-file-data/2012/Qtr4/log20121221.zip,NOT_DOWNLOADED_SANDBOX_NETWORK_BLOCKED
2012-12-22,2012,4,https://www.sec.gov/dera/data/Public-EDGAR-log-file-data/2012/Qtr4/log20121222.zip,NOT_DOWNLOADED_SANDBOX_NETWORK_BLOCKED
2012-12-23,2012,4,https://www.sec.gov/dera/data/Public-EDGAR-log-file-data/2012/Qtr4/log20121223.zip,NOT_DOWNLOADED_SANDBOX_NETWORK_BLOCKED
2012-12-24,2012,4,https://www.sec.gov/dera/data/Public-EDGAR-log-file-data/2012/Qtr4/log20121224.zip,NOT_DOWNLOADED_SANDBOX_NETWORK_BLOCKED
2013-01-28,2013,1,https://www.sec.gov/dera/data/Public-EDGAR-log-file-data/2013/Qtr1/log20130128.zip,NOT_DOWNLOADED_SANDBOX_NETWORK_BLOCKED
2013-01-29,2013,1,https://www.sec.gov/dera/data/Public-EDGAR-log-file-data/2013/Qtr1/log20130129.zip,NOT_DOWNLOADED_SANDBOX_NETWORK_BLOCKED
2013-01-30,2013,1,https://www.sec.gov/dera/data/Public-EDGAR-log-file-data/2013/Qtr1/log20130130.zip,NOT_DOWNLOADED_SANDBOX_NETWORK_BLOCKED
2013-01-31,2013,1,https://www.sec.gov/dera/data/Public-EDGAR-log-file-data/2013/Qtr1/log20130131.zip,NOT_DOWNLOADED_SANDBOX_NETWORK_BLOCKED
2013-02-01,2013,1,https://www.sec.gov/dera/data/Public-EDGAR-log-file-data/2013/Qtr1/log20130201.zip,NOT_DOWNLOADED_SANDBOX_NETWORK_BLOCKED
2013-02-02,2013,1,https://www.sec.gov/dera/data/Public-EDGAR-log-file-data/2013/Qtr1/log20130202.zip,NOT_DOWNLOADED_SANDBOX_NETWORK_BLOCKED
2013-02-03,2013,1,https://www.sec.gov/dera/data/Public-EDGAR-log-file-data/2013/Qtr1/log20130203.zip,NOT_DOWNLOADED_SANDBOX_NETWORK_BLOCKED
2013-02-04,2013,1,https://www.sec.gov/dera/data/Public-EDGAR-log-file-data/2013/Qtr1/log20130204.zip,NOT_DOWNLOADED_SANDBOX_NETWORK_BLOCKED
2013-02-05,2013,1,https://www.sec.gov/dera/data/Public-EDGAR-log-file-data/2013/Qtr1/log20130205.zip,NOT_DOWNLOADED_SANDBOX_NETWORK_BLOCKED
2013-02-06,2013,1,https://www.sec.gov/dera/data/Public-EDGAR-log-file-data/2013/Qtr1/log20130206.zip,NOT_DOWNLOADED_SANDBOX_NETWORK_BLOCKED
2013-02-07,2013,1,https://www.sec.gov/dera/data/Public-EDGAR-log-file-data/2013/Qtr1/log20130207.zip,NOT_DOWNLOADED_SANDBOX_NETWORK_BLOCKED
2013-02-08,2013,1,https://www.sec.gov/dera/data/Public-EDGAR-log-file-data/2013/Qtr1/log20130208.zip,NOT_DOWNLOADED_SANDBOX_NETWORK_BLOCKED
2013-02-09,2013,1,https://www.sec.gov/dera/data/Public-EDGAR-log-file-data/2013/Qtr1/log20130209.zip,NOT_DOWNLOADED_SANDBOX_NETWORK_BLOCKED
2013-02-10,2013,1,https://www.sec.gov/dera/data/Public-EDGAR-log-file-data/2013/Qtr1/log20130210.zip,NOT_DOWNLOADED_SANDBOX_NETWORK_BLOCKED
2013-02-11,2013,1,https://www.sec.gov/dera/data/Public-EDGAR-log-file-data/2013/Qtr1/log20130211.zip,NOT_DOWNLOADED_SANDBOX_NETWORK_BLOCKED
2013-02-12,2013,1,https://www.sec.gov/dera/data/Public-EDGAR-log-file-data/2013/Qtr1/log20130212.zip,NOT_DOWNLOADED_SANDBOX_NETWORK_BLOCKED
2013-02-16,2013,1,https://www.sec.gov/dera/data/Public-EDGAR-log-file-data/2013/Qtr1/log20130216.zip,NOT_DOWNLOADED_SANDBOX_NETWORK_BLOCKED
2013-02-17,2013,1,https://www.sec.gov/dera/data/Public-EDGAR-log-file-data/2013/Qtr1/log20130217.zip,NOT_DOWNLOADED_SANDBOX_NETWORK_BLOCKED
2013-02-18,2013,1,https://www.sec.gov/dera/data/Public-EDGAR-log-file-data/2013/Qtr1/log20130218.zip,NOT_DOWNLOADED_SANDBOX_NETWORK_BLOCKED
2013-02-19,2013,1,https://www.sec.gov/dera/data/Public-EDGAR-log-file-data/2013/Qtr1/log20130219.zip,NOT_DOWNLOADED_SANDBOX_NETWORK_BLOCKED
2013-02-20,2013,1,https://www.sec.gov/dera/data/Public-EDGAR-log-file-data/2013/Qtr1/log20130220.zip,NOT_DOWNLOADED_SANDBOX_NETWORK_BLOCKED
2013-02-21,2013,1,https://www.sec.gov/dera/data/Public-EDGAR-log-file-data/2013/Qtr1/log20130221.zip,NOT_DOWNLOADED_SANDBOX_NETWORK_BLOCKED
2013-02-22,2013,1,https://www.sec.gov/dera/data/Public-EDGAR-log-file-data/2013/Qtr1/log20130222.zip,NOT_DOWNLOADED_SANDBOX_NETWORK_BLOCKED
2013-02-23,2013,1,https://www.sec.gov/dera/data/Public-EDGAR-log-file-data/2013/Qtr1/log20130223.zip,NOT_DOWNLOADED_SANDBOX_NETWORK_BLOCKED
2013-02-24,2013,1,https://www.sec.gov/dera/data/Public-EDGAR-log-file-data/2013/Qtr1/log20130224.zip,NOT_DOWNLOADED_SANDBOX_NETWORK_BLOCKED
2013-02-25,2013,1,https://www.sec.gov/dera/data/Public-EDGAR-log-file-data/2013/Qtr1/log20130225.zip,NOT_DOWNLOADED_SANDBOX_NETWORK_BLOCKED
2013-02-26,2013,1,https://www.sec.gov/dera/data/Public-EDGAR-log-file-data/2013/Qtr1/log20130226.zip,NOT_DOWNLOADED_SANDBOX_NETWORK_BLOCKED
2013-02-27,2013,1,https://www.sec.gov/dera/data/Public-EDGAR-log-file-data/2013/Qtr1/log20130227.zip,NOT_DOWNLOADED_SANDBOX_NETWORK_BLOCKED
2013-02-28,2013,1,https://www.sec.gov/dera/data/Public-EDGAR-log-file-data/2013/Qtr1/log20130228.zip,NOT_DOWNLOADED_SANDBOX_NETWORK_BLOCKED
2013-03-01,2013,1,https://www.sec.gov/dera/data/Public-EDGAR-log-file-data/2013/Qtr1/log20130301.zip,NOT_DOWNLOADED_SANDBOX_NETWORK_BLOCKED
2013-03-02,2013,1,https://www.sec.gov/dera/data/Public-EDGAR-log-file-data/2013/Qtr1/log20130302.zip,NOT_DOWNLOADED_SANDBOX_NETWORK_BLOCKED
2013-03-03,2013,1,https://www.sec.gov/dera/data/Public-EDGAR-log-file-data/2013/Qtr1/log20130303.zip,NOT_DOWNLOADED_SANDBOX_NETWORK_BLOCKED
2013-03-22,2013,1,https://www.sec.gov/dera/data/Public-EDGAR-log-file-data/2013/Qtr1/log20130322.zip,NOT_DOWNLOADED_SANDBOX_NETWORK_BLOCKED
2013-03-23,2013,1,https://www.sec.gov/dera/data/Public-EDGAR-log-file-data/2013/Qtr1/log20130323.zip,NOT_DOWNLOADED_SANDBOX_NETWORK_BLOCKED
2013-03-24,2013,1,https://www.sec.gov/dera/data/Public-EDGAR-log-file-data/2013/Qtr1/log20130324.zip,NOT_DOWNLOADED_SANDBOX_NETWORK_BLOCKED
2013-03-25,2013,1,https://www.sec.gov/dera/data/Public-EDGAR-log-file-data/2013/Qtr1/log20130325.zip,NOT_DOWNLOADED_SANDBOX_NETWORK_BLOCKED
2013-03-26,2013,1,https://www.sec.gov/dera/data/Public-EDGAR-log-file-data/2013/Qtr1/log20130326.zip,NOT_DOWNLOADED_SANDBOX_NETWORK_BLOCKED
2013-03-27,2013,1,https://www.sec.gov/dera/data/Public-EDGAR-log-file-data/2013/Qtr1/log20130327.zip,NOT_DOWNLOADED_SANDBOX_NETWORK_BLOCKED
2013-03-28,2013,1,https://www.sec.gov/dera/data/Public-EDGAR-log-file-data/2013/Qtr1/log20130328.zip,NOT_DOWNLOADED_SANDBOX_NETWORK_BLOCKED
2013-03-29,2013,1,https://www.sec.gov/dera/data/Public-EDGAR-log-file-data/2013/Qtr1/log20130329.zip,NOT_DOWNLOADED_SANDBOX_NETWORK_BLOCKED
2013-03-30,2013,1,https://www.sec.gov/dera/data/Public-EDGAR-log-file-data/2013/Qtr1/log20130330.zip,NOT_DOWNLOADED_SANDBOX_NETWORK_BLOCKED
2013-03-31,2013,1,https://www.sec.gov/dera/data/Public-EDGAR-log-file-data/2013/Qtr1/log20130331.zip,NOT_DOWNLOADED_SANDBOX_NETWORK_BLOCKED
2013-04-01,2013,2,https://www.sec.gov/dera/data/Public-EDGAR-log-file-data/2013/Qtr2/log20130401.zip,NOT_DOWNLOADED_SANDBOX_NETWORK_BLOCKED
2013-04-02,2013,2,https://www.sec.gov/dera/data/Public-EDGAR-log-file-data/2013/Qtr2/log20130402.zip,NOT_DOWNLOADED_SANDBOX_NETWORK_BLOCKED
2013-04-03,2013,2,https://www.sec.gov/dera/data/Public-EDGAR-log-file-data/2013/Qtr2/log20130403.zip,NOT_DOWNLOADED_SANDBOX_NETWORK_BLOCKED
2013-04-04,2013,2,https://www.sec.gov/dera/data/Public-EDGAR-log-file-data/2013/Qtr2/log20130404.zip,NOT_DOWNLOADED_SANDBOX_NETWORK_BLOCKED
2013-04-05,2013,2,https://www.sec.gov/dera/data/Public-EDGAR-log-file-data/2013/Qtr2/log20130405.zip,NOT_DOWNLOADED_SANDBOX_NETWORK_BLOCKED
2013-04-06,2013,2,https://www.sec.gov/dera/data/Public-EDGAR-log-file-data/2013/Qtr2/log20130406.zip,NOT_DOWNLOADED_SANDBOX_NETWORK_BLOCKED
2013-04-12,2013,2,https://www.sec.gov/dera/data/Public-EDGAR-log-file-data/2013/Qtr2/log20130412.zip,NOT_DOWNLOADED_SANDBOX_NETWORK_BLOCKED
2013-04-13,2013,2,https://www.sec.gov/dera/data/Public-EDGAR-log-file-data/2013/Qtr2/log20130413.zip,NOT_DOWNLOADED_SANDBOX_NETWORK_BLOCKED
2013-04-14,2013,2,https://www.sec.gov/dera/data/Public-EDGAR-log-file-data/2013/Qtr2/log20130414.zip,NOT_DOWNLOADED_SANDBOX_NETWORK_BLOCKED
2013-04-15,2013,2,https://www.sec.gov/dera/data/Public-EDGAR-log-file-data/2013/Qtr2/log20130415.zip,NOT_DOWNLOADED_SANDBOX_NETWORK_BLOCKED
2013-04-16,2013,2,https://www.sec.gov/dera/data/Public-EDGAR-log-file-data/2013/Qtr2/log20130416.zip,NOT_DOWNLOADED_SANDBOX_NETWORK_BLOCKED
2013-04-17,2013,2,https://www.sec.gov/dera/data/Public-EDGAR-log-file-data/2013/Qtr2/log20130417.zip,NOT_DOWNLOADED_SANDBOX_NETWORK_BLOCKED
2013-04-18,2013,2,https://www.sec.gov/dera/data/Public-EDGAR-log-file-data/2013/Qtr2/log20130418.zip,NOT_DOWNLOADED_SANDBOX_NETWORK_BLOCKED
2013-04-19,2013,2,https://www.sec.gov/dera/data/Public-EDGAR-log-file-data/2013/Qtr2/log20130419.zip,NOT_DOWNLOADED_SANDBOX_NETWORK_BLOCKED
2013-04-20,2013,2,https://www.sec.gov/dera/data/Public-EDGAR-log-file-data/2013/Qtr2/log20130420.zip,NOT_DOWNLOADED_SANDBOX_NETWORK_BLOCKED
2013-04-21,2013,2,https://www.sec.gov/dera/data/Public-EDGAR-log-file-data/2013/Qtr2/log20130421.zip,NOT_DOWNLOADED_SANDBOX_NETWORK_BLOCKED
2013-04-22,2013,2,https://www.sec.gov/dera/data/Public-EDGAR-log-file-data/2013/Qtr2/log20130422.zip,NOT_DOWNLOADED_SANDBOX_NETWORK_BLOCKED
2013-04-23,2013,2,https://www.sec.gov/dera/data/Public-EDGAR-log-file-data/2013/Qtr2/log20130423.zip,NOT_DOWNLOADED_SANDBOX_NETWORK_BLOCKED
2013-04-24,2013,2,https://www.sec.gov/dera/data/Public-EDGAR-log-file-data/2013/Qtr2/log20130424.zip,NOT_DOWNLOADED_SANDBOX_NETWORK_BLOCKED
2013-04-25,2013,2,https://www.sec.gov/dera/data/Public-EDGAR-log-file-data/2013/Qtr2/log20130425.zip,NOT_DOWNLOADED_SANDBOX_NETWORK_BLOCKED
2013-04-26,2013,2,https://www.sec.gov/dera/data/Public-EDGAR-log-file-data/2013/Qtr2/log20130426.zip,NOT_DOWNLOADED_SANDBOX_NETWORK_BLOCKED
2013-04-27,2013,2,https://www.sec.gov/dera/data/Public-EDGAR-log-file-data/2013/Qtr2/log20130427.zip,NOT_DOWNLOADED_SANDBOX_NETWORK_BLOCKED
2013-04-28,2013,2,https://www.sec.gov/dera/data/Public-EDGAR-log-file-data/2013/Qtr2/log20130428.zip,NOT_DOWNLOADED_SANDBOX_NETWORK_BLOCKED
2013-04-29,2013,2,https://www.sec.gov/dera/data/Public-EDGAR-log-file-data/2013/Qtr2/log20130429.zip,NOT_DOWNLOADED_SANDBOX_NETWORK_BLOCKED
2013-04-30,2013,2,https://www.sec.gov/dera/data/Public-EDGAR-log-file-data/2013/Qtr2/log20130430.zip,NOT_DOWNLOADED_SANDBOX_NETWORK_BLOCKED
2013-05-01,2013,2,https://www.sec.gov/dera/data/Public-EDGAR-log-file-data/2013/Qtr2/log20130501.zip,NOT_DOWNLOADED_SANDBOX_NETWORK_BLOCKED
2013-05-02,2013,2,https://www.sec.gov/dera/data/Public-EDGAR-log-file-data/2013/Qtr2/log20130502.zip,NOT_DOWNLOADED_SANDBOX_NETWORK_BLOCKED
2013-05-03,2013,2,https://www.sec.gov/dera/data/Public-EDGAR-log-file-data/2013/Qtr2/log20130503.zip,NOT_DOWNLOADED_SANDBOX_NETWORK_BLOCKED
2013-05-04,2013,2,https://www.sec.gov/dera/data/Public-EDGAR-log-file-data/2013/Qtr2/log20130504.zip,NOT_DOWNLOADED_SANDBOX_NETWORK_BLOCKED
2013-05-05,2013,2,https://www.sec.gov/dera/data/Public-EDGAR-log-file-data/2013/Qtr2/log20130505.zip,NOT_DOWNLOADED_SANDBOX_NETWORK_BLOCKED
2013-05-06,2013,2,https://www.sec.gov/dera/data/Public-EDGAR-log-file-data/2013/Qtr2/log20130506.zip,NOT_DOWNLOADED_SANDBOX_NETWORK_BLOCKED
2013-05-07,2013,2,https://www.sec.gov/dera/data/Public-EDGAR-log-file-data/2013/Qtr2/log20130507.zip,NOT_DOWNLOADED_SANDBOX_NETWORK_BLOCKED
2013-05-08,2013,2,https://www.sec.gov/dera/data/Public-EDGAR-log-file-data/2013/Qtr2/log20130508.zip,NOT_DOWNLOADED_SANDBOX_NETWORK_BLOCKED
2013-05-09,2013,2,https://www.sec.gov/dera/data/Public-EDGAR-log-file-data/2013/Qtr2/log20130509.zip,NOT_DOWNLOADED_SANDBOX_NETWORK_BLOCKED
2013-05-10,2013,2,https://www.sec.gov/dera/data/Public-EDGAR-log-file-data/2013/Qtr2/log20130510.zip,NOT_DOWNLOADED_SANDBOX_NETWORK_BLOCKED
2013-05-11,2013,2,https://www.sec.gov/dera/data/Public-EDGAR-log-file-data/2013/Qtr2/log20130511.zip,NOT_DOWNLOADED_SANDBOX_NETWORK_BLOCKED
2013-05-12,2013,2,https://www.sec.gov/dera/data/Public-EDGAR-log-file-data/2013/Qtr2/log20130512.zip,NOT_DOWNLOADED_SANDBOX_NETWORK_BLOCKED
2013-05-13,2013,2,https://www.sec.gov/dera/data/Public-EDGAR-log-file-data/2013/Qtr2/log20130513.zip,NOT_DOWNLOADED_SANDBOX_NETWORK_BLOCKED
2013-05-14,2013,2,https://www.sec.gov/dera/data/Public-EDGAR-log-file-data/2013/Qtr2/log20130514.zip,NOT_DOWNLOADED_SANDBOX_NETWORK_BLOCKED
2013-05-15,2013,2,https://www.sec.gov/dera/data/Public-EDGAR-log-file-data/2013/Qtr2/log20130515.zip,NOT_DOWNLOADED_SANDBOX_NETWORK_BLOCKED
2013-05-16,2013,2,https://www.sec.gov/dera/data/Public-EDGAR-log-file-data/2013/Qtr2/log20130516.zip,NOT_DOWNLOADED_SANDBOX_NETWORK_BLOCKED
2013-05-17,2013,2,https://www.sec.gov/dera/data/Public-EDGAR-log-file-data/2013/Qtr2/log20130517.zip,NOT_DOWNLOADED_SANDBOX_NETWORK_BLOCKED
2013-05-18,2013,2,https://www.sec.gov/dera/data/Public-EDGAR-log-file-data/2013/Qtr2/log20130518.zip,NOT_DOWNLOADED_SANDBOX_NETWORK_BLOCKED
2013-05-19,2013,2,https://www.sec.gov/dera/data/Public-EDGAR-log-file-data/2013/Qtr2/log20130519.zip,NOT_DOWNLOADED_SANDBOX_NETWORK_BLOCKED
2013-05-20,2013,2,https://www.sec.gov/dera/data/Public-EDGAR-log-file-data/2013/Qtr2/log20130520.zip,NOT_DOWNLOADED_SANDBOX_NETWORK_BLOCKED
2013-05-21,2013,2,https://www.sec.gov/dera/data/Public-EDGAR-log-file-data/2013/Qtr2/log20130521.zip,NOT_DOWNLOADED_SANDBOX_NETWORK_BLOCKED
2013-05-22,2013,2,https://www.sec.gov/dera/data/Public-EDGAR-log-file-data/2013/Qtr2/log20130522.zip,NOT_DOWNLOADED_SANDBOX_NETWORK_BLOCKED
2013-05-23,2013,2,https://www.sec.gov/dera/data/Public-EDGAR-log-file-data/2013/Qtr2/log20130523.zip,NOT_DOWNLOADED_SANDBOX_NETWORK_BLOCKED
2013-05-24,2013,2,https://www.sec.gov/dera/data/Public-EDGAR-log-file-data/2013/Qtr2/log20130524.zip,NOT_DOWNLOADED_SANDBOX_NETWORK_BLOCKED
2013-05-25,2013,2,https://www.sec.gov/dera/data/Public-EDGAR-log-file-data/2013/Qtr2/log20130525.zip,NOT_DOWNLOADED_SANDBOX_NETWORK_BLOCKED
2013-05-26,2013,2,https://www.sec.gov/dera/data/Public-EDGAR-log-file-data/2013/Qtr2/log20130526.zip,NOT_DOWNLOADED_SANDBOX_NETWORK_BLOCKED
2013-05-27,2013,2,https://www.sec.gov/dera/data/Public-EDGAR-log-file-data/2013/Qtr2/log20130527.zip,NOT_DOWNLOADED_SANDBOX_NETWORK_BLOCKED
2013-05-28,2013,2,https://www.sec.gov/dera/data/Public-EDGAR-log-file-data/2013/Qtr2/log20130528.zip,NOT_DOWNLOADED_SANDBOX_NETWORK_BLOCKED
2013-07-15,2013,3,https://www.sec.gov/dera/data/Public-EDGAR-log-file-data/2013/Qtr3/log20130715.zip,NOT_DOWNLOADED_SANDBOX_NETWORK_BLOCKED
2013-07-16,2013,3,https://www.sec.gov/dera/data/Public-EDGAR-log-file-data/2013/Qtr3/log20130716.zip,NOT_DOWNLOADED_SANDBOX_NETWORK_BLOCKED
2013-07-17,2013,3,https://www.sec.gov/dera/data/Public-EDGAR-log-file-data/2013/Qtr3/log20130717.zip,NOT_DOWNLOADED_SANDBOX_NETWORK_BLOCKED
2013-07-18,2013,3,https://www.sec.gov/dera/data/Public-EDGAR-log-file-data/2013/Qtr3/log20130718.zip,NOT_DOWNLOADED_SANDBOX_NETWORK_BLOCKED
2013-07-19,2013,3,https://www.sec.gov/dera/data/Public-EDGAR-log-file-data/2013/Qtr3/log20130719.zip,NOT_DOWNLOADED_SANDBOX_NETWORK_BLOCKED
2013-07-20,2013,3,https://www.sec.gov/dera/data/Public-EDGAR-log-file-data/2013/Qtr3/log20130720.zip,NOT_DOWNLOADED_SANDBOX_NETWORK_BLOCKED
2013-07-21,2013,3,https://www.sec.gov/dera/data/Public-EDGAR-log-file-data/2013/Qtr3/log20130721.zip,NOT_DOWNLOADED_SANDBOX_NETWORK_BLOCKED
2013-07-22,2013,3,https://www.sec.gov/dera/data/Public-EDGAR-log-file-data/2013/Qtr3/log20130722.zip,NOT_DOWNLOADED_SANDBOX_NETWORK_BLOCKED
2013-07-23,2013,3,https://www.sec.gov/dera/data/Public-EDGAR-log-file-data/2013/Qtr3/log20130723.zip,NOT_DOWNLOADED_SANDBOX_NETWORK_BLOCKED
2013-07-24,2013,3,https://www.sec.gov/dera/data/Public-EDGAR-log-file-data/2013/Qtr3/log20130724.zip,NOT_DOWNLOADED_SANDBOX_NETWORK_BLOCKED
2013-07-25,2013,3,https://www.sec.gov/dera/data/Public-EDGAR-log-file-data/2013/Qtr3/log20130725.zip,NOT_DOWNLOADED_SANDBOX_NETWORK_BLOCKED
2013-07-26,2013,3,https://www.sec.gov/dera/data/Public-EDGAR-log-file-data/2013/Qtr3/log20130726.zip,NOT_DOWNLOADED_SANDBOX_NETWORK_BLOCKED
2013-07-27,2013,3,https://www.sec.gov/dera/data/Public-EDGAR-log-file-data/2013/Qtr3/log20130727.zip,NOT_DOWNLOADED_SANDBOX_NETWORK_BLOCKED
2013-07-28,2013,3,https://www.sec.gov/dera/data/Public-EDGAR-log-file-data/2013/Qtr3/log20130728.zip,NOT_DOWNLOADED_SANDBOX_NETWORK_BLOCKED
2013-07-29,2013,3,https://www.sec.gov/dera/data/Public-EDGAR-log-file-data/2013/Qtr3/log20130729.zip,NOT_DOWNLOADED_SANDBOX_NETWORK_BLOCKED
2013-07-30,2013,3,https://www.sec.gov/dera/data/Public-EDGAR-log-file-data/2013/Qtr3/log20130730.zip,NOT_DOWNLOADED_SANDBOX_NETWORK_BLOCKED
2013-07-31,2013,3,https://www.sec.gov/dera/data/Public-EDGAR-log-file-data/2013/Qtr3/log20130731.zip,NOT_DOWNLOADED_SANDBOX_NETWORK_BLOCKED
2013-08-01,2013,3,https://www.sec.gov/dera/data/Public-EDGAR-log-file-data/2013/Qtr3/log20130801.zip,NOT_DOWNLOADED_SANDBOX_NETWORK_BLOCKED
2013-08-02,2013,3,https://www.sec.gov/dera/data/Public-EDGAR-log-file-data/2013/Qtr3/log20130802.zip,NOT_DOWNLOADED_SANDBOX_NETWORK_BLOCKED
2013-08-03,2013,3,https://www.sec.gov/dera/data/Public-EDGAR-log-file-data/2013/Qtr3/log20130803.zip,NOT_DOWNLOADED_SANDBOX_NETWORK_BLOCKED
2013-08-04,2013,3,https://www.sec.gov/dera/data/Public-EDGAR-log-file-data/2013/Qtr3/log20130804.zip,NOT_DOWNLOADED_SANDBOX_NETWORK_BLOCKED
2013-08-05,2013,3,https://www.sec.gov/dera/data/Public-EDGAR-log-file-data/2013/Qtr3/log20130805.zip,NOT_DOWNLOADED_SANDBOX_NETWORK_BLOCKED
2013-08-06,2013,3,https://www.sec.gov/dera/data/Public-EDGAR-log-file-data/2013/Qtr3/log20130806.zip,NOT_DOWNLOADED_SANDBOX_NETWORK_BLOCKED
2013-12-03,2013,4,https://www.sec.gov/dera/data/Public-EDGAR-log-file-data/2013/Qtr4/log20131203.zip,NOT_DOWNLOADED_SANDBOX_NETWORK_BLOCKED
2013-12-04,2013,4,https://www.sec.gov/dera/data/Public-EDGAR-log-file-data/2013/Qtr4/log20131204.zip,NOT_DOWNLOADED_SANDBOX_NETWORK_BLOCKED
2013-12-05,2013,4,https://www.sec.gov/dera/data/Public-EDGAR-log-file-data/2013/Qtr4/log20131205.zip,NOT_DOWNLOADED_SANDBOX_NETWORK_BLOCKED
2013-12-06,2013,4,https://www.sec.gov/dera/data/Public-EDGAR-log-file-data/2013/Qtr4/log20131206.zip,NOT_DOWNLOADED_SANDBOX_NETWORK_BLOCKED
2013-12-07,2013,4,https://www.sec.gov/dera/data/Public-EDGAR-log-file-data/2013/Qtr4/log20131207.zip,NOT_DOWNLOADED_SANDBOX_NETWORK_BLOCKED
2013-12-08,2013,4,https://www.sec.gov/dera/data/Public-EDGAR-log-file-data/2013/Qtr4/log20131208.zip,NOT_DOWNLOADED_SANDBOX_NETWORK_BLOCKED
2013-12-09,2013,4,https://www.sec.gov/dera/data/Public-EDGAR-log-file-data/2013/Qtr4/log20131209.zip,NOT_DOWNLOADED_SANDBOX_NETWORK_BLOCKED
2013-12-10,2013,4,https://www.sec.gov/dera/data/Public-EDGAR-log-file-data/2013/Qtr4/log20131210.zip,NOT_DOWNLOADED_SANDBOX_NETWORK_BLOCKED
2013-12-11,2013,4,https://www.sec.gov/dera/data/Public-EDGAR-log-file-data/2013/Qtr4/log20131211.zip,NOT_DOWNLOADED_SANDBOX_NETWORK_BLOCKED
2013-12-12,2013,4,https://www.sec.gov/dera/data/Public-EDGAR-log-file-data/2013/Qtr4/log20131212.zip,NOT_DOWNLOADED_SANDBOX_NETWORK_BLOCKED
2013-12-13,2013,4,https://www.sec.gov/dera/data/Public-EDGAR-log-file-data/2013/Qtr4/log20131213.zip,NOT_DOWNLOADED_SANDBOX_NETWORK_BLOCKED
2013-12-14,2013,4,https://www.sec.gov/dera/data/Public-EDGAR-log-file-data/2013/Qtr4/log20131214.zip,NOT_DOWNLOADED_SANDBOX_NETWORK_BLOCKED
2013-12-15,2013,4,https://www.sec.gov/dera/data/Public-EDGAR-log-file-data/2013/Qtr4/log20131215.zip,NOT_DOWNLOADED_SANDBOX_NETWORK_BLOCKED
2013-12-16,2013,4,https://www.sec.gov/dera/data/Public-EDGAR-log-file-data/2013/Qtr4/log20131216.zip,NOT_DOWNLOADED_SANDBOX_NETWORK_BLOCKED
2013-12-17,2013,4,https://www.sec.gov/dera/data/Public-EDGAR-log-file-data/2013/Qtr4/log20131217.zip,NOT_DOWNLOADED_SANDBOX_NETWORK_BLOCKED
2013-12-18,2013,4,https://www.sec.gov/dera/data/Public-EDGAR-log-file-data/2013/Qtr4/log20131218.zip,NOT_DOWNLOADED_SANDBOX_NETWORK_BLOCKED
2013-12-21,2013,4,https://www.sec.gov/dera/data/Public-EDGAR-log-file-data/2013/Qtr4/log20131221.zip,NOT_DOWNLOADED_SANDBOX_NETWORK_BLOCKED
2013-12-22,2013,4,https://www.sec.gov/dera/data/Public-EDGAR-log-file-data/2013/Qtr4/log20131222.zip,NOT_DOWNLOADED_SANDBOX_NETWORK_BLOCKED
2013-12-23,2013,4,https://www.sec.gov/dera/data/Public-EDGAR-log-file-data/2013/Qtr4/log20131223.zip,NOT_DOWNLOADED_SANDBOX_NETWORK_BLOCKED
2013-12-24,2013,4,https://www.sec.gov/dera/data/Public-EDGAR-log-file-data/2013/Qtr4/log20131224.zip,NOT_DOWNLOADED_SANDBOX_NETWORK_BLOCKED
2013-12-25,2013,4,https://www.sec.gov/dera/data/Public-EDGAR-log-file-data/2013/Qtr4/log20131225.zip,NOT_DOWNLOADED_SANDBOX_NETWORK_BLOCKED
2013-12-26,2013,4,https://www.sec.gov/dera/data/Public-EDGAR-log-file-data/2013/Qtr4/log20131226.zip,NOT_DOWNLOADED_SANDBOX_NETWORK_BLOCKED
2013-12-27,2013,4,https://www.sec.gov/dera/data/Public-EDGAR-log-file-data/2013/Qtr4/log20131227.zip,NOT_DOWNLOADED_SANDBOX_NETWORK_BLOCKED
2013-12-28,2013,4,https://www.sec.gov/dera/data/Public-EDGAR-log-file-data/2013/Qtr4/log20131228.zip,NOT_DOWNLOADED_SANDBOX_NETWORK_BLOCKED
2013-12-29,2013,4,https://www.sec.gov/dera/data/Public-EDGAR-log-file-data/2013/Qtr4/log20131229.zip,NOT_DOWNLOADED_SANDBOX_NETWORK_BLOCKED
2013-12-30,2013,4,https://www.sec.gov/dera/data/Public-EDGAR-log-file-data/2013/Qtr4/log20131230.zip,NOT_DOWNLOADED_SANDBOX_NETWORK_BLOCKED
2013-12-31,2013,4,https://www.sec.gov/dera/data/Public-EDGAR-log-file-data/2013/Qtr4/log20131231.zip,NOT_DOWNLOADED_SANDBOX_NETWORK_BLOCKED
2014-01-01,2014,1,https://www.sec.gov/dera/data/Public-EDGAR-log-file-data/2014/Qtr1/log20140101.zip,NOT_DOWNLOADED_SANDBOX_NETWORK_BLOCKED
2014-01-02,2014,1,https://www.sec.gov/dera/data/Public-EDGAR-log-file-data/2014/Qtr1/log20140102.zip,NOT_DOWNLOADED_SANDBOX_NETWORK_BLOCKED
2014-01-03,2014,1,https://www.sec.gov/dera/data/Public-EDGAR-log-file-data/2014/Qtr1/log20140103.zip,NOT_DOWNLOADED_SANDBOX_NETWORK_BLOCKED
2014-01-04,2014,1,https://www.sec.gov/dera/data/Public-EDGAR-log-file-data/2014/Qtr1/log20140104.zip,NOT_DOWNLOADED_SANDBOX_NETWORK_BLOCKED
2014-01-05,2014,1,https://www.sec.gov/dera/data/Public-EDGAR-log-file-data/2014/Qtr1/log20140105.zip,NOT_DOWNLOADED_SANDBOX_NETWORK_BLOCKED
2014-01-06,2014,1,https://www.sec.gov/dera/data/Public-EDGAR-log-file-data/2014/Qtr1/log20140106.zip,NOT_DOWNLOADED_SANDBOX_NETWORK_BLOCKED
2014-01-07,2014,1,https://www.sec.gov/dera/data/Public-EDGAR-log-file-data/2014/Qtr1/log20140107.zip,NOT_DOWNLOADED_SANDBOX_NETWORK_BLOCKED
2014-01-08,2014,1,https://www.sec.gov/dera/data/Public-EDGAR-log-file-data/2014/Qtr1/log20140108.zip,NOT_DOWNLOADED_SANDBOX_NETWORK_BLOCKED
2014-01-09,2014,1,https://www.sec.gov/dera/data/Public-EDGAR-log-file-data/2014/Qtr1/log20140109.zip,NOT_DOWNLOADED_SANDBOX_NETWORK_BLOCKED
2014-01-10,2014,1,https://www.sec.gov/dera/data/Public-EDGAR-log-file-data/2014/Qtr1/log20140110.zip,NOT_DOWNLOADED_SANDBOX_NETWORK_BLOCKED
2014-01-11,2014,1,https://www.sec.gov/dera/data/Public-EDGAR-log-file-data/2014/Qtr1/log20140111.zip,NOT_DOWNLOADED_SANDBOX_NETWORK_BLOCKED
2014-01-12,2014,1,https://www.sec.gov/dera/data/Public-EDGAR-log-file-data/2014/Qtr1/log20140112.zip,NOT_DOWNLOADED_SANDBOX_NETWORK_BLOCKED
2014-01-13,2014,1,https://www.sec.gov/dera/data/Public-EDGAR-log-file-data/2014/Qtr1/log20140113.zip,NOT_DOWNLOADED_SANDBOX_NETWORK_BLOCKED
2014-01-14,2014,1,https://www.sec.gov/dera/data/Public-EDGAR-log-file-data/2014/Qtr1/log20140114.zip,NOT_DOWNLOADED_SANDBOX_NETWORK_BLOCKED
2014-01-20,2014,1,https://www.sec.gov/dera/data/Public-EDGAR-log-file-data/2014/Qtr1/log20140120.zip,NOT_DOWNLOADED_SANDBOX_NETWORK_BLOCKED
2014-01-21,2014,1,https://www.sec.gov/dera/data/Public-EDGAR-log-file-data/2014/Qtr1/log20140121.zip,NOT_DOWNLOADED_SANDBOX_NETWORK_BLOCKED
2014-01-22,2014,1,https://www.sec.gov/dera/data/Public-EDGAR-log-file-data/2014/Qtr1/log20140122.zip,NOT_DOWNLOADED_SANDBOX_NETWORK_BLOCKED
2014-01-23,2014,1,https://www.sec.gov/dera/data/Public-EDGAR-log-file-data/2014/Qtr1/log20140123.zip,NOT_DOWNLOADED_SANDBOX_NETWORK_BLOCKED
2014-01-24,2014,1,https://www.sec.gov/dera/data/Public-EDGAR-log-file-data/2014/Qtr1/log20140124.zip,NOT_DOWNLOADED_SANDBOX_NETWORK_BLOCKED
2014-01-25,2014,1,https://www.sec.gov/dera/data/Public-EDGAR-log-file-data/2014/Qtr1/log20140125.zip,NOT_DOWNLOADED_SANDBOX_NETWORK_BLOCKED
2014-01-26,2014,1,https://www.sec.gov/dera/data/Public-EDGAR-log-file-data/2014/Qtr1/log20140126.zip,NOT_DOWNLOADED_SANDBOX_NETWORK_BLOCKED
2014-01-27,2014,1,https://www.sec.gov/dera/data/Public-EDGAR-log-file-data/2014/Qtr1/log20140127.zip,NOT_DOWNLOADED_SANDBOX_NETWORK_BLOCKED
2014-01-28,2014,1,https://www.sec.gov/dera/data/Public-EDGAR-log-file-data/2014/Qtr1/log20140128.zip,NOT_DOWNLOADED_SANDBOX_NETWORK_BLOCKED
2014-01-29,2014,1,https://www.sec.gov/dera/data/Public-EDGAR-log-file-data/2014/Qtr1/log20140129.zip,NOT_DOWNLOADED_SANDBOX_NETWORK_BLOCKED
2014-01-30,2014,1,https://www.sec.gov/dera/data/Public-EDGAR-log-file-data/2014/Qtr1/log20140130.zip,NOT_DOWNLOADED_SANDBOX_NETWORK_BLOCKED
2014-01-31,2014,1,https://www.sec.gov/dera/data/Public-EDGAR-log-file-data/2014/Qtr1/log20140131.zip,NOT_DOWNLOADED_SANDBOX_NETWORK_BLOCKED
2014-02-01,2014,1,https://www.sec.gov/dera/data/Public-EDGAR-log-file-data/2014/Qtr1/log20140201.zip,NOT_DOWNLOADED_SANDBOX_NETWORK_BLOCKED
2014-02-02,2014,1,https://www.sec.gov/dera/data/Public-EDGAR-log-file-data/2014/Qtr1/log20140202.zip,NOT_DOWNLOADED_SANDBOX_NETWORK_BLOCKED
2014-02-03,2014,1,https://www.sec.gov/dera/data/Public-EDGAR-log-file-data/2014/Qtr1/log20140203.zip,NOT_DOWNLOADED_SANDBOX_NETWORK_BLOCKED
2014-02-04,2014,1,https://www.sec.gov/dera/data/Public-EDGAR-log-file-data/2014/Qtr1/log20140204.zip,NOT_DOWNLOADED_SANDBOX_NETWORK_BLOCKED
2014-02-17,2014,1,https://www.sec.gov/dera/data/Public-EDGAR-log-file-data/2014/Qtr1/log20140217.zip,NOT_DOWNLOADED_SANDBOX_NETWORK_BLOCKED
2014-02-18,2014,1,https://www.sec.gov/dera/data/Public-EDGAR-log-file-data/2014/Qtr1/log20140218.zip,NOT_DOWNLOADED_SANDBOX_NETWORK_BLOCKED
2014-02-19,2014,1,https://www.sec.gov/dera/data/Public-EDGAR-log-file-data/2014/Qtr1/log20140219.zip,NOT_DOWNLOADED_SANDBOX_NETWORK_BLOCKED
2014-02-20,2014,1,https://www.sec.gov/dera/data/Public-EDGAR-log-file-data/2014/Qtr1/log20140220.zip,NOT_DOWNLOADED_SANDBOX_NETWORK_BLOCKED
2014-02-21,2014,1,https://www.sec.gov/dera/data/Public-EDGAR-log-file-data/2014/Qtr1/log20140221.zip,NOT_DOWNLOADED_SANDBOX_NETWORK_BLOCKED
2014-02-22,2014,1,https://www.sec.gov/dera/data/Public-EDGAR-log-file-data/2014/Qtr1/log20140222.zip,NOT_DOWNLOADED_SANDBOX_NETWORK_BLOCKED
2014-02-23,2014,1,https://www.sec.gov/dera/data/Public-EDGAR-log-file-data/2014/Qtr1/log20140223.zip,NOT_DOWNLOADED_SANDBOX_NETWORK_BLOCKED
2014-02-24,2014,1,https://www.sec.gov/dera/data/Public-EDGAR-log-file-data/2014/Qtr1/log20140224.zip,NOT_DOWNLOADED_SANDBOX_NETWORK_BLOCKED
2014-02-25,2014,1,https://www.sec.gov/dera/data/Public-EDGAR-log-file-data/2014/Qtr1/log20140225.zip,NOT_DOWNLOADED_SANDBOX_NETWORK_BLOCKED
2014-02-26,2014,1,https://www.sec.gov/dera/data/Public-EDGAR-log-file-data/2014/Qtr1/log20140226.zip,NOT_DOWNLOADED_SANDBOX_NETWORK_BLOCKED
2014-02-27,2014,1,https://www.sec.gov/dera/data/Public-EDGAR-log-file-data/2014/Qtr1/log20140227.zip,NOT_DOWNLOADED_SANDBOX_NETWORK_BLOCKED
2014-02-28,2014,1,https://www.sec.gov/dera/data/Public-EDGAR-log-file-data/2014/Qtr1/log20140228.zip,NOT_DOWNLOADED_SANDBOX_NETWORK_BLOCKED
2014-03-01,2014,1,https://www.sec.gov/dera/data/Public-EDGAR-log-file-data/2014/Qtr1/log20140301.zip,NOT_DOWNLOADED_SANDBOX_NETWORK_BLOCKED
2014-03-02,2014,1,https://www.sec.gov/dera/data/Public-EDGAR-log-file-data/2014/Qtr1/log20140302.zip,NOT_DOWNLOADED_SANDBOX_NETWORK_BLOCKED
2014-03-03,2014,1,https://www.sec.gov/dera/data/Public-EDGAR-log-file-data/2014/Qtr1/log20140303.zip,NOT_DOWNLOADED_SANDBOX_NETWORK_BLOCKED
2014-03-04,2014,1,https://www.sec.gov/dera/data/Public-EDGAR-log-file-data/2014/Qtr1/log20140304.zip,NOT_DOWNLOADED_SANDBOX_NETWORK_BLOCKED
2014-03-05,2014,1,https://www.sec.gov/dera/data/Public-EDGAR-log-file-data/2014/Qtr1/log20140305.zip,NOT_DOWNLOADED_SANDBOX_NETWORK_BLOCKED
2014-03-06,2014,1,https://www.sec.gov/dera/data/Public-EDGAR-log-file-data/2014/Qtr1/log20140306.zip,NOT_DOWNLOADED_SANDBOX_NETWORK_BLOCKED
2014-03-07,2014,1,https://www.sec.gov/dera/data/Public-EDGAR-log-file-data/2014/Qtr1/log20140307.zip,NOT_DOWNLOADED_SANDBOX_NETWORK_BLOCKED
2014-03-08,2014,1,https://www.sec.gov/dera/data/Public-EDGAR-log-file-data/2014/Qtr1/log20140308.zip,NOT_DOWNLOADED_SANDBOX_NETWORK_BLOCKED
2014-04-11,2014,2,https://www.sec.gov/dera/data/Public-EDGAR-log-file-data/2014/Qtr2/log20140411.zip,NOT_DOWNLOADED_SANDBOX_NETWORK_BLOCKED
2014-04-12,2014,2,https://www.sec.gov/dera/data/Public-EDGAR-log-file-data/2014/Qtr2/log20140412.zip,NOT_DOWNLOADED_SANDBOX_NETWORK_BLOCKED
2014-04-13,2014,2,https://www.sec.gov/dera/data/Public-EDGAR-log-file-data/2014/Qtr2/log20140413.zip,NOT_DOWNLOADED_SANDBOX_NETWORK_BLOCKED
2014-04-14,2014,2,https://www.sec.gov/dera/data/Public-EDGAR-log-file-data/2014/Qtr2/log20140414.zip,NOT_DOWNLOADED_SANDBOX_NETWORK_BLOCKED
2014-04-15,2014,2,https://www.sec.gov/dera/data/Public-EDGAR-log-file-data/2014/Qtr2/log20140415.zip,NOT_DOWNLOADED_SANDBOX_NETWORK_BLOCKED
2014-04-16,2014,2,https://www.sec.gov/dera/data/Public-EDGAR-log-file-data/2014/Qtr2/log20140416.zip,NOT_DOWNLOADED_SANDBOX_NETWORK_BLOCKED
2014-04-17,2014,2,https://www.sec.gov/dera/data/Public-EDGAR-log-file-data/2014/Qtr2/log20140417.zip,NOT_DOWNLOADED_SANDBOX_NETWORK_BLOCKED
2014-04-18,2014,2,https://www.sec.gov/dera/data/Public-EDGAR-log-file-data/2014/Qtr2/log20140418.zip,NOT_DOWNLOADED_SANDBOX_NETWORK_BLOCKED
2014-04-19,2014,2,https://www.sec.gov/dera/data/Public-EDGAR-log-file-data/2014/Qtr2/log20140419.zip,NOT_DOWNLOADED_SANDBOX_NETWORK_BLOCKED
2014-04-20,2014,2,https://www.sec.gov/dera/data/Public-EDGAR-log-file-data/2014/Qtr2/log20140420.zip,NOT_DOWNLOADED_SANDBOX_NETWORK_BLOCKED
2014-04-21,2014,2,https://www.sec.gov/dera/data/Public-EDGAR-log-file-data/2014/Qtr2/log20140421.zip,NOT_DOWNLOADED_SANDBOX_NETWORK_BLOCKED
2014-04-22,2014,2,https://www.sec.gov/dera/data/Public-EDGAR-log-file-data/2014/Qtr2/log20140422.zip,NOT_DOWNLOADED_SANDBOX_NETWORK_BLOCKED
2014-04-23,2014,2,https://www.sec.gov/dera/data/Public-EDGAR-log-file-data/2014/Qtr2/log20140423.zip,NOT_DOWNLOADED_SANDBOX_NETWORK_BLOCKED
2014-04-24,2014,2,https://www.sec.gov/dera/data/Public-EDGAR-log-file-data/2014/Qtr2/log20140424.zip,NOT_DOWNLOADED_SANDBOX_NETWORK_BLOCKED
2014-04-25,2014,2,https://www.sec.gov/dera/data/Public-EDGAR-log-file-data/2014/Qtr2/log20140425.zip,NOT_DOWNLOADED_SANDBOX_NETWORK_BLOCKED
2014-04-26,2014,2,https://www.sec.gov/dera/data/Public-EDGAR-log-file-data/2014/Qtr2/log20140426.zip,NOT_DOWNLOADED_SANDBOX_NETWORK_BLOCKED
2014-04-27,2014,2,https://www.sec.gov/dera/data/Public-EDGAR-log-file-data/2014/Qtr2/log20140427.zip,NOT_DOWNLOADED_SANDBOX_NETWORK_BLOCKED
2014-04-28,2014,2,https://www.sec.gov/dera/data/Public-EDGAR-log-file-data/2014/Qtr2/log20140428.zip,NOT_DOWNLOADED_SANDBOX_NETWORK_BLOCKED
2014-04-29,2014,2,https://www.sec.gov/dera/data/Public-EDGAR-log-file-data/2014/Qtr2/log20140429.zip,NOT_DOWNLOADED_SANDBOX_NETWORK_BLOCKED
2014-04-30,2014,2,https://www.sec.gov/dera/data/Public-EDGAR-log-file-data/2014/Qtr2/log20140430.zip,NOT_DOWNLOADED_SANDBOX_NETWORK_BLOCKED
2014-05-01,2014,2,https://www.sec.gov/dera/data/Public-EDGAR-log-file-data/2014/Qtr2/log20140501.zip,NOT_DOWNLOADED_SANDBOX_NETWORK_BLOCKED
2014-05-02,2014,2,https://www.sec.gov/dera/data/Public-EDGAR-log-file-data/2014/Qtr2/log20140502.zip,NOT_DOWNLOADED_SANDBOX_NETWORK_BLOCKED
2014-05-03,2014,2,https://www.sec.gov/dera/data/Public-EDGAR-log-file-data/2014/Qtr2/log20140503.zip,NOT_DOWNLOADED_SANDBOX_NETWORK_BLOCKED
2014-05-04,2014,2,https://www.sec.gov/dera/data/Public-EDGAR-log-file-data/2014/Qtr2/log20140504.zip,NOT_DOWNLOADED_SANDBOX_NETWORK_BLOCKED
2014-05-05,2014,2,https://www.sec.gov/dera/data/Public-EDGAR-log-file-data/2014/Qtr2/log20140505.zip,NOT_DOWNLOADED_SANDBOX_NETWORK_BLOCKED
2014-05-06,2014,2,https://www.sec.gov/dera/data/Public-EDGAR-log-file-data/2014/Qtr2/log20140506.zip,NOT_DOWNLOADED_SANDBOX_NETWORK_BLOCKED
2014-05-07,2014,2,https://www.sec.gov/dera/data/Public-EDGAR-log-file-data/2014/Qtr2/log20140507.zip,NOT_DOWNLOADED_SANDBOX_NETWORK_BLOCKED
2014-05-08,2014,2,https://www.sec.gov/dera/data/Public-EDGAR-log-file-data/2014/Qtr2/log20140508.zip,NOT_DOWNLOADED_SANDBOX_NETWORK_BLOCKED
2014-05-09,2014,2,https://www.sec.gov/dera/data/Public-EDGAR-log-file-data/2014/Qtr2/log20140509.zip,NOT_DOWNLOADED_SANDBOX_NETWORK_BLOCKED
2014-05-10,2014,2,https://www.sec.gov/dera/data/Public-EDGAR-log-file-data/2014/Qtr2/log20140510.zip,NOT_DOWNLOADED_SANDBOX_NETWORK_BLOCKED
2014-05-11,2014,2,https://www.sec.gov/dera/data/Public-EDGAR-log-file-data/2014/Qtr2/log20140511.zip,NOT_DOWNLOADED_SANDBOX_NETWORK_BLOCKED
2014-05-12,2014,2,https://www.sec.gov/dera/data/Public-EDGAR-log-file-data/2014/Qtr2/log20140512.zip,NOT_DOWNLOADED_SANDBOX_NETWORK_BLOCKED
2014-05-13,2014,2,https://www.sec.gov/dera/data/Public-EDGAR-log-file-data/2014/Qtr2/log20140513.zip,NOT_DOWNLOADED_SANDBOX_NETWORK_BLOCKED
2014-05-14,2014,2,https://www.sec.gov/dera/data/Public-EDGAR-log-file-data/2014/Qtr2/log20140514.zip,NOT_DOWNLOADED_SANDBOX_NETWORK_BLOCKED
2014-05-15,2014,2,https://www.sec.gov/dera/data/Public-EDGAR-log-file-data/2014/Qtr2/log20140515.zip,NOT_DOWNLOADED_SANDBOX_NETWORK_BLOCKED
2014-05-16,2014,2,https://www.sec.gov/dera/data/Public-EDGAR-log-file-data/2014/Qtr2/log20140516.zip,NOT_DOWNLOADED_SANDBOX_NETWORK_BLOCKED
2014-05-17,2014,2,https://www.sec.gov/dera/data/Public-EDGAR-log-file-data/2014/Qtr2/log20140517.zip,NOT_DOWNLOADED_SANDBOX_NETWORK_BLOCKED
2014-05-18,2014,2,https://www.sec.gov/dera/data/Public-EDGAR-log-file-data/2014/Qtr2/log20140518.zip,NOT_DOWNLOADED_SANDBOX_NETWORK_BLOCKED
2014-05-19,2014,2,https://www.sec.gov/dera/data/Public-EDGAR-log-file-data/2014/Qtr2/log20140519.zip,NOT_DOWNLOADED_SANDBOX_NETWORK_BLOCKED
2014-05-20,2014,2,https://www.sec.gov/dera/data/Public-EDGAR-log-file-data/2014/Qtr2/log20140520.zip,NOT_DOWNLOADED_SANDBOX_NETWORK_BLOCKED
2014-05-21,2014,2,https://www.sec.gov/dera/data/Public-EDGAR-log-file-data/2014/Qtr2/log20140521.zip,NOT_DOWNLOADED_SANDBOX_NETWORK_BLOCKED
2014-05-22,2014,2,https://www.sec.gov/dera/data/Public-EDGAR-log-file-data/2014/Qtr2/log20140522.zip,NOT_DOWNLOADED_SANDBOX_NETWORK_BLOCKED
2014-05-23,2014,2,https://www.sec.gov/dera/data/Public-EDGAR-log-file-data/2014/Qtr2/log20140523.zip,NOT_DOWNLOADED_SANDBOX_NETWORK_BLOCKED
2014-05-24,2014,2,https://www.sec.gov/dera/data/Public-EDGAR-log-file-data/2014/Qtr2/log20140524.zip,NOT_DOWNLOADED_SANDBOX_NETWORK_BLOCKED
2014-05-25,2014,2,https://www.sec.gov/dera/data/Public-EDGAR-log-file-data/2014/Qtr2/log20140525.zip,NOT_DOWNLOADED_SANDBOX_NETWORK_BLOCKED
2014-05-26,2014,2,https://www.sec.gov/dera/data/Public-EDGAR-log-file-data/2014/Qtr2/log20140526.zip,NOT_DOWNLOADED_SANDBOX_NETWORK_BLOCKED
2014-05-27,2014,2,https://www.sec.gov/dera/data/Public-EDGAR-log-file-data/2014/Qtr2/log20140527.zip,NOT_DOWNLOADED_SANDBOX_NETWORK_BLOCKED
2014-05-30,2014,2,https://www.sec.gov/dera/data/Public-EDGAR-log-file-data/2014/Qtr2/log20140530.zip,NOT_DOWNLOADED_SANDBOX_NETWORK_BLOCKED
2014-05-31,2014,2,https://www.sec.gov/dera/data/Public-EDGAR-log-file-data/2014/Qtr2/log20140531.zip,NOT_DOWNLOADED_SANDBOX_NETWORK_BLOCKED
2014-06-01,2014,2,https://www.sec.gov/dera/data/Public-EDGAR-log-file-data/2014/Qtr2/log20140601.zip,NOT_DOWNLOADED_SANDBOX_NETWORK_BLOCKED
2014-06-02,2014,2,https://www.sec.gov/dera/data/Public-EDGAR-log-file-data/2014/Qtr2/log20140602.zip,NOT_DOWNLOADED_SANDBOX_NETWORK_BLOCKED
2014-06-03,2014,2,https://www.sec.gov/dera/data/Public-EDGAR-log-file-data/2014/Qtr2/log20140603.zip,NOT_DOWNLOADED_SANDBOX_NETWORK_BLOCKED
2014-06-04,2014,2,https://www.sec.gov/dera/data/Public-EDGAR-log-file-data/2014/Qtr2/log20140604.zip,NOT_DOWNLOADED_SANDBOX_NETWORK_BLOCKED
2014-06-05,2014,2,https://www.sec.gov/dera/data/Public-EDGAR-log-file-data/2014/Qtr2/log20140605.zip,NOT_DOWNLOADED_SANDBOX_NETWORK_BLOCKED
2014-06-06,2014,2,https://www.sec.gov/dera/data/Public-EDGAR-log-file-data/2014/Qtr2/log20140606.zip,NOT_DOWNLOADED_SANDBOX_NETWORK_BLOCKED
2014-06-07,2014,2,https://www.sec.gov/dera/data/Public-EDGAR-log-file-data/2014/Qtr2/log20140607.zip,NOT_DOWNLOADED_SANDBOX_NETWORK_BLOCKED
2014-06-08,2014,2,https://www.sec.gov/dera/data/Public-EDGAR-log-file-data/2014/Qtr2/log20140608.zip,NOT_DOWNLOADED_SANDBOX_NETWORK_BLOCKED
2014-06-09,2014,2,https://www.sec.gov/dera/data/Public-EDGAR-log-file-data/2014/Qtr2/log20140609.zip,NOT_DOWNLOADED_SANDBOX_NETWORK_BLOCKED
2014-06-10,2014,2,https://www.sec.gov/dera/data/Public-EDGAR-log-file-data/2014/Qtr2/log20140610.zip,NOT_DOWNLOADED_SANDBOX_NETWORK_BLOCKED
2014-06-11,2014,2,https://www.sec.gov/dera/data/Public-EDGAR-log-file-data/2014/Qtr2/log20140611.zip,NOT_DOWNLOADED_SANDBOX_NETWORK_BLOCKED
2014-06-12,2014,2,https://www.sec.gov/dera/data/Public-EDGAR-log-file-data/2014/Qtr2/log20140612.zip,NOT_DOWNLOADED_SANDBOX_NETWORK_BLOCKED
2014-06-13,2014,2,https://www.sec.gov/dera/data/Public-EDGAR-log-file-data/2014/Qtr2/log20140613.zip,NOT_DOWNLOADED_SANDBOX_NETWORK_BLOCKED
2014-06-14,2014,2,https://www.sec.gov/dera/data/Public-EDGAR-log-file-data/2014/Qtr2/log20140614.zip,NOT_DOWNLOADED_SANDBOX_NETWORK_BLOCKED
2014-07-04,2014,3,https://www.sec.gov/dera/data/Public-EDGAR-log-file-data/2014/Qtr3/log20140704.zip,NOT_DOWNLOADED_SANDBOX_NETWORK_BLOCKED
2014-07-05,2014,3,https://www.sec.gov/dera/data/Public-EDGAR-log-file-data/2014/Qtr3/log20140705.zip,NOT_DOWNLOADED_SANDBOX_NETWORK_BLOCKED
2014-07-06,2014,3,https://www.sec.gov/dera/data/Public-EDGAR-log-file-data/2014/Qtr3/log20140706.zip,NOT_DOWNLOADED_SANDBOX_NETWORK_BLOCKED
2014-07-07,2014,3,https://www.sec.gov/dera/data/Public-EDGAR-log-file-data/2014/Qtr3/log20140707.zip,NOT_DOWNLOADED_SANDBOX_NETWORK_BLOCKED
2014-07-08,2014,3,https://www.sec.gov/dera/data/Public-EDGAR-log-file-data/2014/Qtr3/log20140708.zip,NOT_DOWNLOADED_SANDBOX_NETWORK_BLOCKED
2014-07-09,2014,3,https://www.sec.gov/dera/data/Public-EDGAR-log-file-data/2014/Qtr3/log20140709.zip,NOT_DOWNLOADED_SANDBOX_NETWORK_BLOCKED
2014-07-10,2014,3,https://www.sec.gov/dera/data/Public-EDGAR-log-file-data/2014/Qtr3/log20140710.zip,NOT_DOWNLOADED_SANDBOX_NETWORK_BLOCKED
2014-07-11,2014,3,https://www.sec.gov/dera/data/Public-EDGAR-log-file-data/2014/Qtr3/log20140711.zip,NOT_DOWNLOADED_SANDBOX_NETWORK_BLOCKED
2014-07-12,2014,3,https://www.sec.gov/dera/data/Public-EDGAR-log-file-data/2014/Qtr3/log20140712.zip,NOT_DOWNLOADED_SANDBOX_NETWORK_BLOCKED
2014-07-13,2014,3,https://www.sec.gov/dera/data/Public-EDGAR-log-file-data/2014/Qtr3/log20140713.zip,NOT_DOWNLOADED_SANDBOX_NETWORK_BLOCKED
2014-07-14,2014,3,https://www.sec.gov/dera/data/Public-EDGAR-log-file-data/2014/Qtr3/log20140714.zip,NOT_DOWNLOADED_SANDBOX_NETWORK_BLOCKED
2014-07-15,2014,3,https://www.sec.gov/dera/data/Public-EDGAR-log-file-data/2014/Qtr3/log20140715.zip,NOT_DOWNLOADED_SANDBOX_NETWORK_BLOCKED
2014-07-16,2014,3,https://www.sec.gov/dera/data/Public-EDGAR-log-file-data/2014/Qtr3/log20140716.zip,NOT_DOWNLOADED_SANDBOX_NETWORK_BLOCKED
2014-07-17,2014,3,https://www.sec.gov/dera/data/Public-EDGAR-log-file-data/2014/Qtr3/log20140717.zip,NOT_DOWNLOADED_SANDBOX_NETWORK_BLOCKED
2014-07-18,2014,3,https://www.sec.gov/dera/data/Public-EDGAR-log-file-data/2014/Qtr3/log20140718.zip,NOT_DOWNLOADED_SANDBOX_NETWORK_BLOCKED
2014-07-19,2014,3,https://www.sec.gov/dera/data/Public-EDGAR-log-file-data/2014/Qtr3/log20140719.zip,NOT_DOWNLOADED_SANDBOX_NETWORK_BLOCKED
2014-08-12,2014,3,https://www.sec.gov/dera/data/Public-EDGAR-log-file-data/2014/Qtr3/log20140812.zip,NOT_DOWNLOADED_SANDBOX_NETWORK_BLOCKED
2014-08-13,2014,3,https://www.sec.gov/dera/data/Public-EDGAR-log-file-data/2014/Qtr3/log20140813.zip,NOT_DOWNLOADED_SANDBOX_NETWORK_BLOCKED
2014-08-14,2014,3,https://www.sec.gov/dera/data/Public-EDGAR-log-file-data/2014/Qtr3/log20140814.zip,NOT_DOWNLOADED_SANDBOX_NETWORK_BLOCKED
2014-08-15,2014,3,https://www.sec.gov/dera/data/Public-EDGAR-log-file-data/2014/Qtr3/log20140815.zip,NOT_DOWNLOADED_SANDBOX_NETWORK_BLOCKED
2014-08-16,2014,3,https://www.sec.gov/dera/data/Public-EDGAR-log-file-data/2014/Qtr3/log20140816.zip,NOT_DOWNLOADED_SANDBOX_NETWORK_BLOCKED
2014-08-17,2014,3,https://www.sec.gov/dera/data/Public-EDGAR-log-file-data/2014/Qtr3/log20140817.zip,NOT_DOWNLOADED_SANDBOX_NETWORK_BLOCKED
2014-08-18,2014,3,https://www.sec.gov/dera/data/Public-EDGAR-log-file-data/2014/Qtr3/log20140818.zip,NOT_DOWNLOADED_SANDBOX_NETWORK_BLOCKED
2014-08-19,2014,3,https://www.sec.gov/dera/data/Public-EDGAR-log-file-data/2014/Qtr3/log20140819.zip,NOT_DOWNLOADED_SANDBOX_NETWORK_BLOCKED
2014-08-20,2014,3,https://www.sec.gov/dera/data/Public-EDGAR-log-file-data/2014/Qtr3/log20140820.zip,NOT_DOWNLOADED_SANDBOX_NETWORK_BLOCKED
2014-08-21,2014,3,https://www.sec.gov/dera/data/Public-EDGAR-log-file-data/2014/Qtr3/log20140821.zip,NOT_DOWNLOADED_SANDBOX_NETWORK_BLOCKED
2014-08-22,2014,3,https://www.sec.gov/dera/data/Public-EDGAR-log-file-data/2014/Qtr3/log20140822.zip,NOT_DOWNLOADED_SANDBOX_NETWORK_BLOCKED
2014-08-23,2014,3,https://www.sec.gov/dera/data/Public-EDGAR-log-file-data/2014/Qtr3/log20140823.zip,NOT_DOWNLOADED_SANDBOX_NETWORK_BLOCKED
2014-08-24,2014,3,https://www.sec.gov/dera/data/Public-EDGAR-log-file-data/2014/Qtr3/log20140824.zip,NOT_DOWNLOADED_SANDBOX_NETWORK_BLOCKED
2014-08-25,2014,3,https://www.sec.gov/dera/data/Public-EDGAR-log-file-data/2014/Qtr3/log20140825.zip,NOT_DOWNLOADED_SANDBOX_NETWORK_BLOCKED
2014-08-26,2014,3,https://www.sec.gov/dera/data/Public-EDGAR-log-file-data/2014/Qtr3/log20140826.zip,NOT_DOWNLOADED_SANDBOX_NETWORK_BLOCKED
2014-08-27,2014,3,https://www.sec.gov/dera/data/Public-EDGAR-log-file-data/2014/Qtr3/log20140827.zip,NOT_DOWNLOADED_SANDBOX_NETWORK_BLOCKED
2014-11-18,2014,4,https://www.sec.gov/dera/data/Public-EDGAR-log-file-data/2014/Qtr4/log20141118.zip,NOT_DOWNLOADED_SANDBOX_NETWORK_BLOCKED
2014-11-19,2014,4,https://www.sec.gov/dera/data/Public-EDGAR-log-file-data/2014/Qtr4/log20141119.zip,NOT_DOWNLOADED_SANDBOX_NETWORK_BLOCKED
2014-11-20,2014,4,https://www.sec.gov/dera/data/Public-EDGAR-log-file-data/2014/Qtr4/log20141120.zip,NOT_DOWNLOADED_SANDBOX_NETWORK_BLOCKED
2014-11-21,2014,4,https://www.sec.gov/dera/data/Public-EDGAR-log-file-data/2014/Qtr4/log20141121.zip,NOT_DOWNLOADED_SANDBOX_NETWORK_BLOCKED
2014-11-22,2014,4,https://www.sec.gov/dera/data/Public-EDGAR-log-file-data/2014/Qtr4/log20141122.zip,NOT_DOWNLOADED_SANDBOX_NETWORK_BLOCKED
2014-11-23,2014,4,https://www.sec.gov/dera/data/Public-EDGAR-log-file-data/2014/Qtr4/log20141123.zip,NOT_DOWNLOADED_SANDBOX_NETWORK_BLOCKED
2014-11-24,2014,4,https://www.sec.gov/dera/data/Public-EDGAR-log-file-data/2014/Qtr4/log20141124.zip,NOT_DOWNLOADED_SANDBOX_NETWORK_BLOCKED
2014-11-25,2014,4,https://www.sec.gov/dera/data/Public-EDGAR-log-file-data/2014/Qtr4/log20141125.zip,NOT_DOWNLOADED_SANDBOX_NETWORK_BLOCKED
2014-11-26,2014,4,https://www.sec.gov/dera/data/Public-EDGAR-log-file-data/2014/Qtr4/log20141126.zip,NOT_DOWNLOADED_SANDBOX_NETWORK_BLOCKED
2014-11-27,2014,4,https://www.sec.gov/dera/data/Public-EDGAR-log-file-data/2014/Qtr4/log20141127.zip,NOT_DOWNLOADED_SANDBOX_NETWORK_BLOCKED
2014-11-28,2014,4,https://www.sec.gov/dera/data/Public-EDGAR-log-file-data/2014/Qtr4/log20141128.zip,NOT_DOWNLOADED_SANDBOX_NETWORK_BLOCKED
2014-11-29,2014,4,https://www.sec.gov/dera/data/Public-EDGAR-log-file-data/2014/Qtr4/log20141129.zip,NOT_DOWNLOADED_SANDBOX_NETWORK_BLOCKED
2014-11-30,2014,4,https://www.sec.gov/dera/data/Public-EDGAR-log-file-data/2014/Qtr4/log20141130.zip,NOT_DOWNLOADED_SANDBOX_NETWORK_BLOCKED
2014-12-01,2014,4,https://www.sec.gov/dera/data/Public-EDGAR-log-file-data/2014/Qtr4/log20141201.zip,NOT_DOWNLOADED_SANDBOX_NETWORK_BLOCKED
2014-12-02,2014,4,https://www.sec.gov/dera/data/Public-EDGAR-log-file-data/2014/Qtr4/log20141202.zip,NOT_DOWNLOADED_SANDBOX_NETWORK_BLOCKED
2014-12-03,2014,4,https://www.sec.gov/dera/data/Public-EDGAR-log-file-data/2014/Qtr4/log20141203.zip,NOT_DOWNLOADED_SANDBOX_NETWORK_BLOCKED
2014-12-04,2014,4,https://www.sec.gov/dera/data/Public-EDGAR-log-file-data/2014/Qtr4/log20141204.zip,NOT_DOWNLOADED_SANDBOX_NETWORK_BLOCKED
2014-12-05,2014,4,https://www.sec.gov/dera/data/Public-EDGAR-log-file-data/2014/Qtr4/log20141205.zip,NOT_DOWNLOADED_SANDBOX_NETWORK_BLOCKED
2014-12-06,2014,4,https://www.sec.gov/dera/data/Public-EDGAR-log-file-data/2014/Qtr4/log20141206.zip,NOT_DOWNLOADED_SANDBOX_NETWORK_BLOCKED
2014-12-07,2014,4,https://www.sec.gov/dera/data/Public-EDGAR-log-file-data/2014/Qtr4/log20141207.zip,NOT_DOWNLOADED_SANDBOX_NETWORK_BLOCKED
2014-12-08,2014,4,https://www.sec.gov/dera/data/Public-EDGAR-log-file-data/2014/Qtr4/log20141208.zip,NOT_DOWNLOADED_SANDBOX_NETWORK_BLOCKED
2014-12-09,2014,4,https://www.sec.gov/dera/data/Public-EDGAR-log-file-data/2014/Qtr4/log20141209.zip,NOT_DOWNLOADED_SANDBOX_NETWORK_BLOCKED
2014-12-10,2014,4,https://www.sec.gov/dera/data/Public-EDGAR-log-file-data/2014/Qtr4/log20141210.zip,NOT_DOWNLOADED_SANDBOX_NETWORK_BLOCKED
2014-12-11,2014,4,https://www.sec.gov/dera/data/Public-EDGAR-log-file-data/2014/Qtr4/log20141211.zip,NOT_DOWNLOADED_SANDBOX_NETWORK_BLOCKED
2014-12-12,2014,4,https://www.sec.gov/dera/data/Public-EDGAR-log-file-data/2014/Qtr4/log20141212.zip,NOT_DOWNLOADED_SANDBOX_NETWORK_BLOCKED
2014-12-13,2014,4,https://www.sec.gov/dera/data/Public-EDGAR-log-file-data/2014/Qtr4/log20141213.zip,NOT_DOWNLOADED_SANDBOX_NETWORK_BLOCKED
2014-12-14,2014,4,https://www.sec.gov/dera/data/Public-EDGAR-log-file-data/2014/Qtr4/log20141214.zip,NOT_DOWNLOADED_SANDBOX_NETWORK_BLOCKED
2014-12-15,2014,4,https://www.sec.gov/dera/data/Public-EDGAR-log-file-data/2014/Qtr4/log20141215.zip,NOT_DOWNLOADED_SANDBOX_NETWORK_BLOCKED
2014-12-16,2014,4,https://www.sec.gov/dera/data/Public-EDGAR-log-file-data/2014/Qtr4/log20141216.zip,NOT_DOWNLOADED_SANDBOX_NETWORK_BLOCKED
2014-12-20,2014,4,https://www.sec.gov/dera/data/Public-EDGAR-log-file-data/2014/Qtr4/log20141220.zip,NOT_DOWNLOADED_SANDBOX_NETWORK_BLOCKED
2014-12-21,2014,4,https://www.sec.gov/dera/data/Public-EDGAR-log-file-data/2014/Qtr4/log20141221.zip,NOT_DOWNLOADED_SANDBOX_NETWORK_BLOCKED
2014-12-22,2014,4,https://www.sec.gov/dera/data/Public-EDGAR-log-file-data/2014/Qtr4/log20141222.zip,NOT_DOWNLOADED_SANDBOX_NETWORK_BLOCKED
2014-12-23,2014,4,https://www.sec.gov/dera/data/Public-EDGAR-log-file-data/2014/Qtr4/log20141223.zip,NOT_DOWNLOADED_SANDBOX_NETWORK_BLOCKED
2014-12-24,2014,4,https://www.sec.gov/dera/data/Public-EDGAR-log-file-data/2014/Qtr4/log20141224.zip,NOT_DOWNLOADED_SANDBOX_NETWORK_BLOCKED
2014-12-25,2014,4,https://www.sec.gov/dera/data/Public-EDGAR-log-file-data/2014/Qtr4/log20141225.zip,NOT_DOWNLOADED_SANDBOX_NETWORK_BLOCKED
2014-12-26,2014,4,https://www.sec.gov/dera/data/Public-EDGAR-log-file-data/2014/Qtr4/log20141226.zip,NOT_DOWNLOADED_SANDBOX_NETWORK_BLOCKED
2014-12-27,2014,4,https://www.sec.gov/dera/data/Public-EDGAR-log-file-data/2014/Qtr4/log20141227.zip,NOT_DOWNLOADED_SANDBOX_NETWORK_BLOCKED
2014-12-28,2014,4,https://www.sec.gov/dera/data/Public-EDGAR-log-file-data/2014/Qtr4/log20141228.zip,NOT_DOWNLOADED_SANDBOX_NETWORK_BLOCKED
2014-12-29,2014,4,https://www.sec.gov/dera/data/Public-EDGAR-log-file-data/2014/Qtr4/log20141229.zip,NOT_DOWNLOADED_SANDBOX_NETWORK_BLOCKED
2014-12-30,2014,4,https://www.sec.gov/dera/data/Public-EDGAR-log-file-data/2014/Qtr4/log20141230.zip,NOT_DOWNLOADED_SANDBOX_NETWORK_BLOCKED
2014-12-31,2014,4,https://www.sec.gov/dera/data/Public-EDGAR-log-file-data/2014/Qtr4/log20141231.zip,NOT_DOWNLOADED_SANDBOX_NETWORK_BLOCKED
2015-01-01,2015,1,https://www.sec.gov/dera/data/Public-EDGAR-log-file-data/2015/Qtr1/log20150101.zip,NOT_DOWNLOADED_SANDBOX_NETWORK_BLOCKED
2015-01-02,2015,1,https://www.sec.gov/dera/data/Public-EDGAR-log-file-data/2015/Qtr1/log20150102.zip,NOT_DOWNLOADED_SANDBOX_NETWORK_BLOCKED
2015-01-03,2015,1,https://www.sec.gov/dera/data/Public-EDGAR-log-file-data/2015/Qtr1/log20150103.zip,NOT_DOWNLOADED_SANDBOX_NETWORK_BLOCKED
2015-01-04,2015,1,https://www.sec.gov/dera/data/Public-EDGAR-log-file-data/2015/Qtr1/log20150104.zip,NOT_DOWNLOADED_SANDBOX_NETWORK_BLOCKED
2015-02-02,2015,1,https://www.sec.gov/dera/data/Public-EDGAR-log-file-data/2015/Qtr1/log20150202.zip,NOT_DOWNLOADED_SANDBOX_NETWORK_BLOCKED
2015-02-03,2015,1,https://www.sec.gov/dera/data/Public-EDGAR-log-file-data/2015/Qtr1/log20150203.zip,NOT_DOWNLOADED_SANDBOX_NETWORK_BLOCKED
2015-02-04,2015,1,https://www.sec.gov/dera/data/Public-EDGAR-log-file-data/2015/Qtr1/log20150204.zip,NOT_DOWNLOADED_SANDBOX_NETWORK_BLOCKED
2015-02-05,2015,1,https://www.sec.gov/dera/data/Public-EDGAR-log-file-data/2015/Qtr1/log20150205.zip,NOT_DOWNLOADED_SANDBOX_NETWORK_BLOCKED
2015-02-06,2015,1,https://www.sec.gov/dera/data/Public-EDGAR-log-file-data/2015/Qtr1/log20150206.zip,NOT_DOWNLOADED_SANDBOX_NETWORK_BLOCKED
2015-02-07,2015,1,https://www.sec.gov/dera/data/Public-EDGAR-log-file-data/2015/Qtr1/log20150207.zip,NOT_DOWNLOADED_SANDBOX_NETWORK_BLOCKED
2015-02-08,2015,1,https://www.sec.gov/dera/data/Public-EDGAR-log-file-data/2015/Qtr1/log20150208.zip,NOT_DOWNLOADED_SANDBOX_NETWORK_BLOCKED
2015-02-09,2015,1,https://www.sec.gov/dera/data/Public-EDGAR-log-file-data/2015/Qtr1/log20150209.zip,NOT_DOWNLOADED_SANDBOX_NETWORK_BLOCKED
2015-02-10,2015,1,https://www.sec.gov/dera/data/Public-EDGAR-log-file-data/2015/Qtr1/log20150210.zip,NOT_DOWNLOADED_SANDBOX_NETWORK_BLOCKED
2015-02-11,2015,1,https://www.sec.gov/dera/data/Public-EDGAR-log-file-data/2015/Qtr1/log20150211.zip,NOT_DOWNLOADED_SANDBOX_NETWORK_BLOCKED
2015-02-12,2015,1,https://www.sec.gov/dera/data/Public-EDGAR-log-file-data/2015/Qtr1/log20150212.zip,NOT_DOWNLOADED_SANDBOX_NETWORK_BLOCKED
2015-02-13,2015,1,https://www.sec.gov/dera/data/Public-EDGAR-log-file-data/2015/Qtr1/log20150213.zip,NOT_DOWNLOADED_SANDBOX_NETWORK_BLOCKED
2015-02-14,2015,1,https://www.sec.gov/dera/data/Public-EDGAR-log-file-data/2015/Qtr1/log20150214.zip,NOT_DOWNLOADED_SANDBOX_NETWORK_BLOCKED
2015-02-15,2015,1,https://www.sec.gov/dera/data/Public-EDGAR-log-file-data/2015/Qtr1/log20150215.zip,NOT_DOWNLOADED_SANDBOX_NETWORK_BLOCKED
2015-02-16,2015,1,https://www.sec.gov/dera/data/Public-EDGAR-log-file-data/2015/Qtr1/log20150216.zip,NOT_DOWNLOADED_SANDBOX_NETWORK_BLOCKED
2015-02-17,2015,1,https://www.sec.gov/dera/data/Public-EDGAR-log-file-data/2015/Qtr1/log20150217.zip,NOT_DOWNLOADED_SANDBOX_NETWORK_BLOCKED
2015-02-18,2015,1,https://www.sec.gov/dera/data/Public-EDGAR-log-file-data/2015/Qtr1/log20150218.zip,NOT_DOWNLOADED_SANDBOX_NETWORK_BLOCKED
2015-02-19,2015,1,https://www.sec.gov/dera/data/Public-EDGAR-log-file-data/2015/Qtr1/log20150219.zip,NOT_DOWNLOADED_SANDBOX_NETWORK_BLOCKED
2015-02-20,2015,1,https://www.sec.gov/dera/data/Public-EDGAR-log-file-data/2015/Qtr1/log20150220.zip,NOT_DOWNLOADED_SANDBOX_NETWORK_BLOCKED
2015-02-21,2015,1,https://www.sec.gov/dera/data/Public-EDGAR-log-file-data/2015/Qtr1/log20150221.zip,NOT_DOWNLOADED_SANDBOX_NETWORK_BLOCKED
2015-02-22,2015,1,https://www.sec.gov/dera/data/Public-EDGAR-log-file-data/2015/Qtr1/log20150222.zip,NOT_DOWNLOADED_SANDBOX_NETWORK_BLOCKED
2015-02-23,2015,1,https://www.sec.gov/dera/data/Public-EDGAR-log-file-data/2015/Qtr1/log20150223.zip,NOT_DOWNLOADED_SANDBOX_NETWORK_BLOCKED
2015-02-24,2015,1,https://www.sec.gov/dera/data/Public-EDGAR-log-file-data/2015/Qtr1/log20150224.zip,NOT_DOWNLOADED_SANDBOX_NETWORK_BLOCKED
2015-02-25,2015,1,https://www.sec.gov/dera/data/Public-EDGAR-log-file-data/2015/Qtr1/log20150225.zip,NOT_DOWNLOADED_SANDBOX_NETWORK_BLOCKED
2015-02-26,2015,1,https://www.sec.gov/dera/data/Public-EDGAR-log-file-data/2015/Qtr1/log20150226.zip,NOT_DOWNLOADED_SANDBOX_NETWORK_BLOCKED
2015-02-27,2015,1,https://www.sec.gov/dera/data/Public-EDGAR-log-file-data/2015/Qtr1/log20150227.zip,NOT_DOWNLOADED_SANDBOX_NETWORK_BLOCKED
2015-02-28,2015,1,https://www.sec.gov/dera/data/Public-EDGAR-log-file-data/2015/Qtr1/log20150228.zip,NOT_DOWNLOADED_SANDBOX_NETWORK_BLOCKED
2015-03-06,2015,1,https://www.sec.gov/dera/data/Public-EDGAR-log-file-data/2015/Qtr1/log20150306.zip,NOT_DOWNLOADED_SANDBOX_NETWORK_BLOCKED
2015-03-07,2015,1,https://www.sec.gov/dera/data/Public-EDGAR-log-file-data/2015/Qtr1/log20150307.zip,NOT_DOWNLOADED_SANDBOX_NETWORK_BLOCKED
2015-03-08,2015,1,https://www.sec.gov/dera/data/Public-EDGAR-log-file-data/2015/Qtr1/log20150308.zip,NOT_DOWNLOADED_SANDBOX_NETWORK_BLOCKED
2015-03-09,2015,1,https://www.sec.gov/dera/data/Public-EDGAR-log-file-data/2015/Qtr1/log20150309.zip,NOT_DOWNLOADED_SANDBOX_NETWORK_BLOCKED
2015-03-10,2015,1,https://www.sec.gov/dera/data/Public-EDGAR-log-file-data/2015/Qtr1/log20150310.zip,NOT_DOWNLOADED_SANDBOX_NETWORK_BLOCKED
2015-03-11,2015,1,https://www.sec.gov/dera/data/Public-EDGAR-log-file-data/2015/Qtr1/log20150311.zip,NOT_DOWNLOADED_SANDBOX_NETWORK_BLOCKED
2015-03-12,2015,1,https://www.sec.gov/dera/data/Public-EDGAR-log-file-data/2015/Qtr1/log20150312.zip,NOT_DOWNLOADED_SANDBOX_NETWORK_BLOCKED
2015-03-13,2015,1,https://www.sec.gov/dera/data/Public-EDGAR-log-file-data/2015/Qtr1/log20150313.zip,NOT_DOWNLOADED_SANDBOX_NETWORK_BLOCKED
2015-03-14,2015,1,https://www.sec.gov/dera/data/Public-EDGAR-log-file-data/2015/Qtr1/log20150314.zip,NOT_DOWNLOADED_SANDBOX_NETWORK_BLOCKED
2015-03-15,2015,1,https://www.sec.gov/dera/data/Public-EDGAR-log-file-data/2015/Qtr1/log20150315.zip,NOT_DOWNLOADED_SANDBOX_NETWORK_BLOCKED
2015-03-16,2015,1,https://www.sec.gov/dera/data/Public-EDGAR-log-file-data/2015/Qtr1/log20150316.zip,NOT_DOWNLOADED_SANDBOX_NETWORK_BLOCKED
2015-03-17,2015,1,https://www.sec.gov/dera/data/Public-EDGAR-log-file-data/2015/Qtr1/log20150317.zip,NOT_DOWNLOADED_SANDBOX_NETWORK_BLOCKED
2015-03-18,2015,1,https://www.sec.gov/dera/data/Public-EDGAR-log-file-data/2015/Qtr1/log20150318.zip,NOT_DOWNLOADED_SANDBOX_NETWORK_BLOCKED
2015-03-19,2015,1,https://www.sec.gov/dera/data/Public-EDGAR-log-file-data/2015/Qtr1/log20150319.zip,NOT_DOWNLOADED_SANDBOX_NETWORK_BLOCKED
2015-03-20,2015,1,https://www.sec.gov/dera/data/Public-EDGAR-log-file-data/2015/Qtr1/log20150320.zip,NOT_DOWNLOADED_SANDBOX_NETWORK_BLOCKED
2015-03-21,2015,1,https://www.sec.gov/dera/data/Public-EDGAR-log-file-data/2015/Qtr1/log20150321.zip,NOT_DOWNLOADED_SANDBOX_NETWORK_BLOCKED
2015-04-27,2015,2,https://www.sec.gov/dera/data/Public-EDGAR-log-file-data/2015/Qtr2/log20150427.zip,NOT_DOWNLOADED_SANDBOX_NETWORK_BLOCKED
2015-04-28,2015,2,https://www.sec.gov/dera/data/Public-EDGAR-log-file-data/2015/Qtr2/log20150428.zip,NOT_DOWNLOADED_SANDBOX_NETWORK_BLOCKED
2015-04-29,2015,2,https://www.sec.gov/dera/data/Public-EDGAR-log-file-data/2015/Qtr2/log20150429.zip,NOT_DOWNLOADED_SANDBOX_NETWORK_BLOCKED
2015-04-30,2015,2,https://www.sec.gov/dera/data/Public-EDGAR-log-file-data/2015/Qtr2/log20150430.zip,NOT_DOWNLOADED_SANDBOX_NETWORK_BLOCKED
2015-05-01,2015,2,https://www.sec.gov/dera/data/Public-EDGAR-log-file-data/2015/Qtr2/log20150501.zip,NOT_DOWNLOADED_SANDBOX_NETWORK_BLOCKED
2015-05-02,2015,2,https://www.sec.gov/dera/data/Public-EDGAR-log-file-data/2015/Qtr2/log20150502.zip,NOT_DOWNLOADED_SANDBOX_NETWORK_BLOCKED
2015-05-03,2015,2,https://www.sec.gov/dera/data/Public-EDGAR-log-file-data/2015/Qtr2/log20150503.zip,NOT_DOWNLOADED_SANDBOX_NETWORK_BLOCKED
2015-05-04,2015,2,https://www.sec.gov/dera/data/Public-EDGAR-log-file-data/2015/Qtr2/log20150504.zip,NOT_DOWNLOADED_SANDBOX_NETWORK_BLOCKED
2015-05-05,2015,2,https://www.sec.gov/dera/data/Public-EDGAR-log-file-data/2015/Qtr2/log20150505.zip,NOT_DOWNLOADED_SANDBOX_NETWORK_BLOCKED
2015-05-06,2015,2,https://www.sec.gov/dera/data/Public-EDGAR-log-file-data/2015/Qtr2/log20150506.zip,NOT_DOWNLOADED_SANDBOX_NETWORK_BLOCKED
2015-05-07,2015,2,https://www.sec.gov/dera/data/Public-EDGAR-log-file-data/2015/Qtr2/log20150507.zip,NOT_DOWNLOADED_SANDBOX_NETWORK_BLOCKED
2015-05-08,2015,2,https://www.sec.gov/dera/data/Public-EDGAR-log-file-data/2015/Qtr2/log20150508.zip,NOT_DOWNLOADED_SANDBOX_NETWORK_BLOCKED
2015-05-09,2015,2,https://www.sec.gov/dera/data/Public-EDGAR-log-file-data/2015/Qtr2/log20150509.zip,NOT_DOWNLOADED_SANDBOX_NETWORK_BLOCKED
2015-05-10,2015,2,https://www.sec.gov/dera/data/Public-EDGAR-log-file-data/2015/Qtr2/log20150510.zip,NOT_DOWNLOADED_SANDBOX_NETWORK_BLOCKED
2015-05-11,2015,2,https://www.sec.gov/dera/data/Public-EDGAR-log-file-data/2015/Qtr2/log20150511.zip,NOT_DOWNLOADED_SANDBOX_NETWORK_BLOCKED
2015-05-12,2015,2,https://www.sec.gov/dera/data/Public-EDGAR-log-file-data/2015/Qtr2/log20150512.zip,NOT_DOWNLOADED_SANDBOX_NETWORK_BLOCKED
2015-07-28,2015,3,https://www.sec.gov/dera/data/Public-EDGAR-log-file-data/2015/Qtr3/log20150728.zip,NOT_DOWNLOADED_SANDBOX_NETWORK_BLOCKED
2015-07-29,2015,3,https://www.sec.gov/dera/data/Public-EDGAR-log-file-data/2015/Qtr3/log20150729.zip,NOT_DOWNLOADED_SANDBOX_NETWORK_BLOCKED
2015-07-30,2015,3,https://www.sec.gov/dera/data/Public-EDGAR-log-file-data/2015/Qtr3/log20150730.zip,NOT_DOWNLOADED_SANDBOX_NETWORK_BLOCKED
2015-07-31,2015,3,https://www.sec.gov/dera/data/Public-EDGAR-log-file-data/2015/Qtr3/log20150731.zip,NOT_DOWNLOADED_SANDBOX_NETWORK_BLOCKED
2015-08-01,2015,3,https://www.sec.gov/dera/data/Public-EDGAR-log-file-data/2015/Qtr3/log20150801.zip,NOT_DOWNLOADED_SANDBOX_NETWORK_BLOCKED
2015-08-02,2015,3,https://www.sec.gov/dera/data/Public-EDGAR-log-file-data/2015/Qtr3/log20150802.zip,NOT_DOWNLOADED_SANDBOX_NETWORK_BLOCKED
2015-08-03,2015,3,https://www.sec.gov/dera/data/Public-EDGAR-log-file-data/2015/Qtr3/log20150803.zip,NOT_DOWNLOADED_SANDBOX_NETWORK_BLOCKED
2015-08-04,2015,3,https://www.sec.gov/dera/data/Public-EDGAR-log-file-data/2015/Qtr3/log20150804.zip,NOT_DOWNLOADED_SANDBOX_NETWORK_BLOCKED
2015-08-05,2015,3,https://www.sec.gov/dera/data/Public-EDGAR-log-file-data/2015/Qtr3/log20150805.zip,NOT_DOWNLOADED_SANDBOX_NETWORK_BLOCKED
2015-08-06,2015,3,https://www.sec.gov/dera/data/Public-EDGAR-log-file-data/2015/Qtr3/log20150806.zip,NOT_DOWNLOADED_SANDBOX_NETWORK_BLOCKED
2015-08-07,2015,3,https://www.sec.gov/dera/data/Public-EDGAR-log-file-data/2015/Qtr3/log20150807.zip,NOT_DOWNLOADED_SANDBOX_NETWORK_BLOCKED
2015-08-08,2015,3,https://www.sec.gov/dera/data/Public-EDGAR-log-file-data/2015/Qtr3/log20150808.zip,NOT_DOWNLOADED_SANDBOX_NETWORK_BLOCKED
2015-08-09,2015,3,https://www.sec.gov/dera/data/Public-EDGAR-log-file-data/2015/Qtr3/log20150809.zip,NOT_DOWNLOADED_SANDBOX_NETWORK_BLOCKED
2015-08-10,2015,3,https://www.sec.gov/dera/data/Public-EDGAR-log-file-data/2015/Qtr3/log20150810.zip,NOT_DOWNLOADED_SANDBOX_NETWORK_BLOCKED
2015-08-11,2015,3,https://www.sec.gov/dera/data/Public-EDGAR-log-file-data/2015/Qtr3/log20150811.zip,NOT_DOWNLOADED_SANDBOX_NETWORK_BLOCKED
2015-08-12,2015,3,https://www.sec.gov/dera/data/Public-EDGAR-log-file-data/2015/Qtr3/log20150812.zip,NOT_DOWNLOADED_SANDBOX_NETWORK_BLOCKED
2015-08-13,2015,3,https://www.sec.gov/dera/data/Public-EDGAR-log-file-data/2015/Qtr3/log20150813.zip,NOT_DOWNLOADED_SANDBOX_NETWORK_BLOCKED
2015-08-14,2015,3,https://www.sec.gov/dera/data/Public-EDGAR-log-file-data/2015/Qtr3/log20150814.zip,NOT_DOWNLOADED_SANDBOX_NETWORK_BLOCKED
2015-08-15,2015,3,https://www.sec.gov/dera/data/Public-EDGAR-log-file-data/2015/Qtr3/log20150815.zip,NOT_DOWNLOADED_SANDBOX_NETWORK_BLOCKED
2015-08-16,2015,3,https://www.sec.gov/dera/data/Public-EDGAR-log-file-data/2015/Qtr3/log20150816.zip,NOT_DOWNLOADED_SANDBOX_NETWORK_BLOCKED
2015-08-17,2015,3,https://www.sec.gov/dera/data/Public-EDGAR-log-file-data/2015/Qtr3/log20150817.zip,NOT_DOWNLOADED_SANDBOX_NETWORK_BLOCKED
2015-09-22,2015,3,https://www.sec.gov/dera/data/Public-EDGAR-log-file-data/2015/Qtr3/log20150922.zip,NOT_DOWNLOADED_SANDBOX_NETWORK_BLOCKED
2015-09-23,2015,3,https://www.sec.gov/dera/data/Public-EDGAR-log-file-data/2015/Qtr3/log20150923.zip,NOT_DOWNLOADED_SANDBOX_NETWORK_BLOCKED
2015-09-24,2015,3,https://www.sec.gov/dera/data/Public-EDGAR-log-file-data/2015/Qtr3/log20150924.zip,NOT_DOWNLOADED_SANDBOX_NETWORK_BLOCKED
2015-09-25,2015,3,https://www.sec.gov/dera/data/Public-EDGAR-log-file-data/2015/Qtr3/log20150925.zip,NOT_DOWNLOADED_SANDBOX_NETWORK_BLOCKED
2015-09-26,2015,3,https://www.sec.gov/dera/data/Public-EDGAR-log-file-data/2015/Qtr3/log20150926.zip,NOT_DOWNLOADED_SANDBOX_NETWORK_BLOCKED
2015-09-27,2015,3,https://www.sec.gov/dera/data/Public-EDGAR-log-file-data/2015/Qtr3/log20150927.zip,NOT_DOWNLOADED_SANDBOX_NETWORK_BLOCKED
2015-09-28,2015,3,https://www.sec.gov/dera/data/Public-EDGAR-log-file-data/2015/Qtr3/log20150928.zip,NOT_DOWNLOADED_SANDBOX_NETWORK_BLOCKED
2015-09-29,2015,3,https://www.sec.gov/dera/data/Public-EDGAR-log-file-data/2015/Qtr3/log20150929.zip,NOT_DOWNLOADED_SANDBOX_NETWORK_BLOCKED
2015-09-30,2015,3,https://www.sec.gov/dera/data/Public-EDGAR-log-file-data/2015/Qtr3/log20150930.zip,NOT_DOWNLOADED_SANDBOX_NETWORK_BLOCKED
2015-10-01,2015,4,https://www.sec.gov/dera/data/Public-EDGAR-log-file-data/2015/Qtr4/log20151001.zip,NOT_DOWNLOADED_SANDBOX_NETWORK_BLOCKED
2015-10-02,2015,4,https://www.sec.gov/dera/data/Public-EDGAR-log-file-data/2015/Qtr4/log20151002.zip,NOT_DOWNLOADED_SANDBOX_NETWORK_BLOCKED
2015-10-03,2015,4,https://www.sec.gov/dera/data/Public-EDGAR-log-file-data/2015/Qtr4/log20151003.zip,NOT_DOWNLOADED_SANDBOX_NETWORK_BLOCKED
2015-10-04,2015,4,https://www.sec.gov/dera/data/Public-EDGAR-log-file-data/2015/Qtr4/log20151004.zip,NOT_DOWNLOADED_SANDBOX_NETWORK_BLOCKED
2015-10-05,2015,4,https://www.sec.gov/dera/data/Public-EDGAR-log-file-data/2015/Qtr4/log20151005.zip,NOT_DOWNLOADED_SANDBOX_NETWORK_BLOCKED
2015-10-06,2015,4,https://www.sec.gov/dera/data/Public-EDGAR-log-file-data/2015/Qtr4/log20151006.zip,NOT_DOWNLOADED_SANDBOX_NETWORK_BLOCKED
2015-10-07,2015,4,https://www.sec.gov/dera/data/Public-EDGAR-log-file-data/2015/Qtr4/log20151007.zip,NOT_DOWNLOADED_SANDBOX_NETWORK_BLOCKED
2015-10-08,2015,4,https://www.sec.gov/dera/data/Public-EDGAR-log-file-data/2015/Qtr4/log20151008.zip,NOT_DOWNLOADED_SANDBOX_NETWORK_BLOCKED
2015-10-09,2015,4,https://www.sec.gov/dera/data/Public-EDGAR-log-file-data/2015/Qtr4/log20151009.zip,NOT_DOWNLOADED_SANDBOX_NETWORK_BLOCKED
2015-10-10,2015,4,https://www.sec.gov/dera/data/Public-EDGAR-log-file-data/2015/Qtr4/log20151010.zip,NOT_DOWNLOADED_SANDBOX_NETWORK_BLOCKED
2015-10-20,2015,4,https://www.sec.gov/dera/data/Public-EDGAR-log-file-data/2015/Qtr4/log20151020.zip,NOT_DOWNLOADED_SANDBOX_NETWORK_BLOCKED
2015-10-21,2015,4,https://www.sec.gov/dera/data/Public-EDGAR-log-file-data/2015/Qtr4/log20151021.zip,NOT_DOWNLOADED_SANDBOX_NETWORK_BLOCKED
2015-10-22,2015,4,https://www.sec.gov/dera/data/Public-EDGAR-log-file-data/2015/Qtr4/log20151022.zip,NOT_DOWNLOADED_SANDBOX_NETWORK_BLOCKED
2015-10-23,2015,4,https://www.sec.gov/dera/data/Public-EDGAR-log-file-data/2015/Qtr4/log20151023.zip,NOT_DOWNLOADED_SANDBOX_NETWORK_BLOCKED
2015-10-24,2015,4,https://www.sec.gov/dera/data/Public-EDGAR-log-file-data/2015/Qtr4/log20151024.zip,NOT_DOWNLOADED_SANDBOX_NETWORK_BLOCKED
2015-10-25,2015,4,https://www.sec.gov/dera/data/Public-EDGAR-log-file-data/2015/Qtr4/log20151025.zip,NOT_DOWNLOADED_SANDBOX_NETWORK_BLOCKED
2015-10-26,2015,4,https://www.sec.gov/dera/data/Public-EDGAR-log-file-data/2015/Qtr4/log20151026.zip,NOT_DOWNLOADED_SANDBOX_NETWORK_BLOCKED
2015-10-27,2015,4,https://www.sec.gov/dera/data/Public-EDGAR-log-file-data/2015/Qtr4/log20151027.zip,NOT_DOWNLOADED_SANDBOX_NETWORK_BLOCKED
2015-10-28,2015,4,https://www.sec.gov/dera/data/Public-EDGAR-log-file-data/2015/Qtr4/log20151028.zip,NOT_DOWNLOADED_SANDBOX_NETWORK_BLOCKED
2015-10-29,2015,4,https://www.sec.gov/dera/data/Public-EDGAR-log-file-data/2015/Qtr4/log20151029.zip,NOT_DOWNLOADED_SANDBOX_NETWORK_BLOCKED
2015-10-30,2015,4,https://www.sec.gov/dera/data/Public-EDGAR-log-file-data/2015/Qtr4/log20151030.zip,NOT_DOWNLOADED_SANDBOX_NETWORK_BLOCKED
2015-10-31,2015,4,https://www.sec.gov/dera/data/Public-EDGAR-log-file-data/2015/Qtr4/log20151031.zip,NOT_DOWNLOADED_SANDBOX_NETWORK_BLOCKED
2015-11-01,2015,4,https://www.sec.gov/dera/data/Public-EDGAR-log-file-data/2015/Qtr4/log20151101.zip,NOT_DOWNLOADED_SANDBOX_NETWORK_BLOCKED
2015-11-02,2015,4,https://www.sec.gov/dera/data/Public-EDGAR-log-file-data/2015/Qtr4/log20151102.zip,NOT_DOWNLOADED_SANDBOX_NETWORK_BLOCKED
2015-11-03,2015,4,https://www.sec.gov/dera/data/Public-EDGAR-log-file-data/2015/Qtr4/log20151103.zip,NOT_DOWNLOADED_SANDBOX_NETWORK_BLOCKED
2015-11-04,2015,4,https://www.sec.gov/dera/data/Public-EDGAR-log-file-data/2015/Qtr4/log20151104.zip,NOT_DOWNLOADED_SANDBOX_NETWORK_BLOCKED
2016-02-02,2016,1,https://www.sec.gov/dera/data/Public-EDGAR-log-file-data/2016/Qtr1/log20160202.zip,NOT_DOWNLOADED_SANDBOX_NETWORK_BLOCKED
2016-02-03,2016,1,https://www.sec.gov/dera/data/Public-EDGAR-log-file-data/2016/Qtr1/log20160203.zip,NOT_DOWNLOADED_SANDBOX_NETWORK_BLOCKED
2016-02-04,2016,1,https://www.sec.gov/dera/data/Public-EDGAR-log-file-data/2016/Qtr1/log20160204.zip,NOT_DOWNLOADED_SANDBOX_NETWORK_BLOCKED
2016-02-05,2016,1,https://www.sec.gov/dera/data/Public-EDGAR-log-file-data/2016/Qtr1/log20160205.zip,NOT_DOWNLOADED_SANDBOX_NETWORK_BLOCKED
2016-02-06,2016,1,https://www.sec.gov/dera/data/Public-EDGAR-log-file-data/2016/Qtr1/log20160206.zip,NOT_DOWNLOADED_SANDBOX_NETWORK_BLOCKED
2016-02-07,2016,1,https://www.sec.gov/dera/data/Public-EDGAR-log-file-data/2016/Qtr1/log20160207.zip,NOT_DOWNLOADED_SANDBOX_NETWORK_BLOCKED
2016-02-08,2016,1,https://www.sec.gov/dera/data/Public-EDGAR-log-file-data/2016/Qtr1/log20160208.zip,NOT_DOWNLOADED_SANDBOX_NETWORK_BLOCKED
2016-02-09,2016,1,https://www.sec.gov/dera/data/Public-EDGAR-log-file-data/2016/Qtr1/log20160209.zip,NOT_DOWNLOADED_SANDBOX_NETWORK_BLOCKED
2016-02-10,2016,1,https://www.sec.gov/dera/data/Public-EDGAR-log-file-data/2016/Qtr1/log20160210.zip,NOT_DOWNLOADED_SANDBOX_NETWORK_BLOCKED
2016-02-11,2016,1,https://www.sec.gov/dera/data/Public-EDGAR-log-file-data/2016/Qtr1/log20160211.zip,NOT_DOWNLOADED_SANDBOX_NETWORK_BLOCKED
2016-02-12,2016,1,https://www.sec.gov/dera/data/Public-EDGAR-log-file-data/2016/Qtr1/log20160212.zip,NOT_DOWNLOADED_SANDBOX_NETWORK_BLOCKED
2016-02-13,2016,1,https://www.sec.gov/dera/data/Public-EDGAR-log-file-data/2016/Qtr1/log20160213.zip,NOT_DOWNLOADED_SANDBOX_NETWORK_BLOCKED
2016-02-14,2016,1,https://www.sec.gov/dera/data/Public-EDGAR-log-file-data/2016/Qtr1/log20160214.zip,NOT_DOWNLOADED_SANDBOX_NETWORK_BLOCKED
2016-02-15,2016,1,https://www.sec.gov/dera/data/Public-EDGAR-log-file-data/2016/Qtr1/log20160215.zip,NOT_DOWNLOADED_SANDBOX_NETWORK_BLOCKED
2016-02-16,2016,1,https://www.sec.gov/dera/data/Public-EDGAR-log-file-data/2016/Qtr1/log20160216.zip,NOT_DOWNLOADED_SANDBOX_NETWORK_BLOCKED
2016-02-17,2016,1,https://www.sec.gov/dera/data/Public-EDGAR-log-file-data/2016/Qtr1/log20160217.zip,NOT_DOWNLOADED_SANDBOX_NETWORK_BLOCKED
2016-02-18,2016,1,https://www.sec.gov/dera/data/Public-EDGAR-log-file-data/2016/Qtr1/log20160218.zip,NOT_DOWNLOADED_SANDBOX_NETWORK_BLOCKED
2016-02-19,2016,1,https://www.sec.gov/dera/data/Public-EDGAR-log-file-data/2016/Qtr1/log20160219.zip,NOT_DOWNLOADED_SANDBOX_NETWORK_BLOCKED
2016-02-20,2016,1,https://www.sec.gov/dera/data/Public-EDGAR-log-file-data/2016/Qtr1/log20160220.zip,NOT_DOWNLOADED_SANDBOX_NETWORK_BLOCKED
2016-02-21,2016,1,https://www.sec.gov/dera/data/Public-EDGAR-log-file-data/2016/Qtr1/log20160221.zip,NOT_DOWNLOADED_SANDBOX_NETWORK_BLOCKED
2016-02-22,2016,1,https://www.sec.gov/dera/data/Public-EDGAR-log-file-data/2016/Qtr1/log20160222.zip,NOT_DOWNLOADED_SANDBOX_NETWORK_BLOCKED
2016-03-11,2016,1,https://www.sec.gov/dera/data/Public-EDGAR-log-file-data/2016/Qtr1/log20160311.zip,NOT_DOWNLOADED_SANDBOX_NETWORK_BLOCKED
2016-03-12,2016,1,https://www.sec.gov/dera/data/Public-EDGAR-log-file-data/2016/Qtr1/log20160312.zip,NOT_DOWNLOADED_SANDBOX_NETWORK_BLOCKED
2016-03-13,2016,1,https://www.sec.gov/dera/data/Public-EDGAR-log-file-data/2016/Qtr1/log20160313.zip,NOT_DOWNLOADED_SANDBOX_NETWORK_BLOCKED
2016-03-14,2016,1,https://www.sec.gov/dera/data/Public-EDGAR-log-file-data/2016/Qtr1/log20160314.zip,NOT_DOWNLOADED_SANDBOX_NETWORK_BLOCKED
2016-03-15,2016,1,https://www.sec.gov/dera/data/Public-EDGAR-log-file-data/2016/Qtr1/log20160315.zip,NOT_DOWNLOADED_SANDBOX_NETWORK_BLOCKED
2016-03-16,2016,1,https://www.sec.gov/dera/data/Public-EDGAR-log-file-data/2016/Qtr1/log20160316.zip,NOT_DOWNLOADED_SANDBOX_NETWORK_BLOCKED
2016-03-17,2016,1,https://www.sec.gov/dera/data/Public-EDGAR-log-file-data/2016/Qtr1/log20160317.zip,NOT_DOWNLOADED_SANDBOX_NETWORK_BLOCKED
2016-03-18,2016,1,https://www.sec.gov/dera/data/Public-EDGAR-log-file-data/2016/Qtr1/log20160318.zip,NOT_DOWNLOADED_SANDBOX_NETWORK_BLOCKED
2016-03-19,2016,1,https://www.sec.gov/dera/data/Public-EDGAR-log-file-data/2016/Qtr1/log20160319.zip,NOT_DOWNLOADED_SANDBOX_NETWORK_BLOCKED
2016-03-20,2016,1,https://www.sec.gov/dera/data/Public-EDGAR-log-file-data/2016/Qtr1/log20160320.zip,NOT_DOWNLOADED_SANDBOX_NETWORK_BLOCKED
2016-03-21,2016,1,https://www.sec.gov/dera/data/Public-EDGAR-log-file-data/2016/Qtr1/log20160321.zip,NOT_DOWNLOADED_SANDBOX_NETWORK_BLOCKED
2016-03-22,2016,1,https://www.sec.gov/dera/data/Public-EDGAR-log-file-data/2016/Qtr1/log20160322.zip,NOT_DOWNLOADED_SANDBOX_NETWORK_BLOCKED
2016-03-23,2016,1,https://www.sec.gov/dera/data/Public-EDGAR-log-file-data/2016/Qtr1/log20160323.zip,NOT_DOWNLOADED_SANDBOX_NETWORK_BLOCKED
2016-03-24,2016,1,https://www.sec.gov/dera/data/Public-EDGAR-log-file-data/2016/Qtr1/log20160324.zip,NOT_DOWNLOADED_SANDBOX_NETWORK_BLOCKED
2016-03-25,2016,1,https://www.sec.gov/dera/data/Public-EDGAR-log-file-data/2016/Qtr1/log20160325.zip,NOT_DOWNLOADED_SANDBOX_NETWORK_BLOCKED
2016-03-26,2016,1,https://www.sec.gov/dera/data/Public-EDGAR-log-file-data/2016/Qtr1/log20160326.zip,NOT_DOWNLOADED_SANDBOX_NETWORK_BLOCKED
2016-03-27,2016,1,https://www.sec.gov/dera/data/Public-EDGAR-log-file-data/2016/Qtr1/log20160327.zip,NOT_DOWNLOADED_SANDBOX_NETWORK_BLOCKED
2016-03-28,2016,1,https://www.sec.gov/dera/data/Public-EDGAR-log-file-data/2016/Qtr1/log20160328.zip,NOT_DOWNLOADED_SANDBOX_NETWORK_BLOCKED
2016-03-29,2016,1,https://www.sec.gov/dera/data/Public-EDGAR-log-file-data/2016/Qtr1/log20160329.zip,NOT_DOWNLOADED_SANDBOX_NETWORK_BLOCKED
2016-03-30,2016,1,https://www.sec.gov/dera/data/Public-EDGAR-log-file-data/2016/Qtr1/log20160330.zip,NOT_DOWNLOADED_SANDBOX_NETWORK_BLOCKED
2016-03-31,2016,1,https://www.sec.gov/dera/data/Public-EDGAR-log-file-data/2016/Qtr1/log20160331.zip,NOT_DOWNLOADED_SANDBOX_NETWORK_BLOCKED
2016-04-01,2016,2,https://www.sec.gov/dera/data/Public-EDGAR-log-file-data/2016/Qtr2/log20160401.zip,NOT_DOWNLOADED_SANDBOX_NETWORK_BLOCKED
2016-04-02,2016,2,https://www.sec.gov/dera/data/Public-EDGAR-log-file-data/2016/Qtr2/log20160402.zip,NOT_DOWNLOADED_SANDBOX_NETWORK_BLOCKED
2016-04-03,2016,2,https://www.sec.gov/dera/data/Public-EDGAR-log-file-data/2016/Qtr2/log20160403.zip,NOT_DOWNLOADED_SANDBOX_NETWORK_BLOCKED
2016-04-09,2016,2,https://www.sec.gov/dera/data/Public-EDGAR-log-file-data/2016/Qtr2/log20160409.zip,NOT_DOWNLOADED_SANDBOX_NETWORK_BLOCKED
2016-04-10,2016,2,https://www.sec.gov/dera/data/Public-EDGAR-log-file-data/2016/Qtr2/log20160410.zip,NOT_DOWNLOADED_SANDBOX_NETWORK_BLOCKED
2016-04-11,2016,2,https://www.sec.gov/dera/data/Public-EDGAR-log-file-data/2016/Qtr2/log20160411.zip,NOT_DOWNLOADED_SANDBOX_NETWORK_BLOCKED
2016-04-12,2016,2,https://www.sec.gov/dera/data/Public-EDGAR-log-file-data/2016/Qtr2/log20160412.zip,NOT_DOWNLOADED_SANDBOX_NETWORK_BLOCKED
2016-04-13,2016,2,https://www.sec.gov/dera/data/Public-EDGAR-log-file-data/2016/Qtr2/log20160413.zip,NOT_DOWNLOADED_SANDBOX_NETWORK_BLOCKED
2016-04-14,2016,2,https://www.sec.gov/dera/data/Public-EDGAR-log-file-data/2016/Qtr2/log20160414.zip,NOT_DOWNLOADED_SANDBOX_NETWORK_BLOCKED
2016-04-15,2016,2,https://www.sec.gov/dera/data/Public-EDGAR-log-file-data/2016/Qtr2/log20160415.zip,NOT_DOWNLOADED_SANDBOX_NETWORK_BLOCKED
2016-04-16,2016,2,https://www.sec.gov/dera/data/Public-EDGAR-log-file-data/2016/Qtr2/log20160416.zip,NOT_DOWNLOADED_SANDBOX_NETWORK_BLOCKED
2016-04-17,2016,2,https://www.sec.gov/dera/data/Public-EDGAR-log-file-data/2016/Qtr2/log20160417.zip,NOT_DOWNLOADED_SANDBOX_NETWORK_BLOCKED
2016-04-18,2016,2,https://www.sec.gov/dera/data/Public-EDGAR-log-file-data/2016/Qtr2/log20160418.zip,NOT_DOWNLOADED_SANDBOX_NETWORK_BLOCKED
2016-04-19,2016,2,https://www.sec.gov/dera/data/Public-EDGAR-log-file-data/2016/Qtr2/log20160419.zip,NOT_DOWNLOADED_SANDBOX_NETWORK_BLOCKED
2016-04-20,2016,2,https://www.sec.gov/dera/data/Public-EDGAR-log-file-data/2016/Qtr2/log20160420.zip,NOT_DOWNLOADED_SANDBOX_NETWORK_BLOCKED
2016-04-21,2016,2,https://www.sec.gov/dera/data/Public-EDGAR-log-file-data/2016/Qtr2/log20160421.zip,NOT_DOWNLOADED_SANDBOX_NETWORK_BLOCKED
2016-04-22,2016,2,https://www.sec.gov/dera/data/Public-EDGAR-log-file-data/2016/Qtr2/log20160422.zip,NOT_DOWNLOADED_SANDBOX_NETWORK_BLOCKED
2016-04-23,2016,2,https://www.sec.gov/dera/data/Public-EDGAR-log-file-data/2016/Qtr2/log20160423.zip,NOT_DOWNLOADED_SANDBOX_NETWORK_BLOCKED
2016-04-24,2016,2,https://www.sec.gov/dera/data/Public-EDGAR-log-file-data/2016/Qtr2/log20160424.zip,NOT_DOWNLOADED_SANDBOX_NETWORK_BLOCKED
2016-04-25,2016,2,https://www.sec.gov/dera/data/Public-EDGAR-log-file-data/2016/Qtr2/log20160425.zip,NOT_DOWNLOADED_SANDBOX_NETWORK_BLOCKED
2016-04-26,2016,2,https://www.sec.gov/dera/data/Public-EDGAR-log-file-data/2016/Qtr2/log20160426.zip,NOT_DOWNLOADED_SANDBOX_NETWORK_BLOCKED
2016-05-06,2016,2,https://www.sec.gov/dera/data/Public-EDGAR-log-file-data/2016/Qtr2/log20160506.zip,NOT_DOWNLOADED_SANDBOX_NETWORK_BLOCKED
2016-05-07,2016,2,https://www.sec.gov/dera/data/Public-EDGAR-log-file-data/2016/Qtr2/log20160507.zip,NOT_DOWNLOADED_SANDBOX_NETWORK_BLOCKED
2016-05-08,2016,2,https://www.sec.gov/dera/data/Public-EDGAR-log-file-data/2016/Qtr2/log20160508.zip,NOT_DOWNLOADED_SANDBOX_NETWORK_BLOCKED
2016-05-09,2016,2,https://www.sec.gov/dera/data/Public-EDGAR-log-file-data/2016/Qtr2/log20160509.zip,NOT_DOWNLOADED_SANDBOX_NETWORK_BLOCKED
2016-05-10,2016,2,https://www.sec.gov/dera/data/Public-EDGAR-log-file-data/2016/Qtr2/log20160510.zip,NOT_DOWNLOADED_SANDBOX_NETWORK_BLOCKED
2016-05-11,2016,2,https://www.sec.gov/dera/data/Public-EDGAR-log-file-data/2016/Qtr2/log20160511.zip,NOT_DOWNLOADED_SANDBOX_NETWORK_BLOCKED
2016-05-12,2016,2,https://www.sec.gov/dera/data/Public-EDGAR-log-file-data/2016/Qtr2/log20160512.zip,NOT_DOWNLOADED_SANDBOX_NETWORK_BLOCKED
2016-05-13,2016,2,https://www.sec.gov/dera/data/Public-EDGAR-log-file-data/2016/Qtr2/log20160513.zip,NOT_DOWNLOADED_SANDBOX_NETWORK_BLOCKED
2016-05-14,2016,2,https://www.sec.gov/dera/data/Public-EDGAR-log-file-data/2016/Qtr2/log20160514.zip,NOT_DOWNLOADED_SANDBOX_NETWORK_BLOCKED
2016-05-15,2016,2,https://www.sec.gov/dera/data/Public-EDGAR-log-file-data/2016/Qtr2/log20160515.zip,NOT_DOWNLOADED_SANDBOX_NETWORK_BLOCKED
2016-05-16,2016,2,https://www.sec.gov/dera/data/Public-EDGAR-log-file-data/2016/Qtr2/log20160516.zip,NOT_DOWNLOADED_SANDBOX_NETWORK_BLOCKED
2016-05-17,2016,2,https://www.sec.gov/dera/data/Public-EDGAR-log-file-data/2016/Qtr2/log20160517.zip,NOT_DOWNLOADED_SANDBOX_NETWORK_BLOCKED
2016-05-18,2016,2,https://www.sec.gov/dera/data/Public-EDGAR-log-file-data/2016/Qtr2/log20160518.zip,NOT_DOWNLOADED_SANDBOX_NETWORK_BLOCKED
2016-05-19,2016,2,https://www.sec.gov/dera/data/Public-EDGAR-log-file-data/2016/Qtr2/log20160519.zip,NOT_DOWNLOADED_SANDBOX_NETWORK_BLOCKED
2016-05-20,2016,2,https://www.sec.gov/dera/data/Public-EDGAR-log-file-data/2016/Qtr2/log20160520.zip,NOT_DOWNLOADED_SANDBOX_NETWORK_BLOCKED
2016-05-21,2016,2,https://www.sec.gov/dera/data/Public-EDGAR-log-file-data/2016/Qtr2/log20160521.zip,NOT_DOWNLOADED_SANDBOX_NETWORK_BLOCKED
2016-05-22,2016,2,https://www.sec.gov/dera/data/Public-EDGAR-log-file-data/2016/Qtr2/log20160522.zip,NOT_DOWNLOADED_SANDBOX_NETWORK_BLOCKED
2016-05-23,2016,2,https://www.sec.gov/dera/data/Public-EDGAR-log-file-data/2016/Qtr2/log20160523.zip,NOT_DOWNLOADED_SANDBOX_NETWORK_BLOCKED
2016-05-24,2016,2,https://www.sec.gov/dera/data/Public-EDGAR-log-file-data/2016/Qtr2/log20160524.zip,NOT_DOWNLOADED_SANDBOX_NETWORK_BLOCKED
2016-05-25,2016,2,https://www.sec.gov/dera/data/Public-EDGAR-log-file-data/2016/Qtr2/log20160525.zip,NOT_DOWNLOADED_SANDBOX_NETWORK_BLOCKED
2016-05-26,2016,2,https://www.sec.gov/dera/data/Public-EDGAR-log-file-data/2016/Qtr2/log20160526.zip,NOT_DOWNLOADED_SANDBOX_NETWORK_BLOCKED
2016-05-27,2016,2,https://www.sec.gov/dera/data/Public-EDGAR-log-file-data/2016/Qtr2/log20160527.zip,NOT_DOWNLOADED_SANDBOX_NETWORK_BLOCKED
2016-05-28,2016,2,https://www.sec.gov/dera/data/Public-EDGAR-log-file-data/2016/Qtr2/log20160528.zip,NOT_DOWNLOADED_SANDBOX_NETWORK_BLOCKED
2016-05-29,2016,2,https://www.sec.gov/dera/data/Public-EDGAR-log-file-data/2016/Qtr2/log20160529.zip,NOT_DOWNLOADED_SANDBOX_NETWORK_BLOCKED
2016-05-30,2016,2,https://www.sec.gov/dera/data/Public-EDGAR-log-file-data/2016/Qtr2/log20160530.zip,NOT_DOWNLOADED_SANDBOX_NETWORK_BLOCKED
2016-05-31,2016,2,https://www.sec.gov/dera/data/Public-EDGAR-log-file-data/2016/Qtr2/log20160531.zip,NOT_DOWNLOADED_SANDBOX_NETWORK_BLOCKED
2016-06-01,2016,2,https://www.sec.gov/dera/data/Public-EDGAR-log-file-data/2016/Qtr2/log20160601.zip,NOT_DOWNLOADED_SANDBOX_NETWORK_BLOCKED
2016-06-21,2016,2,https://www.sec.gov/dera/data/Public-EDGAR-log-file-data/2016/Qtr2/log20160621.zip,NOT_DOWNLOADED_SANDBOX_NETWORK_BLOCKED
2016-06-22,2016,2,https://www.sec.gov/dera/data/Public-EDGAR-log-file-data/2016/Qtr2/log20160622.zip,NOT_DOWNLOADED_SANDBOX_NETWORK_BLOCKED
2016-06-23,2016,2,https://www.sec.gov/dera/data/Public-EDGAR-log-file-data/2016/Qtr2/log20160623.zip,NOT_DOWNLOADED_SANDBOX_NETWORK_BLOCKED
2016-06-24,2016,2,https://www.sec.gov/dera/data/Public-EDGAR-log-file-data/2016/Qtr2/log20160624.zip,NOT_DOWNLOADED_SANDBOX_NETWORK_BLOCKED
2016-06-25,2016,2,https://www.sec.gov/dera/data/Public-EDGAR-log-file-data/2016/Qtr2/log20160625.zip,NOT_DOWNLOADED_SANDBOX_NETWORK_BLOCKED
2016-06-26,2016,2,https://www.sec.gov/dera/data/Public-EDGAR-log-file-data/2016/Qtr2/log20160626.zip,NOT_DOWNLOADED_SANDBOX_NETWORK_BLOCKED
2016-06-27,2016,2,https://www.sec.gov/dera/data/Public-EDGAR-log-file-data/2016/Qtr2/log20160627.zip,NOT_DOWNLOADED_SANDBOX_NETWORK_BLOCKED
2016-06-28,2016,2,https://www.sec.gov/dera/data/Public-EDGAR-log-file-data/2016/Qtr2/log20160628.zip,NOT_DOWNLOADED_SANDBOX_NETWORK_BLOCKED
2016-06-29,2016,2,https://www.sec.gov/dera/data/Public-EDGAR-log-file-data/2016/Qtr2/log20160629.zip,NOT_DOWNLOADED_SANDBOX_NETWORK_BLOCKED
2016-06-30,2016,2,https://www.sec.gov/dera/data/Public-EDGAR-log-file-data/2016/Qtr2/log20160630.zip,NOT_DOWNLOADED_SANDBOX_NETWORK_BLOCKED
2016-07-01,2016,3,https://www.sec.gov/dera/data/Public-EDGAR-log-file-data/2016/Qtr3/log20160701.zip,NOT_DOWNLOADED_SANDBOX_NETWORK_BLOCKED
2016-07-02,2016,3,https://www.sec.gov/dera/data/Public-EDGAR-log-file-data/2016/Qtr3/log20160702.zip,NOT_DOWNLOADED_SANDBOX_NETWORK_BLOCKED
2016-07-03,2016,3,https://www.sec.gov/dera/data/Public-EDGAR-log-file-data/2016/Qtr3/log20160703.zip,NOT_DOWNLOADED_SANDBOX_NETWORK_BLOCKED
2016-07-04,2016,3,https://www.sec.gov/dera/data/Public-EDGAR-log-file-data/2016/Qtr3/log20160704.zip,NOT_DOWNLOADED_SANDBOX_NETWORK_BLOCKED
2016-07-05,2016,3,https://www.sec.gov/dera/data/Public-EDGAR-log-file-data/2016/Qtr3/log20160705.zip,NOT_DOWNLOADED_SANDBOX_NETWORK_BLOCKED
2016-07-06,2016,3,https://www.sec.gov/dera/data/Public-EDGAR-log-file-data/2016/Qtr3/log20160706.zip,NOT_DOWNLOADED_SANDBOX_NETWORK_BLOCKED
2016-07-12,2016,3,https://www.sec.gov/dera/data/Public-EDGAR-log-file-data/2016/Qtr3/log20160712.zip,NOT_DOWNLOADED_SANDBOX_NETWORK_BLOCKED
2016-07-13,2016,3,https://www.sec.gov/dera/data/Public-EDGAR-log-file-data/2016/Qtr3/log20160713.zip,NOT_DOWNLOADED_SANDBOX_NETWORK_BLOCKED
2016-07-14,2016,3,https://www.sec.gov/dera/data/Public-EDGAR-log-file-data/2016/Qtr3/log20160714.zip,NOT_DOWNLOADED_SANDBOX_NETWORK_BLOCKED
2016-07-15,2016,3,https://www.sec.gov/dera/data/Public-EDGAR-log-file-data/2016/Qtr3/log20160715.zip,NOT_DOWNLOADED_SANDBOX_NETWORK_BLOCKED
2016-07-16,2016,3,https://www.sec.gov/dera/data/Public-EDGAR-log-file-data/2016/Qtr3/log20160716.zip,NOT_DOWNLOADED_SANDBOX_NETWORK_BLOCKED
2016-07-17,2016,3,https://www.sec.gov/dera/data/Public-EDGAR-log-file-data/2016/Qtr3/log20160717.zip,NOT_DOWNLOADED_SANDBOX_NETWORK_BLOCKED
2016-07-18,2016,3,https://www.sec.gov/dera/data/Public-EDGAR-log-file-data/2016/Qtr3/log20160718.zip,NOT_DOWNLOADED_SANDBOX_NETWORK_BLOCKED
2016-07-19,2016,3,https://www.sec.gov/dera/data/Public-EDGAR-log-file-data/2016/Qtr3/log20160719.zip,NOT_DOWNLOADED_SANDBOX_NETWORK_BLOCKED
2016-07-20,2016,3,https://www.sec.gov/dera/data/Public-EDGAR-log-file-data/2016/Qtr3/log20160720.zip,NOT_DOWNLOADED_SANDBOX_NETWORK_BLOCKED
2016-07-21,2016,3,https://www.sec.gov/dera/data/Public-EDGAR-log-file-data/2016/Qtr3/log20160721.zip,NOT_DOWNLOADED_SANDBOX_NETWORK_BLOCKED
2016-07-22,2016,3,https://www.sec.gov/dera/data/Public-EDGAR-log-file-data/2016/Qtr3/log20160722.zip,NOT_DOWNLOADED_SANDBOX_NETWORK_BLOCKED
2016-07-23,2016,3,https://www.sec.gov/dera/data/Public-EDGAR-log-file-data/2016/Qtr3/log20160723.zip,NOT_DOWNLOADED_SANDBOX_NETWORK_BLOCKED
2016-07-24,2016,3,https://www.sec.gov/dera/data/Public-EDGAR-log-file-data/2016/Qtr3/log20160724.zip,NOT_DOWNLOADED_SANDBOX_NETWORK_BLOCKED
2016-07-25,2016,3,https://www.sec.gov/dera/data/Public-EDGAR-log-file-data/2016/Qtr3/log20160725.zip,NOT_DOWNLOADED_SANDBOX_NETWORK_BLOCKED
2016-07-26,2016,3,https://www.sec.gov/dera/data/Public-EDGAR-log-file-data/2016/Qtr3/log20160726.zip,NOT_DOWNLOADED_SANDBOX_NETWORK_BLOCKED
2016-07-27,2016,3,https://www.sec.gov/dera/data/Public-EDGAR-log-file-data/2016/Qtr3/log20160727.zip,NOT_DOWNLOADED_SANDBOX_NETWORK_BLOCKED
2016-07-31,2016,3,https://www.sec.gov/dera/data/Public-EDGAR-log-file-data/2016/Qtr3/log20160731.zip,NOT_DOWNLOADED_SANDBOX_NETWORK_BLOCKED
2016-08-01,2016,3,https://www.sec.gov/dera/data/Public-EDGAR-log-file-data/2016/Qtr3/log20160801.zip,NOT_DOWNLOADED_SANDBOX_NETWORK_BLOCKED
2016-08-02,2016,3,https://www.sec.gov/dera/data/Public-EDGAR-log-file-data/2016/Qtr3/log20160802.zip,NOT_DOWNLOADED_SANDBOX_NETWORK_BLOCKED
2016-08-03,2016,3,https://www.sec.gov/dera/data/Public-EDGAR-log-file-data/2016/Qtr3/log20160803.zip,NOT_DOWNLOADED_SANDBOX_NETWORK_BLOCKED
2016-08-04,2016,3,https://www.sec.gov/dera/data/Public-EDGAR-log-file-data/2016/Qtr3/log20160804.zip,NOT_DOWNLOADED_SANDBOX_NETWORK_BLOCKED
2016-08-05,2016,3,https://www.sec.gov/dera/data/Public-EDGAR-log-file-data/2016/Qtr3/log20160805.zip,NOT_DOWNLOADED_SANDBOX_NETWORK_BLOCKED
2016-08-06,2016,3,https://www.sec.gov/dera/data/Public-EDGAR-log-file-data/2016/Qtr3/log20160806.zip,NOT_DOWNLOADED_SANDBOX_NETWORK_BLOCKED
2016-08-07,2016,3,https://www.sec.gov/dera/data/Public-EDGAR-log-file-data/2016/Qtr3/log20160807.zip,NOT_DOWNLOADED_SANDBOX_NETWORK_BLOCKED
2016-08-08,2016,3,https://www.sec.gov/dera/data/Public-EDGAR-log-file-data/2016/Qtr3/log20160808.zip,NOT_DOWNLOADED_SANDBOX_NETWORK_BLOCKED
2016-08-09,2016,3,https://www.sec.gov/dera/data/Public-EDGAR-log-file-data/2016/Qtr3/log20160809.zip,NOT_DOWNLOADED_SANDBOX_NETWORK_BLOCKED
2016-08-10,2016,3,https://www.sec.gov/dera/data/Public-EDGAR-log-file-data/2016/Qtr3/log20160810.zip,NOT_DOWNLOADED_SANDBOX_NETWORK_BLOCKED
2016-08-11,2016,3,https://www.sec.gov/dera/data/Public-EDGAR-log-file-data/2016/Qtr3/log20160811.zip,NOT_DOWNLOADED_SANDBOX_NETWORK_BLOCKED
2016-08-12,2016,3,https://www.sec.gov/dera/data/Public-EDGAR-log-file-data/2016/Qtr3/log20160812.zip,NOT_DOWNLOADED_SANDBOX_NETWORK_BLOCKED
2016-08-13,2016,3,https://www.sec.gov/dera/data/Public-EDGAR-log-file-data/2016/Qtr3/log20160813.zip,NOT_DOWNLOADED_SANDBOX_NETWORK_BLOCKED
2016-08-14,2016,3,https://www.sec.gov/dera/data/Public-EDGAR-log-file-data/2016/Qtr3/log20160814.zip,NOT_DOWNLOADED_SANDBOX_NETWORK_BLOCKED
2016-08-15,2016,3,https://www.sec.gov/dera/data/Public-EDGAR-log-file-data/2016/Qtr3/log20160815.zip,NOT_DOWNLOADED_SANDBOX_NETWORK_BLOCKED
2016-08-16,2016,3,https://www.sec.gov/dera/data/Public-EDGAR-log-file-data/2016/Qtr3/log20160816.zip,NOT_DOWNLOADED_SANDBOX_NETWORK_BLOCKED
2016-08-17,2016,3,https://www.sec.gov/dera/data/Public-EDGAR-log-file-data/2016/Qtr3/log20160817.zip,NOT_DOWNLOADED_SANDBOX_NETWORK_BLOCKED
2016-08-18,2016,3,https://www.sec.gov/dera/data/Public-EDGAR-log-file-data/2016/Qtr3/log20160818.zip,NOT_DOWNLOADED_SANDBOX_NETWORK_BLOCKED
2016-08-19,2016,3,https://www.sec.gov/dera/data/Public-EDGAR-log-file-data/2016/Qtr3/log20160819.zip,NOT_DOWNLOADED_SANDBOX_NETWORK_BLOCKED
2016-08-20,2016,3,https://www.sec.gov/dera/data/Public-EDGAR-log-file-data/2016/Qtr3/log20160820.zip,NOT_DOWNLOADED_SANDBOX_NETWORK_BLOCKED
2016-08-21,2016,3,https://www.sec.gov/dera/data/Public-EDGAR-log-file-data/2016/Qtr3/log20160821.zip,NOT_DOWNLOADED_SANDBOX_NETWORK_BLOCKED
2016-08-22,2016,3,https://www.sec.gov/dera/data/Public-EDGAR-log-file-data/2016/Qtr3/log20160822.zip,NOT_DOWNLOADED_SANDBOX_NETWORK_BLOCKED
2016-08-23,2016,3,https://www.sec.gov/dera/data/Public-EDGAR-log-file-data/2016/Qtr3/log20160823.zip,NOT_DOWNLOADED_SANDBOX_NETWORK_BLOCKED
2016-08-24,2016,3,https://www.sec.gov/dera/data/Public-EDGAR-log-file-data/2016/Qtr3/log20160824.zip,NOT_DOWNLOADED_SANDBOX_NETWORK_BLOCKED
2016-08-25,2016,3,https://www.sec.gov/dera/data/Public-EDGAR-log-file-data/2016/Qtr3/log20160825.zip,NOT_DOWNLOADED_SANDBOX_NETWORK_BLOCKED
2016-08-26,2016,3,https://www.sec.gov/dera/data/Public-EDGAR-log-file-data/2016/Qtr3/log20160826.zip,NOT_DOWNLOADED_SANDBOX_NETWORK_BLOCKED
2016-08-27,2016,3,https://www.sec.gov/dera/data/Public-EDGAR-log-file-data/2016/Qtr3/log20160827.zip,NOT_DOWNLOADED_SANDBOX_NETWORK_BLOCKED
2016-09-13,2016,3,https://www.sec.gov/dera/data/Public-EDGAR-log-file-data/2016/Qtr3/log20160913.zip,NOT_DOWNLOADED_SANDBOX_NETWORK_BLOCKED
2016-09-14,2016,3,https://www.sec.gov/dera/data/Public-EDGAR-log-file-data/2016/Qtr3/log20160914.zip,NOT_DOWNLOADED_SANDBOX_NETWORK_BLOCKED
2016-09-15,2016,3,https://www.sec.gov/dera/data/Public-EDGAR-log-file-data/2016/Qtr3/log20160915.zip,NOT_DOWNLOADED_SANDBOX_NETWORK_BLOCKED
2016-09-16,2016,3,https://www.sec.gov/dera/data/Public-EDGAR-log-file-data/2016/Qtr3/log20160916.zip,NOT_DOWNLOADED_SANDBOX_NETWORK_BLOCKED
2016-09-17,2016,3,https://www.sec.gov/dera/data/Public-EDGAR-log-file-data/2016/Qtr3/log20160917.zip,NOT_DOWNLOADED_SANDBOX_NETWORK_BLOCKED
2016-09-18,2016,3,https://www.sec.gov/dera/data/Public-EDGAR-log-file-data/2016/Qtr3/log20160918.zip,NOT_DOWNLOADED_SANDBOX_NETWORK_BLOCKED
2016-09-19,2016,3,https://www.sec.gov/dera/data/Public-EDGAR-log-file-data/2016/Qtr3/log20160919.zip,NOT_DOWNLOADED_SANDBOX_NETWORK_BLOCKED
2016-09-20,2016,3,https://www.sec.gov/dera/data/Public-EDGAR-log-file-data/2016/Qtr3/log20160920.zip,NOT_DOWNLOADED_SANDBOX_NETWORK_BLOCKED
2016-09-21,2016,3,https://www.sec.gov/dera/data/Public-EDGAR-log-file-data/2016/Qtr3/log20160921.zip,NOT_DOWNLOADED_SANDBOX_NETWORK_BLOCKED
2016-09-22,2016,3,https://www.sec.gov/dera/data/Public-EDGAR-log-file-data/2016/Qtr3/log20160922.zip,NOT_DOWNLOADED_SANDBOX_NETWORK_BLOCKED
2016-09-23,2016,3,https://www.sec.gov/dera/data/Public-EDGAR-log-file-data/2016/Qtr3/log20160923.zip,NOT_DOWNLOADED_SANDBOX_NETWORK_BLOCKED
2016-09-24,2016,3,https://www.sec.gov/dera/data/Public-EDGAR-log-file-data/2016/Qtr3/log20160924.zip,NOT_DOWNLOADED_SANDBOX_NETWORK_BLOCKED
2016-09-25,2016,3,https://www.sec.gov/dera/data/Public-EDGAR-log-file-data/2016/Qtr3/log20160925.zip,NOT_DOWNLOADED_SANDBOX_NETWORK_BLOCKED
2016-09-26,2016,3,https://www.sec.gov/dera/data/Public-EDGAR-log-file-data/2016/Qtr3/log20160926.zip,NOT_DOWNLOADED_SANDBOX_NETWORK_BLOCKED
2016-09-27,2016,3,https://www.sec.gov/dera/data/Public-EDGAR-log-file-data/2016/Qtr3/log20160927.zip,NOT_DOWNLOADED_SANDBOX_NETWORK_BLOCKED
2016-09-28,2016,3,https://www.sec.gov/dera/data/Public-EDGAR-log-file-data/2016/Qtr3/log20160928.zip,NOT_DOWNLOADED_SANDBOX_NETWORK_BLOCKED
2016-09-30,2016,3,https://www.sec.gov/dera/data/Public-EDGAR-log-file-data/2016/Qtr3/log20160930.zip,NOT_DOWNLOADED_SANDBOX_NETWORK_BLOCKED
2016-10-01,2016,4,https://www.sec.gov/dera/data/Public-EDGAR-log-file-data/2016/Qtr4/log20161001.zip,NOT_DOWNLOADED_SANDBOX_NETWORK_BLOCKED
2016-10-02,2016,4,https://www.sec.gov/dera/data/Public-EDGAR-log-file-data/2016/Qtr4/log20161002.zip,NOT_DOWNLOADED_SANDBOX_NETWORK_BLOCKED
2016-10-03,2016,4,https://www.sec.gov/dera/data/Public-EDGAR-log-file-data/2016/Qtr4/log20161003.zip,NOT_DOWNLOADED_SANDBOX_NETWORK_BLOCKED
2016-10-04,2016,4,https://www.sec.gov/dera/data/Public-EDGAR-log-file-data/2016/Qtr4/log20161004.zip,NOT_DOWNLOADED_SANDBOX_NETWORK_BLOCKED
2016-10-05,2016,4,https://www.sec.gov/dera/data/Public-EDGAR-log-file-data/2016/Qtr4/log20161005.zip,NOT_DOWNLOADED_SANDBOX_NETWORK_BLOCKED
2016-10-06,2016,4,https://www.sec.gov/dera/data/Public-EDGAR-log-file-data/2016/Qtr4/log20161006.zip,NOT_DOWNLOADED_SANDBOX_NETWORK_BLOCKED
2016-10-07,2016,4,https://www.sec.gov/dera/data/Public-EDGAR-log-file-data/2016/Qtr4/log20161007.zip,NOT_DOWNLOADED_SANDBOX_NETWORK_BLOCKED
2016-10-08,2016,4,https://www.sec.gov/dera/data/Public-EDGAR-log-file-data/2016/Qtr4/log20161008.zip,NOT_DOWNLOADED_SANDBOX_NETWORK_BLOCKED
2016-10-09,2016,4,https://www.sec.gov/dera/data/Public-EDGAR-log-file-data/2016/Qtr4/log20161009.zip,NOT_DOWNLOADED_SANDBOX_NETWORK_BLOCKED
2016-10-10,2016,4,https://www.sec.gov/dera/data/Public-EDGAR-log-file-data/2016/Qtr4/log20161010.zip,NOT_DOWNLOADED_SANDBOX_NETWORK_BLOCKED
2016-10-11,2016,4,https://www.sec.gov/dera/data/Public-EDGAR-log-file-data/2016/Qtr4/log20161011.zip,NOT_DOWNLOADED_SANDBOX_NETWORK_BLOCKED
2016-10-12,2016,4,https://www.sec.gov/dera/data/Public-EDGAR-log-file-data/2016/Qtr4/log20161012.zip,NOT_DOWNLOADED_SANDBOX_NETWORK_BLOCKED
2016-10-13,2016,4,https://www.sec.gov/dera/data/Public-EDGAR-log-file-data/2016/Qtr4/log20161013.zip,NOT_DOWNLOADED_SANDBOX_NETWORK_BLOCKED
2016-10-14,2016,4,https://www.sec.gov/dera/data/Public-EDGAR-log-file-data/2016/Qtr4/log20161014.zip,NOT_DOWNLOADED_SANDBOX_NETWORK_BLOCKED
2016-10-15,2016,4,https://www.sec.gov/dera/data/Public-EDGAR-log-file-data/2016/Qtr4/log20161015.zip,NOT_DOWNLOADED_SANDBOX_NETWORK_BLOCKED
2016-10-31,2016,4,https://www.sec.gov/dera/data/Public-EDGAR-log-file-data/2016/Qtr4/log20161031.zip,NOT_DOWNLOADED_SANDBOX_NETWORK_BLOCKED
2016-11-01,2016,4,https://www.sec.gov/dera/data/Public-EDGAR-log-file-data/2016/Qtr4/log20161101.zip,NOT_DOWNLOADED_SANDBOX_NETWORK_BLOCKED
2016-11-02,2016,4,https://www.sec.gov/dera/data/Public-EDGAR-log-file-data/2016/Qtr4/log20161102.zip,NOT_DOWNLOADED_SANDBOX_NETWORK_BLOCKED
2016-11-03,2016,4,https://www.sec.gov/dera/data/Public-EDGAR-log-file-data/2016/Qtr4/log20161103.zip,NOT_DOWNLOADED_SANDBOX_NETWORK_BLOCKED
2016-11-04,2016,4,https://www.sec.gov/dera/data/Public-EDGAR-log-file-data/2016/Qtr4/log20161104.zip,NOT_DOWNLOADED_SANDBOX_NETWORK_BLOCKED
2016-11-05,2016,4,https://www.sec.gov/dera/data/Public-EDGAR-log-file-data/2016/Qtr4/log20161105.zip,NOT_DOWNLOADED_SANDBOX_NETWORK_BLOCKED
2016-11-06,2016,4,https://www.sec.gov/dera/data/Public-EDGAR-log-file-data/2016/Qtr4/log20161106.zip,NOT_DOWNLOADED_SANDBOX_NETWORK_BLOCKED
2016-11-07,2016,4,https://www.sec.gov/dera/data/Public-EDGAR-log-file-data/2016/Qtr4/log20161107.zip,NOT_DOWNLOADED_SANDBOX_NETWORK_BLOCKED
2016-11-08,2016,4,https://www.sec.gov/dera/data/Public-EDGAR-log-file-data/2016/Qtr4/log20161108.zip,NOT_DOWNLOADED_SANDBOX_NETWORK_BLOCKED
2016-11-09,2016,4,https://www.sec.gov/dera/data/Public-EDGAR-log-file-data/2016/Qtr4/log20161109.zip,NOT_DOWNLOADED_SANDBOX_NETWORK_BLOCKED
2016-11-10,2016,4,https://www.sec.gov/dera/data/Public-EDGAR-log-file-data/2016/Qtr4/log20161110.zip,NOT_DOWNLOADED_SANDBOX_NETWORK_BLOCKED
2016-11-11,2016,4,https://www.sec.gov/dera/data/Public-EDGAR-log-file-data/2016/Qtr4/log20161111.zip,NOT_DOWNLOADED_SANDBOX_NETWORK_BLOCKED
2016-11-12,2016,4,https://www.sec.gov/dera/data/Public-EDGAR-log-file-data/2016/Qtr4/log20161112.zip,NOT_DOWNLOADED_SANDBOX_NETWORK_BLOCKED
2016-11-13,2016,4,https://www.sec.gov/dera/data/Public-EDGAR-log-file-data/2016/Qtr4/log20161113.zip,NOT_DOWNLOADED_SANDBOX_NETWORK_BLOCKED
2016-11-14,2016,4,https://www.sec.gov/dera/data/Public-EDGAR-log-file-data/2016/Qtr4/log20161114.zip,NOT_DOWNLOADED_SANDBOX_NETWORK_BLOCKED
2016-11-15,2016,4,https://www.sec.gov/dera/data/Public-EDGAR-log-file-data/2016/Qtr4/log20161115.zip,NOT_DOWNLOADED_SANDBOX_NETWORK_BLOCKED
2016-12-03,2016,4,https://www.sec.gov/dera/data/Public-EDGAR-log-file-data/2016/Qtr4/log20161203.zip,NOT_DOWNLOADED_SANDBOX_NETWORK_BLOCKED
2016-12-04,2016,4,https://www.sec.gov/dera/data/Public-EDGAR-log-file-data/2016/Qtr4/log20161204.zip,NOT_DOWNLOADED_SANDBOX_NETWORK_BLOCKED
2016-12-05,2016,4,https://www.sec.gov/dera/data/Public-EDGAR-log-file-data/2016/Qtr4/log20161205.zip,NOT_DOWNLOADED_SANDBOX_NETWORK_BLOCKED
2016-12-06,2016,4,https://www.sec.gov/dera/data/Public-EDGAR-log-file-data/2016/Qtr4/log20161206.zip,NOT_DOWNLOADED_SANDBOX_NETWORK_BLOCKED
2016-12-07,2016,4,https://www.sec.gov/dera/data/Public-EDGAR-log-file-data/2016/Qtr4/log20161207.zip,NOT_DOWNLOADED_SANDBOX_NETWORK_BLOCKED
2016-12-08,2016,4,https://www.sec.gov/dera/data/Public-EDGAR-log-file-data/2016/Qtr4/log20161208.zip,NOT_DOWNLOADED_SANDBOX_NETWORK_BLOCKED
2016-12-09,2016,4,https://www.sec.gov/dera/data/Public-EDGAR-log-file-data/2016/Qtr4/log20161209.zip,NOT_DOWNLOADED_SANDBOX_NETWORK_BLOCKED
2016-12-10,2016,4,https://www.sec.gov/dera/data/Public-EDGAR-log-file-data/2016/Qtr4/log20161210.zip,NOT_DOWNLOADED_SANDBOX_NETWORK_BLOCKED
2016-12-11,2016,4,https://www.sec.gov/dera/data/Public-EDGAR-log-file-data/2016/Qtr4/log20161211.zip,NOT_DOWNLOADED_SANDBOX_NETWORK_BLOCKED
2016-12-12,2016,4,https://www.sec.gov/dera/data/Public-EDGAR-log-file-data/2016/Qtr4/log20161212.zip,NOT_DOWNLOADED_SANDBOX_NETWORK_BLOCKED
2016-12-13,2016,4,https://www.sec.gov/dera/data/Public-EDGAR-log-file-data/2016/Qtr4/log20161213.zip,NOT_DOWNLOADED_SANDBOX_NETWORK_BLOCKED
2016-12-14,2016,4,https://www.sec.gov/dera/data/Public-EDGAR-log-file-data/2016/Qtr4/log20161214.zip,NOT_DOWNLOADED_SANDBOX_NETWORK_BLOCKED
2016-12-15,2016,4,https://www.sec.gov/dera/data/Public-EDGAR-log-file-data/2016/Qtr4/log20161215.zip,NOT_DOWNLOADED_SANDBOX_NETWORK_BLOCKED
2016-12-16,2016,4,https://www.sec.gov/dera/data/Public-EDGAR-log-file-data/2016/Qtr4/log20161216.zip,NOT_DOWNLOADED_SANDBOX_NETWORK_BLOCKED
2016-12-17,2016,4,https://www.sec.gov/dera/data/Public-EDGAR-log-file-data/2016/Qtr4/log20161217.zip,NOT_DOWNLOADED_SANDBOX_NETWORK_BLOCKED
2016-12-18,2016,4,https://www.sec.gov/dera/data/Public-EDGAR-log-file-data/2016/Qtr4/log20161218.zip,NOT_DOWNLOADED_SANDBOX_NETWORK_BLOCKED
2016-12-19,2016,4,https://www.sec.gov/dera/data/Public-EDGAR-log-file-data/2016/Qtr4/log20161219.zip,NOT_DOWNLOADED_SANDBOX_NETWORK_BLOCKED
2016-12-20,2016,4,https://www.sec.gov/dera/data/Public-EDGAR-log-file-data/2016/Qtr4/log20161220.zip,NOT_DOWNLOADED_SANDBOX_NETWORK_BLOCKED
2016-12-21,2016,4,https://www.sec.gov/dera/data/Public-EDGAR-log-file-data/2016/Qtr4/log20161221.zip,NOT_DOWNLOADED_SANDBOX_NETWORK_BLOCKED
2016-12-22,2016,4,https://www.sec.gov/dera/data/Public-EDGAR-log-file-data/2016/Qtr4/log20161222.zip,NOT_DOWNLOADED_SANDBOX_NETWORK_BLOCKED
2016-12-23,2016,4,https://www.sec.gov/dera/data/Public-EDGAR-log-file-data/2016/Qtr4/log20161223.zip,NOT_DOWNLOADED_SANDBOX_NETWORK_BLOCKED
2016-12-24,2016,4,https://www.sec.gov/dera/data/Public-EDGAR-log-file-data/2016/Qtr4/log20161224.zip,NOT_DOWNLOADED_SANDBOX_NETWORK_BLOCKED
2016-12-25,2016,4,https://www.sec.gov/dera/data/Public-EDGAR-log-file-data/2016/Qtr4/log20161225.zip,NOT_DOWNLOADED_SANDBOX_NETWORK_BLOCKED
2016-12-26,2016,4,https://www.sec.gov/dera/data/Public-EDGAR-log-file-data/2016/Qtr4/log20161226.zip,NOT_DOWNLOADED_SANDBOX_NETWORK_BLOCKED
2017-03-05,2017,1,https://www.sec.gov/dera/data/Public-EDGAR-log-file-data/2017/Qtr1/log20170305.zip,NOT_DOWNLOADED_SANDBOX_NETWORK_BLOCKED
2017-03-06,2017,1,https://www.sec.gov/dera/data/Public-EDGAR-log-file-data/2017/Qtr1/log20170306.zip,NOT_DOWNLOADED_SANDBOX_NETWORK_BLOCKED
2017-03-07,2017,1,https://www.sec.gov/dera/data/Public-EDGAR-log-file-data/2017/Qtr1/log20170307.zip,NOT_DOWNLOADED_SANDBOX_NETWORK_BLOCKED
2017-03-08,2017,1,https://www.sec.gov/dera/data/Public-EDGAR-log-file-data/2017/Qtr1/log20170308.zip,NOT_DOWNLOADED_SANDBOX_NETWORK_BLOCKED
2017-03-09,2017,1,https://www.sec.gov/dera/data/Public-EDGAR-log-file-data/2017/Qtr1/log20170309.zip,NOT_DOWNLOADED_SANDBOX_NETWORK_BLOCKED
2017-03-10,2017,1,https://www.sec.gov/dera/data/Public-EDGAR-log-file-data/2017/Qtr1/log20170310.zip,NOT_DOWNLOADED_SANDBOX_NETWORK_BLOCKED
2017-03-11,2017,1,https://www.sec.gov/dera/data/Public-EDGAR-log-file-data/2017/Qtr1/log20170311.zip,NOT_DOWNLOADED_SANDBOX_NETWORK_BLOCKED
2017-03-12,2017,1,https://www.sec.gov/dera/data/Public-EDGAR-log-file-data/2017/Qtr1/log20170312.zip,NOT_DOWNLOADED_SANDBOX_NETWORK_BLOCKED
2017-03-13,2017,1,https://www.sec.gov/dera/data/Public-EDGAR-log-file-data/2017/Qtr1/log20170313.zip,NOT_DOWNLOADED_SANDBOX_NETWORK_BLOCKED
2017-03-14,2017,1,https://www.sec.gov/dera/data/Public-EDGAR-log-file-data/2017/Qtr1/log20170314.zip,NOT_DOWNLOADED_SANDBOX_NETWORK_BLOCKED
2017-03-15,2017,1,https://www.sec.gov/dera/data/Public-EDGAR-log-file-data/2017/Qtr1/log20170315.zip,NOT_DOWNLOADED_SANDBOX_NETWORK_BLOCKED
2017-03-16,2017,1,https://www.sec.gov/dera/data/Public-EDGAR-log-file-data/2017/Qtr1/log20170316.zip,NOT_DOWNLOADED_SANDBOX_NETWORK_BLOCKED
2017-03-17,2017,1,https://www.sec.gov/dera/data/Public-EDGAR-log-file-data/2017/Qtr1/log20170317.zip,NOT_DOWNLOADED_SANDBOX_NETWORK_BLOCKED
2017-03-18,2017,1,https://www.sec.gov/dera/data/Public-EDGAR-log-file-data/2017/Qtr1/log20170318.zip,NOT_DOWNLOADED_SANDBOX_NETWORK_BLOCKED
2017-03-19,2017,1,https://www.sec.gov/dera/data/Public-EDGAR-log-file-data/2017/Qtr1/log20170319.zip,NOT_DOWNLOADED_SANDBOX_NETWORK_BLOCKED
2017-03-20,2017,1,https://www.sec.gov/dera/data/Public-EDGAR-log-file-data/2017/Qtr1/log20170320.zip,NOT_DOWNLOADED_SANDBOX_NETWORK_BLOCKED
2017-03-24,2017,1,https://www.sec.gov/dera/data/Public-EDGAR-log-file-data/2017/Qtr1/log20170324.zip,NOT_DOWNLOADED_SANDBOX_NETWORK_BLOCKED
2017-03-25,2017,1,https://www.sec.gov/dera/data/Public-EDGAR-log-file-data/2017/Qtr1/log20170325.zip,NOT_DOWNLOADED_SANDBOX_NETWORK_BLOCKED
2017-03-26,2017,1,https://www.sec.gov/dera/data/Public-EDGAR-log-file-data/2017/Qtr1/log20170326.zip,NOT_DOWNLOADED_SANDBOX_NETWORK_BLOCKED
2017-03-27,2017,1,https://www.sec.gov/dera/data/Public-EDGAR-log-file-data/2017/Qtr1/log20170327.zip,NOT_DOWNLOADED_SANDBOX_NETWORK_BLOCKED
2017-03-28,2017,1,https://www.sec.gov/dera/data/Public-EDGAR-log-file-data/2017/Qtr1/log20170328.zip,NOT_DOWNLOADED_SANDBOX_NETWORK_BLOCKED
2017-03-29,2017,1,https://www.sec.gov/dera/data/Public-EDGAR-log-file-data/2017/Qtr1/log20170329.zip,NOT_DOWNLOADED_SANDBOX_NETWORK_BLOCKED
2017-03-30,2017,1,https://www.sec.gov/dera/data/Public-EDGAR-log-file-data/2017/Qtr1/log20170330.zip,NOT_DOWNLOADED_SANDBOX_NETWORK_BLOCKED
2017-03-31,2017,1,https://www.sec.gov/dera/data/Public-EDGAR-log-file-data/2017/Qtr1/log20170331.zip,NOT_DOWNLOADED_SANDBOX_NETWORK_BLOCKED
2017-04-01,2017,2,https://www.sec.gov/dera/data/Public-EDGAR-log-file-data/2017/Qtr2/log20170401.zip,NOT_DOWNLOADED_SANDBOX_NETWORK_BLOCKED
2017-04-02,2017,2,https://www.sec.gov/dera/data/Public-EDGAR-log-file-data/2017/Qtr2/log20170402.zip,NOT_DOWNLOADED_SANDBOX_NETWORK_BLOCKED
2017-04-03,2017,2,https://www.sec.gov/dera/data/Public-EDGAR-log-file-data/2017/Qtr2/log20170403.zip,NOT_DOWNLOADED_SANDBOX_NETWORK_BLOCKED
2017-04-04,2017,2,https://www.sec.gov/dera/data/Public-EDGAR-log-file-data/2017/Qtr2/log20170404.zip,NOT_DOWNLOADED_SANDBOX_NETWORK_BLOCKED
2017-04-05,2017,2,https://www.sec.gov/dera/data/Public-EDGAR-log-file-data/2017/Qtr2/log20170405.zip,NOT_DOWNLOADED_SANDBOX_NETWORK_BLOCKED
2017-04-06,2017,2,https://www.sec.gov/dera/data/Public-EDGAR-log-file-data/2017/Qtr2/log20170406.zip,NOT_DOWNLOADED_SANDBOX_NETWORK_BLOCKED
2017-04-07,2017,2,https://www.sec.gov/dera/data/Public-EDGAR-log-file-data/2017/Qtr2/log20170407.zip,NOT_DOWNLOADED_SANDBOX_NETWORK_BLOCKED
2017-04-08,2017,2,https://www.sec.gov/dera/data/Public-EDGAR-log-file-data/2017/Qtr2/log20170408.zip,NOT_DOWNLOADED_SANDBOX_NETWORK_BLOCKED
2017-04-29,2017,2,https://www.sec.gov/dera/data/Public-EDGAR-log-file-data/2017/Qtr2/log20170429.zip,NOT_DOWNLOADED_SANDBOX_NETWORK_BLOCKED
2017-04-30,2017,2,https://www.sec.gov/dera/data/Public-EDGAR-log-file-data/2017/Qtr2/log20170430.zip,NOT_DOWNLOADED_SANDBOX_NETWORK_BLOCKED
2017-05-01,2017,2,https://www.sec.gov/dera/data/Public-EDGAR-log-file-data/2017/Qtr2/log20170501.zip,NOT_DOWNLOADED_SANDBOX_NETWORK_BLOCKED
2017-05-02,2017,2,https://www.sec.gov/dera/data/Public-EDGAR-log-file-data/2017/Qtr2/log20170502.zip,NOT_DOWNLOADED_SANDBOX_NETWORK_BLOCKED
2017-05-03,2017,2,https://www.sec.gov/dera/data/Public-EDGAR-log-file-data/2017/Qtr2/log20170503.zip,NOT_DOWNLOADED_SANDBOX_NETWORK_BLOCKED
2017-05-04,2017,2,https://www.sec.gov/dera/data/Public-EDGAR-log-file-data/2017/Qtr2/log20170504.zip,NOT_DOWNLOADED_SANDBOX_NETWORK_BLOCKED
2017-05-05,2017,2,https://www.sec.gov/dera/data/Public-EDGAR-log-file-data/2017/Qtr2/log20170505.zip,NOT_DOWNLOADED_SANDBOX_NETWORK_BLOCKED
2017-05-06,2017,2,https://www.sec.gov/dera/data/Public-EDGAR-log-file-data/2017/Qtr2/log20170506.zip,NOT_DOWNLOADED_SANDBOX_NETWORK_BLOCKED
2017-05-07,2017,2,https://www.sec.gov/dera/data/Public-EDGAR-log-file-data/2017/Qtr2/log20170507.zip,NOT_DOWNLOADED_SANDBOX_NETWORK_BLOCKED
2017-05-08,2017,2,https://www.sec.gov/dera/data/Public-EDGAR-log-file-data/2017/Qtr2/log20170508.zip,NOT_DOWNLOADED_SANDBOX_NETWORK_BLOCKED
2017-05-09,2017,2,https://www.sec.gov/dera/data/Public-EDGAR-log-file-data/2017/Qtr2/log20170509.zip,NOT_DOWNLOADED_SANDBOX_NETWORK_BLOCKED
2017-05-10,2017,2,https://www.sec.gov/dera/data/Public-EDGAR-log-file-data/2017/Qtr2/log20170510.zip,NOT_DOWNLOADED_SANDBOX_NETWORK_BLOCKED
2017-05-11,2017,2,https://www.sec.gov/dera/data/Public-EDGAR-log-file-data/2017/Qtr2/log20170511.zip,NOT_DOWNLOADED_SANDBOX_NETWORK_BLOCKED
2017-05-12,2017,2,https://www.sec.gov/dera/data/Public-EDGAR-log-file-data/2017/Qtr2/log20170512.zip,NOT_DOWNLOADED_SANDBOX_NETWORK_BLOCKED
2017-05-13,2017,2,https://www.sec.gov/dera/data/Public-EDGAR-log-file-data/2017/Qtr2/log20170513.zip,NOT_DOWNLOADED_SANDBOX_NETWORK_BLOCKED
2017-05-14,2017,2,https://www.sec.gov/dera/data/Public-EDGAR-log-file-data/2017/Qtr2/log20170514.zip,NOT_DOWNLOADED_SANDBOX_NETWORK_BLOCKED
2017-05-15,2017,2,https://www.sec.gov/dera/data/Public-EDGAR-log-file-data/2017/Qtr2/log20170515.zip,NOT_DOWNLOADED_SANDBOX_NETWORK_BLOCKED
2017-05-16,2017,2,https://www.sec.gov/dera/data/Public-EDGAR-log-file-data/2017/Qtr2/log20170516.zip,NOT_DOWNLOADED_SANDBOX_NETWORK_BLOCKED
2017-05-17,2017,2,https://www.sec.gov/dera/data/Public-EDGAR-log-file-data/2017/Qtr2/log20170517.zip,NOT_DOWNLOADED_SANDBOX_NETWORK_BLOCKED
2017-05-18,2017,2,https://www.sec.gov/dera/data/Public-EDGAR-log-file-data/2017/Qtr2/log20170518.zip,NOT_DOWNLOADED_SANDBOX_NETWORK_BLOCKED
2017-05-19,2017,2,https://www.sec.gov/dera/data/Public-EDGAR-log-file-data/2017/Qtr2/log20170519.zip,NOT_DOWNLOADED_SANDBOX_NETWORK_BLOCKED
2017-05-20,2017,2,https://www.sec.gov/dera/data/Public-EDGAR-log-file-data/2017/Qtr2/log20170520.zip,NOT_DOWNLOADED_SANDBOX_NETWORK_BLOCKED
2020-05-19,2020,2,https://www.sec.gov/dera/data/Public-EDGAR-log-file-data/2020/Qtr2/log20200519.zip,NOT_DOWNLOADED_SANDBOX_NETWORK_BLOCKED
2020-05-20,2020,2,https://www.sec.gov/dera/data/Public-EDGAR-log-file-data/2020/Qtr2/log20200520.zip,NOT_DOWNLOADED_SANDBOX_NETWORK_BLOCKED
2020-05-21,2020,2,https://www.sec.gov/dera/data/Public-EDGAR-log-file-data/2020/Qtr2/log20200521.zip,NOT_DOWNLOADED_SANDBOX_NETWORK_BLOCKED
2020-05-22,2020,2,https://www.sec.gov/dera/data/Public-EDGAR-log-file-data/2020/Qtr2/log20200522.zip,NOT_DOWNLOADED_SANDBOX_NETWORK_BLOCKED
2020-05-23,2020,2,https://www.sec.gov/dera/data/Public-EDGAR-log-file-data/2020/Qtr2/log20200523.zip,NOT_DOWNLOADED_SANDBOX_NETWORK_BLOCKED
2020-05-24,2020,2,https://www.sec.gov/dera/data/Public-EDGAR-log-file-data/2020/Qtr2/log20200524.zip,NOT_DOWNLOADED_SANDBOX_NETWORK_BLOCKED
2020-05-25,2020,2,https://www.sec.gov/dera/data/Public-EDGAR-log-file-data/2020/Qtr2/log20200525.zip,NOT_DOWNLOADED_SANDBOX_NETWORK_BLOCKED
2020-05-26,2020,2,https://www.sec.gov/dera/data/Public-EDGAR-log-file-data/2020/Qtr2/log20200526.zip,NOT_DOWNLOADED_SANDBOX_NETWORK_BLOCKED
2020-05-27,2020,2,https://www.sec.gov/dera/data/Public-EDGAR-log-file-data/2020/Qtr2/log20200527.zip,NOT_DOWNLOADED_SANDBOX_NETWORK_BLOCKED
2020-05-28,2020,2,https://www.sec.gov/dera/data/Public-EDGAR-log-file-data/2020/Qtr2/log20200528.zip,NOT_DOWNLOADED_SANDBOX_NETWORK_BLOCKED
2020-05-29,2020,2,https://www.sec.gov/dera/data/Public-EDGAR-log-file-data/2020/Qtr2/log20200529.zip,NOT_DOWNLOADED_SANDBOX_NETWORK_BLOCKED
2020-05-30,2020,2,https://www.sec.gov/dera/data/Public-EDGAR-log-file-data/2020/Qtr2/log20200530.zip,NOT_DOWNLOADED_SANDBOX_NETWORK_BLOCKED
2020-05-31,2020,2,https://www.sec.gov/dera/data/Public-EDGAR-log-file-data/2020/Qtr2/log20200531.zip,NOT_DOWNLOADED_SANDBOX_NETWORK_BLOCKED
2020-06-01,2020,2,https://www.sec.gov/dera/data/Public-EDGAR-log-file-data/2020/Qtr2/log20200601.zip,NOT_DOWNLOADED_SANDBOX_NETWORK_BLOCKED
2020-06-02,2020,2,https://www.sec.gov/dera/data/Public-EDGAR-log-file-data/2020/Qtr2/log20200602.zip,NOT_DOWNLOADED_SANDBOX_NETWORK_BLOCKED
2020-06-03,2020,2,https://www.sec.gov/dera/data/Public-EDGAR-log-file-data/2020/Qtr2/log20200603.zip,NOT_DOWNLOADED_SANDBOX_NETWORK_BLOCKED
2020-06-04,2020,2,https://www.sec.gov/dera/data/Public-EDGAR-log-file-data/2020/Qtr2/log20200604.zip,NOT_DOWNLOADED_SANDBOX_NETWORK_BLOCKED
2020-06-05,2020,2,https://www.sec.gov/dera/data/Public-EDGAR-log-file-data/2020/Qtr2/log20200605.zip,NOT_DOWNLOADED_SANDBOX_NETWORK_BLOCKED
2020-06-06,2020,2,https://www.sec.gov/dera/data/Public-EDGAR-log-file-data/2020/Qtr2/log20200606.zip,NOT_DOWNLOADED_SANDBOX_NETWORK_BLOCKED
2020-06-07,2020,2,https://www.sec.gov/dera/data/Public-EDGAR-log-file-data/2020/Qtr2/log20200607.zip,NOT_DOWNLOADED_SANDBOX_NETWORK_BLOCKED
2020-06-08,2020,2,https://www.sec.gov/dera/data/Public-EDGAR-log-file-data/2020/Qtr2/log20200608.zip,NOT_DOWNLOADED_SANDBOX_NETWORK_BLOCKED
2020-06-09,2020,2,https://www.sec.gov/dera/data/Public-EDGAR-log-file-data/2020/Qtr2/log20200609.zip,NOT_DOWNLOADED_SANDBOX_NETWORK_BLOCKED
2020-06-10,2020,2,https://www.sec.gov/dera/data/Public-EDGAR-log-file-data/2020/Qtr2/log20200610.zip,NOT_DOWNLOADED_SANDBOX_NETWORK_BLOCKED
2020-06-11,2020,2,https://www.sec.gov/dera/data/Public-EDGAR-log-file-data/2020/Qtr2/log20200611.zip,NOT_DOWNLOADED_SANDBOX_NETWORK_BLOCKED
2020-06-12,2020,2,https://www.sec.gov/dera/data/Public-EDGAR-log-file-data/2020/Qtr2/log20200612.zip,NOT_DOWNLOADED_SANDBOX_NETWORK_BLOCKED
2020-06-13,2020,2,https://www.sec.gov/dera/data/Public-EDGAR-log-file-data/2020/Qtr2/log20200613.zip,NOT_DOWNLOADED_SANDBOX_NETWORK_BLOCKED
2020-06-14,2020,2,https://www.sec.gov/dera/data/Public-EDGAR-log-file-data/2020/Qtr2/log20200614.zip,NOT_DOWNLOADED_SANDBOX_NETWORK_BLOCKED
2020-06-15,2020,2,https://www.sec.gov/dera/data/Public-EDGAR-log-file-data/2020/Qtr2/log20200615.zip,NOT_DOWNLOADED_SANDBOX_NETWORK_BLOCKED
2020-06-16,2020,2,https://www.sec.gov/dera/data/Public-EDGAR-log-file-data/2020/Qtr2/log20200616.zip,NOT_DOWNLOADED_SANDBOX_NETWORK_BLOCKED
2020-06-17,2020,2,https://www.sec.gov/dera/data/Public-EDGAR-log-file-data/2020/Qtr2/log20200617.zip,NOT_DOWNLOADED_SANDBOX_NETWORK_BLOCKED
2020-06-18,2020,2,https://www.sec.gov/dera/data/Public-EDGAR-log-file-data/2020/Qtr2/log20200618.zip,NOT_DOWNLOADED_SANDBOX_NETWORK_BLOCKED
2020-06-19,2020,2,https://www.sec.gov/dera/data/Public-EDGAR-log-file-data/2020/Qtr2/log20200619.zip,NOT_DOWNLOADED_SANDBOX_NETWORK_BLOCKED
2020-06-20,2020,2,https://www.sec.gov/dera/data/Public-EDGAR-log-file-data/2020/Qtr2/log20200620.zip,NOT_DOWNLOADED_SANDBOX_NETWORK_BLOCKED
2020-06-21,2020,2,https://www.sec.gov/dera/data/Public-EDGAR-log-file-data/2020/Qtr2/log20200621.zip,NOT_DOWNLOADED_SANDBOX_NETWORK_BLOCKED
2020-06-22,2020,2,https://www.sec.gov/dera/data/Public-EDGAR-log-file-data/2020/Qtr2/log20200622.zip,NOT_DOWNLOADED_SANDBOX_NETWORK_BLOCKED
2020-06-23,2020,2,https://www.sec.gov/dera/data/Public-EDGAR-log-file-data/2020/Qtr2/log20200623.zip,NOT_DOWNLOADED_SANDBOX_NETWORK_BLOCKED
2020-06-24,2020,2,https://www.sec.gov/dera/data/Public-EDGAR-log-file-data/2020/Qtr2/log20200624.zip,NOT_DOWNLOADED_SANDBOX_NETWORK_BLOCKED
2020-06-25,2020,2,https://www.sec.gov/dera/data/Public-EDGAR-log-file-data/2020/Qtr2/log20200625.zip,NOT_DOWNLOADED_SANDBOX_NETWORK_BLOCKED
2020-06-26,2020,2,https://www.sec.gov/dera/data/Public-EDGAR-log-file-data/2020/Qtr2/log20200626.zip,NOT_DOWNLOADED_SANDBOX_NETWORK_BLOCKED
2020-06-27,2020,2,https://www.sec.gov/dera/data/Public-EDGAR-log-file-data/2020/Qtr2/log20200627.zip,NOT_DOWNLOADED_SANDBOX_NETWORK_BLOCKED
2020-06-28,2020,2,https://www.sec.gov/dera/data/Public-EDGAR-log-file-data/2020/Qtr2/log20200628.zip,NOT_DOWNLOADED_SANDBOX_NETWORK_BLOCKED
2020-06-29,2020,2,https://www.sec.gov/dera/data/Public-EDGAR-log-file-data/2020/Qtr2/log20200629.zip,NOT_DOWNLOADED_SANDBOX_NETWORK_BLOCKED
2020-06-30,2020,2,https://www.sec.gov/dera/data/Public-EDGAR-log-file-data/2020/Qtr2/log20200630.zip,NOT_DOWNLOADED_SANDBOX_NETWORK_BLOCKED
2020-07-01,2020,3,https://www.sec.gov/dera/data/Public-EDGAR-log-file-data/2020/Qtr3/log20200701.zip,NOT_DOWNLOADED_SANDBOX_NETWORK_BLOCKED
2020-07-02,2020,3,https://www.sec.gov/dera/data/Public-EDGAR-log-file-data/2020/Qtr3/log20200702.zip,NOT_DOWNLOADED_SANDBOX_NETWORK_BLOCKED
2020-07-03,2020,3,https://www.sec.gov/dera/data/Public-EDGAR-log-file-data/2020/Qtr3/log20200703.zip,NOT_DOWNLOADED_SANDBOX_NETWORK_BLOCKED
2020-07-04,2020,3,https://www.sec.gov/dera/data/Public-EDGAR-log-file-data/2020/Qtr3/log20200704.zip,NOT_DOWNLOADED_SANDBOX_NETWORK_BLOCKED
2020-07-05,2020,3,https://www.sec.gov/dera/data/Public-EDGAR-log-file-data/2020/Qtr3/log20200705.zip,NOT_DOWNLOADED_SANDBOX_NETWORK_BLOCKED
2020-07-06,2020,3,https://www.sec.gov/dera/data/Public-EDGAR-log-file-data/2020/Qtr3/log20200706.zip,NOT_DOWNLOADED_SANDBOX_NETWORK_BLOCKED
2020-07-07,2020,3,https://www.sec.gov/dera/data/Public-EDGAR-log-file-data/2020/Qtr3/log20200707.zip,NOT_DOWNLOADED_SANDBOX_NETWORK_BLOCKED
2020-07-08,2020,3,https://www.sec.gov/dera/data/Public-EDGAR-log-file-data/2020/Qtr3/log20200708.zip,NOT_DOWNLOADED_SANDBOX_NETWORK_BLOCKED
2020-07-09,2020,3,https://www.sec.gov/dera/data/Public-EDGAR-log-file-data/2020/Qtr3/log20200709.zip,NOT_DOWNLOADED_SANDBOX_NETWORK_BLOCKED
2020-07-10,2020,3,https://www.sec.gov/dera/data/Public-EDGAR-log-file-data/2020/Qtr3/log20200710.zip,NOT_DOWNLOADED_SANDBOX_NETWORK_BLOCKED
2020-07-11,2020,3,https://www.sec.gov/dera/data/Public-EDGAR-log-file-data/2020/Qtr3/log20200711.zip,NOT_DOWNLOADED_SANDBOX_NETWORK_BLOCKED
2020-07-12,2020,3,https://www.sec.gov/dera/data/Public-EDGAR-log-file-data/2020/Qtr3/log20200712.zip,NOT_DOWNLOADED_SANDBOX_NETWORK_BLOCKED
2020-07-13,2020,3,https://www.sec.gov/dera/data/Public-EDGAR-log-file-data/2020/Qtr3/log20200713.zip,NOT_DOWNLOADED_SANDBOX_NETWORK_BLOCKED
2020-07-14,2020,3,https://www.sec.gov/dera/data/Public-EDGAR-log-file-data/2020/Qtr3/log20200714.zip,NOT_DOWNLOADED_SANDBOX_NETWORK_BLOCKED
2020-07-15,2020,3,https://www.sec.gov/dera/data/Public-EDGAR-log-file-data/2020/Qtr3/log20200715.zip,NOT_DOWNLOADED_SANDBOX_NETWORK_BLOCKED
2020-07-16,2020,3,https://www.sec.gov/dera/data/Public-EDGAR-log-file-data/2020/Qtr3/log20200716.zip,NOT_DOWNLOADED_SANDBOX_NETWORK_BLOCKED
2020-07-17,2020,3,https://www.sec.gov/dera/data/Public-EDGAR-log-file-data/2020/Qtr3/log20200717.zip,NOT_DOWNLOADED_SANDBOX_NETWORK_BLOCKED
2020-07-18,2020,3,https://www.sec.gov/dera/data/Public-EDGAR-log-file-data/2020/Qtr3/log20200718.zip,NOT_DOWNLOADED_SANDBOX_NETWORK_BLOCKED
2020-07-19,2020,3,https://www.sec.gov/dera/data/Public-EDGAR-log-file-data/2020/Qtr3/log20200719.zip,NOT_DOWNLOADED_SANDBOX_NETWORK_BLOCKED
2020-07-20,2020,3,https://www.sec.gov/dera/data/Public-EDGAR-log-file-data/2020/Qtr3/log20200720.zip,NOT_DOWNLOADED_SANDBOX_NETWORK_BLOCKED
2020-07-21,2020,3,https://www.sec.gov/dera/data/Public-EDGAR-log-file-data/2020/Qtr3/log20200721.zip,NOT_DOWNLOADED_SANDBOX_NETWORK_BLOCKED
2020-07-22,2020,3,https://www.sec.gov/dera/data/Public-EDGAR-log-file-data/2020/Qtr3/log20200722.zip,NOT_DOWNLOADED_SANDBOX_NETWORK_BLOCKED
2020-07-23,2020,3,https://www.sec.gov/dera/data/Public-EDGAR-log-file-data/2020/Qtr3/log20200723.zip,NOT_DOWNLOADED_SANDBOX_NETWORK_BLOCKED
2020-07-24,2020,3,https://www.sec.gov/dera/data/Public-EDGAR-log-file-data/2020/Qtr3/log20200724.zip,NOT_DOWNLOADED_SANDBOX_NETWORK_BLOCKED
2020-07-25,2020,3,https://www.sec.gov/dera/data/Public-EDGAR-log-file-data/2020/Qtr3/log20200725.zip,NOT_DOWNLOADED_SANDBOX_NETWORK_BLOCKED
2020-07-26,2020,3,https://www.sec.gov/dera/data/Public-EDGAR-log-file-data/2020/Qtr3/log20200726.zip,NOT_DOWNLOADED_SANDBOX_NETWORK_BLOCKED
2020-07-27,2020,3,https://www.sec.gov/dera/data/Public-EDGAR-log-file-data/2020/Qtr3/log20200727.zip,NOT_DOWNLOADED_SANDBOX_NETWORK_BLOCKED
2020-07-28,2020,3,https://www.sec.gov/dera/data/Public-EDGAR-log-file-data/2020/Qtr3/log20200728.zip,NOT_DOWNLOADED_SANDBOX_NETWORK_BLOCKED
2020-07-29,2020,3,https://www.sec.gov/dera/data/Public-EDGAR-log-file-data/2020/Qtr3/log20200729.zip,NOT_DOWNLOADED_SANDBOX_NETWORK_BLOCKED
2020-07-30,2020,3,https://www.sec.gov/dera/data/Public-EDGAR-log-file-data/2020/Qtr3/log20200730.zip,NOT_DOWNLOADED_SANDBOX_NETWORK_BLOCKED
2020-07-31,2020,3,https://www.sec.gov/dera/data/Public-EDGAR-log-file-data/2020/Qtr3/log20200731.zip,NOT_DOWNLOADED_SANDBOX_NETWORK_BLOCKED
2020-08-01,2020,3,https://www.sec.gov/dera/data/Public-EDGAR-log-file-data/2020/Qtr3/log20200801.zip,NOT_DOWNLOADED_SANDBOX_NETWORK_BLOCKED
2020-08-02,2020,3,https://www.sec.gov/dera/data/Public-EDGAR-log-file-data/2020/Qtr3/log20200802.zip,NOT_DOWNLOADED_SANDBOX_NETWORK_BLOCKED
2020-08-03,2020,3,https://www.sec.gov/dera/data/Public-EDGAR-log-file-data/2020/Qtr3/log20200803.zip,NOT_DOWNLOADED_SANDBOX_NETWORK_BLOCKED
2020-08-04,2020,3,https://www.sec.gov/dera/data/Public-EDGAR-log-file-data/2020/Qtr3/log20200804.zip,NOT_DOWNLOADED_SANDBOX_NETWORK_BLOCKED
2020-08-05,2020,3,https://www.sec.gov/dera/data/Public-EDGAR-log-file-data/2020/Qtr3/log20200805.zip,NOT_DOWNLOADED_SANDBOX_NETWORK_BLOCKED
2020-08-06,2020,3,https://www.sec.gov/dera/data/Public-EDGAR-log-file-data/2020/Qtr3/log20200806.zip,NOT_DOWNLOADED_SANDBOX_NETWORK_BLOCKED
2020-08-07,2020,3,https://www.sec.gov/dera/data/Public-EDGAR-log-file-data/2020/Qtr3/log20200807.zip,NOT_DOWNLOADED_SANDBOX_NETWORK_BLOCKED
2020-08-08,2020,3,https://www.sec.gov/dera/data/Public-EDGAR-log-file-data/2020/Qtr3/log20200808.zip,NOT_DOWNLOADED_SANDBOX_NETWORK_BLOCKED
2020-08-09,2020,3,https://www.sec.gov/dera/data/Public-EDGAR-log-file-data/2020/Qtr3/log20200809.zip,NOT_DOWNLOADED_SANDBOX_NETWORK_BLOCKED
2020-08-10,2020,3,https://www.sec.gov/dera/data/Public-EDGAR-log-file-data/2020/Qtr3/log20200810.zip,NOT_DOWNLOADED_SANDBOX_NETWORK_BLOCKED
2020-08-11,2020,3,https://www.sec.gov/dera/data/Public-EDGAR-log-file-data/2020/Qtr3/log20200811.zip,NOT_DOWNLOADED_SANDBOX_NETWORK_BLOCKED
2020-08-12,2020,3,https://www.sec.gov/dera/data/Public-EDGAR-log-file-data/2020/Qtr3/log20200812.zip,NOT_DOWNLOADED_SANDBOX_NETWORK_BLOCKED
2020-08-13,2020,3,https://www.sec.gov/dera/data/Public-EDGAR-log-file-data/2020/Qtr3/log20200813.zip,NOT_DOWNLOADED_SANDBOX_NETWORK_BLOCKED
2020-08-14,2020,3,https://www.sec.gov/dera/data/Public-EDGAR-log-file-data/2020/Qtr3/log20200814.zip,NOT_DOWNLOADED_SANDBOX_NETWORK_BLOCKED
2020-08-15,2020,3,https://www.sec.gov/dera/data/Public-EDGAR-log-file-data/2020/Qtr3/log20200815.zip,NOT_DOWNLOADED_SANDBOX_NETWORK_BLOCKED
2020-08-16,2020,3,https://www.sec.gov/dera/data/Public-EDGAR-log-file-data/2020/Qtr3/log20200816.zip,NOT_DOWNLOADED_SANDBOX_NETWORK_BLOCKED
2020-08-17,2020,3,https://www.sec.gov/dera/data/Public-EDGAR-log-file-data/2020/Qtr3/log20200817.zip,NOT_DOWNLOADED_SANDBOX_NETWORK_BLOCKED
2020-08-18,2020,3,https://www.sec.gov/dera/data/Public-EDGAR-log-file-data/2020/Qtr3/log20200818.zip,NOT_DOWNLOADED_SANDBOX_NETWORK_BLOCKED
2020-08-19,2020,3,https://www.sec.gov/dera/data/Public-EDGAR-log-file-data/2020/Qtr3/log20200819.zip,NOT_DOWNLOADED_SANDBOX_NETWORK_BLOCKED
2020-08-20,2020,3,https://www.sec.gov/dera/data/Public-EDGAR-log-file-data/2020/Qtr3/log20200820.zip,NOT_DOWNLOADED_SANDBOX_NETWORK_BLOCKED
2020-08-21,2020,3,https://www.sec.gov/dera/data/Public-EDGAR-log-file-data/2020/Qtr3/log20200821.zip,NOT_DOWNLOADED_SANDBOX_NETWORK_BLOCKED
2020-08-22,2020,3,https://www.sec.gov/dera/data/Public-EDGAR-log-file-data/2020/Qtr3/log20200822.zip,NOT_DOWNLOADED_SANDBOX_NETWORK_BLOCKED
2020-08-23,2020,3,https://www.sec.gov/dera/data/Public-EDGAR-log-file-data/2020/Qtr3/log20200823.zip,NOT_DOWNLOADED_SANDBOX_NETWORK_BLOCKED
2020-08-24,2020,3,https://www.sec.gov/dera/data/Public-EDGAR-log-file-data/2020/Qtr3/log20200824.zip,NOT_DOWNLOADED_SANDBOX_NETWORK_BLOCKED
2020-08-25,2020,3,https://www.sec.gov/dera/data/Public-EDGAR-log-file-data/2020/Qtr3/log20200825.zip,NOT_DOWNLOADED_SANDBOX_NETWORK_BLOCKED
2020-08-26,2020,3,https://www.sec.gov/dera/data/Public-EDGAR-log-file-data/2020/Qtr3/log20200826.zip,NOT_DOWNLOADED_SANDBOX_NETWORK_BLOCKED
2020-08-27,2020,3,https://www.sec.gov/dera/data/Public-EDGAR-log-file-data/2020/Qtr3/log20200827.zip,NOT_DOWNLOADED_SANDBOX_NETWORK_BLOCKED
2020-08-28,2020,3,https://www.sec.gov/dera/data/Public-EDGAR-log-file-data/2020/Qtr3/log20200828.zip,NOT_DOWNLOADED_SANDBOX_NETWORK_BLOCKED
2020-08-29,2020,3,https://www.sec.gov/dera/data/Public-EDGAR-log-file-data/2020/Qtr3/log20200829.zip,NOT_DOWNLOADED_SANDBOX_NETWORK_BLOCKED
2020-08-30,2020,3,https://www.sec.gov/dera/data/Public-EDGAR-log-file-data/2020/Qtr3/log20200830.zip,NOT_DOWNLOADED_SANDBOX_NETWORK_BLOCKED
2020-08-31,2020,3,https://www.sec.gov/dera/data/Public-EDGAR-log-file-data/2020/Qtr3/log20200831.zip,NOT_DOWNLOADED_SANDBOX_NETWORK_BLOCKED
2020-09-01,2020,3,https://www.sec.gov/dera/data/Public-EDGAR-log-file-data/2020/Qtr3/log20200901.zip,NOT_DOWNLOADED_SANDBOX_NETWORK_BLOCKED
2020-09-02,2020,3,https://www.sec.gov/dera/data/Public-EDGAR-log-file-data/2020/Qtr3/log20200902.zip,NOT_DOWNLOADED_SANDBOX_NETWORK_BLOCKED
2020-09-03,2020,3,https://www.sec.gov/dera/data/Public-EDGAR-log-file-data/2020/Qtr3/log20200903.zip,NOT_DOWNLOADED_SANDBOX_NETWORK_BLOCKED
2020-09-04,2020,3,https://www.sec.gov/dera/data/Public-EDGAR-log-file-data/2020/Qtr3/log20200904.zip,NOT_DOWNLOADED_SANDBOX_NETWORK_BLOCKED
2020-09-05,2020,3,https://www.sec.gov/dera/data/Public-EDGAR-log-file-data/2020/Qtr3/log20200905.zip,NOT_DOWNLOADED_SANDBOX_NETWORK_BLOCKED
2020-09-06,2020,3,https://www.sec.gov/dera/data/Public-EDGAR-log-file-data/2020/Qtr3/log20200906.zip,NOT_DOWNLOADED_SANDBOX_NETWORK_BLOCKED
2020-09-07,2020,3,https://www.sec.gov/dera/data/Public-EDGAR-log-file-data/2020/Qtr3/log20200907.zip,NOT_DOWNLOADED_SANDBOX_NETWORK_BLOCKED
2020-09-08,2020,3,https://www.sec.gov/dera/data/Public-EDGAR-log-file-data/2020/Qtr3/log20200908.zip,NOT_DOWNLOADED_SANDBOX_NETWORK_BLOCKED
2020-09-09,2020,3,https://www.sec.gov/dera/data/Public-EDGAR-log-file-data/2020/Qtr3/log20200909.zip,NOT_DOWNLOADED_SANDBOX_NETWORK_BLOCKED
2020-09-10,2020,3,https://www.sec.gov/dera/data/Public-EDGAR-log-file-data/2020/Qtr3/log20200910.zip,NOT_DOWNLOADED_SANDBOX_NETWORK_BLOCKED
2020-09-11,2020,3,https://www.sec.gov/dera/data/Public-EDGAR-log-file-data/2020/Qtr3/log20200911.zip,NOT_DOWNLOADED_SANDBOX_NETWORK_BLOCKED
2020-09-12,2020,3,https://www.sec.gov/dera/data/Public-EDGAR-log-file-data/2020/Qtr3/log20200912.zip,NOT_DOWNLOADED_SANDBOX_NETWORK_BLOCKED
2020-09-13,2020,3,https://www.sec.gov/dera/data/Public-EDGAR-log-file-data/2020/Qtr3/log20200913.zip,NOT_DOWNLOADED_SANDBOX_NETWORK_BLOCKED
2020-09-14,2020,3,https://www.sec.gov/dera/data/Public-EDGAR-log-file-data/2020/Qtr3/log20200914.zip,NOT_DOWNLOADED_SANDBOX_NETWORK_BLOCKED
2020-09-15,2020,3,https://www.sec.gov/dera/data/Public-EDGAR-log-file-data/2020/Qtr3/log20200915.zip,NOT_DOWNLOADED_SANDBOX_NETWORK_BLOCKED
2020-09-16,2020,3,https://www.sec.gov/dera/data/Public-EDGAR-log-file-data/2020/Qtr3/log20200916.zip,NOT_DOWNLOADED_SANDBOX_NETWORK_BLOCKED
2020-09-17,2020,3,https://www.sec.gov/dera/data/Public-EDGAR-log-file-data/2020/Qtr3/log20200917.zip,NOT_DOWNLOADED_SANDBOX_NETWORK_BLOCKED
2020-09-18,2020,3,https://www.sec.gov/dera/data/Public-EDGAR-log-file-data/2020/Qtr3/log20200918.zip,NOT_DOWNLOADED_SANDBOX_NETWORK_BLOCKED
2020-09-19,2020,3,https://www.sec.gov/dera/data/Public-EDGAR-log-file-data/2020/Qtr3/log20200919.zip,NOT_DOWNLOADED_SANDBOX_NETWORK_BLOCKED
2020-09-20,2020,3,https://www.sec.gov/dera/data/Public-EDGAR-log-file-data/2020/Qtr3/log20200920.zip,NOT_DOWNLOADED_SANDBOX_NETWORK_BLOCKED
2020-09-21,2020,3,https://www.sec.gov/dera/data/Public-EDGAR-log-file-data/2020/Qtr3/log20200921.zip,NOT_DOWNLOADED_SANDBOX_NETWORK_BLOCKED
2020-09-22,2020,3,https://www.sec.gov/dera/data/Public-EDGAR-log-file-data/2020/Qtr3/log20200922.zip,NOT_DOWNLOADED_SANDBOX_NETWORK_BLOCKED
2020-09-23,2020,3,https://www.sec.gov/dera/data/Public-EDGAR-log-file-data/2020/Qtr3/log20200923.zip,NOT_DOWNLOADED_SANDBOX_NETWORK_BLOCKED
2020-09-24,2020,3,https://www.sec.gov/dera/data/Public-EDGAR-log-file-data/2020/Qtr3/log20200924.zip,NOT_DOWNLOADED_SANDBOX_NETWORK_BLOCKED
2020-09-25,2020,3,https://www.sec.gov/dera/data/Public-EDGAR-log-file-data/2020/Qtr3/log20200925.zip,NOT_DOWNLOADED_SANDBOX_NETWORK_BLOCKED
2020-09-26,2020,3,https://www.sec.gov/dera/data/Public-EDGAR-log-file-data/2020/Qtr3/log20200926.zip,NOT_DOWNLOADED_SANDBOX_NETWORK_BLOCKED
2020-09-27,2020,3,https://www.sec.gov/dera/data/Public-EDGAR-log-file-data/2020/Qtr3/log20200927.zip,NOT_DOWNLOADED_SANDBOX_NETWORK_BLOCKED
2020-09-28,2020,3,https://www.sec.gov/dera/data/Public-EDGAR-log-file-data/2020/Qtr3/log20200928.zip,NOT_DOWNLOADED_SANDBOX_NETWORK_BLOCKED
2020-09-29,2020,3,https://www.sec.gov/dera/data/Public-EDGAR-log-file-data/2020/Qtr3/log20200929.zip,NOT_DOWNLOADED_SANDBOX_NETWORK_BLOCKED
2020-09-30,2020,3,https://www.sec.gov/dera/data/Public-EDGAR-log-file-data/2020/Qtr3/log20200930.zip,NOT_DOWNLOADED_SANDBOX_NETWORK_BLOCKED
2020-10-01,2020,4,https://www.sec.gov/dera/data/Public-EDGAR-log-file-data/2020/Qtr4/log20201001.zip,NOT_DOWNLOADED_SANDBOX_NETWORK_BLOCKED
2020-10-02,2020,4,https://www.sec.gov/dera/data/Public-EDGAR-log-file-data/2020/Qtr4/log20201002.zip,NOT_DOWNLOADED_SANDBOX_NETWORK_BLOCKED
2020-10-03,2020,4,https://www.sec.gov/dera/data/Public-EDGAR-log-file-data/2020/Qtr4/log20201003.zip,NOT_DOWNLOADED_SANDBOX_NETWORK_BLOCKED
2020-10-04,2020,4,https://www.sec.gov/dera/data/Public-EDGAR-log-file-data/2020/Qtr4/log20201004.zip,NOT_DOWNLOADED_SANDBOX_NETWORK_BLOCKED
2020-10-05,2020,4,https://www.sec.gov/dera/data/Public-EDGAR-log-file-data/2020/Qtr4/log20201005.zip,NOT_DOWNLOADED_SANDBOX_NETWORK_BLOCKED
2020-10-06,2020,4,https://www.sec.gov/dera/data/Public-EDGAR-log-file-data/2020/Qtr4/log20201006.zip,NOT_DOWNLOADED_SANDBOX_NETWORK_BLOCKED
2020-10-07,2020,4,https://www.sec.gov/dera/data/Public-EDGAR-log-file-data/2020/Qtr4/log20201007.zip,NOT_DOWNLOADED_SANDBOX_NETWORK_BLOCKED
2020-10-08,2020,4,https://www.sec.gov/dera/data/Public-EDGAR-log-file-data/2020/Qtr4/log20201008.zip,NOT_DOWNLOADED_SANDBOX_NETWORK_BLOCKED
2020-10-09,2020,4,https://www.sec.gov/dera/data/Public-EDGAR-log-file-data/2020/Qtr4/log20201009.zip,NOT_DOWNLOADED_SANDBOX_NETWORK_BLOCKED
2020-10-10,2020,4,https://www.sec.gov/dera/data/Public-EDGAR-log-file-data/2020/Qtr4/log20201010.zip,NOT_DOWNLOADED_SANDBOX_NETWORK_BLOCKED
2020-10-11,2020,4,https://www.sec.gov/dera/data/Public-EDGAR-log-file-data/2020/Qtr4/log20201011.zip,NOT_DOWNLOADED_SANDBOX_NETWORK_BLOCKED
2020-10-12,2020,4,https://www.sec.gov/dera/data/Public-EDGAR-log-file-data/2020/Qtr4/log20201012.zip,NOT_DOWNLOADED_SANDBOX_NETWORK_BLOCKED
2020-10-13,2020,4,https://www.sec.gov/dera/data/Public-EDGAR-log-file-data/2020/Qtr4/log20201013.zip,NOT_DOWNLOADED_SANDBOX_NETWORK_BLOCKED
2020-10-14,2020,4,https://www.sec.gov/dera/data/Public-EDGAR-log-file-data/2020/Qtr4/log20201014.zip,NOT_DOWNLOADED_SANDBOX_NETWORK_BLOCKED
2020-10-15,2020,4,https://www.sec.gov/dera/data/Public-EDGAR-log-file-data/2020/Qtr4/log20201015.zip,NOT_DOWNLOADED_SANDBOX_NETWORK_BLOCKED
2020-10-16,2020,4,https://www.sec.gov/dera/data/Public-EDGAR-log-file-data/2020/Qtr4/log20201016.zip,NOT_DOWNLOADED_SANDBOX_NETWORK_BLOCKED
2020-10-17,2020,4,https://www.sec.gov/dera/data/Public-EDGAR-log-file-data/2020/Qtr4/log20201017.zip,NOT_DOWNLOADED_SANDBOX_NETWORK_BLOCKED
2020-10-18,2020,4,https://www.sec.gov/dera/data/Public-EDGAR-log-file-data/2020/Qtr4/log20201018.zip,NOT_DOWNLOADED_SANDBOX_NETWORK_BLOCKED
2020-10-19,2020,4,https://www.sec.gov/dera/data/Public-EDGAR-log-file-data/2020/Qtr4/log20201019.zip,NOT_DOWNLOADED_SANDBOX_NETWORK_BLOCKED
2020-10-20,2020,4,https://www.sec.gov/dera/data/Public-EDGAR-log-file-data/2020/Qtr4/log20201020.zip,NOT_DOWNLOADED_SANDBOX_NETWORK_BLOCKED
2020-10-21,2020,4,https://www.sec.gov/dera/data/Public-EDGAR-log-file-data/2020/Qtr4/log20201021.zip,NOT_DOWNLOADED_SANDBOX_NETWORK_BLOCKED
2020-10-22,2020,4,https://www.sec.gov/dera/data/Public-EDGAR-log-file-data/2020/Qtr4/log20201022.zip,NOT_DOWNLOADED_SANDBOX_NETWORK_BLOCKED
2020-10-23,2020,4,https://www.sec.gov/dera/data/Public-EDGAR-log-file-data/2020/Qtr4/log20201023.zip,NOT_DOWNLOADED_SANDBOX_NETWORK_BLOCKED
2020-10-24,2020,4,https://www.sec.gov/dera/data/Public-EDGAR-log-file-data/2020/Qtr4/log20201024.zip,NOT_DOWNLOADED_SANDBOX_NETWORK_BLOCKED
2020-10-25,2020,4,https://www.sec.gov/dera/data/Public-EDGAR-log-file-data/2020/Qtr4/log20201025.zip,NOT_DOWNLOADED_SANDBOX_NETWORK_BLOCKED
2020-10-26,2020,4,https://www.sec.gov/dera/data/Public-EDGAR-log-file-data/2020/Qtr4/log20201026.zip,NOT_DOWNLOADED_SANDBOX_NETWORK_BLOCKED
2020-10-27,2020,4,https://www.sec.gov/dera/data/Public-EDGAR-log-file-data/2020/Qtr4/log20201027.zip,NOT_DOWNLOADED_SANDBOX_NETWORK_BLOCKED
2020-10-28,2020,4,https://www.sec.gov/dera/data/Public-EDGAR-log-file-data/2020/Qtr4/log20201028.zip,NOT_DOWNLOADED_SANDBOX_NETWORK_BLOCKED
2020-10-29,2020,4,https://www.sec.gov/dera/data/Public-EDGAR-log-file-data/2020/Qtr4/log20201029.zip,NOT_DOWNLOADED_SANDBOX_NETWORK_BLOCKED
2020-10-30,2020,4,https://www.sec.gov/dera/data/Public-EDGAR-log-file-data/2020/Qtr4/log20201030.zip,NOT_DOWNLOADED_SANDBOX_NETWORK_BLOCKED
2020-10-31,2020,4,https://www.sec.gov/dera/data/Public-EDGAR-log-file-data/2020/Qtr4/log20201031.zip,NOT_DOWNLOADED_SANDBOX_NETWORK_BLOCKED
2020-11-01,2020,4,https://www.sec.gov/dera/data/Public-EDGAR-log-file-data/2020/Qtr4/log20201101.zip,NOT_DOWNLOADED_SANDBOX_NETWORK_BLOCKED
2020-11-02,2020,4,https://www.sec.gov/dera/data/Public-EDGAR-log-file-data/2020/Qtr4/log20201102.zip,NOT_DOWNLOADED_SANDBOX_NETWORK_BLOCKED
2020-11-03,2020,4,https://www.sec.gov/dera/data/Public-EDGAR-log-file-data/2020/Qtr4/log20201103.zip,NOT_DOWNLOADED_SANDBOX_NETWORK_BLOCKED
2020-11-04,2020,4,https://www.sec.gov/dera/data/Public-EDGAR-log-file-data/2020/Qtr4/log20201104.zip,NOT_DOWNLOADED_SANDBOX_NETWORK_BLOCKED
2020-11-05,2020,4,https://www.sec.gov/dera/data/Public-EDGAR-log-file-data/2020/Qtr4/log20201105.zip,NOT_DOWNLOADED_SANDBOX_NETWORK_BLOCKED
2020-11-06,2020,4,https://www.sec.gov/dera/data/Public-EDGAR-log-file-data/2020/Qtr4/log20201106.zip,NOT_DOWNLOADED_SANDBOX_NETWORK_BLOCKED
2020-11-07,2020,4,https://www.sec.gov/dera/data/Public-EDGAR-log-file-data/2020/Qtr4/log20201107.zip,NOT_DOWNLOADED_SANDBOX_NETWORK_BLOCKED
2020-11-08,2020,4,https://www.sec.gov/dera/data/Public-EDGAR-log-file-data/2020/Qtr4/log20201108.zip,NOT_DOWNLOADED_SANDBOX_NETWORK_BLOCKED
2020-11-09,2020,4,https://www.sec.gov/dera/data/Public-EDGAR-log-file-data/2020/Qtr4/log20201109.zip,NOT_DOWNLOADED_SANDBOX_NETWORK_BLOCKED
2020-11-10,2020,4,https://www.sec.gov/dera/data/Public-EDGAR-log-file-data/2020/Qtr4/log20201110.zip,NOT_DOWNLOADED_SANDBOX_NETWORK_BLOCKED
2020-11-11,2020,4,https://www.sec.gov/dera/data/Public-EDGAR-log-file-data/2020/Qtr4/log20201111.zip,NOT_DOWNLOADED_SANDBOX_NETWORK_BLOCKED
2020-11-12,2020,4,https://www.sec.gov/dera/data/Public-EDGAR-log-file-data/2020/Qtr4/log20201112.zip,NOT_DOWNLOADED_SANDBOX_NETWORK_BLOCKED
2020-11-13,2020,4,https://www.sec.gov/dera/data/Public-EDGAR-log-file-data/2020/Qtr4/log20201113.zip,NOT_DOWNLOADED_SANDBOX_NETWORK_BLOCKED
2020-11-14,2020,4,https://www.sec.gov/dera/data/Public-EDGAR-log-file-data/2020/Qtr4/log20201114.zip,NOT_DOWNLOADED_SANDBOX_NETWORK_BLOCKED
2020-11-15,2020,4,https://www.sec.gov/dera/data/Public-EDGAR-log-file-data/2020/Qtr4/log20201115.zip,NOT_DOWNLOADED_SANDBOX_NETWORK_BLOCKED
2020-11-16,2020,4,https://www.sec.gov/dera/data/Public-EDGAR-log-file-data/2020/Qtr4/log20201116.zip,NOT_DOWNLOADED_SANDBOX_NETWORK_BLOCKED
2020-11-17,2020,4,https://www.sec.gov/dera/data/Public-EDGAR-log-file-data/2020/Qtr4/log20201117.zip,NOT_DOWNLOADED_SANDBOX_NETWORK_BLOCKED
2020-11-18,2020,4,https://www.sec.gov/dera/data/Public-EDGAR-log-file-data/2020/Qtr4/log20201118.zip,NOT_DOWNLOADED_SANDBOX_NETWORK_BLOCKED
2020-11-19,2020,4,https://www.sec.gov/dera/data/Public-EDGAR-log-file-data/2020/Qtr4/log20201119.zip,NOT_DOWNLOADED_SANDBOX_NETWORK_BLOCKED
2020-11-20,2020,4,https://www.sec.gov/dera/data/Public-EDGAR-log-file-data/2020/Qtr4/log20201120.zip,NOT_DOWNLOADED_SANDBOX_NETWORK_BLOCKED
2020-11-21,2020,4,https://www.sec.gov/dera/data/Public-EDGAR-log-file-data/2020/Qtr4/log20201121.zip,NOT_DOWNLOADED_SANDBOX_NETWORK_BLOCKED
2020-11-22,2020,4,https://www.sec.gov/dera/data/Public-EDGAR-log-file-data/2020/Qtr4/log20201122.zip,NOT_DOWNLOADED_SANDBOX_NETWORK_BLOCKED
2020-11-23,2020,4,https://www.sec.gov/dera/data/Public-EDGAR-log-file-data/2020/Qtr4/log20201123.zip,NOT_DOWNLOADED_SANDBOX_NETWORK_BLOCKED
2020-11-24,2020,4,https://www.sec.gov/dera/data/Public-EDGAR-log-file-data/2020/Qtr4/log20201124.zip,NOT_DOWNLOADED_SANDBOX_NETWORK_BLOCKED
2020-11-25,2020,4,https://www.sec.gov/dera/data/Public-EDGAR-log-file-data/2020/Qtr4/log20201125.zip,NOT_DOWNLOADED_SANDBOX_NETWORK_BLOCKED
2020-11-26,2020,4,https://www.sec.gov/dera/data/Public-EDGAR-log-file-data/2020/Qtr4/log20201126.zip,NOT_DOWNLOADED_SANDBOX_NETWORK_BLOCKED
2020-11-27,2020,4,https://www.sec.gov/dera/data/Public-EDGAR-log-file-data/2020/Qtr4/log20201127.zip,NOT_DOWNLOADED_SANDBOX_NETWORK_BLOCKED
2020-11-28,2020,4,https://www.sec.gov/dera/data/Public-EDGAR-log-file-data/2020/Qtr4/log20201128.zip,NOT_DOWNLOADED_SANDBOX_NETWORK_BLOCKED
2020-11-29,2020,4,https://www.sec.gov/dera/data/Public-EDGAR-log-file-data/2020/Qtr4/log20201129.zip,NOT_DOWNLOADED_SANDBOX_NETWORK_BLOCKED
2020-11-30,2020,4,https://www.sec.gov/dera/data/Public-EDGAR-log-file-data/2020/Qtr4/log20201130.zip,NOT_DOWNLOADED_SANDBOX_NETWORK_BLOCKED
2020-12-01,2020,4,https://www.sec.gov/dera/data/Public-EDGAR-log-file-data/2020/Qtr4/log20201201.zip,NOT_DOWNLOADED_SANDBOX_NETWORK_BLOCKED
2020-12-02,2020,4,https://www.sec.gov/dera/data/Public-EDGAR-log-file-data/2020/Qtr4/log20201202.zip,NOT_DOWNLOADED_SANDBOX_NETWORK_BLOCKED
2020-12-03,2020,4,https://www.sec.gov/dera/data/Public-EDGAR-log-file-data/2020/Qtr4/log20201203.zip,NOT_DOWNLOADED_SANDBOX_NETWORK_BLOCKED
2020-12-04,2020,4,https://www.sec.gov/dera/data/Public-EDGAR-log-file-data/2020/Qtr4/log20201204.zip,NOT_DOWNLOADED_SANDBOX_NETWORK_BLOCKED
2020-12-05,2020,4,https://www.sec.gov/dera/data/Public-EDGAR-log-file-data/2020/Qtr4/log20201205.zip,NOT_DOWNLOADED_SANDBOX_NETWORK_BLOCKED
2020-12-06,2020,4,https://www.sec.gov/dera/data/Public-EDGAR-log-file-data/2020/Qtr4/log20201206.zip,NOT_DOWNLOADED_SANDBOX_NETWORK_BLOCKED
2020-12-07,2020,4,https://www.sec.gov/dera/data/Public-EDGAR-log-file-data/2020/Qtr4/log20201207.zip,NOT_DOWNLOADED_SANDBOX_NETWORK_BLOCKED
2020-12-08,2020,4,https://www.sec.gov/dera/data/Public-EDGAR-log-file-data/2020/Qtr4/log20201208.zip,NOT_DOWNLOADED_SANDBOX_NETWORK_BLOCKED
2020-12-09,2020,4,https://www.sec.gov/dera/data/Public-EDGAR-log-file-data/2020/Qtr4/log20201209.zip,NOT_DOWNLOADED_SANDBOX_NETWORK_BLOCKED
2020-12-10,2020,4,https://www.sec.gov/dera/data/Public-EDGAR-log-file-data/2020/Qtr4/log20201210.zip,NOT_DOWNLOADED_SANDBOX_NETWORK_BLOCKED
2020-12-11,2020,4,https://www.sec.gov/dera/data/Public-EDGAR-log-file-data/2020/Qtr4/log20201211.zip,NOT_DOWNLOADED_SANDBOX_NETWORK_BLOCKED
2020-12-12,2020,4,https://www.sec.gov/dera/data/Public-EDGAR-log-file-data/2020/Qtr4/log20201212.zip,NOT_DOWNLOADED_SANDBOX_NETWORK_BLOCKED
2020-12-13,2020,4,https://www.sec.gov/dera/data/Public-EDGAR-log-file-data/2020/Qtr4/log20201213.zip,NOT_DOWNLOADED_SANDBOX_NETWORK_BLOCKED
2020-12-14,2020,4,https://www.sec.gov/dera/data/Public-EDGAR-log-file-data/2020/Qtr4/log20201214.zip,NOT_DOWNLOADED_SANDBOX_NETWORK_BLOCKED
2020-12-15,2020,4,https://www.sec.gov/dera/data/Public-EDGAR-log-file-data/2020/Qtr4/log20201215.zip,NOT_DOWNLOADED_SANDBOX_NETWORK_BLOCKED
2020-12-16,2020,4,https://www.sec.gov/dera/data/Public-EDGAR-log-file-data/2020/Qtr4/log20201216.zip,NOT_DOWNLOADED_SANDBOX_NETWORK_BLOCKED
2020-12-17,2020,4,https://www.sec.gov/dera/data/Public-EDGAR-log-file-data/2020/Qtr4/log20201217.zip,NOT_DOWNLOADED_SANDBOX_NETWORK_BLOCKED
2020-12-18,2020,4,https://www.sec.gov/dera/data/Public-EDGAR-log-file-data/2020/Qtr4/log20201218.zip,NOT_DOWNLOADED_SANDBOX_NETWORK_BLOCKED
2020-12-19,2020,4,https://www.sec.gov/dera/data/Public-EDGAR-log-file-data/2020/Qtr4/log20201219.zip,NOT_DOWNLOADED_SANDBOX_NETWORK_BLOCKED
2020-12-20,2020,4,https://www.sec.gov/dera/data/Public-EDGAR-log-file-data/2020/Qtr4/log20201220.zip,NOT_DOWNLOADED_SANDBOX_NETWORK_BLOCKED
2020-12-21,2020,4,https://www.sec.gov/dera/data/Public-EDGAR-log-file-data/2020/Qtr4/log20201221.zip,NOT_DOWNLOADED_SANDBOX_NETWORK_BLOCKED
2020-12-22,2020,4,https://www.sec.gov/dera/data/Public-EDGAR-log-file-data/2020/Qtr4/log20201222.zip,NOT_DOWNLOADED_SANDBOX_NETWORK_BLOCKED
2020-12-23,2020,4,https://www.sec.gov/dera/data/Public-EDGAR-log-file-data/2020/Qtr4/log20201223.zip,NOT_DOWNLOADED_SANDBOX_NETWORK_BLOCKED
2020-12-24,2020,4,https://www.sec.gov/dera/data/Public-EDGAR-log-file-data/2020/Qtr4/log20201224.zip,NOT_DOWNLOADED_SANDBOX_NETWORK_BLOCKED
2020-12-25,2020,4,https://www.sec.gov/dera/data/Public-EDGAR-log-file-data/2020/Qtr4/log20201225.zip,NOT_DOWNLOADED_SANDBOX_NETWORK_BLOCKED
2020-12-26,2020,4,https://www.sec.gov/dera/data/Public-EDGAR-log-file-data/2020/Qtr4/log20201226.zip,NOT_DOWNLOADED_SANDBOX_NETWORK_BLOCKED
2020-12-27,2020,4,https://www.sec.gov/dera/data/Public-EDGAR-log-file-data/2020/Qtr4/log20201227.zip,NOT_DOWNLOADED_SANDBOX_NETWORK_BLOCKED
2020-12-28,2020,4,https://www.sec.gov/dera/data/Public-EDGAR-log-file-data/2020/Qtr4/log20201228.zip,NOT_DOWNLOADED_SANDBOX_NETWORK_BLOCKED
2020-12-29,2020,4,https://www.sec.gov/dera/data/Public-EDGAR-log-file-data/2020/Qtr4/log20201229.zip,NOT_DOWNLOADED_SANDBOX_NETWORK_BLOCKED
2020-12-30,2020,4,https://www.sec.gov/dera/data/Public-EDGAR-log-file-data/2020/Qtr4/log20201230.zip,NOT_DOWNLOADED_SANDBOX_NETWORK_BLOCKED
2020-12-31,2020,4,https://www.sec.gov/dera/data/Public-EDGAR-log-file-data/2020/Qtr4/log20201231.zip,NOT_DOWNLOADED_SANDBOX_NETWORK_BLOCKED
2021-01-01,2021,1,https://www.sec.gov/dera/data/Public-EDGAR-log-file-data/2021/Qtr1/log20210101.zip,NOT_DOWNLOADED_SANDBOX_NETWORK_BLOCKED
2021-01-02,2021,1,https://www.sec.gov/dera/data/Public-EDGAR-log-file-data/2021/Qtr1/log20210102.zip,NOT_DOWNLOADED_SANDBOX_NETWORK_BLOCKED
2021-01-03,2021,1,https://www.sec.gov/dera/data/Public-EDGAR-log-file-data/2021/Qtr1/log20210103.zip,NOT_DOWNLOADED_SANDBOX_NETWORK_BLOCKED
2021-01-04,2021,1,https://www.sec.gov/dera/data/Public-EDGAR-log-file-data/2021/Qtr1/log20210104.zip,NOT_DOWNLOADED_SANDBOX_NETWORK_BLOCKED
2021-01-05,2021,1,https://www.sec.gov/dera/data/Public-EDGAR-log-file-data/2021/Qtr1/log20210105.zip,NOT_DOWNLOADED_SANDBOX_NETWORK_BLOCKED
2021-01-06,2021,1,https://www.sec.gov/dera/data/Public-EDGAR-log-file-data/2021/Qtr1/log20210106.zip,NOT_DOWNLOADED_SANDBOX_NETWORK_BLOCKED
2021-01-07,2021,1,https://www.sec.gov/dera/data/Public-EDGAR-log-file-data/2021/Qtr1/log20210107.zip,NOT_DOWNLOADED_SANDBOX_NETWORK_BLOCKED
2021-01-08,2021,1,https://www.sec.gov/dera/data/Public-EDGAR-log-file-data/2021/Qtr1/log20210108.zip,NOT_DOWNLOADED_SANDBOX_NETWORK_BLOCKED
2021-01-09,2021,1,https://www.sec.gov/dera/data/Public-EDGAR-log-file-data/2021/Qtr1/log20210109.zip,NOT_DOWNLOADED_SANDBOX_NETWORK_BLOCKED
2021-01-10,2021,1,https://www.sec.gov/dera/data/Public-EDGAR-log-file-data/2021/Qtr1/log20210110.zip,NOT_DOWNLOADED_SANDBOX_NETWORK_BLOCKED
2021-01-11,2021,1,https://www.sec.gov/dera/data/Public-EDGAR-log-file-data/2021/Qtr1/log20210111.zip,NOT_DOWNLOADED_SANDBOX_NETWORK_BLOCKED
2021-01-12,2021,1,https://www.sec.gov/dera/data/Public-EDGAR-log-file-data/2021/Qtr1/log20210112.zip,NOT_DOWNLOADED_SANDBOX_NETWORK_BLOCKED
2021-01-13,2021,1,https://www.sec.gov/dera/data/Public-EDGAR-log-file-data/2021/Qtr1/log20210113.zip,NOT_DOWNLOADED_SANDBOX_NETWORK_BLOCKED
2021-01-14,2021,1,https://www.sec.gov/dera/data/Public-EDGAR-log-file-data/2021/Qtr1/log20210114.zip,NOT_DOWNLOADED_SANDBOX_NETWORK_BLOCKED
2021-01-15,2021,1,https://www.sec.gov/dera/data/Public-EDGAR-log-file-data/2021/Qtr1/log20210115.zip,NOT_DOWNLOADED_SANDBOX_NETWORK_BLOCKED
2021-01-16,2021,1,https://www.sec.gov/dera/data/Public-EDGAR-log-file-data/2021/Qtr1/log20210116.zip,NOT_DOWNLOADED_SANDBOX_NETWORK_BLOCKED
2021-01-17,2021,1,https://www.sec.gov/dera/data/Public-EDGAR-log-file-data/2021/Qtr1/log20210117.zip,NOT_DOWNLOADED_SANDBOX_NETWORK_BLOCKED
2021-01-18,2021,1,https://www.sec.gov/dera/data/Public-EDGAR-log-file-data/2021/Qtr1/log20210118.zip,NOT_DOWNLOADED_SANDBOX_NETWORK_BLOCKED
2021-01-19,2021,1,https://www.sec.gov/dera/data/Public-EDGAR-log-file-data/2021/Qtr1/log20210119.zip,NOT_DOWNLOADED_SANDBOX_NETWORK_BLOCKED
2021-01-20,2021,1,https://www.sec.gov/dera/data/Public-EDGAR-log-file-data/2021/Qtr1/log20210120.zip,NOT_DOWNLOADED_SANDBOX_NETWORK_BLOCKED
2021-01-21,2021,1,https://www.sec.gov/dera/data/Public-EDGAR-log-file-data/2021/Qtr1/log20210121.zip,NOT_DOWNLOADED_SANDBOX_NETWORK_BLOCKED
2021-01-22,2021,1,https://www.sec.gov/dera/data/Public-EDGAR-log-file-data/2021/Qtr1/log20210122.zip,NOT_DOWNLOADED_SANDBOX_NETWORK_BLOCKED
2021-01-23,2021,1,https://www.sec.gov/dera/data/Public-EDGAR-log-file-data/2021/Qtr1/log20210123.zip,NOT_DOWNLOADED_SANDBOX_NETWORK_BLOCKED
2021-01-24,2021,1,https://www.sec.gov/dera/data/Public-EDGAR-log-file-data/2021/Qtr1/log20210124.zip,NOT_DOWNLOADED_SANDBOX_NETWORK_BLOCKED
2021-01-25,2021,1,https://www.sec.gov/dera/data/Public-EDGAR-log-file-data/2021/Qtr1/log20210125.zip,NOT_DOWNLOADED_SANDBOX_NETWORK_BLOCKED
2021-01-26,2021,1,https://www.sec.gov/dera/data/Public-EDGAR-log-file-data/2021/Qtr1/log20210126.zip,NOT_DOWNLOADED_SANDBOX_NETWORK_BLOCKED
2021-01-27,2021,1,https://www.sec.gov/dera/data/Public-EDGAR-log-file-data/2021/Qtr1/log20210127.zip,NOT_DOWNLOADED_SANDBOX_NETWORK_BLOCKED
2021-01-28,2021,1,https://www.sec.gov/dera/data/Public-EDGAR-log-file-data/2021/Qtr1/log20210128.zip,NOT_DOWNLOADED_SANDBOX_NETWORK_BLOCKED
2021-01-29,2021,1,https://www.sec.gov/dera/data/Public-EDGAR-log-file-data/2021/Qtr1/log20210129.zip,NOT_DOWNLOADED_SANDBOX_NETWORK_BLOCKED
2021-01-30,2021,1,https://www.sec.gov/dera/data/Public-EDGAR-log-file-data/2021/Qtr1/log20210130.zip,NOT_DOWNLOADED_SANDBOX_NETWORK_BLOCKED
2021-01-31,2021,1,https://www.sec.gov/dera/data/Public-EDGAR-log-file-data/2021/Qtr1/log20210131.zip,NOT_DOWNLOADED_SANDBOX_NETWORK_BLOCKED
2021-02-01,2021,1,https://www.sec.gov/dera/data/Public-EDGAR-log-file-data/2021/Qtr1/log20210201.zip,NOT_DOWNLOADED_SANDBOX_NETWORK_BLOCKED
2021-02-02,2021,1,https://www.sec.gov/dera/data/Public-EDGAR-log-file-data/2021/Qtr1/log20210202.zip,NOT_DOWNLOADED_SANDBOX_NETWORK_BLOCKED
2021-02-03,2021,1,https://www.sec.gov/dera/data/Public-EDGAR-log-file-data/2021/Qtr1/log20210203.zip,NOT_DOWNLOADED_SANDBOX_NETWORK_BLOCKED
2021-02-04,2021,1,https://www.sec.gov/dera/data/Public-EDGAR-log-file-data/2021/Qtr1/log20210204.zip,NOT_DOWNLOADED_SANDBOX_NETWORK_BLOCKED
2021-02-05,2021,1,https://www.sec.gov/dera/data/Public-EDGAR-log-file-data/2021/Qtr1/log20210205.zip,NOT_DOWNLOADED_SANDBOX_NETWORK_BLOCKED
2021-02-06,2021,1,https://www.sec.gov/dera/data/Public-EDGAR-log-file-data/2021/Qtr1/log20210206.zip,NOT_DOWNLOADED_SANDBOX_NETWORK_BLOCKED
2021-02-07,2021,1,https://www.sec.gov/dera/data/Public-EDGAR-log-file-data/2021/Qtr1/log20210207.zip,NOT_DOWNLOADED_SANDBOX_NETWORK_BLOCKED
2021-02-08,2021,1,https://www.sec.gov/dera/data/Public-EDGAR-log-file-data/2021/Qtr1/log20210208.zip,NOT_DOWNLOADED_SANDBOX_NETWORK_BLOCKED
2021-02-09,2021,1,https://www.sec.gov/dera/data/Public-EDGAR-log-file-data/2021/Qtr1/log20210209.zip,NOT_DOWNLOADED_SANDBOX_NETWORK_BLOCKED
2021-02-10,2021,1,https://www.sec.gov/dera/data/Public-EDGAR-log-file-data/2021/Qtr1/log20210210.zip,NOT_DOWNLOADED_SANDBOX_NETWORK_BLOCKED
2021-02-11,2021,1,https://www.sec.gov/dera/data/Public-EDGAR-log-file-data/2021/Qtr1/log20210211.zip,NOT_DOWNLOADED_SANDBOX_NETWORK_BLOCKED
2021-02-12,2021,1,https://www.sec.gov/dera/data/Public-EDGAR-log-file-data/2021/Qtr1/log20210212.zip,NOT_DOWNLOADED_SANDBOX_NETWORK_BLOCKED
2021-02-13,2021,1,https://www.sec.gov/dera/data/Public-EDGAR-log-file-data/2021/Qtr1/log20210213.zip,NOT_DOWNLOADED_SANDBOX_NETWORK_BLOCKED
2021-02-14,2021,1,https://www.sec.gov/dera/data/Public-EDGAR-log-file-data/2021/Qtr1/log20210214.zip,NOT_DOWNLOADED_SANDBOX_NETWORK_BLOCKED
2021-02-15,2021,1,https://www.sec.gov/dera/data/Public-EDGAR-log-file-data/2021/Qtr1/log20210215.zip,NOT_DOWNLOADED_SANDBOX_NETWORK_BLOCKED
2021-02-16,2021,1,https://www.sec.gov/dera/data/Public-EDGAR-log-file-data/2021/Qtr1/log20210216.zip,NOT_DOWNLOADED_SANDBOX_NETWORK_BLOCKED
2021-02-17,2021,1,https://www.sec.gov/dera/data/Public-EDGAR-log-file-data/2021/Qtr1/log20210217.zip,NOT_DOWNLOADED_SANDBOX_NETWORK_BLOCKED
2021-02-18,2021,1,https://www.sec.gov/dera/data/Public-EDGAR-log-file-data/2021/Qtr1/log20210218.zip,NOT_DOWNLOADED_SANDBOX_NETWORK_BLOCKED
2021-02-19,2021,1,https://www.sec.gov/dera/data/Public-EDGAR-log-file-data/2021/Qtr1/log20210219.zip,NOT_DOWNLOADED_SANDBOX_NETWORK_BLOCKED
2021-02-20,2021,1,https://www.sec.gov/dera/data/Public-EDGAR-log-file-data/2021/Qtr1/log20210220.zip,NOT_DOWNLOADED_SANDBOX_NETWORK_BLOCKED
2021-02-21,2021,1,https://www.sec.gov/dera/data/Public-EDGAR-log-file-data/2021/Qtr1/log20210221.zip,NOT_DOWNLOADED_SANDBOX_NETWORK_BLOCKED
2021-02-22,2021,1,https://www.sec.gov/dera/data/Public-EDGAR-log-file-data/2021/Qtr1/log20210222.zip,NOT_DOWNLOADED_SANDBOX_NETWORK_BLOCKED
2021-02-23,2021,1,https://www.sec.gov/dera/data/Public-EDGAR-log-file-data/2021/Qtr1/log20210223.zip,NOT_DOWNLOADED_SANDBOX_NETWORK_BLOCKED
2021-02-24,2021,1,https://www.sec.gov/dera/data/Public-EDGAR-log-file-data/2021/Qtr1/log20210224.zip,NOT_DOWNLOADED_SANDBOX_NETWORK_BLOCKED
2021-02-25,2021,1,https://www.sec.gov/dera/data/Public-EDGAR-log-file-data/2021/Qtr1/log20210225.zip,NOT_DOWNLOADED_SANDBOX_NETWORK_BLOCKED
2021-02-26,2021,1,https://www.sec.gov/dera/data/Public-EDGAR-log-file-data/2021/Qtr1/log20210226.zip,NOT_DOWNLOADED_SANDBOX_NETWORK_BLOCKED
2021-02-27,2021,1,https://www.sec.gov/dera/data/Public-EDGAR-log-file-data/2021/Qtr1/log20210227.zip,NOT_DOWNLOADED_SANDBOX_NETWORK_BLOCKED
2021-02-28,2021,1,https://www.sec.gov/dera/data/Public-EDGAR-log-file-data/2021/Qtr1/log20210228.zip,NOT_DOWNLOADED_SANDBOX_NETWORK_BLOCKED
2021-03-01,2021,1,https://www.sec.gov/dera/data/Public-EDGAR-log-file-data/2021/Qtr1/log20210301.zip,NOT_DOWNLOADED_SANDBOX_NETWORK_BLOCKED
2021-03-02,2021,1,https://www.sec.gov/dera/data/Public-EDGAR-log-file-data/2021/Qtr1/log20210302.zip,NOT_DOWNLOADED_SANDBOX_NETWORK_BLOCKED
2021-03-03,2021,1,https://www.sec.gov/dera/data/Public-EDGAR-log-file-data/2021/Qtr1/log20210303.zip,NOT_DOWNLOADED_SANDBOX_NETWORK_BLOCKED
2021-03-04,2021,1,https://www.sec.gov/dera/data/Public-EDGAR-log-file-data/2021/Qtr1/log20210304.zip,NOT_DOWNLOADED_SANDBOX_NETWORK_BLOCKED
2021-03-05,2021,1,https://www.sec.gov/dera/data/Public-EDGAR-log-file-data/2021/Qtr1/log20210305.zip,NOT_DOWNLOADED_SANDBOX_NETWORK_BLOCKED
2021-03-06,2021,1,https://www.sec.gov/dera/data/Public-EDGAR-log-file-data/2021/Qtr1/log20210306.zip,NOT_DOWNLOADED_SANDBOX_NETWORK_BLOCKED
2021-03-07,2021,1,https://www.sec.gov/dera/data/Public-EDGAR-log-file-data/2021/Qtr1/log20210307.zip,NOT_DOWNLOADED_SANDBOX_NETWORK_BLOCKED
2021-03-08,2021,1,https://www.sec.gov/dera/data/Public-EDGAR-log-file-data/2021/Qtr1/log20210308.zip,NOT_DOWNLOADED_SANDBOX_NETWORK_BLOCKED
2021-03-09,2021,1,https://www.sec.gov/dera/data/Public-EDGAR-log-file-data/2021/Qtr1/log20210309.zip,NOT_DOWNLOADED_SANDBOX_NETWORK_BLOCKED
2021-03-10,2021,1,https://www.sec.gov/dera/data/Public-EDGAR-log-file-data/2021/Qtr1/log20210310.zip,NOT_DOWNLOADED_SANDBOX_NETWORK_BLOCKED
2021-03-11,2021,1,https://www.sec.gov/dera/data/Public-EDGAR-log-file-data/2021/Qtr1/log20210311.zip,NOT_DOWNLOADED_SANDBOX_NETWORK_BLOCKED
2021-03-12,2021,1,https://www.sec.gov/dera/data/Public-EDGAR-log-file-data/2021/Qtr1/log20210312.zip,NOT_DOWNLOADED_SANDBOX_NETWORK_BLOCKED
2021-03-13,2021,1,https://www.sec.gov/dera/data/Public-EDGAR-log-file-data/2021/Qtr1/log20210313.zip,NOT_DOWNLOADED_SANDBOX_NETWORK_BLOCKED
2021-03-14,2021,1,https://www.sec.gov/dera/data/Public-EDGAR-log-file-data/2021/Qtr1/log20210314.zip,NOT_DOWNLOADED_SANDBOX_NETWORK_BLOCKED
2021-03-15,2021,1,https://www.sec.gov/dera/data/Public-EDGAR-log-file-data/2021/Qtr1/log20210315.zip,NOT_DOWNLOADED_SANDBOX_NETWORK_BLOCKED
2021-03-16,2021,1,https://www.sec.gov/dera/data/Public-EDGAR-log-file-data/2021/Qtr1/log20210316.zip,NOT_DOWNLOADED_SANDBOX_NETWORK_BLOCKED
2021-03-17,2021,1,https://www.sec.gov/dera/data/Public-EDGAR-log-file-data/2021/Qtr1/log20210317.zip,NOT_DOWNLOADED_SANDBOX_NETWORK_BLOCKED
2021-03-18,2021,1,https://www.sec.gov/dera/data/Public-EDGAR-log-file-data/2021/Qtr1/log20210318.zip,NOT_DOWNLOADED_SANDBOX_NETWORK_BLOCKED
2021-03-19,2021,1,https://www.sec.gov/dera/data/Public-EDGAR-log-file-data/2021/Qtr1/log20210319.zip,NOT_DOWNLOADED_SANDBOX_NETWORK_BLOCKED
2021-03-20,2021,1,https://www.sec.gov/dera/data/Public-EDGAR-log-file-data/2021/Qtr1/log20210320.zip,NOT_DOWNLOADED_SANDBOX_NETWORK_BLOCKED
2021-03-21,2021,1,https://www.sec.gov/dera/data/Public-EDGAR-log-file-data/2021/Qtr1/log20210321.zip,NOT_DOWNLOADED_SANDBOX_NETWORK_BLOCKED
2021-03-22,2021,1,https://www.sec.gov/dera/data/Public-EDGAR-log-file-data/2021/Qtr1/log20210322.zip,NOT_DOWNLOADED_SANDBOX_NETWORK_BLOCKED
2021-03-23,2021,1,https://www.sec.gov/dera/data/Public-EDGAR-log-file-data/2021/Qtr1/log20210323.zip,NOT_DOWNLOADED_SANDBOX_NETWORK_BLOCKED
2021-03-24,2021,1,https://www.sec.gov/dera/data/Public-EDGAR-log-file-data/2021/Qtr1/log20210324.zip,NOT_DOWNLOADED_SANDBOX_NETWORK_BLOCKED
2021-03-25,2021,1,https://www.sec.gov/dera/data/Public-EDGAR-log-file-data/2021/Qtr1/log20210325.zip,NOT_DOWNLOADED_SANDBOX_NETWORK_BLOCKED
2021-03-26,2021,1,https://www.sec.gov/dera/data/Public-EDGAR-log-file-data/2021/Qtr1/log20210326.zip,NOT_DOWNLOADED_SANDBOX_NETWORK_BLOCKED
2021-03-27,2021,1,https://www.sec.gov/dera/data/Public-EDGAR-log-file-data/2021/Qtr1/log20210327.zip,NOT_DOWNLOADED_SANDBOX_NETWORK_BLOCKED
2021-03-28,2021,1,https://www.sec.gov/dera/data/Public-EDGAR-log-file-data/2021/Qtr1/log20210328.zip,NOT_DOWNLOADED_SANDBOX_NETWORK_BLOCKED
2021-03-29,2021,1,https://www.sec.gov/dera/data/Public-EDGAR-log-file-data/2021/Qtr1/log20210329.zip,NOT_DOWNLOADED_SANDBOX_NETWORK_BLOCKED
2021-03-30,2021,1,https://www.sec.gov/dera/data/Public-EDGAR-log-file-data/2021/Qtr1/log20210330.zip,NOT_DOWNLOADED_SANDBOX_NETWORK_BLOCKED
2021-03-31,2021,1,https://www.sec.gov/dera/data/Public-EDGAR-log-file-data/2021/Qtr1/log20210331.zip,NOT_DOWNLOADED_SANDBOX_NETWORK_BLOCKED
2021-04-01,2021,2,https://www.sec.gov/dera/data/Public-EDGAR-log-file-data/2021/Qtr2/log20210401.zip,NOT_DOWNLOADED_SANDBOX_NETWORK_BLOCKED
2021-04-02,2021,2,https://www.sec.gov/dera/data/Public-EDGAR-log-file-data/2021/Qtr2/log20210402.zip,NOT_DOWNLOADED_SANDBOX_NETWORK_BLOCKED
2021-04-03,2021,2,https://www.sec.gov/dera/data/Public-EDGAR-log-file-data/2021/Qtr2/log20210403.zip,NOT_DOWNLOADED_SANDBOX_NETWORK_BLOCKED
2021-04-04,2021,2,https://www.sec.gov/dera/data/Public-EDGAR-log-file-data/2021/Qtr2/log20210404.zip,NOT_DOWNLOADED_SANDBOX_NETWORK_BLOCKED
2021-04-05,2021,2,https://www.sec.gov/dera/data/Public-EDGAR-log-file-data/2021/Qtr2/log20210405.zip,NOT_DOWNLOADED_SANDBOX_NETWORK_BLOCKED
2021-04-06,2021,2,https://www.sec.gov/dera/data/Public-EDGAR-log-file-data/2021/Qtr2/log20210406.zip,NOT_DOWNLOADED_SANDBOX_NETWORK_BLOCKED
2021-04-07,2021,2,https://www.sec.gov/dera/data/Public-EDGAR-log-file-data/2021/Qtr2/log20210407.zip,NOT_DOWNLOADED_SANDBOX_NETWORK_BLOCKED
2021-04-08,2021,2,https://www.sec.gov/dera/data/Public-EDGAR-log-file-data/2021/Qtr2/log20210408.zip,NOT_DOWNLOADED_SANDBOX_NETWORK_BLOCKED
2021-04-09,2021,2,https://www.sec.gov/dera/data/Public-EDGAR-log-file-data/2021/Qtr2/log20210409.zip,NOT_DOWNLOADED_SANDBOX_NETWORK_BLOCKED
2021-04-10,2021,2,https://www.sec.gov/dera/data/Public-EDGAR-log-file-data/2021/Qtr2/log20210410.zip,NOT_DOWNLOADED_SANDBOX_NETWORK_BLOCKED
2021-04-11,2021,2,https://www.sec.gov/dera/data/Public-EDGAR-log-file-data/2021/Qtr2/log20210411.zip,NOT_DOWNLOADED_SANDBOX_NETWORK_BLOCKED
2021-04-12,2021,2,https://www.sec.gov/dera/data/Public-EDGAR-log-file-data/2021/Qtr2/log20210412.zip,NOT_DOWNLOADED_SANDBOX_NETWORK_BLOCKED
2021-04-13,2021,2,https://www.sec.gov/dera/data/Public-EDGAR-log-file-data/2021/Qtr2/log20210413.zip,NOT_DOWNLOADED_SANDBOX_NETWORK_BLOCKED
2021-04-14,2021,2,https://www.sec.gov/dera/data/Public-EDGAR-log-file-data/2021/Qtr2/log20210414.zip,NOT_DOWNLOADED_SANDBOX_NETWORK_BLOCKED
2021-04-15,2021,2,https://www.sec.gov/dera/data/Public-EDGAR-log-file-data/2021/Qtr2/log20210415.zip,NOT_DOWNLOADED_SANDBOX_NETWORK_BLOCKED
2021-04-16,2021,2,https://www.sec.gov/dera/data/Public-EDGAR-log-file-data/2021/Qtr2/log20210416.zip,NOT_DOWNLOADED_SANDBOX_NETWORK_BLOCKED
2021-04-17,2021,2,https://www.sec.gov/dera/data/Public-EDGAR-log-file-data/2021/Qtr2/log20210417.zip,NOT_DOWNLOADED_SANDBOX_NETWORK_BLOCKED
2021-04-18,2021,2,https://www.sec.gov/dera/data/Public-EDGAR-log-file-data/2021/Qtr2/log20210418.zip,NOT_DOWNLOADED_SANDBOX_NETWORK_BLOCKED
2021-04-19,2021,2,https://www.sec.gov/dera/data/Public-EDGAR-log-file-data/2021/Qtr2/log20210419.zip,NOT_DOWNLOADED_SANDBOX_NETWORK_BLOCKED
2021-04-20,2021,2,https://www.sec.gov/dera/data/Public-EDGAR-log-file-data/2021/Qtr2/log20210420.zip,NOT_DOWNLOADED_SANDBOX_NETWORK_BLOCKED
2021-04-21,2021,2,https://www.sec.gov/dera/data/Public-EDGAR-log-file-data/2021/Qtr2/log20210421.zip,NOT_DOWNLOADED_SANDBOX_NETWORK_BLOCKED
2021-04-22,2021,2,https://www.sec.gov/dera/data/Public-EDGAR-log-file-data/2021/Qtr2/log20210422.zip,NOT_DOWNLOADED_SANDBOX_NETWORK_BLOCKED
2021-04-23,2021,2,https://www.sec.gov/dera/data/Public-EDGAR-log-file-data/2021/Qtr2/log20210423.zip,NOT_DOWNLOADED_SANDBOX_NETWORK_BLOCKED
2021-04-24,2021,2,https://www.sec.gov/dera/data/Public-EDGAR-log-file-data/2021/Qtr2/log20210424.zip,NOT_DOWNLOADED_SANDBOX_NETWORK_BLOCKED
2021-04-25,2021,2,https://www.sec.gov/dera/data/Public-EDGAR-log-file-data/2021/Qtr2/log20210425.zip,NOT_DOWNLOADED_SANDBOX_NETWORK_BLOCKED
2021-04-26,2021,2,https://www.sec.gov/dera/data/Public-EDGAR-log-file-data/2021/Qtr2/log20210426.zip,NOT_DOWNLOADED_SANDBOX_NETWORK_BLOCKED
2021-04-27,2021,2,https://www.sec.gov/dera/data/Public-EDGAR-log-file-data/2021/Qtr2/log20210427.zip,NOT_DOWNLOADED_SANDBOX_NETWORK_BLOCKED
2021-04-28,2021,2,https://www.sec.gov/dera/data/Public-EDGAR-log-file-data/2021/Qtr2/log20210428.zip,NOT_DOWNLOADED_SANDBOX_NETWORK_BLOCKED
2021-04-29,2021,2,https://www.sec.gov/dera/data/Public-EDGAR-log-file-data/2021/Qtr2/log20210429.zip,NOT_DOWNLOADED_SANDBOX_NETWORK_BLOCKED
2021-04-30,2021,2,https://www.sec.gov/dera/data/Public-EDGAR-log-file-data/2021/Qtr2/log20210430.zip,NOT_DOWNLOADED_SANDBOX_NETWORK_BLOCKED
2021-05-01,2021,2,https://www.sec.gov/dera/data/Public-EDGAR-log-file-data/2021/Qtr2/log20210501.zip,NOT_DOWNLOADED_SANDBOX_NETWORK_BLOCKED
2021-05-02,2021,2,https://www.sec.gov/dera/data/Public-EDGAR-log-file-data/2021/Qtr2/log20210502.zip,NOT_DOWNLOADED_SANDBOX_NETWORK_BLOCKED
2021-05-03,2021,2,https://www.sec.gov/dera/data/Public-EDGAR-log-file-data/2021/Qtr2/log20210503.zip,NOT_DOWNLOADED_SANDBOX_NETWORK_BLOCKED
2021-05-04,2021,2,https://www.sec.gov/dera/data/Public-EDGAR-log-file-data/2021/Qtr2/log20210504.zip,NOT_DOWNLOADED_SANDBOX_NETWORK_BLOCKED
2021-05-05,2021,2,https://www.sec.gov/dera/data/Public-EDGAR-log-file-data/2021/Qtr2/log20210505.zip,NOT_DOWNLOADED_SANDBOX_NETWORK_BLOCKED
2021-05-06,2021,2,https://www.sec.gov/dera/data/Public-EDGAR-log-file-data/2021/Qtr2/log20210506.zip,NOT_DOWNLOADED_SANDBOX_NETWORK_BLOCKED
2021-05-07,2021,2,https://www.sec.gov/dera/data/Public-EDGAR-log-file-data/2021/Qtr2/log20210507.zip,NOT_DOWNLOADED_SANDBOX_NETWORK_BLOCKED
2021-05-08,2021,2,https://www.sec.gov/dera/data/Public-EDGAR-log-file-data/2021/Qtr2/log20210508.zip,NOT_DOWNLOADED_SANDBOX_NETWORK_BLOCKED
2021-05-09,2021,2,https://www.sec.gov/dera/data/Public-EDGAR-log-file-data/2021/Qtr2/log20210509.zip,NOT_DOWNLOADED_SANDBOX_NETWORK_BLOCKED
2021-05-10,2021,2,https://www.sec.gov/dera/data/Public-EDGAR-log-file-data/2021/Qtr2/log20210510.zip,NOT_DOWNLOADED_SANDBOX_NETWORK_BLOCKED
2021-05-11,2021,2,https://www.sec.gov/dera/data/Public-EDGAR-log-file-data/2021/Qtr2/log20210511.zip,NOT_DOWNLOADED_SANDBOX_NETWORK_BLOCKED
2021-05-12,2021,2,https://www.sec.gov/dera/data/Public-EDGAR-log-file-data/2021/Qtr2/log20210512.zip,NOT_DOWNLOADED_SANDBOX_NETWORK_BLOCKED
2021-05-13,2021,2,https://www.sec.gov/dera/data/Public-EDGAR-log-file-data/2021/Qtr2/log20210513.zip,NOT_DOWNLOADED_SANDBOX_NETWORK_BLOCKED
2021-05-14,2021,2,https://www.sec.gov/dera/data/Public-EDGAR-log-file-data/2021/Qtr2/log20210514.zip,NOT_DOWNLOADED_SANDBOX_NETWORK_BLOCKED
2021-05-15,2021,2,https://www.sec.gov/dera/data/Public-EDGAR-log-file-data/2021/Qtr2/log20210515.zip,NOT_DOWNLOADED_SANDBOX_NETWORK_BLOCKED
2021-05-16,2021,2,https://www.sec.gov/dera/data/Public-EDGAR-log-file-data/2021/Qtr2/log20210516.zip,NOT_DOWNLOADED_SANDBOX_NETWORK_BLOCKED
2021-05-17,2021,2,https://www.sec.gov/dera/data/Public-EDGAR-log-file-data/2021/Qtr2/log20210517.zip,NOT_DOWNLOADED_SANDBOX_NETWORK_BLOCKED
2021-05-18,2021,2,https://www.sec.gov/dera/data/Public-EDGAR-log-file-data/2021/Qtr2/log20210518.zip,NOT_DOWNLOADED_SANDBOX_NETWORK_BLOCKED
2021-05-19,2021,2,https://www.sec.gov/dera/data/Public-EDGAR-log-file-data/2021/Qtr2/log20210519.zip,NOT_DOWNLOADED_SANDBOX_NETWORK_BLOCKED
2021-05-20,2021,2,https://www.sec.gov/dera/data/Public-EDGAR-log-file-data/2021/Qtr2/log20210520.zip,NOT_DOWNLOADED_SANDBOX_NETWORK_BLOCKED
2021-05-21,2021,2,https://www.sec.gov/dera/data/Public-EDGAR-log-file-data/2021/Qtr2/log20210521.zip,NOT_DOWNLOADED_SANDBOX_NETWORK_BLOCKED
2021-05-22,2021,2,https://www.sec.gov/dera/data/Public-EDGAR-log-file-data/2021/Qtr2/log20210522.zip,NOT_DOWNLOADED_SANDBOX_NETWORK_BLOCKED
2021-05-23,2021,2,https://www.sec.gov/dera/data/Public-EDGAR-log-file-data/2021/Qtr2/log20210523.zip,NOT_DOWNLOADED_SANDBOX_NETWORK_BLOCKED
2021-05-24,2021,2,https://www.sec.gov/dera/data/Public-EDGAR-log-file-data/2021/Qtr2/log20210524.zip,NOT_DOWNLOADED_SANDBOX_NETWORK_BLOCKED
2021-05-25,2021,2,https://www.sec.gov/dera/data/Public-EDGAR-log-file-data/2021/Qtr2/log20210525.zip,NOT_DOWNLOADED_SANDBOX_NETWORK_BLOCKED
2021-05-26,2021,2,https://www.sec.gov/dera/data/Public-EDGAR-log-file-data/2021/Qtr2/log20210526.zip,NOT_DOWNLOADED_SANDBOX_NETWORK_BLOCKED
2021-05-27,2021,2,https://www.sec.gov/dera/data/Public-EDGAR-log-file-data/2021/Qtr2/log20210527.zip,NOT_DOWNLOADED_SANDBOX_NETWORK_BLOCKED
2021-05-28,2021,2,https://www.sec.gov/dera/data/Public-EDGAR-log-file-data/2021/Qtr2/log20210528.zip,NOT_DOWNLOADED_SANDBOX_NETWORK_BLOCKED
2021-05-29,2021,2,https://www.sec.gov/dera/data/Public-EDGAR-log-file-data/2021/Qtr2/log20210529.zip,NOT_DOWNLOADED_SANDBOX_NETWORK_BLOCKED
2021-05-30,2021,2,https://www.sec.gov/dera/data/Public-EDGAR-log-file-data/2021/Qtr2/log20210530.zip,NOT_DOWNLOADED_SANDBOX_NETWORK_BLOCKED
2021-05-31,2021,2,https://www.sec.gov/dera/data/Public-EDGAR-log-file-data/2021/Qtr2/log20210531.zip,NOT_DOWNLOADED_SANDBOX_NETWORK_BLOCKED
2021-06-01,2021,2,https://www.sec.gov/dera/data/Public-EDGAR-log-file-data/2021/Qtr2/log20210601.zip,NOT_DOWNLOADED_SANDBOX_NETWORK_BLOCKED
2021-06-02,2021,2,https://www.sec.gov/dera/data/Public-EDGAR-log-file-data/2021/Qtr2/log20210602.zip,NOT_DOWNLOADED_SANDBOX_NETWORK_BLOCKED
2021-06-03,2021,2,https://www.sec.gov/dera/data/Public-EDGAR-log-file-data/2021/Qtr2/log20210603.zip,NOT_DOWNLOADED_SANDBOX_NETWORK_BLOCKED
2021-06-04,2021,2,https://www.sec.gov/dera/data/Public-EDGAR-log-file-data/2021/Qtr2/log20210604.zip,NOT_DOWNLOADED_SANDBOX_NETWORK_BLOCKED
2021-06-05,2021,2,https://www.sec.gov/dera/data/Public-EDGAR-log-file-data/2021/Qtr2/log20210605.zip,NOT_DOWNLOADED_SANDBOX_NETWORK_BLOCKED
2021-06-06,2021,2,https://www.sec.gov/dera/data/Public-EDGAR-log-file-data/2021/Qtr2/log20210606.zip,NOT_DOWNLOADED_SANDBOX_NETWORK_BLOCKED
2021-06-07,2021,2,https://www.sec.gov/dera/data/Public-EDGAR-log-file-data/2021/Qtr2/log20210607.zip,NOT_DOWNLOADED_SANDBOX_NETWORK_BLOCKED
2021-06-08,2021,2,https://www.sec.gov/dera/data/Public-EDGAR-log-file-data/2021/Qtr2/log20210608.zip,NOT_DOWNLOADED_SANDBOX_NETWORK_BLOCKED
2021-06-09,2021,2,https://www.sec.gov/dera/data/Public-EDGAR-log-file-data/2021/Qtr2/log20210609.zip,NOT_DOWNLOADED_SANDBOX_NETWORK_BLOCKED
2021-06-10,2021,2,https://www.sec.gov/dera/data/Public-EDGAR-log-file-data/2021/Qtr2/log20210610.zip,NOT_DOWNLOADED_SANDBOX_NETWORK_BLOCKED
2021-06-11,2021,2,https://www.sec.gov/dera/data/Public-EDGAR-log-file-data/2021/Qtr2/log20210611.zip,NOT_DOWNLOADED_SANDBOX_NETWORK_BLOCKED
2021-06-12,2021,2,https://www.sec.gov/dera/data/Public-EDGAR-log-file-data/2021/Qtr2/log20210612.zip,NOT_DOWNLOADED_SANDBOX_NETWORK_BLOCKED
2021-06-13,2021,2,https://www.sec.gov/dera/data/Public-EDGAR-log-file-data/2021/Qtr2/log20210613.zip,NOT_DOWNLOADED_SANDBOX_NETWORK_BLOCKED
2021-06-14,2021,2,https://www.sec.gov/dera/data/Public-EDGAR-log-file-data/2021/Qtr2/log20210614.zip,NOT_DOWNLOADED_SANDBOX_NETWORK_BLOCKED
2021-06-15,2021,2,https://www.sec.gov/dera/data/Public-EDGAR-log-file-data/2021/Qtr2/log20210615.zip,NOT_DOWNLOADED_SANDBOX_NETWORK_BLOCKED
2021-06-16,2021,2,https://www.sec.gov/dera/data/Public-EDGAR-log-file-data/2021/Qtr2/log20210616.zip,NOT_DOWNLOADED_SANDBOX_NETWORK_BLOCKED
2021-06-17,2021,2,https://www.sec.gov/dera/data/Public-EDGAR-log-file-data/2021/Qtr2/log20210617.zip,NOT_DOWNLOADED_SANDBOX_NETWORK_BLOCKED
2021-06-18,2021,2,https://www.sec.gov/dera/data/Public-EDGAR-log-file-data/2021/Qtr2/log20210618.zip,NOT_DOWNLOADED_SANDBOX_NETWORK_BLOCKED
2021-06-19,2021,2,https://www.sec.gov/dera/data/Public-EDGAR-log-file-data/2021/Qtr2/log20210619.zip,NOT_DOWNLOADED_SANDBOX_NETWORK_BLOCKED
2021-06-20,2021,2,https://www.sec.gov/dera/data/Public-EDGAR-log-file-data/2021/Qtr2/log20210620.zip,NOT_DOWNLOADED_SANDBOX_NETWORK_BLOCKED
2021-06-21,2021,2,https://www.sec.gov/dera/data/Public-EDGAR-log-file-data/2021/Qtr2/log20210621.zip,NOT_DOWNLOADED_SANDBOX_NETWORK_BLOCKED
2021-06-22,2021,2,https://www.sec.gov/dera/data/Public-EDGAR-log-file-data/2021/Qtr2/log20210622.zip,NOT_DOWNLOADED_SANDBOX_NETWORK_BLOCKED
2021-06-23,2021,2,https://www.sec.gov/dera/data/Public-EDGAR-log-file-data/2021/Qtr2/log20210623.zip,NOT_DOWNLOADED_SANDBOX_NETWORK_BLOCKED
2021-06-24,2021,2,https://www.sec.gov/dera/data/Public-EDGAR-log-file-data/2021/Qtr2/log20210624.zip,NOT_DOWNLOADED_SANDBOX_NETWORK_BLOCKED
2021-06-25,2021,2,https://www.sec.gov/dera/data/Public-EDGAR-log-file-data/2021/Qtr2/log20210625.zip,NOT_DOWNLOADED_SANDBOX_NETWORK_BLOCKED
2021-06-26,2021,2,https://www.sec.gov/dera/data/Public-EDGAR-log-file-data/2021/Qtr2/log20210626.zip,NOT_DOWNLOADED_SANDBOX_NETWORK_BLOCKED
2021-06-27,2021,2,https://www.sec.gov/dera/data/Public-EDGAR-log-file-data/2021/Qtr2/log20210627.zip,NOT_DOWNLOADED_SANDBOX_NETWORK_BLOCKED
2021-06-28,2021,2,https://www.sec.gov/dera/data/Public-EDGAR-log-file-data/2021/Qtr2/log20210628.zip,NOT_DOWNLOADED_SANDBOX_NETWORK_BLOCKED
2021-06-29,2021,2,https://www.sec.gov/dera/data/Public-EDGAR-log-file-data/2021/Qtr2/log20210629.zip,NOT_DOWNLOADED_SANDBOX_NETWORK_BLOCKED
2021-06-30,2021,2,https://www.sec.gov/dera/data/Public-EDGAR-log-file-data/2021/Qtr2/log20210630.zip,NOT_DOWNLOADED_SANDBOX_NETWORK_BLOCKED
2021-07-01,2021,3,https://www.sec.gov/dera/data/Public-EDGAR-log-file-data/2021/Qtr3/log20210701.zip,NOT_DOWNLOADED_SANDBOX_NETWORK_BLOCKED
2021-07-02,2021,3,https://www.sec.gov/dera/data/Public-EDGAR-log-file-data/2021/Qtr3/log20210702.zip,NOT_DOWNLOADED_SANDBOX_NETWORK_BLOCKED
2021-07-03,2021,3,https://www.sec.gov/dera/data/Public-EDGAR-log-file-data/2021/Qtr3/log20210703.zip,NOT_DOWNLOADED_SANDBOX_NETWORK_BLOCKED
2021-07-04,2021,3,https://www.sec.gov/dera/data/Public-EDGAR-log-file-data/2021/Qtr3/log20210704.zip,NOT_DOWNLOADED_SANDBOX_NETWORK_BLOCKED
2021-07-05,2021,3,https://www.sec.gov/dera/data/Public-EDGAR-log-file-data/2021/Qtr3/log20210705.zip,NOT_DOWNLOADED_SANDBOX_NETWORK_BLOCKED
2021-07-06,2021,3,https://www.sec.gov/dera/data/Public-EDGAR-log-file-data/2021/Qtr3/log20210706.zip,NOT_DOWNLOADED_SANDBOX_NETWORK_BLOCKED
2021-07-07,2021,3,https://www.sec.gov/dera/data/Public-EDGAR-log-file-data/2021/Qtr3/log20210707.zip,NOT_DOWNLOADED_SANDBOX_NETWORK_BLOCKED
2021-07-08,2021,3,https://www.sec.gov/dera/data/Public-EDGAR-log-file-data/2021/Qtr3/log20210708.zip,NOT_DOWNLOADED_SANDBOX_NETWORK_BLOCKED
2021-07-09,2021,3,https://www.sec.gov/dera/data/Public-EDGAR-log-file-data/2021/Qtr3/log20210709.zip,NOT_DOWNLOADED_SANDBOX_NETWORK_BLOCKED
2021-07-10,2021,3,https://www.sec.gov/dera/data/Public-EDGAR-log-file-data/2021/Qtr3/log20210710.zip,NOT_DOWNLOADED_SANDBOX_NETWORK_BLOCKED
2021-07-11,2021,3,https://www.sec.gov/dera/data/Public-EDGAR-log-file-data/2021/Qtr3/log20210711.zip,NOT_DOWNLOADED_SANDBOX_NETWORK_BLOCKED
2021-07-12,2021,3,https://www.sec.gov/dera/data/Public-EDGAR-log-file-data/2021/Qtr3/log20210712.zip,NOT_DOWNLOADED_SANDBOX_NETWORK_BLOCKED
2021-07-13,2021,3,https://www.sec.gov/dera/data/Public-EDGAR-log-file-data/2021/Qtr3/log20210713.zip,NOT_DOWNLOADED_SANDBOX_NETWORK_BLOCKED
2021-07-14,2021,3,https://www.sec.gov/dera/data/Public-EDGAR-log-file-data/2021/Qtr3/log20210714.zip,NOT_DOWNLOADED_SANDBOX_NETWORK_BLOCKED
2021-07-15,2021,3,https://www.sec.gov/dera/data/Public-EDGAR-log-file-data/2021/Qtr3/log20210715.zip,NOT_DOWNLOADED_SANDBOX_NETWORK_BLOCKED
2021-07-16,2021,3,https://www.sec.gov/dera/data/Public-EDGAR-log-file-data/2021/Qtr3/log20210716.zip,NOT_DOWNLOADED_SANDBOX_NETWORK_BLOCKED
2021-07-17,2021,3,https://www.sec.gov/dera/data/Public-EDGAR-log-file-data/2021/Qtr3/log20210717.zip,NOT_DOWNLOADED_SANDBOX_NETWORK_BLOCKED
2021-07-18,2021,3,https://www.sec.gov/dera/data/Public-EDGAR-log-file-data/2021/Qtr3/log20210718.zip,NOT_DOWNLOADED_SANDBOX_NETWORK_BLOCKED
2021-07-19,2021,3,https://www.sec.gov/dera/data/Public-EDGAR-log-file-data/2021/Qtr3/log20210719.zip,NOT_DOWNLOADED_SANDBOX_NETWORK_BLOCKED
2021-07-20,2021,3,https://www.sec.gov/dera/data/Public-EDGAR-log-file-data/2021/Qtr3/log20210720.zip,NOT_DOWNLOADED_SANDBOX_NETWORK_BLOCKED
2021-07-21,2021,3,https://www.sec.gov/dera/data/Public-EDGAR-log-file-data/2021/Qtr3/log20210721.zip,NOT_DOWNLOADED_SANDBOX_NETWORK_BLOCKED
2021-07-22,2021,3,https://www.sec.gov/dera/data/Public-EDGAR-log-file-data/2021/Qtr3/log20210722.zip,NOT_DOWNLOADED_SANDBOX_NETWORK_BLOCKED
2021-07-23,2021,3,https://www.sec.gov/dera/data/Public-EDGAR-log-file-data/2021/Qtr3/log20210723.zip,NOT_DOWNLOADED_SANDBOX_NETWORK_BLOCKED
2021-07-24,2021,3,https://www.sec.gov/dera/data/Public-EDGAR-log-file-data/2021/Qtr3/log20210724.zip,NOT_DOWNLOADED_SANDBOX_NETWORK_BLOCKED
2021-07-25,2021,3,https://www.sec.gov/dera/data/Public-EDGAR-log-file-data/2021/Qtr3/log20210725.zip,NOT_DOWNLOADED_SANDBOX_NETWORK_BLOCKED
2021-07-26,2021,3,https://www.sec.gov/dera/data/Public-EDGAR-log-file-data/2021/Qtr3/log20210726.zip,NOT_DOWNLOADED_SANDBOX_NETWORK_BLOCKED
2021-07-27,2021,3,https://www.sec.gov/dera/data/Public-EDGAR-log-file-data/2021/Qtr3/log20210727.zip,NOT_DOWNLOADED_SANDBOX_NETWORK_BLOCKED
2021-07-28,2021,3,https://www.sec.gov/dera/data/Public-EDGAR-log-file-data/2021/Qtr3/log20210728.zip,NOT_DOWNLOADED_SANDBOX_NETWORK_BLOCKED
2021-07-29,2021,3,https://www.sec.gov/dera/data/Public-EDGAR-log-file-data/2021/Qtr3/log20210729.zip,NOT_DOWNLOADED_SANDBOX_NETWORK_BLOCKED
2021-07-30,2021,3,https://www.sec.gov/dera/data/Public-EDGAR-log-file-data/2021/Qtr3/log20210730.zip,NOT_DOWNLOADED_SANDBOX_NETWORK_BLOCKED
2021-07-31,2021,3,https://www.sec.gov/dera/data/Public-EDGAR-log-file-data/2021/Qtr3/log20210731.zip,NOT_DOWNLOADED_SANDBOX_NETWORK_BLOCKED
2021-08-01,2021,3,https://www.sec.gov/dera/data/Public-EDGAR-log-file-data/2021/Qtr3/log20210801.zip,NOT_DOWNLOADED_SANDBOX_NETWORK_BLOCKED
2021-08-02,2021,3,https://www.sec.gov/dera/data/Public-EDGAR-log-file-data/2021/Qtr3/log20210802.zip,NOT_DOWNLOADED_SANDBOX_NETWORK_BLOCKED
2021-08-03,2021,3,https://www.sec.gov/dera/data/Public-EDGAR-log-file-data/2021/Qtr3/log20210803.zip,NOT_DOWNLOADED_SANDBOX_NETWORK_BLOCKED
2021-08-04,2021,3,https://www.sec.gov/dera/data/Public-EDGAR-log-file-data/2021/Qtr3/log20210804.zip,NOT_DOWNLOADED_SANDBOX_NETWORK_BLOCKED
2021-08-05,2021,3,https://www.sec.gov/dera/data/Public-EDGAR-log-file-data/2021/Qtr3/log20210805.zip,NOT_DOWNLOADED_SANDBOX_NETWORK_BLOCKED
2021-08-06,2021,3,https://www.sec.gov/dera/data/Public-EDGAR-log-file-data/2021/Qtr3/log20210806.zip,NOT_DOWNLOADED_SANDBOX_NETWORK_BLOCKED
2021-08-07,2021,3,https://www.sec.gov/dera/data/Public-EDGAR-log-file-data/2021/Qtr3/log20210807.zip,NOT_DOWNLOADED_SANDBOX_NETWORK_BLOCKED
2021-08-08,2021,3,https://www.sec.gov/dera/data/Public-EDGAR-log-file-data/2021/Qtr3/log20210808.zip,NOT_DOWNLOADED_SANDBOX_NETWORK_BLOCKED
2021-08-09,2021,3,https://www.sec.gov/dera/data/Public-EDGAR-log-file-data/2021/Qtr3/log20210809.zip,NOT_DOWNLOADED_SANDBOX_NETWORK_BLOCKED
2021-08-10,2021,3,https://www.sec.gov/dera/data/Public-EDGAR-log-file-data/2021/Qtr3/log20210810.zip,NOT_DOWNLOADED_SANDBOX_NETWORK_BLOCKED
2021-08-11,2021,3,https://www.sec.gov/dera/data/Public-EDGAR-log-file-data/2021/Qtr3/log20210811.zip,NOT_DOWNLOADED_SANDBOX_NETWORK_BLOCKED
2021-08-12,2021,3,https://www.sec.gov/dera/data/Public-EDGAR-log-file-data/2021/Qtr3/log20210812.zip,NOT_DOWNLOADED_SANDBOX_NETWORK_BLOCKED
2021-08-13,2021,3,https://www.sec.gov/dera/data/Public-EDGAR-log-file-data/2021/Qtr3/log20210813.zip,NOT_DOWNLOADED_SANDBOX_NETWORK_BLOCKED
2021-08-14,2021,3,https://www.sec.gov/dera/data/Public-EDGAR-log-file-data/2021/Qtr3/log20210814.zip,NOT_DOWNLOADED_SANDBOX_NETWORK_BLOCKED
2021-08-15,2021,3,https://www.sec.gov/dera/data/Public-EDGAR-log-file-data/2021/Qtr3/log20210815.zip,NOT_DOWNLOADED_SANDBOX_NETWORK_BLOCKED
2021-08-16,2021,3,https://www.sec.gov/dera/data/Public-EDGAR-log-file-data/2021/Qtr3/log20210816.zip,NOT_DOWNLOADED_SANDBOX_NETWORK_BLOCKED
2021-08-17,2021,3,https://www.sec.gov/dera/data/Public-EDGAR-log-file-data/2021/Qtr3/log20210817.zip,NOT_DOWNLOADED_SANDBOX_NETWORK_BLOCKED
2021-08-18,2021,3,https://www.sec.gov/dera/data/Public-EDGAR-log-file-data/2021/Qtr3/log20210818.zip,NOT_DOWNLOADED_SANDBOX_NETWORK_BLOCKED
2021-08-19,2021,3,https://www.sec.gov/dera/data/Public-EDGAR-log-file-data/2021/Qtr3/log20210819.zip,NOT_DOWNLOADED_SANDBOX_NETWORK_BLOCKED
2021-08-20,2021,3,https://www.sec.gov/dera/data/Public-EDGAR-log-file-data/2021/Qtr3/log20210820.zip,NOT_DOWNLOADED_SANDBOX_NETWORK_BLOCKED
2021-08-21,2021,3,https://www.sec.gov/dera/data/Public-EDGAR-log-file-data/2021/Qtr3/log20210821.zip,NOT_DOWNLOADED_SANDBOX_NETWORK_BLOCKED
2021-08-22,2021,3,https://www.sec.gov/dera/data/Public-EDGAR-log-file-data/2021/Qtr3/log20210822.zip,NOT_DOWNLOADED_SANDBOX_NETWORK_BLOCKED
2021-08-23,2021,3,https://www.sec.gov/dera/data/Public-EDGAR-log-file-data/2021/Qtr3/log20210823.zip,NOT_DOWNLOADED_SANDBOX_NETWORK_BLOCKED
2021-08-24,2021,3,https://www.sec.gov/dera/data/Public-EDGAR-log-file-data/2021/Qtr3/log20210824.zip,NOT_DOWNLOADED_SANDBOX_NETWORK_BLOCKED
2021-08-25,2021,3,https://www.sec.gov/dera/data/Public-EDGAR-log-file-data/2021/Qtr3/log20210825.zip,NOT_DOWNLOADED_SANDBOX_NETWORK_BLOCKED
2021-08-26,2021,3,https://www.sec.gov/dera/data/Public-EDGAR-log-file-data/2021/Qtr3/log20210826.zip,NOT_DOWNLOADED_SANDBOX_NETWORK_BLOCKED
2021-08-27,2021,3,https://www.sec.gov/dera/data/Public-EDGAR-log-file-data/2021/Qtr3/log20210827.zip,NOT_DOWNLOADED_SANDBOX_NETWORK_BLOCKED
2021-08-28,2021,3,https://www.sec.gov/dera/data/Public-EDGAR-log-file-data/2021/Qtr3/log20210828.zip,NOT_DOWNLOADED_SANDBOX_NETWORK_BLOCKED
2021-08-29,2021,3,https://www.sec.gov/dera/data/Public-EDGAR-log-file-data/2021/Qtr3/log20210829.zip,NOT_DOWNLOADED_SANDBOX_NETWORK_BLOCKED
2021-08-30,2021,3,https://www.sec.gov/dera/data/Public-EDGAR-log-file-data/2021/Qtr3/log20210830.zip,NOT_DOWNLOADED_SANDBOX_NETWORK_BLOCKED
2021-08-31,2021,3,https://www.sec.gov/dera/data/Public-EDGAR-log-file-data/2021/Qtr3/log20210831.zip,NOT_DOWNLOADED_SANDBOX_NETWORK_BLOCKED
2021-09-01,2021,3,https://www.sec.gov/dera/data/Public-EDGAR-log-file-data/2021/Qtr3/log20210901.zip,NOT_DOWNLOADED_SANDBOX_NETWORK_BLOCKED
2021-09-02,2021,3,https://www.sec.gov/dera/data/Public-EDGAR-log-file-data/2021/Qtr3/log20210902.zip,NOT_DOWNLOADED_SANDBOX_NETWORK_BLOCKED
2021-09-03,2021,3,https://www.sec.gov/dera/data/Public-EDGAR-log-file-data/2021/Qtr3/log20210903.zip,NOT_DOWNLOADED_SANDBOX_NETWORK_BLOCKED
2021-09-04,2021,3,https://www.sec.gov/dera/data/Public-EDGAR-log-file-data/2021/Qtr3/log20210904.zip,NOT_DOWNLOADED_SANDBOX_NETWORK_BLOCKED
2021-09-05,2021,3,https://www.sec.gov/dera/data/Public-EDGAR-log-file-data/2021/Qtr3/log20210905.zip,NOT_DOWNLOADED_SANDBOX_NETWORK_BLOCKED
2021-09-06,2021,3,https://www.sec.gov/dera/data/Public-EDGAR-log-file-data/2021/Qtr3/log20210906.zip,NOT_DOWNLOADED_SANDBOX_NETWORK_BLOCKED
2021-09-07,2021,3,https://www.sec.gov/dera/data/Public-EDGAR-log-file-data/2021/Qtr3/log20210907.zip,NOT_DOWNLOADED_SANDBOX_NETWORK_BLOCKED
2021-09-08,2021,3,https://www.sec.gov/dera/data/Public-EDGAR-log-file-data/2021/Qtr3/log20210908.zip,NOT_DOWNLOADED_SANDBOX_NETWORK_BLOCKED
2021-09-09,2021,3,https://www.sec.gov/dera/data/Public-EDGAR-log-file-data/2021/Qtr3/log20210909.zip,NOT_DOWNLOADED_SANDBOX_NETWORK_BLOCKED
2021-09-10,2021,3,https://www.sec.gov/dera/data/Public-EDGAR-log-file-data/2021/Qtr3/log20210910.zip,NOT_DOWNLOADED_SANDBOX_NETWORK_BLOCKED
2021-09-11,2021,3,https://www.sec.gov/dera/data/Public-EDGAR-log-file-data/2021/Qtr3/log20210911.zip,NOT_DOWNLOADED_SANDBOX_NETWORK_BLOCKED
2021-09-12,2021,3,https://www.sec.gov/dera/data/Public-EDGAR-log-file-data/2021/Qtr3/log20210912.zip,NOT_DOWNLOADED_SANDBOX_NETWORK_BLOCKED
2021-09-13,2021,3,https://www.sec.gov/dera/data/Public-EDGAR-log-file-data/2021/Qtr3/log20210913.zip,NOT_DOWNLOADED_SANDBOX_NETWORK_BLOCKED
2021-09-14,2021,3,https://www.sec.gov/dera/data/Public-EDGAR-log-file-data/2021/Qtr3/log20210914.zip,NOT_DOWNLOADED_SANDBOX_NETWORK_BLOCKED
2021-09-15,2021,3,https://www.sec.gov/dera/data/Public-EDGAR-log-file-data/2021/Qtr3/log20210915.zip,NOT_DOWNLOADED_SANDBOX_NETWORK_BLOCKED
2021-09-16,2021,3,https://www.sec.gov/dera/data/Public-EDGAR-log-file-data/2021/Qtr3/log20210916.zip,NOT_DOWNLOADED_SANDBOX_NETWORK_BLOCKED
2021-09-17,2021,3,https://www.sec.gov/dera/data/Public-EDGAR-log-file-data/2021/Qtr3/log20210917.zip,NOT_DOWNLOADED_SANDBOX_NETWORK_BLOCKED
2021-09-18,2021,3,https://www.sec.gov/dera/data/Public-EDGAR-log-file-data/2021/Qtr3/log20210918.zip,NOT_DOWNLOADED_SANDBOX_NETWORK_BLOCKED
2021-09-19,2021,3,https://www.sec.gov/dera/data/Public-EDGAR-log-file-data/2021/Qtr3/log20210919.zip,NOT_DOWNLOADED_SANDBOX_NETWORK_BLOCKED
2021-09-20,2021,3,https://www.sec.gov/dera/data/Public-EDGAR-log-file-data/2021/Qtr3/log20210920.zip,NOT_DOWNLOADED_SANDBOX_NETWORK_BLOCKED
2021-09-21,2021,3,https://www.sec.gov/dera/data/Public-EDGAR-log-file-data/2021/Qtr3/log20210921.zip,NOT_DOWNLOADED_SANDBOX_NETWORK_BLOCKED
2021-09-22,2021,3,https://www.sec.gov/dera/data/Public-EDGAR-log-file-data/2021/Qtr3/log20210922.zip,NOT_DOWNLOADED_SANDBOX_NETWORK_BLOCKED
2021-09-23,2021,3,https://www.sec.gov/dera/data/Public-EDGAR-log-file-data/2021/Qtr3/log20210923.zip,NOT_DOWNLOADED_SANDBOX_NETWORK_BLOCKED
2021-09-24,2021,3,https://www.sec.gov/dera/data/Public-EDGAR-log-file-data/2021/Qtr3/log20210924.zip,NOT_DOWNLOADED_SANDBOX_NETWORK_BLOCKED
2021-09-25,2021,3,https://www.sec.gov/dera/data/Public-EDGAR-log-file-data/2021/Qtr3/log20210925.zip,NOT_DOWNLOADED_SANDBOX_NETWORK_BLOCKED
2021-09-26,2021,3,https://www.sec.gov/dera/data/Public-EDGAR-log-file-data/2021/Qtr3/log20210926.zip,NOT_DOWNLOADED_SANDBOX_NETWORK_BLOCKED
2021-09-27,2021,3,https://www.sec.gov/dera/data/Public-EDGAR-log-file-data/2021/Qtr3/log20210927.zip,NOT_DOWNLOADED_SANDBOX_NETWORK_BLOCKED
2021-09-28,2021,3,https://www.sec.gov/dera/data/Public-EDGAR-log-file-data/2021/Qtr3/log20210928.zip,NOT_DOWNLOADED_SANDBOX_NETWORK_BLOCKED
2021-09-29,2021,3,https://www.sec.gov/dera/data/Public-EDGAR-log-file-data/2021/Qtr3/log20210929.zip,NOT_DOWNLOADED_SANDBOX_NETWORK_BLOCKED
2021-09-30,2021,3,https://www.sec.gov/dera/data/Public-EDGAR-log-file-data/2021/Qtr3/log20210930.zip,NOT_DOWNLOADED_SANDBOX_NETWORK_BLOCKED
2021-10-01,2021,4,https://www.sec.gov/dera/data/Public-EDGAR-log-file-data/2021/Qtr4/log20211001.zip,NOT_DOWNLOADED_SANDBOX_NETWORK_BLOCKED
2021-10-02,2021,4,https://www.sec.gov/dera/data/Public-EDGAR-log-file-data/2021/Qtr4/log20211002.zip,NOT_DOWNLOADED_SANDBOX_NETWORK_BLOCKED
2021-10-03,2021,4,https://www.sec.gov/dera/data/Public-EDGAR-log-file-data/2021/Qtr4/log20211003.zip,NOT_DOWNLOADED_SANDBOX_NETWORK_BLOCKED
2021-10-04,2021,4,https://www.sec.gov/dera/data/Public-EDGAR-log-file-data/2021/Qtr4/log20211004.zip,NOT_DOWNLOADED_SANDBOX_NETWORK_BLOCKED
2021-10-05,2021,4,https://www.sec.gov/dera/data/Public-EDGAR-log-file-data/2021/Qtr4/log20211005.zip,NOT_DOWNLOADED_SANDBOX_NETWORK_BLOCKED
2021-10-06,2021,4,https://www.sec.gov/dera/data/Public-EDGAR-log-file-data/2021/Qtr4/log20211006.zip,NOT_DOWNLOADED_SANDBOX_NETWORK_BLOCKED
2021-10-07,2021,4,https://www.sec.gov/dera/data/Public-EDGAR-log-file-data/2021/Qtr4/log20211007.zip,NOT_DOWNLOADED_SANDBOX_NETWORK_BLOCKED
2021-10-08,2021,4,https://www.sec.gov/dera/data/Public-EDGAR-log-file-data/2021/Qtr4/log20211008.zip,NOT_DOWNLOADED_SANDBOX_NETWORK_BLOCKED
2021-10-09,2021,4,https://www.sec.gov/dera/data/Public-EDGAR-log-file-data/2021/Qtr4/log20211009.zip,NOT_DOWNLOADED_SANDBOX_NETWORK_BLOCKED
2021-10-10,2021,4,https://www.sec.gov/dera/data/Public-EDGAR-log-file-data/2021/Qtr4/log20211010.zip,NOT_DOWNLOADED_SANDBOX_NETWORK_BLOCKED
2021-10-11,2021,4,https://www.sec.gov/dera/data/Public-EDGAR-log-file-data/2021/Qtr4/log20211011.zip,NOT_DOWNLOADED_SANDBOX_NETWORK_BLOCKED
2021-10-12,2021,4,https://www.sec.gov/dera/data/Public-EDGAR-log-file-data/2021/Qtr4/log20211012.zip,NOT_DOWNLOADED_SANDBOX_NETWORK_BLOCKED
2021-10-13,2021,4,https://www.sec.gov/dera/data/Public-EDGAR-log-file-data/2021/Qtr4/log20211013.zip,NOT_DOWNLOADED_SANDBOX_NETWORK_BLOCKED
2021-10-14,2021,4,https://www.sec.gov/dera/data/Public-EDGAR-log-file-data/2021/Qtr4/log20211014.zip,NOT_DOWNLOADED_SANDBOX_NETWORK_BLOCKED
2021-10-15,2021,4,https://www.sec.gov/dera/data/Public-EDGAR-log-file-data/2021/Qtr4/log20211015.zip,NOT_DOWNLOADED_SANDBOX_NETWORK_BLOCKED
2021-10-16,2021,4,https://www.sec.gov/dera/data/Public-EDGAR-log-file-data/2021/Qtr4/log20211016.zip,NOT_DOWNLOADED_SANDBOX_NETWORK_BLOCKED
2021-10-17,2021,4,https://www.sec.gov/dera/data/Public-EDGAR-log-file-data/2021/Qtr4/log20211017.zip,NOT_DOWNLOADED_SANDBOX_NETWORK_BLOCKED
2021-10-18,2021,4,https://www.sec.gov/dera/data/Public-EDGAR-log-file-data/2021/Qtr4/log20211018.zip,NOT_DOWNLOADED_SANDBOX_NETWORK_BLOCKED
2021-10-19,2021,4,https://www.sec.gov/dera/data/Public-EDGAR-log-file-data/2021/Qtr4/log20211019.zip,NOT_DOWNLOADED_SANDBOX_NETWORK_BLOCKED
2021-10-20,2021,4,https://www.sec.gov/dera/data/Public-EDGAR-log-file-data/2021/Qtr4/log20211020.zip,NOT_DOWNLOADED_SANDBOX_NETWORK_BLOCKED
2021-10-21,2021,4,https://www.sec.gov/dera/data/Public-EDGAR-log-file-data/2021/Qtr4/log20211021.zip,NOT_DOWNLOADED_SANDBOX_NETWORK_BLOCKED
2021-10-22,2021,4,https://www.sec.gov/dera/data/Public-EDGAR-log-file-data/2021/Qtr4/log20211022.zip,NOT_DOWNLOADED_SANDBOX_NETWORK_BLOCKED
2021-10-23,2021,4,https://www.sec.gov/dera/data/Public-EDGAR-log-file-data/2021/Qtr4/log20211023.zip,NOT_DOWNLOADED_SANDBOX_NETWORK_BLOCKED
2021-10-24,2021,4,https://www.sec.gov/dera/data/Public-EDGAR-log-file-data/2021/Qtr4/log20211024.zip,NOT_DOWNLOADED_SANDBOX_NETWORK_BLOCKED
2021-10-25,2021,4,https://www.sec.gov/dera/data/Public-EDGAR-log-file-data/2021/Qtr4/log20211025.zip,NOT_DOWNLOADED_SANDBOX_NETWORK_BLOCKED
2021-10-26,2021,4,https://www.sec.gov/dera/data/Public-EDGAR-log-file-data/2021/Qtr4/log20211026.zip,NOT_DOWNLOADED_SANDBOX_NETWORK_BLOCKED
2021-10-27,2021,4,https://www.sec.gov/dera/data/Public-EDGAR-log-file-data/2021/Qtr4/log20211027.zip,NOT_DOWNLOADED_SANDBOX_NETWORK_BLOCKED
2021-10-28,2021,4,https://www.sec.gov/dera/data/Public-EDGAR-log-file-data/2021/Qtr4/log20211028.zip,NOT_DOWNLOADED_SANDBOX_NETWORK_BLOCKED
2021-10-29,2021,4,https://www.sec.gov/dera/data/Public-EDGAR-log-file-data/2021/Qtr4/log20211029.zip,NOT_DOWNLOADED_SANDBOX_NETWORK_BLOCKED
2021-10-30,2021,4,https://www.sec.gov/dera/data/Public-EDGAR-log-file-data/2021/Qtr4/log20211030.zip,NOT_DOWNLOADED_SANDBOX_NETWORK_BLOCKED
2021-10-31,2021,4,https://www.sec.gov/dera/data/Public-EDGAR-log-file-data/2021/Qtr4/log20211031.zip,NOT_DOWNLOADED_SANDBOX_NETWORK_BLOCKED
2021-11-01,2021,4,https://www.sec.gov/dera/data/Public-EDGAR-log-file-data/2021/Qtr4/log20211101.zip,NOT_DOWNLOADED_SANDBOX_NETWORK_BLOCKED
2021-11-02,2021,4,https://www.sec.gov/dera/data/Public-EDGAR-log-file-data/2021/Qtr4/log20211102.zip,NOT_DOWNLOADED_SANDBOX_NETWORK_BLOCKED
2021-11-03,2021,4,https://www.sec.gov/dera/data/Public-EDGAR-log-file-data/2021/Qtr4/log20211103.zip,NOT_DOWNLOADED_SANDBOX_NETWORK_BLOCKED
2021-11-04,2021,4,https://www.sec.gov/dera/data/Public-EDGAR-log-file-data/2021/Qtr4/log20211104.zip,NOT_DOWNLOADED_SANDBOX_NETWORK_BLOCKED
2021-11-05,2021,4,https://www.sec.gov/dera/data/Public-EDGAR-log-file-data/2021/Qtr4/log20211105.zip,NOT_DOWNLOADED_SANDBOX_NETWORK_BLOCKED
2021-11-06,2021,4,https://www.sec.gov/dera/data/Public-EDGAR-log-file-data/2021/Qtr4/log20211106.zip,NOT_DOWNLOADED_SANDBOX_NETWORK_BLOCKED
2021-11-07,2021,4,https://www.sec.gov/dera/data/Public-EDGAR-log-file-data/2021/Qtr4/log20211107.zip,NOT_DOWNLOADED_SANDBOX_NETWORK_BLOCKED
2021-11-08,2021,4,https://www.sec.gov/dera/data/Public-EDGAR-log-file-data/2021/Qtr4/log20211108.zip,NOT_DOWNLOADED_SANDBOX_NETWORK_BLOCKED
2021-11-09,2021,4,https://www.sec.gov/dera/data/Public-EDGAR-log-file-data/2021/Qtr4/log20211109.zip,NOT_DOWNLOADED_SANDBOX_NETWORK_BLOCKED
2021-11-10,2021,4,https://www.sec.gov/dera/data/Public-EDGAR-log-file-data/2021/Qtr4/log20211110.zip,NOT_DOWNLOADED_SANDBOX_NETWORK_BLOCKED
2021-11-11,2021,4,https://www.sec.gov/dera/data/Public-EDGAR-log-file-data/2021/Qtr4/log20211111.zip,NOT_DOWNLOADED_SANDBOX_NETWORK_BLOCKED
2021-11-12,2021,4,https://www.sec.gov/dera/data/Public-EDGAR-log-file-data/2021/Qtr4/log20211112.zip,NOT_DOWNLOADED_SANDBOX_NETWORK_BLOCKED
2021-11-13,2021,4,https://www.sec.gov/dera/data/Public-EDGAR-log-file-data/2021/Qtr4/log20211113.zip,NOT_DOWNLOADED_SANDBOX_NETWORK_BLOCKED
2021-11-14,2021,4,https://www.sec.gov/dera/data/Public-EDGAR-log-file-data/2021/Qtr4/log20211114.zip,NOT_DOWNLOADED_SANDBOX_NETWORK_BLOCKED
2021-11-15,2021,4,https://www.sec.gov/dera/data/Public-EDGAR-log-file-data/2021/Qtr4/log20211115.zip,NOT_DOWNLOADED_SANDBOX_NETWORK_BLOCKED
2021-11-16,2021,4,https://www.sec.gov/dera/data/Public-EDGAR-log-file-data/2021/Qtr4/log20211116.zip,NOT_DOWNLOADED_SANDBOX_NETWORK_BLOCKED
2021-11-17,2021,4,https://www.sec.gov/dera/data/Public-EDGAR-log-file-data/2021/Qtr4/log20211117.zip,NOT_DOWNLOADED_SANDBOX_NETWORK_BLOCKED
2021-11-18,2021,4,https://www.sec.gov/dera/data/Public-EDGAR-log-file-data/2021/Qtr4/log20211118.zip,NOT_DOWNLOADED_SANDBOX_NETWORK_BLOCKED
2021-11-19,2021,4,https://www.sec.gov/dera/data/Public-EDGAR-log-file-data/2021/Qtr4/log20211119.zip,NOT_DOWNLOADED_SANDBOX_NETWORK_BLOCKED
2021-11-20,2021,4,https://www.sec.gov/dera/data/Public-EDGAR-log-file-data/2021/Qtr4/log20211120.zip,NOT_DOWNLOADED_SANDBOX_NETWORK_BLOCKED
2021-11-21,2021,4,https://www.sec.gov/dera/data/Public-EDGAR-log-file-data/2021/Qtr4/log20211121.zip,NOT_DOWNLOADED_SANDBOX_NETWORK_BLOCKED
2021-11-22,2021,4,https://www.sec.gov/dera/data/Public-EDGAR-log-file-data/2021/Qtr4/log20211122.zip,NOT_DOWNLOADED_SANDBOX_NETWORK_BLOCKED
2021-11-23,2021,4,https://www.sec.gov/dera/data/Public-EDGAR-log-file-data/2021/Qtr4/log20211123.zip,NOT_DOWNLOADED_SANDBOX_NETWORK_BLOCKED
2021-11-24,2021,4,https://www.sec.gov/dera/data/Public-EDGAR-log-file-data/2021/Qtr4/log20211124.zip,NOT_DOWNLOADED_SANDBOX_NETWORK_BLOCKED
2021-11-25,2021,4,https://www.sec.gov/dera/data/Public-EDGAR-log-file-data/2021/Qtr4/log20211125.zip,NOT_DOWNLOADED_SANDBOX_NETWORK_BLOCKED
2021-11-26,2021,4,https://www.sec.gov/dera/data/Public-EDGAR-log-file-data/2021/Qtr4/log20211126.zip,NOT_DOWNLOADED_SANDBOX_NETWORK_BLOCKED
2021-11-27,2021,4,https://www.sec.gov/dera/data/Public-EDGAR-log-file-data/2021/Qtr4/log20211127.zip,NOT_DOWNLOADED_SANDBOX_NETWORK_BLOCKED
2021-11-28,2021,4,https://www.sec.gov/dera/data/Public-EDGAR-log-file-data/2021/Qtr4/log20211128.zip,NOT_DOWNLOADED_SANDBOX_NETWORK_BLOCKED
2021-11-29,2021,4,https://www.sec.gov/dera/data/Public-EDGAR-log-file-data/2021/Qtr4/log20211129.zip,NOT_DOWNLOADED_SANDBOX_NETWORK_BLOCKED
2021-11-30,2021,4,https://www.sec.gov/dera/data/Public-EDGAR-log-file-data/2021/Qtr4/log20211130.zip,NOT_DOWNLOADED_SANDBOX_NETWORK_BLOCKED
2021-12-01,2021,4,https://www.sec.gov/dera/data/Public-EDGAR-log-file-data/2021/Qtr4/log20211201.zip,NOT_DOWNLOADED_SANDBOX_NETWORK_BLOCKED
2021-12-02,2021,4,https://www.sec.gov/dera/data/Public-EDGAR-log-file-data/2021/Qtr4/log20211202.zip,NOT_DOWNLOADED_SANDBOX_NETWORK_BLOCKED
2021-12-03,2021,4,https://www.sec.gov/dera/data/Public-EDGAR-log-file-data/2021/Qtr4/log20211203.zip,NOT_DOWNLOADED_SANDBOX_NETWORK_BLOCKED
2021-12-04,2021,4,https://www.sec.gov/dera/data/Public-EDGAR-log-file-data/2021/Qtr4/log20211204.zip,NOT_DOWNLOADED_SANDBOX_NETWORK_BLOCKED
2021-12-05,2021,4,https://www.sec.gov/dera/data/Public-EDGAR-log-file-data/2021/Qtr4/log20211205.zip,NOT_DOWNLOADED_SANDBOX_NETWORK_BLOCKED
2021-12-06,2021,4,https://www.sec.gov/dera/data/Public-EDGAR-log-file-data/2021/Qtr4/log20211206.zip,NOT_DOWNLOADED_SANDBOX_NETWORK_BLOCKED
2021-12-07,2021,4,https://www.sec.gov/dera/data/Public-EDGAR-log-file-data/2021/Qtr4/log20211207.zip,NOT_DOWNLOADED_SANDBOX_NETWORK_BLOCKED
2021-12-08,2021,4,https://www.sec.gov/dera/data/Public-EDGAR-log-file-data/2021/Qtr4/log20211208.zip,NOT_DOWNLOADED_SANDBOX_NETWORK_BLOCKED
2021-12-09,2021,4,https://www.sec.gov/dera/data/Public-EDGAR-log-file-data/2021/Qtr4/log20211209.zip,NOT_DOWNLOADED_SANDBOX_NETWORK_BLOCKED
2021-12-10,2021,4,https://www.sec.gov/dera/data/Public-EDGAR-log-file-data/2021/Qtr4/log20211210.zip,NOT_DOWNLOADED_SANDBOX_NETWORK_BLOCKED
2021-12-11,2021,4,https://www.sec.gov/dera/data/Public-EDGAR-log-file-data/2021/Qtr4/log20211211.zip,NOT_DOWNLOADED_SANDBOX_NETWORK_BLOCKED
2021-12-12,2021,4,https://www.sec.gov/dera/data/Public-EDGAR-log-file-data/2021/Qtr4/log20211212.zip,NOT_DOWNLOADED_SANDBOX_NETWORK_BLOCKED
2021-12-13,2021,4,https://www.sec.gov/dera/data/Public-EDGAR-log-file-data/2021/Qtr4/log20211213.zip,NOT_DOWNLOADED_SANDBOX_NETWORK_BLOCKED
2021-12-14,2021,4,https://www.sec.gov/dera/data/Public-EDGAR-log-file-data/2021/Qtr4/log20211214.zip,NOT_DOWNLOADED_SANDBOX_NETWORK_BLOCKED
2021-12-15,2021,4,https://www.sec.gov/dera/data/Public-EDGAR-log-file-data/2021/Qtr4/log20211215.zip,NOT_DOWNLOADED_SANDBOX_NETWORK_BLOCKED
2021-12-16,2021,4,https://www.sec.gov/dera/data/Public-EDGAR-log-file-data/2021/Qtr4/log20211216.zip,NOT_DOWNLOADED_SANDBOX_NETWORK_BLOCKED
2021-12-17,2021,4,https://www.sec.gov/dera/data/Public-EDGAR-log-file-data/2021/Qtr4/log20211217.zip,NOT_DOWNLOADED_SANDBOX_NETWORK_BLOCKED
2021-12-18,2021,4,https://www.sec.gov/dera/data/Public-EDGAR-log-file-data/2021/Qtr4/log20211218.zip,NOT_DOWNLOADED_SANDBOX_NETWORK_BLOCKED
2021-12-19,2021,4,https://www.sec.gov/dera/data/Public-EDGAR-log-file-data/2021/Qtr4/log20211219.zip,NOT_DOWNLOADED_SANDBOX_NETWORK_BLOCKED
2021-12-20,2021,4,https://www.sec.gov/dera/data/Public-EDGAR-log-file-data/2021/Qtr4/log20211220.zip,NOT_DOWNLOADED_SANDBOX_NETWORK_BLOCKED
2021-12-21,2021,4,https://www.sec.gov/dera/data/Public-EDGAR-log-file-data/2021/Qtr4/log20211221.zip,NOT_DOWNLOADED_SANDBOX_NETWORK_BLOCKED
2021-12-22,2021,4,https://www.sec.gov/dera/data/Public-EDGAR-log-file-data/2021/Qtr4/log20211222.zip,NOT_DOWNLOADED_SANDBOX_NETWORK_BLOCKED
2021-12-23,2021,4,https://www.sec.gov/dera/data/Public-EDGAR-log-file-data/2021/Qtr4/log20211223.zip,NOT_DOWNLOADED_SANDBOX_NETWORK_BLOCKED
2021-12-24,2021,4,https://www.sec.gov/dera/data/Public-EDGAR-log-file-data/2021/Qtr4/log20211224.zip,NOT_DOWNLOADED_SANDBOX_NETWORK_BLOCKED
2021-12-25,2021,4,https://www.sec.gov/dera/data/Public-EDGAR-log-file-data/2021/Qtr4/log20211225.zip,NOT_DOWNLOADED_SANDBOX_NETWORK_BLOCKED
2021-12-26,2021,4,https://www.sec.gov/dera/data/Public-EDGAR-log-file-data/2021/Qtr4/log20211226.zip,NOT_DOWNLOADED_SANDBOX_NETWORK_BLOCKED
2021-12-27,2021,4,https://www.sec.gov/dera/data/Public-EDGAR-log-file-data/2021/Qtr4/log20211227.zip,NOT_DOWNLOADED_SANDBOX_NETWORK_BLOCKED
2021-12-28,2021,4,https://www.sec.gov/dera/data/Public-EDGAR-log-file-data/2021/Qtr4/log20211228.zip,NOT_DOWNLOADED_SANDBOX_NETWORK_BLOCKED
2021-12-29,2021,4,https://www.sec.gov/dera/data/Public-EDGAR-log-file-data/2021/Qtr4/log20211229.zip,NOT_DOWNLOADED_SANDBOX_NETWORK_BLOCKED
2021-12-30,2021,4,https://www.sec.gov/dera/data/Public-EDGAR-log-file-data/2021/Qtr4/log20211230.zip,NOT_DOWNLOADED_SANDBOX_NETWORK_BLOCKED
2021-12-31,2021,4,https://www.sec.gov/dera/data/Public-EDGAR-log-file-data/2021/Qtr4/log20211231.zip,NOT_DOWNLOADED_SANDBOX_NETWORK_BLOCKED
2022-01-01,2022,1,https://www.sec.gov/dera/data/Public-EDGAR-log-file-data/2022/Qtr1/log20220101.zip,NOT_DOWNLOADED_SANDBOX_NETWORK_BLOCKED
2022-01-02,2022,1,https://www.sec.gov/dera/data/Public-EDGAR-log-file-data/2022/Qtr1/log20220102.zip,NOT_DOWNLOADED_SANDBOX_NETWORK_BLOCKED
2022-01-03,2022,1,https://www.sec.gov/dera/data/Public-EDGAR-log-file-data/2022/Qtr1/log20220103.zip,NOT_DOWNLOADED_SANDBOX_NETWORK_BLOCKED
2022-01-04,2022,1,https://www.sec.gov/dera/data/Public-EDGAR-log-file-data/2022/Qtr1/log20220104.zip,NOT_DOWNLOADED_SANDBOX_NETWORK_BLOCKED
2022-01-05,2022,1,https://www.sec.gov/dera/data/Public-EDGAR-log-file-data/2022/Qtr1/log20220105.zip,NOT_DOWNLOADED_SANDBOX_NETWORK_BLOCKED
2022-01-06,2022,1,https://www.sec.gov/dera/data/Public-EDGAR-log-file-data/2022/Qtr1/log20220106.zip,NOT_DOWNLOADED_SANDBOX_NETWORK_BLOCKED
2022-01-07,2022,1,https://www.sec.gov/dera/data/Public-EDGAR-log-file-data/2022/Qtr1/log20220107.zip,NOT_DOWNLOADED_SANDBOX_NETWORK_BLOCKED
2022-01-08,2022,1,https://www.sec.gov/dera/data/Public-EDGAR-log-file-data/2022/Qtr1/log20220108.zip,NOT_DOWNLOADED_SANDBOX_NETWORK_BLOCKED
2022-01-09,2022,1,https://www.sec.gov/dera/data/Public-EDGAR-log-file-data/2022/Qtr1/log20220109.zip,NOT_DOWNLOADED_SANDBOX_NETWORK_BLOCKED
2022-01-10,2022,1,https://www.sec.gov/dera/data/Public-EDGAR-log-file-data/2022/Qtr1/log20220110.zip,NOT_DOWNLOADED_SANDBOX_NETWORK_BLOCKED
2022-01-11,2022,1,https://www.sec.gov/dera/data/Public-EDGAR-log-file-data/2022/Qtr1/log20220111.zip,NOT_DOWNLOADED_SANDBOX_NETWORK_BLOCKED
2022-01-12,2022,1,https://www.sec.gov/dera/data/Public-EDGAR-log-file-data/2022/Qtr1/log20220112.zip,NOT_DOWNLOADED_SANDBOX_NETWORK_BLOCKED
2022-01-13,2022,1,https://www.sec.gov/dera/data/Public-EDGAR-log-file-data/2022/Qtr1/log20220113.zip,NOT_DOWNLOADED_SANDBOX_NETWORK_BLOCKED
2022-01-14,2022,1,https://www.sec.gov/dera/data/Public-EDGAR-log-file-data/2022/Qtr1/log20220114.zip,NOT_DOWNLOADED_SANDBOX_NETWORK_BLOCKED
2022-01-15,2022,1,https://www.sec.gov/dera/data/Public-EDGAR-log-file-data/2022/Qtr1/log20220115.zip,NOT_DOWNLOADED_SANDBOX_NETWORK_BLOCKED
2022-01-16,2022,1,https://www.sec.gov/dera/data/Public-EDGAR-log-file-data/2022/Qtr1/log20220116.zip,NOT_DOWNLOADED_SANDBOX_NETWORK_BLOCKED
2022-01-17,2022,1,https://www.sec.gov/dera/data/Public-EDGAR-log-file-data/2022/Qtr1/log20220117.zip,NOT_DOWNLOADED_SANDBOX_NETWORK_BLOCKED
2022-01-18,2022,1,https://www.sec.gov/dera/data/Public-EDGAR-log-file-data/2022/Qtr1/log20220118.zip,NOT_DOWNLOADED_SANDBOX_NETWORK_BLOCKED
2022-01-19,2022,1,https://www.sec.gov/dera/data/Public-EDGAR-log-file-data/2022/Qtr1/log20220119.zip,NOT_DOWNLOADED_SANDBOX_NETWORK_BLOCKED
2022-01-20,2022,1,https://www.sec.gov/dera/data/Public-EDGAR-log-file-data/2022/Qtr1/log20220120.zip,NOT_DOWNLOADED_SANDBOX_NETWORK_BLOCKED
2022-01-21,2022,1,https://www.sec.gov/dera/data/Public-EDGAR-log-file-data/2022/Qtr1/log20220121.zip,NOT_DOWNLOADED_SANDBOX_NETWORK_BLOCKED
2022-01-22,2022,1,https://www.sec.gov/dera/data/Public-EDGAR-log-file-data/2022/Qtr1/log20220122.zip,NOT_DOWNLOADED_SANDBOX_NETWORK_BLOCKED
2022-01-23,2022,1,https://www.sec.gov/dera/data/Public-EDGAR-log-file-data/2022/Qtr1/log20220123.zip,NOT_DOWNLOADED_SANDBOX_NETWORK_BLOCKED
2022-01-24,2022,1,https://www.sec.gov/dera/data/Public-EDGAR-log-file-data/2022/Qtr1/log20220124.zip,NOT_DOWNLOADED_SANDBOX_NETWORK_BLOCKED
2022-01-25,2022,1,https://www.sec.gov/dera/data/Public-EDGAR-log-file-data/2022/Qtr1/log20220125.zip,NOT_DOWNLOADED_SANDBOX_NETWORK_BLOCKED
2022-01-26,2022,1,https://www.sec.gov/dera/data/Public-EDGAR-log-file-data/2022/Qtr1/log20220126.zip,NOT_DOWNLOADED_SANDBOX_NETWORK_BLOCKED
2022-01-27,2022,1,https://www.sec.gov/dera/data/Public-EDGAR-log-file-data/2022/Qtr1/log20220127.zip,NOT_DOWNLOADED_SANDBOX_NETWORK_BLOCKED
2022-01-28,2022,1,https://www.sec.gov/dera/data/Public-EDGAR-log-file-data/2022/Qtr1/log20220128.zip,NOT_DOWNLOADED_SANDBOX_NETWORK_BLOCKED
2022-01-29,2022,1,https://www.sec.gov/dera/data/Public-EDGAR-log-file-data/2022/Qtr1/log20220129.zip,NOT_DOWNLOADED_SANDBOX_NETWORK_BLOCKED
2022-01-30,2022,1,https://www.sec.gov/dera/data/Public-EDGAR-log-file-data/2022/Qtr1/log20220130.zip,NOT_DOWNLOADED_SANDBOX_NETWORK_BLOCKED
2022-01-31,2022,1,https://www.sec.gov/dera/data/Public-EDGAR-log-file-data/2022/Qtr1/log20220131.zip,NOT_DOWNLOADED_SANDBOX_NETWORK_BLOCKED
2022-02-01,2022,1,https://www.sec.gov/dera/data/Public-EDGAR-log-file-data/2022/Qtr1/log20220201.zip,NOT_DOWNLOADED_SANDBOX_NETWORK_BLOCKED
2022-02-02,2022,1,https://www.sec.gov/dera/data/Public-EDGAR-log-file-data/2022/Qtr1/log20220202.zip,NOT_DOWNLOADED_SANDBOX_NETWORK_BLOCKED
2022-02-03,2022,1,https://www.sec.gov/dera/data/Public-EDGAR-log-file-data/2022/Qtr1/log20220203.zip,NOT_DOWNLOADED_SANDBOX_NETWORK_BLOCKED
2022-02-04,2022,1,https://www.sec.gov/dera/data/Public-EDGAR-log-file-data/2022/Qtr1/log20220204.zip,NOT_DOWNLOADED_SANDBOX_NETWORK_BLOCKED
2022-02-05,2022,1,https://www.sec.gov/dera/data/Public-EDGAR-log-file-data/2022/Qtr1/log20220205.zip,NOT_DOWNLOADED_SANDBOX_NETWORK_BLOCKED
2022-02-06,2022,1,https://www.sec.gov/dera/data/Public-EDGAR-log-file-data/2022/Qtr1/log20220206.zip,NOT_DOWNLOADED_SANDBOX_NETWORK_BLOCKED
2022-02-07,2022,1,https://www.sec.gov/dera/data/Public-EDGAR-log-file-data/2022/Qtr1/log20220207.zip,NOT_DOWNLOADED_SANDBOX_NETWORK_BLOCKED
2022-02-08,2022,1,https://www.sec.gov/dera/data/Public-EDGAR-log-file-data/2022/Qtr1/log20220208.zip,NOT_DOWNLOADED_SANDBOX_NETWORK_BLOCKED
2022-02-09,2022,1,https://www.sec.gov/dera/data/Public-EDGAR-log-file-data/2022/Qtr1/log20220209.zip,NOT_DOWNLOADED_SANDBOX_NETWORK_BLOCKED
2022-02-10,2022,1,https://www.sec.gov/dera/data/Public-EDGAR-log-file-data/2022/Qtr1/log20220210.zip,NOT_DOWNLOADED_SANDBOX_NETWORK_BLOCKED
2022-02-11,2022,1,https://www.sec.gov/dera/data/Public-EDGAR-log-file-data/2022/Qtr1/log20220211.zip,NOT_DOWNLOADED_SANDBOX_NETWORK_BLOCKED
2022-02-12,2022,1,https://www.sec.gov/dera/data/Public-EDGAR-log-file-data/2022/Qtr1/log20220212.zip,NOT_DOWNLOADED_SANDBOX_NETWORK_BLOCKED
2022-02-13,2022,1,https://www.sec.gov/dera/data/Public-EDGAR-log-file-data/2022/Qtr1/log20220213.zip,NOT_DOWNLOADED_SANDBOX_NETWORK_BLOCKED
2022-02-14,2022,1,https://www.sec.gov/dera/data/Public-EDGAR-log-file-data/2022/Qtr1/log20220214.zip,NOT_DOWNLOADED_SANDBOX_NETWORK_BLOCKED
2022-02-15,2022,1,https://www.sec.gov/dera/data/Public-EDGAR-log-file-data/2022/Qtr1/log20220215.zip,NOT_DOWNLOADED_SANDBOX_NETWORK_BLOCKED
2022-02-16,2022,1,https://www.sec.gov/dera/data/Public-EDGAR-log-file-data/2022/Qtr1/log20220216.zip,NOT_DOWNLOADED_SANDBOX_NETWORK_BLOCKED
2022-02-17,2022,1,https://www.sec.gov/dera/data/Public-EDGAR-log-file-data/2022/Qtr1/log20220217.zip,NOT_DOWNLOADED_SANDBOX_NETWORK_BLOCKED
2022-02-18,2022,1,https://www.sec.gov/dera/data/Public-EDGAR-log-file-data/2022/Qtr1/log20220218.zip,NOT_DOWNLOADED_SANDBOX_NETWORK_BLOCKED
2022-02-19,2022,1,https://www.sec.gov/dera/data/Public-EDGAR-log-file-data/2022/Qtr1/log20220219.zip,NOT_DOWNLOADED_SANDBOX_NETWORK_BLOCKED
2022-02-20,2022,1,https://www.sec.gov/dera/data/Public-EDGAR-log-file-data/2022/Qtr1/log20220220.zip,NOT_DOWNLOADED_SANDBOX_NETWORK_BLOCKED
2022-02-21,2022,1,https://www.sec.gov/dera/data/Public-EDGAR-log-file-data/2022/Qtr1/log20220221.zip,NOT_DOWNLOADED_SANDBOX_NETWORK_BLOCKED
2022-02-22,2022,1,https://www.sec.gov/dera/data/Public-EDGAR-log-file-data/2022/Qtr1/log20220222.zip,NOT_DOWNLOADED_SANDBOX_NETWORK_BLOCKED
2022-02-23,2022,1,https://www.sec.gov/dera/data/Public-EDGAR-log-file-data/2022/Qtr1/log20220223.zip,NOT_DOWNLOADED_SANDBOX_NETWORK_BLOCKED
2022-02-24,2022,1,https://www.sec.gov/dera/data/Public-EDGAR-log-file-data/2022/Qtr1/log20220224.zip,NOT_DOWNLOADED_SANDBOX_NETWORK_BLOCKED
2022-02-25,2022,1,https://www.sec.gov/dera/data/Public-EDGAR-log-file-data/2022/Qtr1/log20220225.zip,NOT_DOWNLOADED_SANDBOX_NETWORK_BLOCKED
2022-02-26,2022,1,https://www.sec.gov/dera/data/Public-EDGAR-log-file-data/2022/Qtr1/log20220226.zip,NOT_DOWNLOADED_SANDBOX_NETWORK_BLOCKED
2022-02-27,2022,1,https://www.sec.gov/dera/data/Public-EDGAR-log-file-data/2022/Qtr1/log20220227.zip,NOT_DOWNLOADED_SANDBOX_NETWORK_BLOCKED
2022-02-28,2022,1,https://www.sec.gov/dera/data/Public-EDGAR-log-file-data/2022/Qtr1/log20220228.zip,NOT_DOWNLOADED_SANDBOX_NETWORK_BLOCKED
2022-03-01,2022,1,https://www.sec.gov/dera/data/Public-EDGAR-log-file-data/2022/Qtr1/log20220301.zip,NOT_DOWNLOADED_SANDBOX_NETWORK_BLOCKED
2022-03-02,2022,1,https://www.sec.gov/dera/data/Public-EDGAR-log-file-data/2022/Qtr1/log20220302.zip,NOT_DOWNLOADED_SANDBOX_NETWORK_BLOCKED
2022-03-03,2022,1,https://www.sec.gov/dera/data/Public-EDGAR-log-file-data/2022/Qtr1/log20220303.zip,NOT_DOWNLOADED_SANDBOX_NETWORK_BLOCKED
2022-03-04,2022,1,https://www.sec.gov/dera/data/Public-EDGAR-log-file-data/2022/Qtr1/log20220304.zip,NOT_DOWNLOADED_SANDBOX_NETWORK_BLOCKED
2022-03-05,2022,1,https://www.sec.gov/dera/data/Public-EDGAR-log-file-data/2022/Qtr1/log20220305.zip,NOT_DOWNLOADED_SANDBOX_NETWORK_BLOCKED
2022-03-06,2022,1,https://www.sec.gov/dera/data/Public-EDGAR-log-file-data/2022/Qtr1/log20220306.zip,NOT_DOWNLOADED_SANDBOX_NETWORK_BLOCKED
2022-03-07,2022,1,https://www.sec.gov/dera/data/Public-EDGAR-log-file-data/2022/Qtr1/log20220307.zip,NOT_DOWNLOADED_SANDBOX_NETWORK_BLOCKED
2022-03-08,2022,1,https://www.sec.gov/dera/data/Public-EDGAR-log-file-data/2022/Qtr1/log20220308.zip,NOT_DOWNLOADED_SANDBOX_NETWORK_BLOCKED
2022-03-09,2022,1,https://www.sec.gov/dera/data/Public-EDGAR-log-file-data/2022/Qtr1/log20220309.zip,NOT_DOWNLOADED_SANDBOX_NETWORK_BLOCKED
2022-03-10,2022,1,https://www.sec.gov/dera/data/Public-EDGAR-log-file-data/2022/Qtr1/log20220310.zip,NOT_DOWNLOADED_SANDBOX_NETWORK_BLOCKED
2022-03-11,2022,1,https://www.sec.gov/dera/data/Public-EDGAR-log-file-data/2022/Qtr1/log20220311.zip,NOT_DOWNLOADED_SANDBOX_NETWORK_BLOCKED
2022-03-12,2022,1,https://www.sec.gov/dera/data/Public-EDGAR-log-file-data/2022/Qtr1/log20220312.zip,NOT_DOWNLOADED_SANDBOX_NETWORK_BLOCKED
2022-03-13,2022,1,https://www.sec.gov/dera/data/Public-EDGAR-log-file-data/2022/Qtr1/log20220313.zip,NOT_DOWNLOADED_SANDBOX_NETWORK_BLOCKED
2022-03-14,2022,1,https://www.sec.gov/dera/data/Public-EDGAR-log-file-data/2022/Qtr1/log20220314.zip,NOT_DOWNLOADED_SANDBOX_NETWORK_BLOCKED
2022-03-15,2022,1,https://www.sec.gov/dera/data/Public-EDGAR-log-file-data/2022/Qtr1/log20220315.zip,NOT_DOWNLOADED_SANDBOX_NETWORK_BLOCKED
2022-03-16,2022,1,https://www.sec.gov/dera/data/Public-EDGAR-log-file-data/2022/Qtr1/log20220316.zip,NOT_DOWNLOADED_SANDBOX_NETWORK_BLOCKED
2022-03-17,2022,1,https://www.sec.gov/dera/data/Public-EDGAR-log-file-data/2022/Qtr1/log20220317.zip,NOT_DOWNLOADED_SANDBOX_NETWORK_BLOCKED
2022-03-18,2022,1,https://www.sec.gov/dera/data/Public-EDGAR-log-file-data/2022/Qtr1/log20220318.zip,NOT_DOWNLOADED_SANDBOX_NETWORK_BLOCKED
2022-03-19,2022,1,https://www.sec.gov/dera/data/Public-EDGAR-log-file-data/2022/Qtr1/log20220319.zip,NOT_DOWNLOADED_SANDBOX_NETWORK_BLOCKED
2022-03-20,2022,1,https://www.sec.gov/dera/data/Public-EDGAR-log-file-data/2022/Qtr1/log20220320.zip,NOT_DOWNLOADED_SANDBOX_NETWORK_BLOCKED
2022-03-21,2022,1,https://www.sec.gov/dera/data/Public-EDGAR-log-file-data/2022/Qtr1/log20220321.zip,NOT_DOWNLOADED_SANDBOX_NETWORK_BLOCKED
2022-03-22,2022,1,https://www.sec.gov/dera/data/Public-EDGAR-log-file-data/2022/Qtr1/log20220322.zip,NOT_DOWNLOADED_SANDBOX_NETWORK_BLOCKED
2022-03-23,2022,1,https://www.sec.gov/dera/data/Public-EDGAR-log-file-data/2022/Qtr1/log20220323.zip,NOT_DOWNLOADED_SANDBOX_NETWORK_BLOCKED
2022-03-24,2022,1,https://www.sec.gov/dera/data/Public-EDGAR-log-file-data/2022/Qtr1/log20220324.zip,NOT_DOWNLOADED_SANDBOX_NETWORK_BLOCKED
2022-03-25,2022,1,https://www.sec.gov/dera/data/Public-EDGAR-log-file-data/2022/Qtr1/log20220325.zip,NOT_DOWNLOADED_SANDBOX_NETWORK_BLOCKED
2022-03-26,2022,1,https://www.sec.gov/dera/data/Public-EDGAR-log-file-data/2022/Qtr1/log20220326.zip,NOT_DOWNLOADED_SANDBOX_NETWORK_BLOCKED
2022-03-27,2022,1,https://www.sec.gov/dera/data/Public-EDGAR-log-file-data/2022/Qtr1/log20220327.zip,NOT_DOWNLOADED_SANDBOX_NETWORK_BLOCKED
2022-03-28,2022,1,https://www.sec.gov/dera/data/Public-EDGAR-log-file-data/2022/Qtr1/log20220328.zip,NOT_DOWNLOADED_SANDBOX_NETWORK_BLOCKED
2022-03-29,2022,1,https://www.sec.gov/dera/data/Public-EDGAR-log-file-data/2022/Qtr1/log20220329.zip,NOT_DOWNLOADED_SANDBOX_NETWORK_BLOCKED
2022-03-30,2022,1,https://www.sec.gov/dera/data/Public-EDGAR-log-file-data/2022/Qtr1/log20220330.zip,NOT_DOWNLOADED_SANDBOX_NETWORK_BLOCKED
2022-03-31,2022,1,https://www.sec.gov/dera/data/Public-EDGAR-log-file-data/2022/Qtr1/log20220331.zip,NOT_DOWNLOADED_SANDBOX_NETWORK_BLOCKED
2022-04-01,2022,2,https://www.sec.gov/dera/data/Public-EDGAR-log-file-data/2022/Qtr2/log20220401.zip,NOT_DOWNLOADED_SANDBOX_NETWORK_BLOCKED
2022-04-02,2022,2,https://www.sec.gov/dera/data/Public-EDGAR-log-file-data/2022/Qtr2/log20220402.zip,NOT_DOWNLOADED_SANDBOX_NETWORK_BLOCKED
2022-04-03,2022,2,https://www.sec.gov/dera/data/Public-EDGAR-log-file-data/2022/Qtr2/log20220403.zip,NOT_DOWNLOADED_SANDBOX_NETWORK_BLOCKED
2022-04-04,2022,2,https://www.sec.gov/dera/data/Public-EDGAR-log-file-data/2022/Qtr2/log20220404.zip,NOT_DOWNLOADED_SANDBOX_NETWORK_BLOCKED
2022-04-05,2022,2,https://www.sec.gov/dera/data/Public-EDGAR-log-file-data/2022/Qtr2/log20220405.zip,NOT_DOWNLOADED_SANDBOX_NETWORK_BLOCKED
2022-04-06,2022,2,https://www.sec.gov/dera/data/Public-EDGAR-log-file-data/2022/Qtr2/log20220406.zip,NOT_DOWNLOADED_SANDBOX_NETWORK_BLOCKED
2022-04-07,2022,2,https://www.sec.gov/dera/data/Public-EDGAR-log-file-data/2022/Qtr2/log20220407.zip,NOT_DOWNLOADED_SANDBOX_NETWORK_BLOCKED
2022-04-08,2022,2,https://www.sec.gov/dera/data/Public-EDGAR-log-file-data/2022/Qtr2/log20220408.zip,NOT_DOWNLOADED_SANDBOX_NETWORK_BLOCKED
2022-04-09,2022,2,https://www.sec.gov/dera/data/Public-EDGAR-log-file-data/2022/Qtr2/log20220409.zip,NOT_DOWNLOADED_SANDBOX_NETWORK_BLOCKED
2022-04-10,2022,2,https://www.sec.gov/dera/data/Public-EDGAR-log-file-data/2022/Qtr2/log20220410.zip,NOT_DOWNLOADED_SANDBOX_NETWORK_BLOCKED
2022-04-11,2022,2,https://www.sec.gov/dera/data/Public-EDGAR-log-file-data/2022/Qtr2/log20220411.zip,NOT_DOWNLOADED_SANDBOX_NETWORK_BLOCKED
2022-04-12,2022,2,https://www.sec.gov/dera/data/Public-EDGAR-log-file-data/2022/Qtr2/log20220412.zip,NOT_DOWNLOADED_SANDBOX_NETWORK_BLOCKED
2022-04-13,2022,2,https://www.sec.gov/dera/data/Public-EDGAR-log-file-data/2022/Qtr2/log20220413.zip,NOT_DOWNLOADED_SANDBOX_NETWORK_BLOCKED
2022-04-14,2022,2,https://www.sec.gov/dera/data/Public-EDGAR-log-file-data/2022/Qtr2/log20220414.zip,NOT_DOWNLOADED_SANDBOX_NETWORK_BLOCKED
2022-04-15,2022,2,https://www.sec.gov/dera/data/Public-EDGAR-log-file-data/2022/Qtr2/log20220415.zip,NOT_DOWNLOADED_SANDBOX_NETWORK_BLOCKED
2022-04-16,2022,2,https://www.sec.gov/dera/data/Public-EDGAR-log-file-data/2022/Qtr2/log20220416.zip,NOT_DOWNLOADED_SANDBOX_NETWORK_BLOCKED
2022-04-17,2022,2,https://www.sec.gov/dera/data/Public-EDGAR-log-file-data/2022/Qtr2/log20220417.zip,NOT_DOWNLOADED_SANDBOX_NETWORK_BLOCKED
2022-04-18,2022,2,https://www.sec.gov/dera/data/Public-EDGAR-log-file-data/2022/Qtr2/log20220418.zip,NOT_DOWNLOADED_SANDBOX_NETWORK_BLOCKED
2022-04-19,2022,2,https://www.sec.gov/dera/data/Public-EDGAR-log-file-data/2022/Qtr2/log20220419.zip,NOT_DOWNLOADED_SANDBOX_NETWORK_BLOCKED
2022-04-20,2022,2,https://www.sec.gov/dera/data/Public-EDGAR-log-file-data/2022/Qtr2/log20220420.zip,NOT_DOWNLOADED_SANDBOX_NETWORK_BLOCKED
2022-04-21,2022,2,https://www.sec.gov/dera/data/Public-EDGAR-log-file-data/2022/Qtr2/log20220421.zip,NOT_DOWNLOADED_SANDBOX_NETWORK_BLOCKED
2022-04-22,2022,2,https://www.sec.gov/dera/data/Public-EDGAR-log-file-data/2022/Qtr2/log20220422.zip,NOT_DOWNLOADED_SANDBOX_NETWORK_BLOCKED
2022-04-23,2022,2,https://www.sec.gov/dera/data/Public-EDGAR-log-file-data/2022/Qtr2/log20220423.zip,NOT_DOWNLOADED_SANDBOX_NETWORK_BLOCKED
2022-04-24,2022,2,https://www.sec.gov/dera/data/Public-EDGAR-log-file-data/2022/Qtr2/log20220424.zip,NOT_DOWNLOADED_SANDBOX_NETWORK_BLOCKED
2022-04-25,2022,2,https://www.sec.gov/dera/data/Public-EDGAR-log-file-data/2022/Qtr2/log20220425.zip,NOT_DOWNLOADED_SANDBOX_NETWORK_BLOCKED
2022-04-26,2022,2,https://www.sec.gov/dera/data/Public-EDGAR-log-file-data/2022/Qtr2/log20220426.zip,NOT_DOWNLOADED_SANDBOX_NETWORK_BLOCKED
2022-04-27,2022,2,https://www.sec.gov/dera/data/Public-EDGAR-log-file-data/2022/Qtr2/log20220427.zip,NOT_DOWNLOADED_SANDBOX_NETWORK_BLOCKED
2022-04-28,2022,2,https://www.sec.gov/dera/data/Public-EDGAR-log-file-data/2022/Qtr2/log20220428.zip,NOT_DOWNLOADED_SANDBOX_NETWORK_BLOCKED
2022-04-29,2022,2,https://www.sec.gov/dera/data/Public-EDGAR-log-file-data/2022/Qtr2/log20220429.zip,NOT_DOWNLOADED_SANDBOX_NETWORK_BLOCKED
2022-04-30,2022,2,https://www.sec.gov/dera/data/Public-EDGAR-log-file-data/2022/Qtr2/log20220430.zip,NOT_DOWNLOADED_SANDBOX_NETWORK_BLOCKED
2022-05-01,2022,2,https://www.sec.gov/dera/data/Public-EDGAR-log-file-data/2022/Qtr2/log20220501.zip,NOT_DOWNLOADED_SANDBOX_NETWORK_BLOCKED
2022-05-02,2022,2,https://www.sec.gov/dera/data/Public-EDGAR-log-file-data/2022/Qtr2/log20220502.zip,NOT_DOWNLOADED_SANDBOX_NETWORK_BLOCKED
2022-05-03,2022,2,https://www.sec.gov/dera/data/Public-EDGAR-log-file-data/2022/Qtr2/log20220503.zip,NOT_DOWNLOADED_SANDBOX_NETWORK_BLOCKED
2022-05-04,2022,2,https://www.sec.gov/dera/data/Public-EDGAR-log-file-data/2022/Qtr2/log20220504.zip,NOT_DOWNLOADED_SANDBOX_NETWORK_BLOCKED
2022-05-05,2022,2,https://www.sec.gov/dera/data/Public-EDGAR-log-file-data/2022/Qtr2/log20220505.zip,NOT_DOWNLOADED_SANDBOX_NETWORK_BLOCKED
2022-05-06,2022,2,https://www.sec.gov/dera/data/Public-EDGAR-log-file-data/2022/Qtr2/log20220506.zip,NOT_DOWNLOADED_SANDBOX_NETWORK_BLOCKED
2022-05-07,2022,2,https://www.sec.gov/dera/data/Public-EDGAR-log-file-data/2022/Qtr2/log20220507.zip,NOT_DOWNLOADED_SANDBOX_NETWORK_BLOCKED
2022-05-08,2022,2,https://www.sec.gov/dera/data/Public-EDGAR-log-file-data/2022/Qtr2/log20220508.zip,NOT_DOWNLOADED_SANDBOX_NETWORK_BLOCKED
2022-05-09,2022,2,https://www.sec.gov/dera/data/Public-EDGAR-log-file-data/2022/Qtr2/log20220509.zip,NOT_DOWNLOADED_SANDBOX_NETWORK_BLOCKED
2022-05-10,2022,2,https://www.sec.gov/dera/data/Public-EDGAR-log-file-data/2022/Qtr2/log20220510.zip,NOT_DOWNLOADED_SANDBOX_NETWORK_BLOCKED
2022-05-11,2022,2,https://www.sec.gov/dera/data/Public-EDGAR-log-file-data/2022/Qtr2/log20220511.zip,NOT_DOWNLOADED_SANDBOX_NETWORK_BLOCKED
2022-05-12,2022,2,https://www.sec.gov/dera/data/Public-EDGAR-log-file-data/2022/Qtr2/log20220512.zip,NOT_DOWNLOADED_SANDBOX_NETWORK_BLOCKED
2022-05-13,2022,2,https://www.sec.gov/dera/data/Public-EDGAR-log-file-data/2022/Qtr2/log20220513.zip,NOT_DOWNLOADED_SANDBOX_NETWORK_BLOCKED
2022-05-14,2022,2,https://www.sec.gov/dera/data/Public-EDGAR-log-file-data/2022/Qtr2/log20220514.zip,NOT_DOWNLOADED_SANDBOX_NETWORK_BLOCKED
2022-05-15,2022,2,https://www.sec.gov/dera/data/Public-EDGAR-log-file-data/2022/Qtr2/log20220515.zip,NOT_DOWNLOADED_SANDBOX_NETWORK_BLOCKED
2022-05-16,2022,2,https://www.sec.gov/dera/data/Public-EDGAR-log-file-data/2022/Qtr2/log20220516.zip,NOT_DOWNLOADED_SANDBOX_NETWORK_BLOCKED
2022-05-17,2022,2,https://www.sec.gov/dera/data/Public-EDGAR-log-file-data/2022/Qtr2/log20220517.zip,NOT_DOWNLOADED_SANDBOX_NETWORK_BLOCKED
2022-05-18,2022,2,https://www.sec.gov/dera/data/Public-EDGAR-log-file-data/2022/Qtr2/log20220518.zip,NOT_DOWNLOADED_SANDBOX_NETWORK_BLOCKED
2022-05-19,2022,2,https://www.sec.gov/dera/data/Public-EDGAR-log-file-data/2022/Qtr2/log20220519.zip,NOT_DOWNLOADED_SANDBOX_NETWORK_BLOCKED
2022-05-20,2022,2,https://www.sec.gov/dera/data/Public-EDGAR-log-file-data/2022/Qtr2/log20220520.zip,NOT_DOWNLOADED_SANDBOX_NETWORK_BLOCKED
2022-05-21,2022,2,https://www.sec.gov/dera/data/Public-EDGAR-log-file-data/2022/Qtr2/log20220521.zip,NOT_DOWNLOADED_SANDBOX_NETWORK_BLOCKED
2022-05-22,2022,2,https://www.sec.gov/dera/data/Public-EDGAR-log-file-data/2022/Qtr2/log20220522.zip,NOT_DOWNLOADED_SANDBOX_NETWORK_BLOCKED
2022-05-23,2022,2,https://www.sec.gov/dera/data/Public-EDGAR-log-file-data/2022/Qtr2/log20220523.zip,NOT_DOWNLOADED_SANDBOX_NETWORK_BLOCKED
2022-05-24,2022,2,https://www.sec.gov/dera/data/Public-EDGAR-log-file-data/2022/Qtr2/log20220524.zip,NOT_DOWNLOADED_SANDBOX_NETWORK_BLOCKED
2022-05-25,2022,2,https://www.sec.gov/dera/data/Public-EDGAR-log-file-data/2022/Qtr2/log20220525.zip,NOT_DOWNLOADED_SANDBOX_NETWORK_BLOCKED
2022-05-26,2022,2,https://www.sec.gov/dera/data/Public-EDGAR-log-file-data/2022/Qtr2/log20220526.zip,NOT_DOWNLOADED_SANDBOX_NETWORK_BLOCKED
2022-05-27,2022,2,https://www.sec.gov/dera/data/Public-EDGAR-log-file-data/2022/Qtr2/log20220527.zip,NOT_DOWNLOADED_SANDBOX_NETWORK_BLOCKED
2022-05-28,2022,2,https://www.sec.gov/dera/data/Public-EDGAR-log-file-data/2022/Qtr2/log20220528.zip,NOT_DOWNLOADED_SANDBOX_NETWORK_BLOCKED
2022-05-29,2022,2,https://www.sec.gov/dera/data/Public-EDGAR-log-file-data/2022/Qtr2/log20220529.zip,NOT_DOWNLOADED_SANDBOX_NETWORK_BLOCKED
2022-05-30,2022,2,https://www.sec.gov/dera/data/Public-EDGAR-log-file-data/2022/Qtr2/log20220530.zip,NOT_DOWNLOADED_SANDBOX_NETWORK_BLOCKED
2022-05-31,2022,2,https://www.sec.gov/dera/data/Public-EDGAR-log-file-data/2022/Qtr2/log20220531.zip,NOT_DOWNLOADED_SANDBOX_NETWORK_BLOCKED
2022-06-01,2022,2,https://www.sec.gov/dera/data/Public-EDGAR-log-file-data/2022/Qtr2/log20220601.zip,NOT_DOWNLOADED_SANDBOX_NETWORK_BLOCKED
2022-06-02,2022,2,https://www.sec.gov/dera/data/Public-EDGAR-log-file-data/2022/Qtr2/log20220602.zip,NOT_DOWNLOADED_SANDBOX_NETWORK_BLOCKED
2022-06-03,2022,2,https://www.sec.gov/dera/data/Public-EDGAR-log-file-data/2022/Qtr2/log20220603.zip,NOT_DOWNLOADED_SANDBOX_NETWORK_BLOCKED
2022-06-04,2022,2,https://www.sec.gov/dera/data/Public-EDGAR-log-file-data/2022/Qtr2/log20220604.zip,NOT_DOWNLOADED_SANDBOX_NETWORK_BLOCKED
2022-06-05,2022,2,https://www.sec.gov/dera/data/Public-EDGAR-log-file-data/2022/Qtr2/log20220605.zip,NOT_DOWNLOADED_SANDBOX_NETWORK_BLOCKED
2022-06-06,2022,2,https://www.sec.gov/dera/data/Public-EDGAR-log-file-data/2022/Qtr2/log20220606.zip,NOT_DOWNLOADED_SANDBOX_NETWORK_BLOCKED
2022-06-07,2022,2,https://www.sec.gov/dera/data/Public-EDGAR-log-file-data/2022/Qtr2/log20220607.zip,NOT_DOWNLOADED_SANDBOX_NETWORK_BLOCKED
2022-06-08,2022,2,https://www.sec.gov/dera/data/Public-EDGAR-log-file-data/2022/Qtr2/log20220608.zip,NOT_DOWNLOADED_SANDBOX_NETWORK_BLOCKED
2022-06-09,2022,2,https://www.sec.gov/dera/data/Public-EDGAR-log-file-data/2022/Qtr2/log20220609.zip,NOT_DOWNLOADED_SANDBOX_NETWORK_BLOCKED
2022-06-10,2022,2,https://www.sec.gov/dera/data/Public-EDGAR-log-file-data/2022/Qtr2/log20220610.zip,NOT_DOWNLOADED_SANDBOX_NETWORK_BLOCKED
2022-06-11,2022,2,https://www.sec.gov/dera/data/Public-EDGAR-log-file-data/2022/Qtr2/log20220611.zip,NOT_DOWNLOADED_SANDBOX_NETWORK_BLOCKED
2022-06-12,2022,2,https://www.sec.gov/dera/data/Public-EDGAR-log-file-data/2022/Qtr2/log20220612.zip,NOT_DOWNLOADED_SANDBOX_NETWORK_BLOCKED
2022-06-13,2022,2,https://www.sec.gov/dera/data/Public-EDGAR-log-file-data/2022/Qtr2/log20220613.zip,NOT_DOWNLOADED_SANDBOX_NETWORK_BLOCKED
2022-06-14,2022,2,https://www.sec.gov/dera/data/Public-EDGAR-log-file-data/2022/Qtr2/log20220614.zip,NOT_DOWNLOADED_SANDBOX_NETWORK_BLOCKED
2022-06-15,2022,2,https://www.sec.gov/dera/data/Public-EDGAR-log-file-data/2022/Qtr2/log20220615.zip,NOT_DOWNLOADED_SANDBOX_NETWORK_BLOCKED
2022-06-16,2022,2,https://www.sec.gov/dera/data/Public-EDGAR-log-file-data/2022/Qtr2/log20220616.zip,NOT_DOWNLOADED_SANDBOX_NETWORK_BLOCKED
2022-06-17,2022,2,https://www.sec.gov/dera/data/Public-EDGAR-log-file-data/2022/Qtr2/log20220617.zip,NOT_DOWNLOADED_SANDBOX_NETWORK_BLOCKED
2022-06-18,2022,2,https://www.sec.gov/dera/data/Public-EDGAR-log-file-data/2022/Qtr2/log20220618.zip,NOT_DOWNLOADED_SANDBOX_NETWORK_BLOCKED
2022-06-19,2022,2,https://www.sec.gov/dera/data/Public-EDGAR-log-file-data/2022/Qtr2/log20220619.zip,NOT_DOWNLOADED_SANDBOX_NETWORK_BLOCKED
2022-06-20,2022,2,https://www.sec.gov/dera/data/Public-EDGAR-log-file-data/2022/Qtr2/log20220620.zip,NOT_DOWNLOADED_SANDBOX_NETWORK_BLOCKED
2022-06-21,2022,2,https://www.sec.gov/dera/data/Public-EDGAR-log-file-data/2022/Qtr2/log20220621.zip,NOT_DOWNLOADED_SANDBOX_NETWORK_BLOCKED
2022-06-22,2022,2,https://www.sec.gov/dera/data/Public-EDGAR-log-file-data/2022/Qtr2/log20220622.zip,NOT_DOWNLOADED_SANDBOX_NETWORK_BLOCKED
2022-06-23,2022,2,https://www.sec.gov/dera/data/Public-EDGAR-log-file-data/2022/Qtr2/log20220623.zip,NOT_DOWNLOADED_SANDBOX_NETWORK_BLOCKED
2022-06-24,2022,2,https://www.sec.gov/dera/data/Public-EDGAR-log-file-data/2022/Qtr2/log20220624.zip,NOT_DOWNLOADED_SANDBOX_NETWORK_BLOCKED
2022-06-25,2022,2,https://www.sec.gov/dera/data/Public-EDGAR-log-file-data/2022/Qtr2/log20220625.zip,NOT_DOWNLOADED_SANDBOX_NETWORK_BLOCKED
2022-06-26,2022,2,https://www.sec.gov/dera/data/Public-EDGAR-log-file-data/2022/Qtr2/log20220626.zip,NOT_DOWNLOADED_SANDBOX_NETWORK_BLOCKED
2022-06-27,2022,2,https://www.sec.gov/dera/data/Public-EDGAR-log-file-data/2022/Qtr2/log20220627.zip,NOT_DOWNLOADED_SANDBOX_NETWORK_BLOCKED
2022-06-28,2022,2,https://www.sec.gov/dera/data/Public-EDGAR-log-file-data/2022/Qtr2/log20220628.zip,NOT_DOWNLOADED_SANDBOX_NETWORK_BLOCKED
2022-06-29,2022,2,https://www.sec.gov/dera/data/Public-EDGAR-log-file-data/2022/Qtr2/log20220629.zip,NOT_DOWNLOADED_SANDBOX_NETWORK_BLOCKED
2022-06-30,2022,2,https://www.sec.gov/dera/data/Public-EDGAR-log-file-data/2022/Qtr2/log20220630.zip,NOT_DOWNLOADED_SANDBOX_NETWORK_BLOCKED
2022-07-01,2022,3,https://www.sec.gov/dera/data/Public-EDGAR-log-file-data/2022/Qtr3/log20220701.zip,NOT_DOWNLOADED_SANDBOX_NETWORK_BLOCKED
2022-07-02,2022,3,https://www.sec.gov/dera/data/Public-EDGAR-log-file-data/2022/Qtr3/log20220702.zip,NOT_DOWNLOADED_SANDBOX_NETWORK_BLOCKED
2022-07-03,2022,3,https://www.sec.gov/dera/data/Public-EDGAR-log-file-data/2022/Qtr3/log20220703.zip,NOT_DOWNLOADED_SANDBOX_NETWORK_BLOCKED
2022-07-04,2022,3,https://www.sec.gov/dera/data/Public-EDGAR-log-file-data/2022/Qtr3/log20220704.zip,NOT_DOWNLOADED_SANDBOX_NETWORK_BLOCKED
2022-07-05,2022,3,https://www.sec.gov/dera/data/Public-EDGAR-log-file-data/2022/Qtr3/log20220705.zip,NOT_DOWNLOADED_SANDBOX_NETWORK_BLOCKED
2022-07-06,2022,3,https://www.sec.gov/dera/data/Public-EDGAR-log-file-data/2022/Qtr3/log20220706.zip,NOT_DOWNLOADED_SANDBOX_NETWORK_BLOCKED
2022-07-07,2022,3,https://www.sec.gov/dera/data/Public-EDGAR-log-file-data/2022/Qtr3/log20220707.zip,NOT_DOWNLOADED_SANDBOX_NETWORK_BLOCKED
2022-07-08,2022,3,https://www.sec.gov/dera/data/Public-EDGAR-log-file-data/2022/Qtr3/log20220708.zip,NOT_DOWNLOADED_SANDBOX_NETWORK_BLOCKED
2022-07-09,2022,3,https://www.sec.gov/dera/data/Public-EDGAR-log-file-data/2022/Qtr3/log20220709.zip,NOT_DOWNLOADED_SANDBOX_NETWORK_BLOCKED
2022-07-10,2022,3,https://www.sec.gov/dera/data/Public-EDGAR-log-file-data/2022/Qtr3/log20220710.zip,NOT_DOWNLOADED_SANDBOX_NETWORK_BLOCKED
2022-07-11,2022,3,https://www.sec.gov/dera/data/Public-EDGAR-log-file-data/2022/Qtr3/log20220711.zip,NOT_DOWNLOADED_SANDBOX_NETWORK_BLOCKED
2022-07-12,2022,3,https://www.sec.gov/dera/data/Public-EDGAR-log-file-data/2022/Qtr3/log20220712.zip,NOT_DOWNLOADED_SANDBOX_NETWORK_BLOCKED
2022-07-13,2022,3,https://www.sec.gov/dera/data/Public-EDGAR-log-file-data/2022/Qtr3/log20220713.zip,NOT_DOWNLOADED_SANDBOX_NETWORK_BLOCKED
2022-07-14,2022,3,https://www.sec.gov/dera/data/Public-EDGAR-log-file-data/2022/Qtr3/log20220714.zip,NOT_DOWNLOADED_SANDBOX_NETWORK_BLOCKED
2022-07-15,2022,3,https://www.sec.gov/dera/data/Public-EDGAR-log-file-data/2022/Qtr3/log20220715.zip,NOT_DOWNLOADED_SANDBOX_NETWORK_BLOCKED
2022-07-16,2022,3,https://www.sec.gov/dera/data/Public-EDGAR-log-file-data/2022/Qtr3/log20220716.zip,NOT_DOWNLOADED_SANDBOX_NETWORK_BLOCKED
2022-07-17,2022,3,https://www.sec.gov/dera/data/Public-EDGAR-log-file-data/2022/Qtr3/log20220717.zip,NOT_DOWNLOADED_SANDBOX_NETWORK_BLOCKED
2022-07-18,2022,3,https://www.sec.gov/dera/data/Public-EDGAR-log-file-data/2022/Qtr3/log20220718.zip,NOT_DOWNLOADED_SANDBOX_NETWORK_BLOCKED
2022-07-19,2022,3,https://www.sec.gov/dera/data/Public-EDGAR-log-file-data/2022/Qtr3/log20220719.zip,NOT_DOWNLOADED_SANDBOX_NETWORK_BLOCKED
2022-07-20,2022,3,https://www.sec.gov/dera/data/Public-EDGAR-log-file-data/2022/Qtr3/log20220720.zip,NOT_DOWNLOADED_SANDBOX_NETWORK_BLOCKED
2022-07-21,2022,3,https://www.sec.gov/dera/data/Public-EDGAR-log-file-data/2022/Qtr3/log20220721.zip,NOT_DOWNLOADED_SANDBOX_NETWORK_BLOCKED
2022-07-22,2022,3,https://www.sec.gov/dera/data/Public-EDGAR-log-file-data/2022/Qtr3/log20220722.zip,NOT_DOWNLOADED_SANDBOX_NETWORK_BLOCKED
2022-07-23,2022,3,https://www.sec.gov/dera/data/Public-EDGAR-log-file-data/2022/Qtr3/log20220723.zip,NOT_DOWNLOADED_SANDBOX_NETWORK_BLOCKED
2022-07-24,2022,3,https://www.sec.gov/dera/data/Public-EDGAR-log-file-data/2022/Qtr3/log20220724.zip,NOT_DOWNLOADED_SANDBOX_NETWORK_BLOCKED
2022-07-25,2022,3,https://www.sec.gov/dera/data/Public-EDGAR-log-file-data/2022/Qtr3/log20220725.zip,NOT_DOWNLOADED_SANDBOX_NETWORK_BLOCKED
2022-07-26,2022,3,https://www.sec.gov/dera/data/Public-EDGAR-log-file-data/2022/Qtr3/log20220726.zip,NOT_DOWNLOADED_SANDBOX_NETWORK_BLOCKED
2022-07-27,2022,3,https://www.sec.gov/dera/data/Public-EDGAR-log-file-data/2022/Qtr3/log20220727.zip,NOT_DOWNLOADED_SANDBOX_NETWORK_BLOCKED
2022-07-28,2022,3,https://www.sec.gov/dera/data/Public-EDGAR-log-file-data/2022/Qtr3/log20220728.zip,NOT_DOWNLOADED_SANDBOX_NETWORK_BLOCKED
2022-07-29,2022,3,https://www.sec.gov/dera/data/Public-EDGAR-log-file-data/2022/Qtr3/log20220729.zip,NOT_DOWNLOADED_SANDBOX_NETWORK_BLOCKED
2022-07-30,2022,3,https://www.sec.gov/dera/data/Public-EDGAR-log-file-data/2022/Qtr3/log20220730.zip,NOT_DOWNLOADED_SANDBOX_NETWORK_BLOCKED
2022-07-31,2022,3,https://www.sec.gov/dera/data/Public-EDGAR-log-file-data/2022/Qtr3/log20220731.zip,NOT_DOWNLOADED_SANDBOX_NETWORK_BLOCKED
2022-08-01,2022,3,https://www.sec.gov/dera/data/Public-EDGAR-log-file-data/2022/Qtr3/log20220801.zip,NOT_DOWNLOADED_SANDBOX_NETWORK_BLOCKED
2022-08-02,2022,3,https://www.sec.gov/dera/data/Public-EDGAR-log-file-data/2022/Qtr3/log20220802.zip,NOT_DOWNLOADED_SANDBOX_NETWORK_BLOCKED
2022-08-03,2022,3,https://www.sec.gov/dera/data/Public-EDGAR-log-file-data/2022/Qtr3/log20220803.zip,NOT_DOWNLOADED_SANDBOX_NETWORK_BLOCKED
2022-08-04,2022,3,https://www.sec.gov/dera/data/Public-EDGAR-log-file-data/2022/Qtr3/log20220804.zip,NOT_DOWNLOADED_SANDBOX_NETWORK_BLOCKED
2022-08-05,2022,3,https://www.sec.gov/dera/data/Public-EDGAR-log-file-data/2022/Qtr3/log20220805.zip,NOT_DOWNLOADED_SANDBOX_NETWORK_BLOCKED
2022-08-06,2022,3,https://www.sec.gov/dera/data/Public-EDGAR-log-file-data/2022/Qtr3/log20220806.zip,NOT_DOWNLOADED_SANDBOX_NETWORK_BLOCKED
2022-08-07,2022,3,https://www.sec.gov/dera/data/Public-EDGAR-log-file-data/2022/Qtr3/log20220807.zip,NOT_DOWNLOADED_SANDBOX_NETWORK_BLOCKED
2022-08-08,2022,3,https://www.sec.gov/dera/data/Public-EDGAR-log-file-data/2022/Qtr3/log20220808.zip,NOT_DOWNLOADED_SANDBOX_NETWORK_BLOCKED
2022-08-09,2022,3,https://www.sec.gov/dera/data/Public-EDGAR-log-file-data/2022/Qtr3/log20220809.zip,NOT_DOWNLOADED_SANDBOX_NETWORK_BLOCKED
2022-08-10,2022,3,https://www.sec.gov/dera/data/Public-EDGAR-log-file-data/2022/Qtr3/log20220810.zip,NOT_DOWNLOADED_SANDBOX_NETWORK_BLOCKED
2022-08-11,2022,3,https://www.sec.gov/dera/data/Public-EDGAR-log-file-data/2022/Qtr3/log20220811.zip,NOT_DOWNLOADED_SANDBOX_NETWORK_BLOCKED
2022-08-12,2022,3,https://www.sec.gov/dera/data/Public-EDGAR-log-file-data/2022/Qtr3/log20220812.zip,NOT_DOWNLOADED_SANDBOX_NETWORK_BLOCKED
2022-08-13,2022,3,https://www.sec.gov/dera/data/Public-EDGAR-log-file-data/2022/Qtr3/log20220813.zip,NOT_DOWNLOADED_SANDBOX_NETWORK_BLOCKED
2022-08-14,2022,3,https://www.sec.gov/dera/data/Public-EDGAR-log-file-data/2022/Qtr3/log20220814.zip,NOT_DOWNLOADED_SANDBOX_NETWORK_BLOCKED
2022-08-15,2022,3,https://www.sec.gov/dera/data/Public-EDGAR-log-file-data/2022/Qtr3/log20220815.zip,NOT_DOWNLOADED_SANDBOX_NETWORK_BLOCKED
2022-08-16,2022,3,https://www.sec.gov/dera/data/Public-EDGAR-log-file-data/2022/Qtr3/log20220816.zip,NOT_DOWNLOADED_SANDBOX_NETWORK_BLOCKED
2022-08-17,2022,3,https://www.sec.gov/dera/data/Public-EDGAR-log-file-data/2022/Qtr3/log20220817.zip,NOT_DOWNLOADED_SANDBOX_NETWORK_BLOCKED
2022-08-18,2022,3,https://www.sec.gov/dera/data/Public-EDGAR-log-file-data/2022/Qtr3/log20220818.zip,NOT_DOWNLOADED_SANDBOX_NETWORK_BLOCKED
2022-08-19,2022,3,https://www.sec.gov/dera/data/Public-EDGAR-log-file-data/2022/Qtr3/log20220819.zip,NOT_DOWNLOADED_SANDBOX_NETWORK_BLOCKED
2022-08-20,2022,3,https://www.sec.gov/dera/data/Public-EDGAR-log-file-data/2022/Qtr3/log20220820.zip,NOT_DOWNLOADED_SANDBOX_NETWORK_BLOCKED
2022-08-21,2022,3,https://www.sec.gov/dera/data/Public-EDGAR-log-file-data/2022/Qtr3/log20220821.zip,NOT_DOWNLOADED_SANDBOX_NETWORK_BLOCKED
2022-08-22,2022,3,https://www.sec.gov/dera/data/Public-EDGAR-log-file-data/2022/Qtr3/log20220822.zip,NOT_DOWNLOADED_SANDBOX_NETWORK_BLOCKED
2022-08-23,2022,3,https://www.sec.gov/dera/data/Public-EDGAR-log-file-data/2022/Qtr3/log20220823.zip,NOT_DOWNLOADED_SANDBOX_NETWORK_BLOCKED
2022-08-24,2022,3,https://www.sec.gov/dera/data/Public-EDGAR-log-file-data/2022/Qtr3/log20220824.zip,NOT_DOWNLOADED_SANDBOX_NETWORK_BLOCKED
2022-08-25,2022,3,https://www.sec.gov/dera/data/Public-EDGAR-log-file-data/2022/Qtr3/log20220825.zip,NOT_DOWNLOADED_SANDBOX_NETWORK_BLOCKED
2022-08-26,2022,3,https://www.sec.gov/dera/data/Public-EDGAR-log-file-data/2022/Qtr3/log20220826.zip,NOT_DOWNLOADED_SANDBOX_NETWORK_BLOCKED
2022-08-27,2022,3,https://www.sec.gov/dera/data/Public-EDGAR-log-file-data/2022/Qtr3/log20220827.zip,NOT_DOWNLOADED_SANDBOX_NETWORK_BLOCKED
2022-08-28,2022,3,https://www.sec.gov/dera/data/Public-EDGAR-log-file-data/2022/Qtr3/log20220828.zip,NOT_DOWNLOADED_SANDBOX_NETWORK_BLOCKED
2022-08-29,2022,3,https://www.sec.gov/dera/data/Public-EDGAR-log-file-data/2022/Qtr3/log20220829.zip,NOT_DOWNLOADED_SANDBOX_NETWORK_BLOCKED
2022-08-30,2022,3,https://www.sec.gov/dera/data/Public-EDGAR-log-file-data/2022/Qtr3/log20220830.zip,NOT_DOWNLOADED_SANDBOX_NETWORK_BLOCKED
2022-08-31,2022,3,https://www.sec.gov/dera/data/Public-EDGAR-log-file-data/2022/Qtr3/log20220831.zip,NOT_DOWNLOADED_SANDBOX_NETWORK_BLOCKED
2022-09-01,2022,3,https://www.sec.gov/dera/data/Public-EDGAR-log-file-data/2022/Qtr3/log20220901.zip,NOT_DOWNLOADED_SANDBOX_NETWORK_BLOCKED
2022-09-02,2022,3,https://www.sec.gov/dera/data/Public-EDGAR-log-file-data/2022/Qtr3/log20220902.zip,NOT_DOWNLOADED_SANDBOX_NETWORK_BLOCKED
2022-09-03,2022,3,https://www.sec.gov/dera/data/Public-EDGAR-log-file-data/2022/Qtr3/log20220903.zip,NOT_DOWNLOADED_SANDBOX_NETWORK_BLOCKED
2022-09-04,2022,3,https://www.sec.gov/dera/data/Public-EDGAR-log-file-data/2022/Qtr3/log20220904.zip,NOT_DOWNLOADED_SANDBOX_NETWORK_BLOCKED
2022-09-05,2022,3,https://www.sec.gov/dera/data/Public-EDGAR-log-file-data/2022/Qtr3/log20220905.zip,NOT_DOWNLOADED_SANDBOX_NETWORK_BLOCKED
2022-09-06,2022,3,https://www.sec.gov/dera/data/Public-EDGAR-log-file-data/2022/Qtr3/log20220906.zip,NOT_DOWNLOADED_SANDBOX_NETWORK_BLOCKED
2022-09-07,2022,3,https://www.sec.gov/dera/data/Public-EDGAR-log-file-data/2022/Qtr3/log20220907.zip,NOT_DOWNLOADED_SANDBOX_NETWORK_BLOCKED
2022-09-08,2022,3,https://www.sec.gov/dera/data/Public-EDGAR-log-file-data/2022/Qtr3/log20220908.zip,NOT_DOWNLOADED_SANDBOX_NETWORK_BLOCKED
2022-09-09,2022,3,https://www.sec.gov/dera/data/Public-EDGAR-log-file-data/2022/Qtr3/log20220909.zip,NOT_DOWNLOADED_SANDBOX_NETWORK_BLOCKED
2022-09-10,2022,3,https://www.sec.gov/dera/data/Public-EDGAR-log-file-data/2022/Qtr3/log20220910.zip,NOT_DOWNLOADED_SANDBOX_NETWORK_BLOCKED
2022-09-11,2022,3,https://www.sec.gov/dera/data/Public-EDGAR-log-file-data/2022/Qtr3/log20220911.zip,NOT_DOWNLOADED_SANDBOX_NETWORK_BLOCKED
2022-09-12,2022,3,https://www.sec.gov/dera/data/Public-EDGAR-log-file-data/2022/Qtr3/log20220912.zip,NOT_DOWNLOADED_SANDBOX_NETWORK_BLOCKED
2022-09-13,2022,3,https://www.sec.gov/dera/data/Public-EDGAR-log-file-data/2022/Qtr3/log20220913.zip,NOT_DOWNLOADED_SANDBOX_NETWORK_BLOCKED
2022-09-14,2022,3,https://www.sec.gov/dera/data/Public-EDGAR-log-file-data/2022/Qtr3/log20220914.zip,NOT_DOWNLOADED_SANDBOX_NETWORK_BLOCKED
2022-09-15,2022,3,https://www.sec.gov/dera/data/Public-EDGAR-log-file-data/2022/Qtr3/log20220915.zip,NOT_DOWNLOADED_SANDBOX_NETWORK_BLOCKED
2022-09-16,2022,3,https://www.sec.gov/dera/data/Public-EDGAR-log-file-data/2022/Qtr3/log20220916.zip,NOT_DOWNLOADED_SANDBOX_NETWORK_BLOCKED
2022-09-17,2022,3,https://www.sec.gov/dera/data/Public-EDGAR-log-file-data/2022/Qtr3/log20220917.zip,NOT_DOWNLOADED_SANDBOX_NETWORK_BLOCKED
2022-09-18,2022,3,https://www.sec.gov/dera/data/Public-EDGAR-log-file-data/2022/Qtr3/log20220918.zip,NOT_DOWNLOADED_SANDBOX_NETWORK_BLOCKED
2022-09-19,2022,3,https://www.sec.gov/dera/data/Public-EDGAR-log-file-data/2022/Qtr3/log20220919.zip,NOT_DOWNLOADED_SANDBOX_NETWORK_BLOCKED
2022-09-20,2022,3,https://www.sec.gov/dera/data/Public-EDGAR-log-file-data/2022/Qtr3/log20220920.zip,NOT_DOWNLOADED_SANDBOX_NETWORK_BLOCKED
2022-09-21,2022,3,https://www.sec.gov/dera/data/Public-EDGAR-log-file-data/2022/Qtr3/log20220921.zip,NOT_DOWNLOADED_SANDBOX_NETWORK_BLOCKED
2022-09-22,2022,3,https://www.sec.gov/dera/data/Public-EDGAR-log-file-data/2022/Qtr3/log20220922.zip,NOT_DOWNLOADED_SANDBOX_NETWORK_BLOCKED
2022-09-23,2022,3,https://www.sec.gov/dera/data/Public-EDGAR-log-file-data/2022/Qtr3/log20220923.zip,NOT_DOWNLOADED_SANDBOX_NETWORK_BLOCKED
2022-09-24,2022,3,https://www.sec.gov/dera/data/Public-EDGAR-log-file-data/2022/Qtr3/log20220924.zip,NOT_DOWNLOADED_SANDBOX_NETWORK_BLOCKED
2022-09-25,2022,3,https://www.sec.gov/dera/data/Public-EDGAR-log-file-data/2022/Qtr3/log20220925.zip,NOT_DOWNLOADED_SANDBOX_NETWORK_BLOCKED
2022-09-26,2022,3,https://www.sec.gov/dera/data/Public-EDGAR-log-file-data/2022/Qtr3/log20220926.zip,NOT_DOWNLOADED_SANDBOX_NETWORK_BLOCKED
2022-09-27,2022,3,https://www.sec.gov/dera/data/Public-EDGAR-log-file-data/2022/Qtr3/log20220927.zip,NOT_DOWNLOADED_SANDBOX_NETWORK_BLOCKED
2022-09-28,2022,3,https://www.sec.gov/dera/data/Public-EDGAR-log-file-data/2022/Qtr3/log20220928.zip,NOT_DOWNLOADED_SANDBOX_NETWORK_BLOCKED
2022-09-29,2022,3,https://www.sec.gov/dera/data/Public-EDGAR-log-file-data/2022/Qtr3/log20220929.zip,NOT_DOWNLOADED_SANDBOX_NETWORK_BLOCKED
2022-09-30,2022,3,https://www.sec.gov/dera/data/Public-EDGAR-log-file-data/2022/Qtr3/log20220930.zip,NOT_DOWNLOADED_SANDBOX_NETWORK_BLOCKED
2022-10-01,2022,4,https://www.sec.gov/dera/data/Public-EDGAR-log-file-data/2022/Qtr4/log20221001.zip,NOT_DOWNLOADED_SANDBOX_NETWORK_BLOCKED
2022-10-02,2022,4,https://www.sec.gov/dera/data/Public-EDGAR-log-file-data/2022/Qtr4/log20221002.zip,NOT_DOWNLOADED_SANDBOX_NETWORK_BLOCKED
2022-10-03,2022,4,https://www.sec.gov/dera/data/Public-EDGAR-log-file-data/2022/Qtr4/log20221003.zip,NOT_DOWNLOADED_SANDBOX_NETWORK_BLOCKED
2022-10-04,2022,4,https://www.sec.gov/dera/data/Public-EDGAR-log-file-data/2022/Qtr4/log20221004.zip,NOT_DOWNLOADED_SANDBOX_NETWORK_BLOCKED
2022-10-05,2022,4,https://www.sec.gov/dera/data/Public-EDGAR-log-file-data/2022/Qtr4/log20221005.zip,NOT_DOWNLOADED_SANDBOX_NETWORK_BLOCKED
2022-10-06,2022,4,https://www.sec.gov/dera/data/Public-EDGAR-log-file-data/2022/Qtr4/log20221006.zip,NOT_DOWNLOADED_SANDBOX_NETWORK_BLOCKED
2022-10-07,2022,4,https://www.sec.gov/dera/data/Public-EDGAR-log-file-data/2022/Qtr4/log20221007.zip,NOT_DOWNLOADED_SANDBOX_NETWORK_BLOCKED
2022-10-08,2022,4,https://www.sec.gov/dera/data/Public-EDGAR-log-file-data/2022/Qtr4/log20221008.zip,NOT_DOWNLOADED_SANDBOX_NETWORK_BLOCKED
2022-10-09,2022,4,https://www.sec.gov/dera/data/Public-EDGAR-log-file-data/2022/Qtr4/log20221009.zip,NOT_DOWNLOADED_SANDBOX_NETWORK_BLOCKED
2022-10-10,2022,4,https://www.sec.gov/dera/data/Public-EDGAR-log-file-data/2022/Qtr4/log20221010.zip,NOT_DOWNLOADED_SANDBOX_NETWORK_BLOCKED
2022-10-11,2022,4,https://www.sec.gov/dera/data/Public-EDGAR-log-file-data/2022/Qtr4/log20221011.zip,NOT_DOWNLOADED_SANDBOX_NETWORK_BLOCKED
2022-10-12,2022,4,https://www.sec.gov/dera/data/Public-EDGAR-log-file-data/2022/Qtr4/log20221012.zip,NOT_DOWNLOADED_SANDBOX_NETWORK_BLOCKED
2022-10-13,2022,4,https://www.sec.gov/dera/data/Public-EDGAR-log-file-data/2022/Qtr4/log20221013.zip,NOT_DOWNLOADED_SANDBOX_NETWORK_BLOCKED
2022-10-14,2022,4,https://www.sec.gov/dera/data/Public-EDGAR-log-file-data/2022/Qtr4/log20221014.zip,NOT_DOWNLOADED_SANDBOX_NETWORK_BLOCKED
2022-10-15,2022,4,https://www.sec.gov/dera/data/Public-EDGAR-log-file-data/2022/Qtr4/log20221015.zip,NOT_DOWNLOADED_SANDBOX_NETWORK_BLOCKED
2022-10-16,2022,4,https://www.sec.gov/dera/data/Public-EDGAR-log-file-data/2022/Qtr4/log20221016.zip,NOT_DOWNLOADED_SANDBOX_NETWORK_BLOCKED
2022-10-17,2022,4,https://www.sec.gov/dera/data/Public-EDGAR-log-file-data/2022/Qtr4/log20221017.zip,NOT_DOWNLOADED_SANDBOX_NETWORK_BLOCKED
2022-10-18,2022,4,https://www.sec.gov/dera/data/Public-EDGAR-log-file-data/2022/Qtr4/log20221018.zip,NOT_DOWNLOADED_SANDBOX_NETWORK_BLOCKED
2022-10-19,2022,4,https://www.sec.gov/dera/data/Public-EDGAR-log-file-data/2022/Qtr4/log20221019.zip,NOT_DOWNLOADED_SANDBOX_NETWORK_BLOCKED
2022-10-20,2022,4,https://www.sec.gov/dera/data/Public-EDGAR-log-file-data/2022/Qtr4/log20221020.zip,NOT_DOWNLOADED_SANDBOX_NETWORK_BLOCKED
2022-10-21,2022,4,https://www.sec.gov/dera/data/Public-EDGAR-log-file-data/2022/Qtr4/log20221021.zip,NOT_DOWNLOADED_SANDBOX_NETWORK_BLOCKED
2022-10-22,2022,4,https://www.sec.gov/dera/data/Public-EDGAR-log-file-data/2022/Qtr4/log20221022.zip,NOT_DOWNLOADED_SANDBOX_NETWORK_BLOCKED
2022-10-23,2022,4,https://www.sec.gov/dera/data/Public-EDGAR-log-file-data/2022/Qtr4/log20221023.zip,NOT_DOWNLOADED_SANDBOX_NETWORK_BLOCKED
2022-10-24,2022,4,https://www.sec.gov/dera/data/Public-EDGAR-log-file-data/2022/Qtr4/log20221024.zip,NOT_DOWNLOADED_SANDBOX_NETWORK_BLOCKED
2022-10-25,2022,4,https://www.sec.gov/dera/data/Public-EDGAR-log-file-data/2022/Qtr4/log20221025.zip,NOT_DOWNLOADED_SANDBOX_NETWORK_BLOCKED
2022-10-26,2022,4,https://www.sec.gov/dera/data/Public-EDGAR-log-file-data/2022/Qtr4/log20221026.zip,NOT_DOWNLOADED_SANDBOX_NETWORK_BLOCKED
2022-10-27,2022,4,https://www.sec.gov/dera/data/Public-EDGAR-log-file-data/2022/Qtr4/log20221027.zip,NOT_DOWNLOADED_SANDBOX_NETWORK_BLOCKED
2022-10-28,2022,4,https://www.sec.gov/dera/data/Public-EDGAR-log-file-data/2022/Qtr4/log20221028.zip,NOT_DOWNLOADED_SANDBOX_NETWORK_BLOCKED
2022-10-29,2022,4,https://www.sec.gov/dera/data/Public-EDGAR-log-file-data/2022/Qtr4/log20221029.zip,NOT_DOWNLOADED_SANDBOX_NETWORK_BLOCKED
2022-10-30,2022,4,https://www.sec.gov/dera/data/Public-EDGAR-log-file-data/2022/Qtr4/log20221030.zip,NOT_DOWNLOADED_SANDBOX_NETWORK_BLOCKED
2022-10-31,2022,4,https://www.sec.gov/dera/data/Public-EDGAR-log-file-data/2022/Qtr4/log20221031.zip,NOT_DOWNLOADED_SANDBOX_NETWORK_BLOCKED
2022-11-01,2022,4,https://www.sec.gov/dera/data/Public-EDGAR-log-file-data/2022/Qtr4/log20221101.zip,NOT_DOWNLOADED_SANDBOX_NETWORK_BLOCKED
2022-11-02,2022,4,https://www.sec.gov/dera/data/Public-EDGAR-log-file-data/2022/Qtr4/log20221102.zip,NOT_DOWNLOADED_SANDBOX_NETWORK_BLOCKED
2022-11-03,2022,4,https://www.sec.gov/dera/data/Public-EDGAR-log-file-data/2022/Qtr4/log20221103.zip,NOT_DOWNLOADED_SANDBOX_NETWORK_BLOCKED
2022-11-04,2022,4,https://www.sec.gov/dera/data/Public-EDGAR-log-file-data/2022/Qtr4/log20221104.zip,NOT_DOWNLOADED_SANDBOX_NETWORK_BLOCKED
2022-11-05,2022,4,https://www.sec.gov/dera/data/Public-EDGAR-log-file-data/2022/Qtr4/log20221105.zip,NOT_DOWNLOADED_SANDBOX_NETWORK_BLOCKED
2022-11-06,2022,4,https://www.sec.gov/dera/data/Public-EDGAR-log-file-data/2022/Qtr4/log20221106.zip,NOT_DOWNLOADED_SANDBOX_NETWORK_BLOCKED
2022-11-07,2022,4,https://www.sec.gov/dera/data/Public-EDGAR-log-file-data/2022/Qtr4/log20221107.zip,NOT_DOWNLOADED_SANDBOX_NETWORK_BLOCKED
2022-11-08,2022,4,https://www.sec.gov/dera/data/Public-EDGAR-log-file-data/2022/Qtr4/log20221108.zip,NOT_DOWNLOADED_SANDBOX_NETWORK_BLOCKED
2022-11-09,2022,4,https://www.sec.gov/dera/data/Public-EDGAR-log-file-data/2022/Qtr4/log20221109.zip,NOT_DOWNLOADED_SANDBOX_NETWORK_BLOCKED
2022-11-10,2022,4,https://www.sec.gov/dera/data/Public-EDGAR-log-file-data/2022/Qtr4/log20221110.zip,NOT_DOWNLOADED_SANDBOX_NETWORK_BLOCKED
2022-11-11,2022,4,https://www.sec.gov/dera/data/Public-EDGAR-log-file-data/2022/Qtr4/log20221111.zip,NOT_DOWNLOADED_SANDBOX_NETWORK_BLOCKED
2022-11-12,2022,4,https://www.sec.gov/dera/data/Public-EDGAR-log-file-data/2022/Qtr4/log20221112.zip,NOT_DOWNLOADED_SANDBOX_NETWORK_BLOCKED
2022-11-13,2022,4,https://www.sec.gov/dera/data/Public-EDGAR-log-file-data/2022/Qtr4/log20221113.zip,NOT_DOWNLOADED_SANDBOX_NETWORK_BLOCKED
2022-11-14,2022,4,https://www.sec.gov/dera/data/Public-EDGAR-log-file-data/2022/Qtr4/log20221114.zip,NOT_DOWNLOADED_SANDBOX_NETWORK_BLOCKED
2022-11-15,2022,4,https://www.sec.gov/dera/data/Public-EDGAR-log-file-data/2022/Qtr4/log20221115.zip,NOT_DOWNLOADED_SANDBOX_NETWORK_BLOCKED
2022-11-16,2022,4,https://www.sec.gov/dera/data/Public-EDGAR-log-file-data/2022/Qtr4/log20221116.zip,NOT_DOWNLOADED_SANDBOX_NETWORK_BLOCKED
2022-11-17,2022,4,https://www.sec.gov/dera/data/Public-EDGAR-log-file-data/2022/Qtr4/log20221117.zip,NOT_DOWNLOADED_SANDBOX_NETWORK_BLOCKED
2022-11-18,2022,4,https://www.sec.gov/dera/data/Public-EDGAR-log-file-data/2022/Qtr4/log20221118.zip,NOT_DOWNLOADED_SANDBOX_NETWORK_BLOCKED
2022-11-19,2022,4,https://www.sec.gov/dera/data/Public-EDGAR-log-file-data/2022/Qtr4/log20221119.zip,NOT_DOWNLOADED_SANDBOX_NETWORK_BLOCKED
2022-11-20,2022,4,https://www.sec.gov/dera/data/Public-EDGAR-log-file-data/2022/Qtr4/log20221120.zip,NOT_DOWNLOADED_SANDBOX_NETWORK_BLOCKED
2022-11-21,2022,4,https://www.sec.gov/dera/data/Public-EDGAR-log-file-data/2022/Qtr4/log20221121.zip,NOT_DOWNLOADED_SANDBOX_NETWORK_BLOCKED
2022-11-22,2022,4,https://www.sec.gov/dera/data/Public-EDGAR-log-file-data/2022/Qtr4/log20221122.zip,NOT_DOWNLOADED_SANDBOX_NETWORK_BLOCKED
2022-11-23,2022,4,https://www.sec.gov/dera/data/Public-EDGAR-log-file-data/2022/Qtr4/log20221123.zip,NOT_DOWNLOADED_SANDBOX_NETWORK_BLOCKED
2022-11-24,2022,4,https://www.sec.gov/dera/data/Public-EDGAR-log-file-data/2022/Qtr4/log20221124.zip,NOT_DOWNLOADED_SANDBOX_NETWORK_BLOCKED
2022-11-25,2022,4,https://www.sec.gov/dera/data/Public-EDGAR-log-file-data/2022/Qtr4/log20221125.zip,NOT_DOWNLOADED_SANDBOX_NETWORK_BLOCKED
2022-11-26,2022,4,https://www.sec.gov/dera/data/Public-EDGAR-log-file-data/2022/Qtr4/log20221126.zip,NOT_DOWNLOADED_SANDBOX_NETWORK_BLOCKED
2022-11-27,2022,4,https://www.sec.gov/dera/data/Public-EDGAR-log-file-data/2022/Qtr4/log20221127.zip,NOT_DOWNLOADED_SANDBOX_NETWORK_BLOCKED
2022-11-28,2022,4,https://www.sec.gov/dera/data/Public-EDGAR-log-file-data/2022/Qtr4/log20221128.zip,NOT_DOWNLOADED_SANDBOX_NETWORK_BLOCKED
2022-11-29,2022,4,https://www.sec.gov/dera/data/Public-EDGAR-log-file-data/2022/Qtr4/log20221129.zip,NOT_DOWNLOADED_SANDBOX_NETWORK_BLOCKED
2022-11-30,2022,4,https://www.sec.gov/dera/data/Public-EDGAR-log-file-data/2022/Qtr4/log20221130.zip,NOT_DOWNLOADED_SANDBOX_NETWORK_BLOCKED
2022-12-01,2022,4,https://www.sec.gov/dera/data/Public-EDGAR-log-file-data/2022/Qtr4/log20221201.zip,NOT_DOWNLOADED_SANDBOX_NETWORK_BLOCKED
2022-12-02,2022,4,https://www.sec.gov/dera/data/Public-EDGAR-log-file-data/2022/Qtr4/log20221202.zip,NOT_DOWNLOADED_SANDBOX_NETWORK_BLOCKED
2022-12-03,2022,4,https://www.sec.gov/dera/data/Public-EDGAR-log-file-data/2022/Qtr4/log20221203.zip,NOT_DOWNLOADED_SANDBOX_NETWORK_BLOCKED
2022-12-04,2022,4,https://www.sec.gov/dera/data/Public-EDGAR-log-file-data/2022/Qtr4/log20221204.zip,NOT_DOWNLOADED_SANDBOX_NETWORK_BLOCKED
2022-12-05,2022,4,https://www.sec.gov/dera/data/Public-EDGAR-log-file-data/2022/Qtr4/log20221205.zip,NOT_DOWNLOADED_SANDBOX_NETWORK_BLOCKED
2022-12-06,2022,4,https://www.sec.gov/dera/data/Public-EDGAR-log-file-data/2022/Qtr4/log20221206.zip,NOT_DOWNLOADED_SANDBOX_NETWORK_BLOCKED
2022-12-07,2022,4,https://www.sec.gov/dera/data/Public-EDGAR-log-file-data/2022/Qtr4/log20221207.zip,NOT_DOWNLOADED_SANDBOX_NETWORK_BLOCKED
2022-12-08,2022,4,https://www.sec.gov/dera/data/Public-EDGAR-log-file-data/2022/Qtr4/log20221208.zip,NOT_DOWNLOADED_SANDBOX_NETWORK_BLOCKED
2022-12-09,2022,4,https://www.sec.gov/dera/data/Public-EDGAR-log-file-data/2022/Qtr4/log20221209.zip,NOT_DOWNLOADED_SANDBOX_NETWORK_BLOCKED
2022-12-10,2022,4,https://www.sec.gov/dera/data/Public-EDGAR-log-file-data/2022/Qtr4/log20221210.zip,NOT_DOWNLOADED_SANDBOX_NETWORK_BLOCKED
2022-12-11,2022,4,https://www.sec.gov/dera/data/Public-EDGAR-log-file-data/2022/Qtr4/log20221211.zip,NOT_DOWNLOADED_SANDBOX_NETWORK_BLOCKED
2022-12-12,2022,4,https://www.sec.gov/dera/data/Public-EDGAR-log-file-data/2022/Qtr4/log20221212.zip,NOT_DOWNLOADED_SANDBOX_NETWORK_BLOCKED
2022-12-13,2022,4,https://www.sec.gov/dera/data/Public-EDGAR-log-file-data/2022/Qtr4/log20221213.zip,NOT_DOWNLOADED_SANDBOX_NETWORK_BLOCKED
2022-12-14,2022,4,https://www.sec.gov/dera/data/Public-EDGAR-log-file-data/2022/Qtr4/log20221214.zip,NOT_DOWNLOADED_SANDBOX_NETWORK_BLOCKED
2022-12-15,2022,4,https://www.sec.gov/dera/data/Public-EDGAR-log-file-data/2022/Qtr4/log20221215.zip,NOT_DOWNLOADED_SANDBOX_NETWORK_BLOCKED
2022-12-16,2022,4,https://www.sec.gov/dera/data/Public-EDGAR-log-file-data/2022/Qtr4/log20221216.zip,NOT_DOWNLOADED_SANDBOX_NETWORK_BLOCKED
2022-12-17,2022,4,https://www.sec.gov/dera/data/Public-EDGAR-log-file-data/2022/Qtr4/log20221217.zip,NOT_DOWNLOADED_SANDBOX_NETWORK_BLOCKED
2022-12-18,2022,4,https://www.sec.gov/dera/data/Public-EDGAR-log-file-data/2022/Qtr4/log20221218.zip,NOT_DOWNLOADED_SANDBOX_NETWORK_BLOCKED
2022-12-19,2022,4,https://www.sec.gov/dera/data/Public-EDGAR-log-file-data/2022/Qtr4/log20221219.zip,NOT_DOWNLOADED_SANDBOX_NETWORK_BLOCKED
2022-12-20,2022,4,https://www.sec.gov/dera/data/Public-EDGAR-log-file-data/2022/Qtr4/log20221220.zip,NOT_DOWNLOADED_SANDBOX_NETWORK_BLOCKED
2022-12-21,2022,4,https://www.sec.gov/dera/data/Public-EDGAR-log-file-data/2022/Qtr4/log20221221.zip,NOT_DOWNLOADED_SANDBOX_NETWORK_BLOCKED
2022-12-22,2022,4,https://www.sec.gov/dera/data/Public-EDGAR-log-file-data/2022/Qtr4/log20221222.zip,NOT_DOWNLOADED_SANDBOX_NETWORK_BLOCKED
2022-12-23,2022,4,https://www.sec.gov/dera/data/Public-EDGAR-log-file-data/2022/Qtr4/log20221223.zip,NOT_DOWNLOADED_SANDBOX_NETWORK_BLOCKED
2022-12-24,2022,4,https://www.sec.gov/dera/data/Public-EDGAR-log-file-data/2022/Qtr4/log20221224.zip,NOT_DOWNLOADED_SANDBOX_NETWORK_BLOCKED
2022-12-25,2022,4,https://www.sec.gov/dera/data/Public-EDGAR-log-file-data/2022/Qtr4/log20221225.zip,NOT_DOWNLOADED_SANDBOX_NETWORK_BLOCKED
2022-12-26,2022,4,https://www.sec.gov/dera/data/Public-EDGAR-log-file-data/2022/Qtr4/log20221226.zip,NOT_DOWNLOADED_SANDBOX_NETWORK_BLOCKED
2022-12-27,2022,4,https://www.sec.gov/dera/data/Public-EDGAR-log-file-data/2022/Qtr4/log20221227.zip,NOT_DOWNLOADED_SANDBOX_NETWORK_BLOCKED
2022-12-28,2022,4,https://www.sec.gov/dera/data/Public-EDGAR-log-file-data/2022/Qtr4/log20221228.zip,NOT_DOWNLOADED_SANDBOX_NETWORK_BLOCKED
2022-12-29,2022,4,https://www.sec.gov/dera/data/Public-EDGAR-log-file-data/2022/Qtr4/log20221229.zip,NOT_DOWNLOADED_SANDBOX_NETWORK_BLOCKED
2022-12-30,2022,4,https://www.sec.gov/dera/data/Public-EDGAR-log-file-data/2022/Qtr4/log20221230.zip,NOT_DOWNLOADED_SANDBOX_NETWORK_BLOCKED
2022-12-31,2022,4,https://www.sec.gov/dera/data/Public-EDGAR-log-file-data/2022/Qtr4/log20221231.zip,NOT_DOWNLOADED_SANDBOX_NETWORK_BLOCKED
2023-01-01,2023,1,https://www.sec.gov/dera/data/Public-EDGAR-log-file-data/2023/Qtr1/log20230101.zip,NOT_DOWNLOADED_SANDBOX_NETWORK_BLOCKED
2023-01-02,2023,1,https://www.sec.gov/dera/data/Public-EDGAR-log-file-data/2023/Qtr1/log20230102.zip,NOT_DOWNLOADED_SANDBOX_NETWORK_BLOCKED
2023-01-03,2023,1,https://www.sec.gov/dera/data/Public-EDGAR-log-file-data/2023/Qtr1/log20230103.zip,NOT_DOWNLOADED_SANDBOX_NETWORK_BLOCKED
2023-01-04,2023,1,https://www.sec.gov/dera/data/Public-EDGAR-log-file-data/2023/Qtr1/log20230104.zip,NOT_DOWNLOADED_SANDBOX_NETWORK_BLOCKED
2023-01-05,2023,1,https://www.sec.gov/dera/data/Public-EDGAR-log-file-data/2023/Qtr1/log20230105.zip,NOT_DOWNLOADED_SANDBOX_NETWORK_BLOCKED
2023-01-06,2023,1,https://www.sec.gov/dera/data/Public-EDGAR-log-file-data/2023/Qtr1/log20230106.zip,NOT_DOWNLOADED_SANDBOX_NETWORK_BLOCKED
2023-01-07,2023,1,https://www.sec.gov/dera/data/Public-EDGAR-log-file-data/2023/Qtr1/log20230107.zip,NOT_DOWNLOADED_SANDBOX_NETWORK_BLOCKED
2023-01-08,2023,1,https://www.sec.gov/dera/data/Public-EDGAR-log-file-data/2023/Qtr1/log20230108.zip,NOT_DOWNLOADED_SANDBOX_NETWORK_BLOCKED
2023-01-09,2023,1,https://www.sec.gov/dera/data/Public-EDGAR-log-file-data/2023/Qtr1/log20230109.zip,NOT_DOWNLOADED_SANDBOX_NETWORK_BLOCKED
2023-01-10,2023,1,https://www.sec.gov/dera/data/Public-EDGAR-log-file-data/2023/Qtr1/log20230110.zip,NOT_DOWNLOADED_SANDBOX_NETWORK_BLOCKED
2023-01-11,2023,1,https://www.sec.gov/dera/data/Public-EDGAR-log-file-data/2023/Qtr1/log20230111.zip,NOT_DOWNLOADED_SANDBOX_NETWORK_BLOCKED
2023-01-12,2023,1,https://www.sec.gov/dera/data/Public-EDGAR-log-file-data/2023/Qtr1/log20230112.zip,NOT_DOWNLOADED_SANDBOX_NETWORK_BLOCKED
2023-01-13,2023,1,https://www.sec.gov/dera/data/Public-EDGAR-log-file-data/2023/Qtr1/log20230113.zip,NOT_DOWNLOADED_SANDBOX_NETWORK_BLOCKED
2023-01-14,2023,1,https://www.sec.gov/dera/data/Public-EDGAR-log-file-data/2023/Qtr1/log20230114.zip,NOT_DOWNLOADED_SANDBOX_NETWORK_BLOCKED
2023-01-15,2023,1,https://www.sec.gov/dera/data/Public-EDGAR-log-file-data/2023/Qtr1/log20230115.zip,NOT_DOWNLOADED_SANDBOX_NETWORK_BLOCKED
2023-01-16,2023,1,https://www.sec.gov/dera/data/Public-EDGAR-log-file-data/2023/Qtr1/log20230116.zip,NOT_DOWNLOADED_SANDBOX_NETWORK_BLOCKED
2023-01-17,2023,1,https://www.sec.gov/dera/data/Public-EDGAR-log-file-data/2023/Qtr1/log20230117.zip,NOT_DOWNLOADED_SANDBOX_NETWORK_BLOCKED
2023-01-18,2023,1,https://www.sec.gov/dera/data/Public-EDGAR-log-file-data/2023/Qtr1/log20230118.zip,NOT_DOWNLOADED_SANDBOX_NETWORK_BLOCKED
2023-01-19,2023,1,https://www.sec.gov/dera/data/Public-EDGAR-log-file-data/2023/Qtr1/log20230119.zip,NOT_DOWNLOADED_SANDBOX_NETWORK_BLOCKED
2023-01-20,2023,1,https://www.sec.gov/dera/data/Public-EDGAR-log-file-data/2023/Qtr1/log20230120.zip,NOT_DOWNLOADED_SANDBOX_NETWORK_BLOCKED
2023-01-21,2023,1,https://www.sec.gov/dera/data/Public-EDGAR-log-file-data/2023/Qtr1/log20230121.zip,NOT_DOWNLOADED_SANDBOX_NETWORK_BLOCKED
2023-01-22,2023,1,https://www.sec.gov/dera/data/Public-EDGAR-log-file-data/2023/Qtr1/log20230122.zip,NOT_DOWNLOADED_SANDBOX_NETWORK_BLOCKED
2023-01-23,2023,1,https://www.sec.gov/dera/data/Public-EDGAR-log-file-data/2023/Qtr1/log20230123.zip,NOT_DOWNLOADED_SANDBOX_NETWORK_BLOCKED
2023-01-24,2023,1,https://www.sec.gov/dera/data/Public-EDGAR-log-file-data/2023/Qtr1/log20230124.zip,NOT_DOWNLOADED_SANDBOX_NETWORK_BLOCKED
2023-01-25,2023,1,https://www.sec.gov/dera/data/Public-EDGAR-log-file-data/2023/Qtr1/log20230125.zip,NOT_DOWNLOADED_SANDBOX_NETWORK_BLOCKED
2023-01-26,2023,1,https://www.sec.gov/dera/data/Public-EDGAR-log-file-data/2023/Qtr1/log20230126.zip,NOT_DOWNLOADED_SANDBOX_NETWORK_BLOCKED
2023-01-27,2023,1,https://www.sec.gov/dera/data/Public-EDGAR-log-file-data/2023/Qtr1/log20230127.zip,NOT_DOWNLOADED_SANDBOX_NETWORK_BLOCKED
2023-01-28,2023,1,https://www.sec.gov/dera/data/Public-EDGAR-log-file-data/2023/Qtr1/log20230128.zip,NOT_DOWNLOADED_SANDBOX_NETWORK_BLOCKED
2023-01-29,2023,1,https://www.sec.gov/dera/data/Public-EDGAR-log-file-data/2023/Qtr1/log20230129.zip,NOT_DOWNLOADED_SANDBOX_NETWORK_BLOCKED
2023-01-30,2023,1,https://www.sec.gov/dera/data/Public-EDGAR-log-file-data/2023/Qtr1/log20230130.zip,NOT_DOWNLOADED_SANDBOX_NETWORK_BLOCKED
2023-01-31,2023,1,https://www.sec.gov/dera/data/Public-EDGAR-log-file-data/2023/Qtr1/log20230131.zip,NOT_DOWNLOADED_SANDBOX_NETWORK_BLOCKED
2023-02-01,2023,1,https://www.sec.gov/dera/data/Public-EDGAR-log-file-data/2023/Qtr1/log20230201.zip,NOT_DOWNLOADED_SANDBOX_NETWORK_BLOCKED
2023-02-02,2023,1,https://www.sec.gov/dera/data/Public-EDGAR-log-file-data/2023/Qtr1/log20230202.zip,NOT_DOWNLOADED_SANDBOX_NETWORK_BLOCKED
2023-02-03,2023,1,https://www.sec.gov/dera/data/Public-EDGAR-log-file-data/2023/Qtr1/log20230203.zip,NOT_DOWNLOADED_SANDBOX_NETWORK_BLOCKED
2023-02-04,2023,1,https://www.sec.gov/dera/data/Public-EDGAR-log-file-data/2023/Qtr1/log20230204.zip,NOT_DOWNLOADED_SANDBOX_NETWORK_BLOCKED
2023-02-05,2023,1,https://www.sec.gov/dera/data/Public-EDGAR-log-file-data/2023/Qtr1/log20230205.zip,NOT_DOWNLOADED_SANDBOX_NETWORK_BLOCKED
2023-02-06,2023,1,https://www.sec.gov/dera/data/Public-EDGAR-log-file-data/2023/Qtr1/log20230206.zip,NOT_DOWNLOADED_SANDBOX_NETWORK_BLOCKED
2023-02-07,2023,1,https://www.sec.gov/dera/data/Public-EDGAR-log-file-data/2023/Qtr1/log20230207.zip,NOT_DOWNLOADED_SANDBOX_NETWORK_BLOCKED
2023-02-08,2023,1,https://www.sec.gov/dera/data/Public-EDGAR-log-file-data/2023/Qtr1/log20230208.zip,NOT_DOWNLOADED_SANDBOX_NETWORK_BLOCKED
2023-02-09,2023,1,https://www.sec.gov/dera/data/Public-EDGAR-log-file-data/2023/Qtr1/log20230209.zip,NOT_DOWNLOADED_SANDBOX_NETWORK_BLOCKED
2023-02-10,2023,1,https://www.sec.gov/dera/data/Public-EDGAR-log-file-data/2023/Qtr1/log20230210.zip,NOT_DOWNLOADED_SANDBOX_NETWORK_BLOCKED
2023-02-11,2023,1,https://www.sec.gov/dera/data/Public-EDGAR-log-file-data/2023/Qtr1/log20230211.zip,NOT_DOWNLOADED_SANDBOX_NETWORK_BLOCKED
2023-02-12,2023,1,https://www.sec.gov/dera/data/Public-EDGAR-log-file-data/2023/Qtr1/log20230212.zip,NOT_DOWNLOADED_SANDBOX_NETWORK_BLOCKED
2023-02-13,2023,1,https://www.sec.gov/dera/data/Public-EDGAR-log-file-data/2023/Qtr1/log20230213.zip,NOT_DOWNLOADED_SANDBOX_NETWORK_BLOCKED
2023-02-14,2023,1,https://www.sec.gov/dera/data/Public-EDGAR-log-file-data/2023/Qtr1/log20230214.zip,NOT_DOWNLOADED_SANDBOX_NETWORK_BLOCKED
2023-02-15,2023,1,https://www.sec.gov/dera/data/Public-EDGAR-log-file-data/2023/Qtr1/log20230215.zip,NOT_DOWNLOADED_SANDBOX_NETWORK_BLOCKED
2023-02-16,2023,1,https://www.sec.gov/dera/data/Public-EDGAR-log-file-data/2023/Qtr1/log20230216.zip,NOT_DOWNLOADED_SANDBOX_NETWORK_BLOCKED
2023-02-17,2023,1,https://www.sec.gov/dera/data/Public-EDGAR-log-file-data/2023/Qtr1/log20230217.zip,NOT_DOWNLOADED_SANDBOX_NETWORK_BLOCKED
2023-02-18,2023,1,https://www.sec.gov/dera/data/Public-EDGAR-log-file-data/2023/Qtr1/log20230218.zip,NOT_DOWNLOADED_SANDBOX_NETWORK_BLOCKED
2023-02-19,2023,1,https://www.sec.gov/dera/data/Public-EDGAR-log-file-data/2023/Qtr1/log20230219.zip,NOT_DOWNLOADED_SANDBOX_NETWORK_BLOCKED
2023-02-20,2023,1,https://www.sec.gov/dera/data/Public-EDGAR-log-file-data/2023/Qtr1/log20230220.zip,NOT_DOWNLOADED_SANDBOX_NETWORK_BLOCKED
2023-02-21,2023,1,https://www.sec.gov/dera/data/Public-EDGAR-log-file-data/2023/Qtr1/log20230221.zip,NOT_DOWNLOADED_SANDBOX_NETWORK_BLOCKED
2023-02-22,2023,1,https://www.sec.gov/dera/data/Public-EDGAR-log-file-data/2023/Qtr1/log20230222.zip,NOT_DOWNLOADED_SANDBOX_NETWORK_BLOCKED
2023-02-23,2023,1,https://www.sec.gov/dera/data/Public-EDGAR-log-file-data/2023/Qtr1/log20230223.zip,NOT_DOWNLOADED_SANDBOX_NETWORK_BLOCKED
2023-02-24,2023,1,https://www.sec.gov/dera/data/Public-EDGAR-log-file-data/2023/Qtr1/log20230224.zip,NOT_DOWNLOADED_SANDBOX_NETWORK_BLOCKED
2023-02-25,2023,1,https://www.sec.gov/dera/data/Public-EDGAR-log-file-data/2023/Qtr1/log20230225.zip,NOT_DOWNLOADED_SANDBOX_NETWORK_BLOCKED
2023-02-26,2023,1,https://www.sec.gov/dera/data/Public-EDGAR-log-file-data/2023/Qtr1/log20230226.zip,NOT_DOWNLOADED_SANDBOX_NETWORK_BLOCKED
2023-02-27,2023,1,https://www.sec.gov/dera/data/Public-EDGAR-log-file-data/2023/Qtr1/log20230227.zip,NOT_DOWNLOADED_SANDBOX_NETWORK_BLOCKED
2023-02-28,2023,1,https://www.sec.gov/dera/data/Public-EDGAR-log-file-data/2023/Qtr1/log20230228.zip,NOT_DOWNLOADED_SANDBOX_NETWORK_BLOCKED
2023-03-01,2023,1,https://www.sec.gov/dera/data/Public-EDGAR-log-file-data/2023/Qtr1/log20230301.zip,NOT_DOWNLOADED_SANDBOX_NETWORK_BLOCKED
2023-03-02,2023,1,https://www.sec.gov/dera/data/Public-EDGAR-log-file-data/2023/Qtr1/log20230302.zip,NOT_DOWNLOADED_SANDBOX_NETWORK_BLOCKED
2023-03-03,2023,1,https://www.sec.gov/dera/data/Public-EDGAR-log-file-data/2023/Qtr1/log20230303.zip,NOT_DOWNLOADED_SANDBOX_NETWORK_BLOCKED
2023-03-04,2023,1,https://www.sec.gov/dera/data/Public-EDGAR-log-file-data/2023/Qtr1/log20230304.zip,NOT_DOWNLOADED_SANDBOX_NETWORK_BLOCKED
2023-03-05,2023,1,https://www.sec.gov/dera/data/Public-EDGAR-log-file-data/2023/Qtr1/log20230305.zip,NOT_DOWNLOADED_SANDBOX_NETWORK_BLOCKED
2023-03-06,2023,1,https://www.sec.gov/dera/data/Public-EDGAR-log-file-data/2023/Qtr1/log20230306.zip,NOT_DOWNLOADED_SANDBOX_NETWORK_BLOCKED
2023-03-07,2023,1,https://www.sec.gov/dera/data/Public-EDGAR-log-file-data/2023/Qtr1/log20230307.zip,NOT_DOWNLOADED_SANDBOX_NETWORK_BLOCKED
2023-03-08,2023,1,https://www.sec.gov/dera/data/Public-EDGAR-log-file-data/2023/Qtr1/log20230308.zip,NOT_DOWNLOADED_SANDBOX_NETWORK_BLOCKED
2023-03-09,2023,1,https://www.sec.gov/dera/data/Public-EDGAR-log-file-data/2023/Qtr1/log20230309.zip,NOT_DOWNLOADED_SANDBOX_NETWORK_BLOCKED
2023-03-10,2023,1,https://www.sec.gov/dera/data/Public-EDGAR-log-file-data/2023/Qtr1/log20230310.zip,NOT_DOWNLOADED_SANDBOX_NETWORK_BLOCKED
2023-03-11,2023,1,https://www.sec.gov/dera/data/Public-EDGAR-log-file-data/2023/Qtr1/log20230311.zip,NOT_DOWNLOADED_SANDBOX_NETWORK_BLOCKED
2023-03-12,2023,1,https://www.sec.gov/dera/data/Public-EDGAR-log-file-data/2023/Qtr1/log20230312.zip,NOT_DOWNLOADED_SANDBOX_NETWORK_BLOCKED
2023-03-13,2023,1,https://www.sec.gov/dera/data/Public-EDGAR-log-file-data/2023/Qtr1/log20230313.zip,NOT_DOWNLOADED_SANDBOX_NETWORK_BLOCKED
2023-03-14,2023,1,https://www.sec.gov/dera/data/Public-EDGAR-log-file-data/2023/Qtr1/log20230314.zip,NOT_DOWNLOADED_SANDBOX_NETWORK_BLOCKED
2023-03-15,2023,1,https://www.sec.gov/dera/data/Public-EDGAR-log-file-data/2023/Qtr1/log20230315.zip,NOT_DOWNLOADED_SANDBOX_NETWORK_BLOCKED
2023-03-16,2023,1,https://www.sec.gov/dera/data/Public-EDGAR-log-file-data/2023/Qtr1/log20230316.zip,NOT_DOWNLOADED_SANDBOX_NETWORK_BLOCKED
2023-03-17,2023,1,https://www.sec.gov/dera/data/Public-EDGAR-log-file-data/2023/Qtr1/log20230317.zip,NOT_DOWNLOADED_SANDBOX_NETWORK_BLOCKED
2023-03-18,2023,1,https://www.sec.gov/dera/data/Public-EDGAR-log-file-data/2023/Qtr1/log20230318.zip,NOT_DOWNLOADED_SANDBOX_NETWORK_BLOCKED
2023-03-19,2023,1,https://www.sec.gov/dera/data/Public-EDGAR-log-file-data/2023/Qtr1/log20230319.zip,NOT_DOWNLOADED_SANDBOX_NETWORK_BLOCKED
2023-03-20,2023,1,https://www.sec.gov/dera/data/Public-EDGAR-log-file-data/2023/Qtr1/log20230320.zip,NOT_DOWNLOADED_SANDBOX_NETWORK_BLOCKED
2023-03-21,2023,1,https://www.sec.gov/dera/data/Public-EDGAR-log-file-data/2023/Qtr1/log20230321.zip,NOT_DOWNLOADED_SANDBOX_NETWORK_BLOCKED
2023-03-22,2023,1,https://www.sec.gov/dera/data/Public-EDGAR-log-file-data/2023/Qtr1/log20230322.zip,NOT_DOWNLOADED_SANDBOX_NETWORK_BLOCKED
2023-03-23,2023,1,https://www.sec.gov/dera/data/Public-EDGAR-log-file-data/2023/Qtr1/log20230323.zip,NOT_DOWNLOADED_SANDBOX_NETWORK_BLOCKED
2023-03-24,2023,1,https://www.sec.gov/dera/data/Public-EDGAR-log-file-data/2023/Qtr1/log20230324.zip,NOT_DOWNLOADED_SANDBOX_NETWORK_BLOCKED
2023-03-25,2023,1,https://www.sec.gov/dera/data/Public-EDGAR-log-file-data/2023/Qtr1/log20230325.zip,NOT_DOWNLOADED_SANDBOX_NETWORK_BLOCKED
2023-03-26,2023,1,https://www.sec.gov/dera/data/Public-EDGAR-log-file-data/2023/Qtr1/log20230326.zip,NOT_DOWNLOADED_SANDBOX_NETWORK_BLOCKED
2023-03-27,2023,1,https://www.sec.gov/dera/data/Public-EDGAR-log-file-data/2023/Qtr1/log20230327.zip,NOT_DOWNLOADED_SANDBOX_NETWORK_BLOCKED
2023-03-28,2023,1,https://www.sec.gov/dera/data/Public-EDGAR-log-file-data/2023/Qtr1/log20230328.zip,NOT_DOWNLOADED_SANDBOX_NETWORK_BLOCKED
2023-03-29,2023,1,https://www.sec.gov/dera/data/Public-EDGAR-log-file-data/2023/Qtr1/log20230329.zip,NOT_DOWNLOADED_SANDBOX_NETWORK_BLOCKED
2023-03-30,2023,1,https://www.sec.gov/dera/data/Public-EDGAR-log-file-data/2023/Qtr1/log20230330.zip,NOT_DOWNLOADED_SANDBOX_NETWORK_BLOCKED
2023-03-31,2023,1,https://www.sec.gov/dera/data/Public-EDGAR-log-file-data/2023/Qtr1/log20230331.zip,NOT_DOWNLOADED_SANDBOX_NETWORK_BLOCKED
2023-04-01,2023,2,https://www.sec.gov/dera/data/Public-EDGAR-log-file-data/2023/Qtr2/log20230401.zip,NOT_DOWNLOADED_SANDBOX_NETWORK_BLOCKED
2023-04-02,2023,2,https://www.sec.gov/dera/data/Public-EDGAR-log-file-data/2023/Qtr2/log20230402.zip,NOT_DOWNLOADED_SANDBOX_NETWORK_BLOCKED
2023-04-03,2023,2,https://www.sec.gov/dera/data/Public-EDGAR-log-file-data/2023/Qtr2/log20230403.zip,NOT_DOWNLOADED_SANDBOX_NETWORK_BLOCKED
2023-04-04,2023,2,https://www.sec.gov/dera/data/Public-EDGAR-log-file-data/2023/Qtr2/log20230404.zip,NOT_DOWNLOADED_SANDBOX_NETWORK_BLOCKED
2023-04-05,2023,2,https://www.sec.gov/dera/data/Public-EDGAR-log-file-data/2023/Qtr2/log20230405.zip,NOT_DOWNLOADED_SANDBOX_NETWORK_BLOCKED
2023-04-06,2023,2,https://www.sec.gov/dera/data/Public-EDGAR-log-file-data/2023/Qtr2/log20230406.zip,NOT_DOWNLOADED_SANDBOX_NETWORK_BLOCKED
2023-04-07,2023,2,https://www.sec.gov/dera/data/Public-EDGAR-log-file-data/2023/Qtr2/log20230407.zip,NOT_DOWNLOADED_SANDBOX_NETWORK_BLOCKED
2023-04-08,2023,2,https://www.sec.gov/dera/data/Public-EDGAR-log-file-data/2023/Qtr2/log20230408.zip,NOT_DOWNLOADED_SANDBOX_NETWORK_BLOCKED
2023-04-09,2023,2,https://www.sec.gov/dera/data/Public-EDGAR-log-file-data/2023/Qtr2/log20230409.zip,NOT_DOWNLOADED_SANDBOX_NETWORK_BLOCKED
2023-04-10,2023,2,https://www.sec.gov/dera/data/Public-EDGAR-log-file-data/2023/Qtr2/log20230410.zip,NOT_DOWNLOADED_SANDBOX_NETWORK_BLOCKED
2023-04-11,2023,2,https://www.sec.gov/dera/data/Public-EDGAR-log-file-data/2023/Qtr2/log20230411.zip,NOT_DOWNLOADED_SANDBOX_NETWORK_BLOCKED
2023-04-12,2023,2,https://www.sec.gov/dera/data/Public-EDGAR-log-file-data/2023/Qtr2/log20230412.zip,NOT_DOWNLOADED_SANDBOX_NETWORK_BLOCKED
2023-04-13,2023,2,https://www.sec.gov/dera/data/Public-EDGAR-log-file-data/2023/Qtr2/log20230413.zip,NOT_DOWNLOADED_SANDBOX_NETWORK_BLOCKED
2023-04-14,2023,2,https://www.sec.gov/dera/data/Public-EDGAR-log-file-data/2023/Qtr2/log20230414.zip,NOT_DOWNLOADED_SANDBOX_NETWORK_BLOCKED
2023-04-15,2023,2,https://www.sec.gov/dera/data/Public-EDGAR-log-file-data/2023/Qtr2/log20230415.zip,NOT_DOWNLOADED_SANDBOX_NETWORK_BLOCKED
2023-04-16,2023,2,https://www.sec.gov/dera/data/Public-EDGAR-log-file-data/2023/Qtr2/log20230416.zip,NOT_DOWNLOADED_SANDBOX_NETWORK_BLOCKED
2023-04-17,2023,2,https://www.sec.gov/dera/data/Public-EDGAR-log-file-data/2023/Qtr2/log20230417.zip,NOT_DOWNLOADED_SANDBOX_NETWORK_BLOCKED
2023-04-18,2023,2,https://www.sec.gov/dera/data/Public-EDGAR-log-file-data/2023/Qtr2/log20230418.zip,NOT_DOWNLOADED_SANDBOX_NETWORK_BLOCKED
2023-04-19,2023,2,https://www.sec.gov/dera/data/Public-EDGAR-log-file-data/2023/Qtr2/log20230419.zip,NOT_DOWNLOADED_SANDBOX_NETWORK_BLOCKED
2023-04-20,2023,2,https://www.sec.gov/dera/data/Public-EDGAR-log-file-data/2023/Qtr2/log20230420.zip,NOT_DOWNLOADED_SANDBOX_NETWORK_BLOCKED
2023-04-21,2023,2,https://www.sec.gov/dera/data/Public-EDGAR-log-file-data/2023/Qtr2/log20230421.zip,NOT_DOWNLOADED_SANDBOX_NETWORK_BLOCKED
2023-04-22,2023,2,https://www.sec.gov/dera/data/Public-EDGAR-log-file-data/2023/Qtr2/log20230422.zip,NOT_DOWNLOADED_SANDBOX_NETWORK_BLOCKED
2023-04-23,2023,2,https://www.sec.gov/dera/data/Public-EDGAR-log-file-data/2023/Qtr2/log20230423.zip,NOT_DOWNLOADED_SANDBOX_NETWORK_BLOCKED
2023-04-24,2023,2,https://www.sec.gov/dera/data/Public-EDGAR-log-file-data/2023/Qtr2/log20230424.zip,NOT_DOWNLOADED_SANDBOX_NETWORK_BLOCKED
2023-04-25,2023,2,https://www.sec.gov/dera/data/Public-EDGAR-log-file-data/2023/Qtr2/log20230425.zip,NOT_DOWNLOADED_SANDBOX_NETWORK_BLOCKED
2023-04-26,2023,2,https://www.sec.gov/dera/data/Public-EDGAR-log-file-data/2023/Qtr2/log20230426.zip,NOT_DOWNLOADED_SANDBOX_NETWORK_BLOCKED
2023-04-27,2023,2,https://www.sec.gov/dera/data/Public-EDGAR-log-file-data/2023/Qtr2/log20230427.zip,NOT_DOWNLOADED_SANDBOX_NETWORK_BLOCKED
2023-04-28,2023,2,https://www.sec.gov/dera/data/Public-EDGAR-log-file-data/2023/Qtr2/log20230428.zip,NOT_DOWNLOADED_SANDBOX_NETWORK_BLOCKED
2023-04-29,2023,2,https://www.sec.gov/dera/data/Public-EDGAR-log-file-data/2023/Qtr2/log20230429.zip,NOT_DOWNLOADED_SANDBOX_NETWORK_BLOCKED
2023-04-30,2023,2,https://www.sec.gov/dera/data/Public-EDGAR-log-file-data/2023/Qtr2/log20230430.zip,NOT_DOWNLOADED_SANDBOX_NETWORK_BLOCKED
2023-05-01,2023,2,https://www.sec.gov/dera/data/Public-EDGAR-log-file-data/2023/Qtr2/log20230501.zip,NOT_DOWNLOADED_SANDBOX_NETWORK_BLOCKED
2023-05-02,2023,2,https://www.sec.gov/dera/data/Public-EDGAR-log-file-data/2023/Qtr2/log20230502.zip,NOT_DOWNLOADED_SANDBOX_NETWORK_BLOCKED
2023-05-03,2023,2,https://www.sec.gov/dera/data/Public-EDGAR-log-file-data/2023/Qtr2/log20230503.zip,NOT_DOWNLOADED_SANDBOX_NETWORK_BLOCKED
2023-05-04,2023,2,https://www.sec.gov/dera/data/Public-EDGAR-log-file-data/2023/Qtr2/log20230504.zip,NOT_DOWNLOADED_SANDBOX_NETWORK_BLOCKED
2023-05-05,2023,2,https://www.sec.gov/dera/data/Public-EDGAR-log-file-data/2023/Qtr2/log20230505.zip,NOT_DOWNLOADED_SANDBOX_NETWORK_BLOCKED
2023-05-06,2023,2,https://www.sec.gov/dera/data/Public-EDGAR-log-file-data/2023/Qtr2/log20230506.zip,NOT_DOWNLOADED_SANDBOX_NETWORK_BLOCKED
2023-05-07,2023,2,https://www.sec.gov/dera/data/Public-EDGAR-log-file-data/2023/Qtr2/log20230507.zip,NOT_DOWNLOADED_SANDBOX_NETWORK_BLOCKED
2023-05-08,2023,2,https://www.sec.gov/dera/data/Public-EDGAR-log-file-data/2023/Qtr2/log20230508.zip,NOT_DOWNLOADED_SANDBOX_NETWORK_BLOCKED
2023-05-09,2023,2,https://www.sec.gov/dera/data/Public-EDGAR-log-file-data/2023/Qtr2/log20230509.zip,NOT_DOWNLOADED_SANDBOX_NETWORK_BLOCKED
2023-05-10,2023,2,https://www.sec.gov/dera/data/Public-EDGAR-log-file-data/2023/Qtr2/log20230510.zip,NOT_DOWNLOADED_SANDBOX_NETWORK_BLOCKED
2023-05-11,2023,2,https://www.sec.gov/dera/data/Public-EDGAR-log-file-data/2023/Qtr2/log20230511.zip,NOT_DOWNLOADED_SANDBOX_NETWORK_BLOCKED
2023-05-12,2023,2,https://www.sec.gov/dera/data/Public-EDGAR-log-file-data/2023/Qtr2/log20230512.zip,NOT_DOWNLOADED_SANDBOX_NETWORK_BLOCKED
2023-05-13,2023,2,https://www.sec.gov/dera/data/Public-EDGAR-log-file-data/2023/Qtr2/log20230513.zip,NOT_DOWNLOADED_SANDBOX_NETWORK_BLOCKED
2023-05-14,2023,2,https://www.sec.gov/dera/data/Public-EDGAR-log-file-data/2023/Qtr2/log20230514.zip,NOT_DOWNLOADED_SANDBOX_NETWORK_BLOCKED
2023-05-15,2023,2,https://www.sec.gov/dera/data/Public-EDGAR-log-file-data/2023/Qtr2/log20230515.zip,NOT_DOWNLOADED_SANDBOX_NETWORK_BLOCKED
2023-05-16,2023,2,https://www.sec.gov/dera/data/Public-EDGAR-log-file-data/2023/Qtr2/log20230516.zip,NOT_DOWNLOADED_SANDBOX_NETWORK_BLOCKED
2023-05-17,2023,2,https://www.sec.gov/dera/data/Public-EDGAR-log-file-data/2023/Qtr2/log20230517.zip,NOT_DOWNLOADED_SANDBOX_NETWORK_BLOCKED
2023-05-18,2023,2,https://www.sec.gov/dera/data/Public-EDGAR-log-file-data/2023/Qtr2/log20230518.zip,NOT_DOWNLOADED_SANDBOX_NETWORK_BLOCKED
2023-05-19,2023,2,https://www.sec.gov/dera/data/Public-EDGAR-log-file-data/2023/Qtr2/log20230519.zip,NOT_DOWNLOADED_SANDBOX_NETWORK_BLOCKED
2023-05-20,2023,2,https://www.sec.gov/dera/data/Public-EDGAR-log-file-data/2023/Qtr2/log20230520.zip,NOT_DOWNLOADED_SANDBOX_NETWORK_BLOCKED
2023-05-21,2023,2,https://www.sec.gov/dera/data/Public-EDGAR-log-file-data/2023/Qtr2/log20230521.zip,NOT_DOWNLOADED_SANDBOX_NETWORK_BLOCKED
2023-05-22,2023,2,https://www.sec.gov/dera/data/Public-EDGAR-log-file-data/2023/Qtr2/log20230522.zip,NOT_DOWNLOADED_SANDBOX_NETWORK_BLOCKED
2023-05-23,2023,2,https://www.sec.gov/dera/data/Public-EDGAR-log-file-data/2023/Qtr2/log20230523.zip,NOT_DOWNLOADED_SANDBOX_NETWORK_BLOCKED
2023-05-24,2023,2,https://www.sec.gov/dera/data/Public-EDGAR-log-file-data/2023/Qtr2/log20230524.zip,NOT_DOWNLOADED_SANDBOX_NETWORK_BLOCKED
2023-05-25,2023,2,https://www.sec.gov/dera/data/Public-EDGAR-log-file-data/2023/Qtr2/log20230525.zip,NOT_DOWNLOADED_SANDBOX_NETWORK_BLOCKED
2023-05-26,2023,2,https://www.sec.gov/dera/data/Public-EDGAR-log-file-data/2023/Qtr2/log20230526.zip,NOT_DOWNLOADED_SANDBOX_NETWORK_BLOCKED
2023-05-27,2023,2,https://www.sec.gov/dera/data/Public-EDGAR-log-file-data/2023/Qtr2/log20230527.zip,NOT_DOWNLOADED_SANDBOX_NETWORK_BLOCKED
2023-05-28,2023,2,https://www.sec.gov/dera/data/Public-EDGAR-log-file-data/2023/Qtr2/log20230528.zip,NOT_DOWNLOADED_SANDBOX_NETWORK_BLOCKED
2023-05-29,2023,2,https://www.sec.gov/dera/data/Public-EDGAR-log-file-data/2023/Qtr2/log20230529.zip,NOT_DOWNLOADED_SANDBOX_NETWORK_BLOCKED
2023-05-30,2023,2,https://www.sec.gov/dera/data/Public-EDGAR-log-file-data/2023/Qtr2/log20230530.zip,NOT_DOWNLOADED_SANDBOX_NETWORK_BLOCKED
2023-05-31,2023,2,https://www.sec.gov/dera/data/Public-EDGAR-log-file-data/2023/Qtr2/log20230531.zip,NOT_DOWNLOADED_SANDBOX_NETWORK_BLOCKED
2023-06-01,2023,2,https://www.sec.gov/dera/data/Public-EDGAR-log-file-data/2023/Qtr2/log20230601.zip,NOT_DOWNLOADED_SANDBOX_NETWORK_BLOCKED
2023-06-02,2023,2,https://www.sec.gov/dera/data/Public-EDGAR-log-file-data/2023/Qtr2/log20230602.zip,NOT_DOWNLOADED_SANDBOX_NETWORK_BLOCKED
2023-06-03,2023,2,https://www.sec.gov/dera/data/Public-EDGAR-log-file-data/2023/Qtr2/log20230603.zip,NOT_DOWNLOADED_SANDBOX_NETWORK_BLOCKED
2023-06-04,2023,2,https://www.sec.gov/dera/data/Public-EDGAR-log-file-data/2023/Qtr2/log20230604.zip,NOT_DOWNLOADED_SANDBOX_NETWORK_BLOCKED
2023-06-05,2023,2,https://www.sec.gov/dera/data/Public-EDGAR-log-file-data/2023/Qtr2/log20230605.zip,NOT_DOWNLOADED_SANDBOX_NETWORK_BLOCKED
2023-06-06,2023,2,https://www.sec.gov/dera/data/Public-EDGAR-log-file-data/2023/Qtr2/log20230606.zip,NOT_DOWNLOADED_SANDBOX_NETWORK_BLOCKED
2023-06-07,2023,2,https://www.sec.gov/dera/data/Public-EDGAR-log-file-data/2023/Qtr2/log20230607.zip,NOT_DOWNLOADED_SANDBOX_NETWORK_BLOCKED
2023-06-08,2023,2,https://www.sec.gov/dera/data/Public-EDGAR-log-file-data/2023/Qtr2/log20230608.zip,NOT_DOWNLOADED_SANDBOX_NETWORK_BLOCKED
2023-06-09,2023,2,https://www.sec.gov/dera/data/Public-EDGAR-log-file-data/2023/Qtr2/log20230609.zip,NOT_DOWNLOADED_SANDBOX_NETWORK_BLOCKED
2023-06-10,2023,2,https://www.sec.gov/dera/data/Public-EDGAR-log-file-data/2023/Qtr2/log20230610.zip,NOT_DOWNLOADED_SANDBOX_NETWORK_BLOCKED
2023-06-11,2023,2,https://www.sec.gov/dera/data/Public-EDGAR-log-file-data/2023/Qtr2/log20230611.zip,NOT_DOWNLOADED_SANDBOX_NETWORK_BLOCKED
2023-06-12,2023,2,https://www.sec.gov/dera/data/Public-EDGAR-log-file-data/2023/Qtr2/log20230612.zip,NOT_DOWNLOADED_SANDBOX_NETWORK_BLOCKED
2023-06-13,2023,2,https://www.sec.gov/dera/data/Public-EDGAR-log-file-data/2023/Qtr2/log20230613.zip,NOT_DOWNLOADED_SANDBOX_NETWORK_BLOCKED
2023-06-14,2023,2,https://www.sec.gov/dera/data/Public-EDGAR-log-file-data/2023/Qtr2/log20230614.zip,NOT_DOWNLOADED_SANDBOX_NETWORK_BLOCKED
2023-06-15,2023,2,https://www.sec.gov/dera/data/Public-EDGAR-log-file-data/2023/Qtr2/log20230615.zip,NOT_DOWNLOADED_SANDBOX_NETWORK_BLOCKED
2023-06-16,2023,2,https://www.sec.gov/dera/data/Public-EDGAR-log-file-data/2023/Qtr2/log20230616.zip,NOT_DOWNLOADED_SANDBOX_NETWORK_BLOCKED
2023-06-17,2023,2,https://www.sec.gov/dera/data/Public-EDGAR-log-file-data/2023/Qtr2/log20230617.zip,NOT_DOWNLOADED_SANDBOX_NETWORK_BLOCKED
2023-06-18,2023,2,https://www.sec.gov/dera/data/Public-EDGAR-log-file-data/2023/Qtr2/log20230618.zip,NOT_DOWNLOADED_SANDBOX_NETWORK_BLOCKED
2023-06-19,2023,2,https://www.sec.gov/dera/data/Public-EDGAR-log-file-data/2023/Qtr2/log20230619.zip,NOT_DOWNLOADED_SANDBOX_NETWORK_BLOCKED
2023-06-20,2023,2,https://www.sec.gov/dera/data/Public-EDGAR-log-file-data/2023/Qtr2/log20230620.zip,NOT_DOWNLOADED_SANDBOX_NETWORK_BLOCKED
2023-06-21,2023,2,https://www.sec.gov/dera/data/Public-EDGAR-log-file-data/2023/Qtr2/log20230621.zip,NOT_DOWNLOADED_SANDBOX_NETWORK_BLOCKED
2023-06-22,2023,2,https://www.sec.gov/dera/data/Public-EDGAR-log-file-data/2023/Qtr2/log20230622.zip,NOT_DOWNLOADED_SANDBOX_NETWORK_BLOCKED
2023-06-23,2023,2,https://www.sec.gov/dera/data/Public-EDGAR-log-file-data/2023/Qtr2/log20230623.zip,NOT_DOWNLOADED_SANDBOX_NETWORK_BLOCKED
2023-06-24,2023,2,https://www.sec.gov/dera/data/Public-EDGAR-log-file-data/2023/Qtr2/log20230624.zip,NOT_DOWNLOADED_SANDBOX_NETWORK_BLOCKED
2023-06-25,2023,2,https://www.sec.gov/dera/data/Public-EDGAR-log-file-data/2023/Qtr2/log20230625.zip,NOT_DOWNLOADED_SANDBOX_NETWORK_BLOCKED
2023-06-26,2023,2,https://www.sec.gov/dera/data/Public-EDGAR-log-file-data/2023/Qtr2/log20230626.zip,NOT_DOWNLOADED_SANDBOX_NETWORK_BLOCKED
2023-06-27,2023,2,https://www.sec.gov/dera/data/Public-EDGAR-log-file-data/2023/Qtr2/log20230627.zip,NOT_DOWNLOADED_SANDBOX_NETWORK_BLOCKED
2023-06-28,2023,2,https://www.sec.gov/dera/data/Public-EDGAR-log-file-data/2023/Qtr2/log20230628.zip,NOT_DOWNLOADED_SANDBOX_NETWORK_BLOCKED
2023-06-29,2023,2,https://www.sec.gov/dera/data/Public-EDGAR-log-file-data/2023/Qtr2/log20230629.zip,NOT_DOWNLOADED_SANDBOX_NETWORK_BLOCKED
2023-06-30,2023,2,https://www.sec.gov/dera/data/Public-EDGAR-log-file-data/2023/Qtr2/log20230630.zip,NOT_DOWNLOADED_SANDBOX_NETWORK_BLOCKED
2023-07-01,2023,3,https://www.sec.gov/dera/data/Public-EDGAR-log-file-data/2023/Qtr3/log20230701.zip,NOT_DOWNLOADED_SANDBOX_NETWORK_BLOCKED
2023-07-02,2023,3,https://www.sec.gov/dera/data/Public-EDGAR-log-file-data/2023/Qtr3/log20230702.zip,NOT_DOWNLOADED_SANDBOX_NETWORK_BLOCKED
2023-07-03,2023,3,https://www.sec.gov/dera/data/Public-EDGAR-log-file-data/2023/Qtr3/log20230703.zip,NOT_DOWNLOADED_SANDBOX_NETWORK_BLOCKED
2023-07-04,2023,3,https://www.sec.gov/dera/data/Public-EDGAR-log-file-data/2023/Qtr3/log20230704.zip,NOT_DOWNLOADED_SANDBOX_NETWORK_BLOCKED
2023-07-05,2023,3,https://www.sec.gov/dera/data/Public-EDGAR-log-file-data/2023/Qtr3/log20230705.zip,NOT_DOWNLOADED_SANDBOX_NETWORK_BLOCKED
2023-07-06,2023,3,https://www.sec.gov/dera/data/Public-EDGAR-log-file-data/2023/Qtr3/log20230706.zip,NOT_DOWNLOADED_SANDBOX_NETWORK_BLOCKED
2023-07-07,2023,3,https://www.sec.gov/dera/data/Public-EDGAR-log-file-data/2023/Qtr3/log20230707.zip,NOT_DOWNLOADED_SANDBOX_NETWORK_BLOCKED
2023-07-08,2023,3,https://www.sec.gov/dera/data/Public-EDGAR-log-file-data/2023/Qtr3/log20230708.zip,NOT_DOWNLOADED_SANDBOX_NETWORK_BLOCKED
2023-07-09,2023,3,https://www.sec.gov/dera/data/Public-EDGAR-log-file-data/2023/Qtr3/log20230709.zip,NOT_DOWNLOADED_SANDBOX_NETWORK_BLOCKED
2023-07-10,2023,3,https://www.sec.gov/dera/data/Public-EDGAR-log-file-data/2023/Qtr3/log20230710.zip,NOT_DOWNLOADED_SANDBOX_NETWORK_BLOCKED
2023-07-11,2023,3,https://www.sec.gov/dera/data/Public-EDGAR-log-file-data/2023/Qtr3/log20230711.zip,NOT_DOWNLOADED_SANDBOX_NETWORK_BLOCKED
2023-07-12,2023,3,https://www.sec.gov/dera/data/Public-EDGAR-log-file-data/2023/Qtr3/log20230712.zip,NOT_DOWNLOADED_SANDBOX_NETWORK_BLOCKED
2023-07-13,2023,3,https://www.sec.gov/dera/data/Public-EDGAR-log-file-data/2023/Qtr3/log20230713.zip,NOT_DOWNLOADED_SANDBOX_NETWORK_BLOCKED
2023-07-14,2023,3,https://www.sec.gov/dera/data/Public-EDGAR-log-file-data/2023/Qtr3/log20230714.zip,NOT_DOWNLOADED_SANDBOX_NETWORK_BLOCKED
2023-07-15,2023,3,https://www.sec.gov/dera/data/Public-EDGAR-log-file-data/2023/Qtr3/log20230715.zip,NOT_DOWNLOADED_SANDBOX_NETWORK_BLOCKED
2023-07-16,2023,3,https://www.sec.gov/dera/data/Public-EDGAR-log-file-data/2023/Qtr3/log20230716.zip,NOT_DOWNLOADED_SANDBOX_NETWORK_BLOCKED
2023-07-17,2023,3,https://www.sec.gov/dera/data/Public-EDGAR-log-file-data/2023/Qtr3/log20230717.zip,NOT_DOWNLOADED_SANDBOX_NETWORK_BLOCKED
2023-07-18,2023,3,https://www.sec.gov/dera/data/Public-EDGAR-log-file-data/2023/Qtr3/log20230718.zip,NOT_DOWNLOADED_SANDBOX_NETWORK_BLOCKED
2023-07-19,2023,3,https://www.sec.gov/dera/data/Public-EDGAR-log-file-data/2023/Qtr3/log20230719.zip,NOT_DOWNLOADED_SANDBOX_NETWORK_BLOCKED
2023-07-20,2023,3,https://www.sec.gov/dera/data/Public-EDGAR-log-file-data/2023/Qtr3/log20230720.zip,NOT_DOWNLOADED_SANDBOX_NETWORK_BLOCKED
2023-07-21,2023,3,https://www.sec.gov/dera/data/Public-EDGAR-log-file-data/2023/Qtr3/log20230721.zip,NOT_DOWNLOADED_SANDBOX_NETWORK_BLOCKED
2023-07-22,2023,3,https://www.sec.gov/dera/data/Public-EDGAR-log-file-data/2023/Qtr3/log20230722.zip,NOT_DOWNLOADED_SANDBOX_NETWORK_BLOCKED
2023-07-23,2023,3,https://www.sec.gov/dera/data/Public-EDGAR-log-file-data/2023/Qtr3/log20230723.zip,NOT_DOWNLOADED_SANDBOX_NETWORK_BLOCKED
2023-07-24,2023,3,https://www.sec.gov/dera/data/Public-EDGAR-log-file-data/2023/Qtr3/log20230724.zip,NOT_DOWNLOADED_SANDBOX_NETWORK_BLOCKED
2023-07-25,2023,3,https://www.sec.gov/dera/data/Public-EDGAR-log-file-data/2023/Qtr3/log20230725.zip,NOT_DOWNLOADED_SANDBOX_NETWORK_BLOCKED
2023-07-26,2023,3,https://www.sec.gov/dera/data/Public-EDGAR-log-file-data/2023/Qtr3/log20230726.zip,NOT_DOWNLOADED_SANDBOX_NETWORK_BLOCKED
2023-07-27,2023,3,https://www.sec.gov/dera/data/Public-EDGAR-log-file-data/2023/Qtr3/log20230727.zip,NOT_DOWNLOADED_SANDBOX_NETWORK_BLOCKED
2023-07-28,2023,3,https://www.sec.gov/dera/data/Public-EDGAR-log-file-data/2023/Qtr3/log20230728.zip,NOT_DOWNLOADED_SANDBOX_NETWORK_BLOCKED
2023-07-29,2023,3,https://www.sec.gov/dera/data/Public-EDGAR-log-file-data/2023/Qtr3/log20230729.zip,NOT_DOWNLOADED_SANDBOX_NETWORK_BLOCKED
2023-07-30,2023,3,https://www.sec.gov/dera/data/Public-EDGAR-log-file-data/2023/Qtr3/log20230730.zip,NOT_DOWNLOADED_SANDBOX_NETWORK_BLOCKED
2023-07-31,2023,3,https://www.sec.gov/dera/data/Public-EDGAR-log-file-data/2023/Qtr3/log20230731.zip,NOT_DOWNLOADED_SANDBOX_NETWORK_BLOCKED
2023-08-01,2023,3,https://www.sec.gov/dera/data/Public-EDGAR-log-file-data/2023/Qtr3/log20230801.zip,NOT_DOWNLOADED_SANDBOX_NETWORK_BLOCKED
2023-08-02,2023,3,https://www.sec.gov/dera/data/Public-EDGAR-log-file-data/2023/Qtr3/log20230802.zip,NOT_DOWNLOADED_SANDBOX_NETWORK_BLOCKED
2023-08-03,2023,3,https://www.sec.gov/dera/data/Public-EDGAR-log-file-data/2023/Qtr3/log20230803.zip,NOT_DOWNLOADED_SANDBOX_NETWORK_BLOCKED
2023-08-04,2023,3,https://www.sec.gov/dera/data/Public-EDGAR-log-file-data/2023/Qtr3/log20230804.zip,NOT_DOWNLOADED_SANDBOX_NETWORK_BLOCKED
2023-08-05,2023,3,https://www.sec.gov/dera/data/Public-EDGAR-log-file-data/2023/Qtr3/log20230805.zip,NOT_DOWNLOADED_SANDBOX_NETWORK_BLOCKED
2023-08-06,2023,3,https://www.sec.gov/dera/data/Public-EDGAR-log-file-data/2023/Qtr3/log20230806.zip,NOT_DOWNLOADED_SANDBOX_NETWORK_BLOCKED
2023-08-07,2023,3,https://www.sec.gov/dera/data/Public-EDGAR-log-file-data/2023/Qtr3/log20230807.zip,NOT_DOWNLOADED_SANDBOX_NETWORK_BLOCKED
2023-08-08,2023,3,https://www.sec.gov/dera/data/Public-EDGAR-log-file-data/2023/Qtr3/log20230808.zip,NOT_DOWNLOADED_SANDBOX_NETWORK_BLOCKED
2023-08-09,2023,3,https://www.sec.gov/dera/data/Public-EDGAR-log-file-data/2023/Qtr3/log20230809.zip,NOT_DOWNLOADED_SANDBOX_NETWORK_BLOCKED
2023-08-10,2023,3,https://www.sec.gov/dera/data/Public-EDGAR-log-file-data/2023/Qtr3/log20230810.zip,NOT_DOWNLOADED_SANDBOX_NETWORK_BLOCKED
2023-08-11,2023,3,https://www.sec.gov/dera/data/Public-EDGAR-log-file-data/2023/Qtr3/log20230811.zip,NOT_DOWNLOADED_SANDBOX_NETWORK_BLOCKED
2023-08-12,2023,3,https://www.sec.gov/dera/data/Public-EDGAR-log-file-data/2023/Qtr3/log20230812.zip,NOT_DOWNLOADED_SANDBOX_NETWORK_BLOCKED
2023-08-13,2023,3,https://www.sec.gov/dera/data/Public-EDGAR-log-file-data/2023/Qtr3/log20230813.zip,NOT_DOWNLOADED_SANDBOX_NETWORK_BLOCKED
2023-08-14,2023,3,https://www.sec.gov/dera/data/Public-EDGAR-log-file-data/2023/Qtr3/log20230814.zip,NOT_DOWNLOADED_SANDBOX_NETWORK_BLOCKED
2023-08-15,2023,3,https://www.sec.gov/dera/data/Public-EDGAR-log-file-data/2023/Qtr3/log20230815.zip,NOT_DOWNLOADED_SANDBOX_NETWORK_BLOCKED
2023-08-16,2023,3,https://www.sec.gov/dera/data/Public-EDGAR-log-file-data/2023/Qtr3/log20230816.zip,NOT_DOWNLOADED_SANDBOX_NETWORK_BLOCKED
2023-08-17,2023,3,https://www.sec.gov/dera/data/Public-EDGAR-log-file-data/2023/Qtr3/log20230817.zip,NOT_DOWNLOADED_SANDBOX_NETWORK_BLOCKED
2023-08-18,2023,3,https://www.sec.gov/dera/data/Public-EDGAR-log-file-data/2023/Qtr3/log20230818.zip,NOT_DOWNLOADED_SANDBOX_NETWORK_BLOCKED
2023-08-19,2023,3,https://www.sec.gov/dera/data/Public-EDGAR-log-file-data/2023/Qtr3/log20230819.zip,NOT_DOWNLOADED_SANDBOX_NETWORK_BLOCKED
2023-08-20,2023,3,https://www.sec.gov/dera/data/Public-EDGAR-log-file-data/2023/Qtr3/log20230820.zip,NOT_DOWNLOADED_SANDBOX_NETWORK_BLOCKED
2023-08-21,2023,3,https://www.sec.gov/dera/data/Public-EDGAR-log-file-data/2023/Qtr3/log20230821.zip,NOT_DOWNLOADED_SANDBOX_NETWORK_BLOCKED
2023-08-22,2023,3,https://www.sec.gov/dera/data/Public-EDGAR-log-file-data/2023/Qtr3/log20230822.zip,NOT_DOWNLOADED_SANDBOX_NETWORK_BLOCKED
2023-08-23,2023,3,https://www.sec.gov/dera/data/Public-EDGAR-log-file-data/2023/Qtr3/log20230823.zip,NOT_DOWNLOADED_SANDBOX_NETWORK_BLOCKED
2023-08-24,2023,3,https://www.sec.gov/dera/data/Public-EDGAR-log-file-data/2023/Qtr3/log20230824.zip,NOT_DOWNLOADED_SANDBOX_NETWORK_BLOCKED
2023-08-25,2023,3,https://www.sec.gov/dera/data/Public-EDGAR-log-file-data/2023/Qtr3/log20230825.zip,NOT_DOWNLOADED_SANDBOX_NETWORK_BLOCKED
2023-08-26,2023,3,https://www.sec.gov/dera/data/Public-EDGAR-log-file-data/2023/Qtr3/log20230826.zip,NOT_DOWNLOADED_SANDBOX_NETWORK_BLOCKED
2023-08-27,2023,3,https://www.sec.gov/dera/data/Public-EDGAR-log-file-data/2023/Qtr3/log20230827.zip,NOT_DOWNLOADED_SANDBOX_NETWORK_BLOCKED
2023-08-28,2023,3,https://www.sec.gov/dera/data/Public-EDGAR-log-file-data/2023/Qtr3/log20230828.zip,NOT_DOWNLOADED_SANDBOX_NETWORK_BLOCKED
2023-08-29,2023,3,https://www.sec.gov/dera/data/Public-EDGAR-log-file-data/2023/Qtr3/log20230829.zip,NOT_DOWNLOADED_SANDBOX_NETWORK_BLOCKED
2023-08-30,2023,3,https://www.sec.gov/dera/data/Public-EDGAR-log-file-data/2023/Qtr3/log20230830.zip,NOT_DOWNLOADED_SANDBOX_NETWORK_BLOCKED
2023-08-31,2023,3,https://www.sec.gov/dera/data/Public-EDGAR-log-file-data/2023/Qtr3/log20230831.zip,NOT_DOWNLOADED_SANDBOX_NETWORK_BLOCKED
2023-09-01,2023,3,https://www.sec.gov/dera/data/Public-EDGAR-log-file-data/2023/Qtr3/log20230901.zip,NOT_DOWNLOADED_SANDBOX_NETWORK_BLOCKED
2023-09-02,2023,3,https://www.sec.gov/dera/data/Public-EDGAR-log-file-data/2023/Qtr3/log20230902.zip,NOT_DOWNLOADED_SANDBOX_NETWORK_BLOCKED
2023-09-03,2023,3,https://www.sec.gov/dera/data/Public-EDGAR-log-file-data/2023/Qtr3/log20230903.zip,NOT_DOWNLOADED_SANDBOX_NETWORK_BLOCKED
2023-09-04,2023,3,https://www.sec.gov/dera/data/Public-EDGAR-log-file-data/2023/Qtr3/log20230904.zip,NOT_DOWNLOADED_SANDBOX_NETWORK_BLOCKED
2023-09-05,2023,3,https://www.sec.gov/dera/data/Public-EDGAR-log-file-data/2023/Qtr3/log20230905.zip,NOT_DOWNLOADED_SANDBOX_NETWORK_BLOCKED
2023-09-06,2023,3,https://www.sec.gov/dera/data/Public-EDGAR-log-file-data/2023/Qtr3/log20230906.zip,NOT_DOWNLOADED_SANDBOX_NETWORK_BLOCKED
2023-09-07,2023,3,https://www.sec.gov/dera/data/Public-EDGAR-log-file-data/2023/Qtr3/log20230907.zip,NOT_DOWNLOADED_SANDBOX_NETWORK_BLOCKED
2023-09-08,2023,3,https://www.sec.gov/dera/data/Public-EDGAR-log-file-data/2023/Qtr3/log20230908.zip,NOT_DOWNLOADED_SANDBOX_NETWORK_BLOCKED
2023-09-09,2023,3,https://www.sec.gov/dera/data/Public-EDGAR-log-file-data/2023/Qtr3/log20230909.zip,NOT_DOWNLOADED_SANDBOX_NETWORK_BLOCKED
2023-09-10,2023,3,https://www.sec.gov/dera/data/Public-EDGAR-log-file-data/2023/Qtr3/log20230910.zip,NOT_DOWNLOADED_SANDBOX_NETWORK_BLOCKED
2023-09-11,2023,3,https://www.sec.gov/dera/data/Public-EDGAR-log-file-data/2023/Qtr3/log20230911.zip,NOT_DOWNLOADED_SANDBOX_NETWORK_BLOCKED
2023-09-12,2023,3,https://www.sec.gov/dera/data/Public-EDGAR-log-file-data/2023/Qtr3/log20230912.zip,NOT_DOWNLOADED_SANDBOX_NETWORK_BLOCKED
2023-09-13,2023,3,https://www.sec.gov/dera/data/Public-EDGAR-log-file-data/2023/Qtr3/log20230913.zip,NOT_DOWNLOADED_SANDBOX_NETWORK_BLOCKED
2023-09-14,2023,3,https://www.sec.gov/dera/data/Public-EDGAR-log-file-data/2023/Qtr3/log20230914.zip,NOT_DOWNLOADED_SANDBOX_NETWORK_BLOCKED
2023-09-15,2023,3,https://www.sec.gov/dera/data/Public-EDGAR-log-file-data/2023/Qtr3/log20230915.zip,NOT_DOWNLOADED_SANDBOX_NETWORK_BLOCKED
2023-09-16,2023,3,https://www.sec.gov/dera/data/Public-EDGAR-log-file-data/2023/Qtr3/log20230916.zip,NOT_DOWNLOADED_SANDBOX_NETWORK_BLOCKED
2023-09-17,2023,3,https://www.sec.gov/dera/data/Public-EDGAR-log-file-data/2023/Qtr3/log20230917.zip,NOT_DOWNLOADED_SANDBOX_NETWORK_BLOCKED
2023-09-18,2023,3,https://www.sec.gov/dera/data/Public-EDGAR-log-file-data/2023/Qtr3/log20230918.zip,NOT_DOWNLOADED_SANDBOX_NETWORK_BLOCKED
2023-09-19,2023,3,https://www.sec.gov/dera/data/Public-EDGAR-log-file-data/2023/Qtr3/log20230919.zip,NOT_DOWNLOADED_SANDBOX_NETWORK_BLOCKED
2023-09-20,2023,3,https://www.sec.gov/dera/data/Public-EDGAR-log-file-data/2023/Qtr3/log20230920.zip,NOT_DOWNLOADED_SANDBOX_NETWORK_BLOCKED
2023-09-21,2023,3,https://www.sec.gov/dera/data/Public-EDGAR-log-file-data/2023/Qtr3/log20230921.zip,NOT_DOWNLOADED_SANDBOX_NETWORK_BLOCKED
2023-09-22,2023,3,https://www.sec.gov/dera/data/Public-EDGAR-log-file-data/2023/Qtr3/log20230922.zip,NOT_DOWNLOADED_SANDBOX_NETWORK_BLOCKED
2023-09-23,2023,3,https://www.sec.gov/dera/data/Public-EDGAR-log-file-data/2023/Qtr3/log20230923.zip,NOT_DOWNLOADED_SANDBOX_NETWORK_BLOCKED
2023-09-24,2023,3,https://www.sec.gov/dera/data/Public-EDGAR-log-file-data/2023/Qtr3/log20230924.zip,NOT_DOWNLOADED_SANDBOX_NETWORK_BLOCKED
2023-09-25,2023,3,https://www.sec.gov/dera/data/Public-EDGAR-log-file-data/2023/Qtr3/log20230925.zip,NOT_DOWNLOADED_SANDBOX_NETWORK_BLOCKED
2023-09-26,2023,3,https://www.sec.gov/dera/data/Public-EDGAR-log-file-data/2023/Qtr3/log20230926.zip,NOT_DOWNLOADED_SANDBOX_NETWORK_BLOCKED
2023-09-27,2023,3,https://www.sec.gov/dera/data/Public-EDGAR-log-file-data/2023/Qtr3/log20230927.zip,NOT_DOWNLOADED_SANDBOX_NETWORK_BLOCKED
2023-09-28,2023,3,https://www.sec.gov/dera/data/Public-EDGAR-log-file-data/2023/Qtr3/log20230928.zip,NOT_DOWNLOADED_SANDBOX_NETWORK_BLOCKED
2023-09-29,2023,3,https://www.sec.gov/dera/data/Public-EDGAR-log-file-data/2023/Qtr3/log20230929.zip,NOT_DOWNLOADED_SANDBOX_NETWORK_BLOCKED
2023-09-30,2023,3,https://www.sec.gov/dera/data/Public-EDGAR-log-file-data/2023/Qtr3/log20230930.zip,NOT_DOWNLOADED_SANDBOX_NETWORK_BLOCKED
2023-10-01,2023,4,https://www.sec.gov/dera/data/Public-EDGAR-log-file-data/2023/Qtr4/log20231001.zip,NOT_DOWNLOADED_SANDBOX_NETWORK_BLOCKED
2023-10-02,2023,4,https://www.sec.gov/dera/data/Public-EDGAR-log-file-data/2023/Qtr4/log20231002.zip,NOT_DOWNLOADED_SANDBOX_NETWORK_BLOCKED
2023-10-03,2023,4,https://www.sec.gov/dera/data/Public-EDGAR-log-file-data/2023/Qtr4/log20231003.zip,NOT_DOWNLOADED_SANDBOX_NETWORK_BLOCKED
2023-10-04,2023,4,https://www.sec.gov/dera/data/Public-EDGAR-log-file-data/2023/Qtr4/log20231004.zip,NOT_DOWNLOADED_SANDBOX_NETWORK_BLOCKED
2023-10-05,2023,4,https://www.sec.gov/dera/data/Public-EDGAR-log-file-data/2023/Qtr4/log20231005.zip,NOT_DOWNLOADED_SANDBOX_NETWORK_BLOCKED
2023-10-06,2023,4,https://www.sec.gov/dera/data/Public-EDGAR-log-file-data/2023/Qtr4/log20231006.zip,NOT_DOWNLOADED_SANDBOX_NETWORK_BLOCKED
2023-10-07,2023,4,https://www.sec.gov/dera/data/Public-EDGAR-log-file-data/2023/Qtr4/log20231007.zip,NOT_DOWNLOADED_SANDBOX_NETWORK_BLOCKED
2023-10-08,2023,4,https://www.sec.gov/dera/data/Public-EDGAR-log-file-data/2023/Qtr4/log20231008.zip,NOT_DOWNLOADED_SANDBOX_NETWORK_BLOCKED
2023-10-09,2023,4,https://www.sec.gov/dera/data/Public-EDGAR-log-file-data/2023/Qtr4/log20231009.zip,NOT_DOWNLOADED_SANDBOX_NETWORK_BLOCKED
2023-10-10,2023,4,https://www.sec.gov/dera/data/Public-EDGAR-log-file-data/2023/Qtr4/log20231010.zip,NOT_DOWNLOADED_SANDBOX_NETWORK_BLOCKED
2023-10-11,2023,4,https://www.sec.gov/dera/data/Public-EDGAR-log-file-data/2023/Qtr4/log20231011.zip,NOT_DOWNLOADED_SANDBOX_NETWORK_BLOCKED
2023-10-12,2023,4,https://www.sec.gov/dera/data/Public-EDGAR-log-file-data/2023/Qtr4/log20231012.zip,NOT_DOWNLOADED_SANDBOX_NETWORK_BLOCKED
2023-10-13,2023,4,https://www.sec.gov/dera/data/Public-EDGAR-log-file-data/2023/Qtr4/log20231013.zip,NOT_DOWNLOADED_SANDBOX_NETWORK_BLOCKED
2023-10-14,2023,4,https://www.sec.gov/dera/data/Public-EDGAR-log-file-data/2023/Qtr4/log20231014.zip,NOT_DOWNLOADED_SANDBOX_NETWORK_BLOCKED
2023-10-15,2023,4,https://www.sec.gov/dera/data/Public-EDGAR-log-file-data/2023/Qtr4/log20231015.zip,NOT_DOWNLOADED_SANDBOX_NETWORK_BLOCKED
2023-10-16,2023,4,https://www.sec.gov/dera/data/Public-EDGAR-log-file-data/2023/Qtr4/log20231016.zip,NOT_DOWNLOADED_SANDBOX_NETWORK_BLOCKED
2023-10-17,2023,4,https://www.sec.gov/dera/data/Public-EDGAR-log-file-data/2023/Qtr4/log20231017.zip,NOT_DOWNLOADED_SANDBOX_NETWORK_BLOCKED
2023-10-18,2023,4,https://www.sec.gov/dera/data/Public-EDGAR-log-file-data/2023/Qtr4/log20231018.zip,NOT_DOWNLOADED_SANDBOX_NETWORK_BLOCKED
2023-10-19,2023,4,https://www.sec.gov/dera/data/Public-EDGAR-log-file-data/2023/Qtr4/log20231019.zip,NOT_DOWNLOADED_SANDBOX_NETWORK_BLOCKED
2023-10-20,2023,4,https://www.sec.gov/dera/data/Public-EDGAR-log-file-data/2023/Qtr4/log20231020.zip,NOT_DOWNLOADED_SANDBOX_NETWORK_BLOCKED
2023-10-21,2023,4,https://www.sec.gov/dera/data/Public-EDGAR-log-file-data/2023/Qtr4/log20231021.zip,NOT_DOWNLOADED_SANDBOX_NETWORK_BLOCKED
2023-10-22,2023,4,https://www.sec.gov/dera/data/Public-EDGAR-log-file-data/2023/Qtr4/log20231022.zip,NOT_DOWNLOADED_SANDBOX_NETWORK_BLOCKED
2023-10-23,2023,4,https://www.sec.gov/dera/data/Public-EDGAR-log-file-data/2023/Qtr4/log20231023.zip,NOT_DOWNLOADED_SANDBOX_NETWORK_BLOCKED
2023-10-24,2023,4,https://www.sec.gov/dera/data/Public-EDGAR-log-file-data/2023/Qtr4/log20231024.zip,NOT_DOWNLOADED_SANDBOX_NETWORK_BLOCKED
2023-10-25,2023,4,https://www.sec.gov/dera/data/Public-EDGAR-log-file-data/2023/Qtr4/log20231025.zip,NOT_DOWNLOADED_SANDBOX_NETWORK_BLOCKED
2023-10-26,2023,4,https://www.sec.gov/dera/data/Public-EDGAR-log-file-data/2023/Qtr4/log20231026.zip,NOT_DOWNLOADED_SANDBOX_NETWORK_BLOCKED
2023-10-27,2023,4,https://www.sec.gov/dera/data/Public-EDGAR-log-file-data/2023/Qtr4/log20231027.zip,NOT_DOWNLOADED_SANDBOX_NETWORK_BLOCKED
2023-10-28,2023,4,https://www.sec.gov/dera/data/Public-EDGAR-log-file-data/2023/Qtr4/log20231028.zip,NOT_DOWNLOADED_SANDBOX_NETWORK_BLOCKED
2023-10-29,2023,4,https://www.sec.gov/dera/data/Public-EDGAR-log-file-data/2023/Qtr4/log20231029.zip,NOT_DOWNLOADED_SANDBOX_NETWORK_BLOCKED
2023-10-30,2023,4,https://www.sec.gov/dera/data/Public-EDGAR-log-file-data/2023/Qtr4/log20231030.zip,NOT_DOWNLOADED_SANDBOX_NETWORK_BLOCKED
2023-10-31,2023,4,https://www.sec.gov/dera/data/Public-EDGAR-log-file-data/2023/Qtr4/log20231031.zip,NOT_DOWNLOADED_SANDBOX_NETWORK_BLOCKED
2023-11-01,2023,4,https://www.sec.gov/dera/data/Public-EDGAR-log-file-data/2023/Qtr4/log20231101.zip,NOT_DOWNLOADED_SANDBOX_NETWORK_BLOCKED
2023-11-02,2023,4,https://www.sec.gov/dera/data/Public-EDGAR-log-file-data/2023/Qtr4/log20231102.zip,NOT_DOWNLOADED_SANDBOX_NETWORK_BLOCKED
2023-11-03,2023,4,https://www.sec.gov/dera/data/Public-EDGAR-log-file-data/2023/Qtr4/log20231103.zip,NOT_DOWNLOADED_SANDBOX_NETWORK_BLOCKED
2023-11-04,2023,4,https://www.sec.gov/dera/data/Public-EDGAR-log-file-data/2023/Qtr4/log20231104.zip,NOT_DOWNLOADED_SANDBOX_NETWORK_BLOCKED
2023-11-05,2023,4,https://www.sec.gov/dera/data/Public-EDGAR-log-file-data/2023/Qtr4/log20231105.zip,NOT_DOWNLOADED_SANDBOX_NETWORK_BLOCKED
2023-11-06,2023,4,https://www.sec.gov/dera/data/Public-EDGAR-log-file-data/2023/Qtr4/log20231106.zip,NOT_DOWNLOADED_SANDBOX_NETWORK_BLOCKED
2023-11-07,2023,4,https://www.sec.gov/dera/data/Public-EDGAR-log-file-data/2023/Qtr4/log20231107.zip,NOT_DOWNLOADED_SANDBOX_NETWORK_BLOCKED
2023-11-08,2023,4,https://www.sec.gov/dera/data/Public-EDGAR-log-file-data/2023/Qtr4/log20231108.zip,NOT_DOWNLOADED_SANDBOX_NETWORK_BLOCKED
2023-11-09,2023,4,https://www.sec.gov/dera/data/Public-EDGAR-log-file-data/2023/Qtr4/log20231109.zip,NOT_DOWNLOADED_SANDBOX_NETWORK_BLOCKED
2023-11-10,2023,4,https://www.sec.gov/dera/data/Public-EDGAR-log-file-data/2023/Qtr4/log20231110.zip,NOT_DOWNLOADED_SANDBOX_NETWORK_BLOCKED
2023-11-11,2023,4,https://www.sec.gov/dera/data/Public-EDGAR-log-file-data/2023/Qtr4/log20231111.zip,NOT_DOWNLOADED_SANDBOX_NETWORK_BLOCKED
2023-11-12,2023,4,https://www.sec.gov/dera/data/Public-EDGAR-log-file-data/2023/Qtr4/log20231112.zip,NOT_DOWNLOADED_SANDBOX_NETWORK_BLOCKED
2023-11-13,2023,4,https://www.sec.gov/dera/data/Public-EDGAR-log-file-data/2023/Qtr4/log20231113.zip,NOT_DOWNLOADED_SANDBOX_NETWORK_BLOCKED
2023-11-14,2023,4,https://www.sec.gov/dera/data/Public-EDGAR-log-file-data/2023/Qtr4/log20231114.zip,NOT_DOWNLOADED_SANDBOX_NETWORK_BLOCKED
2023-11-15,2023,4,https://www.sec.gov/dera/data/Public-EDGAR-log-file-data/2023/Qtr4/log20231115.zip,NOT_DOWNLOADED_SANDBOX_NETWORK_BLOCKED
2023-11-16,2023,4,https://www.sec.gov/dera/data/Public-EDGAR-log-file-data/2023/Qtr4/log20231116.zip,NOT_DOWNLOADED_SANDBOX_NETWORK_BLOCKED
2023-11-17,2023,4,https://www.sec.gov/dera/data/Public-EDGAR-log-file-data/2023/Qtr4/log20231117.zip,NOT_DOWNLOADED_SANDBOX_NETWORK_BLOCKED
2023-11-18,2023,4,https://www.sec.gov/dera/data/Public-EDGAR-log-file-data/2023/Qtr4/log20231118.zip,NOT_DOWNLOADED_SANDBOX_NETWORK_BLOCKED
2023-11-19,2023,4,https://www.sec.gov/dera/data/Public-EDGAR-log-file-data/2023/Qtr4/log20231119.zip,NOT_DOWNLOADED_SANDBOX_NETWORK_BLOCKED
2023-11-20,2023,4,https://www.sec.gov/dera/data/Public-EDGAR-log-file-data/2023/Qtr4/log20231120.zip,NOT_DOWNLOADED_SANDBOX_NETWORK_BLOCKED
2023-11-21,2023,4,https://www.sec.gov/dera/data/Public-EDGAR-log-file-data/2023/Qtr4/log20231121.zip,NOT_DOWNLOADED_SANDBOX_NETWORK_BLOCKED
2023-11-22,2023,4,https://www.sec.gov/dera/data/Public-EDGAR-log-file-data/2023/Qtr4/log20231122.zip,NOT_DOWNLOADED_SANDBOX_NETWORK_BLOCKED
2023-11-23,2023,4,https://www.sec.gov/dera/data/Public-EDGAR-log-file-data/2023/Qtr4/log20231123.zip,NOT_DOWNLOADED_SANDBOX_NETWORK_BLOCKED
2023-11-24,2023,4,https://www.sec.gov/dera/data/Public-EDGAR-log-file-data/2023/Qtr4/log20231124.zip,NOT_DOWNLOADED_SANDBOX_NETWORK_BLOCKED
2023-11-25,2023,4,https://www.sec.gov/dera/data/Public-EDGAR-log-file-data/2023/Qtr4/log20231125.zip,NOT_DOWNLOADED_SANDBOX_NETWORK_BLOCKED
2023-11-26,2023,4,https://www.sec.gov/dera/data/Public-EDGAR-log-file-data/2023/Qtr4/log20231126.zip,NOT_DOWNLOADED_SANDBOX_NETWORK_BLOCKED
2023-11-27,2023,4,https://www.sec.gov/dera/data/Public-EDGAR-log-file-data/2023/Qtr4/log20231127.zip,NOT_DOWNLOADED_SANDBOX_NETWORK_BLOCKED
2023-11-28,2023,4,https://www.sec.gov/dera/data/Public-EDGAR-log-file-data/2023/Qtr4/log20231128.zip,NOT_DOWNLOADED_SANDBOX_NETWORK_BLOCKED
2023-11-29,2023,4,https://www.sec.gov/dera/data/Public-EDGAR-log-file-data/2023/Qtr4/log20231129.zip,NOT_DOWNLOADED_SANDBOX_NETWORK_BLOCKED
2023-11-30,2023,4,https://www.sec.gov/dera/data/Public-EDGAR-log-file-data/2023/Qtr4/log20231130.zip,NOT_DOWNLOADED_SANDBOX_NETWORK_BLOCKED
2023-12-01,2023,4,https://www.sec.gov/dera/data/Public-EDGAR-log-file-data/2023/Qtr4/log20231201.zip,NOT_DOWNLOADED_SANDBOX_NETWORK_BLOCKED
2023-12-02,2023,4,https://www.sec.gov/dera/data/Public-EDGAR-log-file-data/2023/Qtr4/log20231202.zip,NOT_DOWNLOADED_SANDBOX_NETWORK_BLOCKED
2023-12-03,2023,4,https://www.sec.gov/dera/data/Public-EDGAR-log-file-data/2023/Qtr4/log20231203.zip,NOT_DOWNLOADED_SANDBOX_NETWORK_BLOCKED
2023-12-04,2023,4,https://www.sec.gov/dera/data/Public-EDGAR-log-file-data/2023/Qtr4/log20231204.zip,NOT_DOWNLOADED_SANDBOX_NETWORK_BLOCKED
2023-12-05,2023,4,https://www.sec.gov/dera/data/Public-EDGAR-log-file-data/2023/Qtr4/log20231205.zip,NOT_DOWNLOADED_SANDBOX_NETWORK_BLOCKED
2023-12-06,2023,4,https://www.sec.gov/dera/data/Public-EDGAR-log-file-data/2023/Qtr4/log20231206.zip,NOT_DOWNLOADED_SANDBOX_NETWORK_BLOCKED
2023-12-07,2023,4,https://www.sec.gov/dera/data/Public-EDGAR-log-file-data/2023/Qtr4/log20231207.zip,NOT_DOWNLOADED_SANDBOX_NETWORK_BLOCKED
2023-12-08,2023,4,https://www.sec.gov/dera/data/Public-EDGAR-log-file-data/2023/Qtr4/log20231208.zip,NOT_DOWNLOADED_SANDBOX_NETWORK_BLOCKED
2023-12-09,2023,4,https://www.sec.gov/dera/data/Public-EDGAR-log-file-data/2023/Qtr4/log20231209.zip,NOT_DOWNLOADED_SANDBOX_NETWORK_BLOCKED
2023-12-10,2023,4,https://www.sec.gov/dera/data/Public-EDGAR-log-file-data/2023/Qtr4/log20231210.zip,NOT_DOWNLOADED_SANDBOX_NETWORK_BLOCKED
2023-12-11,2023,4,https://www.sec.gov/dera/data/Public-EDGAR-log-file-data/2023/Qtr4/log20231211.zip,NOT_DOWNLOADED_SANDBOX_NETWORK_BLOCKED
2023-12-12,2023,4,https://www.sec.gov/dera/data/Public-EDGAR-log-file-data/2023/Qtr4/log20231212.zip,NOT_DOWNLOADED_SANDBOX_NETWORK_BLOCKED
2023-12-13,2023,4,https://www.sec.gov/dera/data/Public-EDGAR-log-file-data/2023/Qtr4/log20231213.zip,NOT_DOWNLOADED_SANDBOX_NETWORK_BLOCKED
2023-12-14,2023,4,https://www.sec.gov/dera/data/Public-EDGAR-log-file-data/2023/Qtr4/log20231214.zip,NOT_DOWNLOADED_SANDBOX_NETWORK_BLOCKED
2023-12-15,2023,4,https://www.sec.gov/dera/data/Public-EDGAR-log-file-data/2023/Qtr4/log20231215.zip,NOT_DOWNLOADED_SANDBOX_NETWORK_BLOCKED
2023-12-16,2023,4,https://www.sec.gov/dera/data/Public-EDGAR-log-file-data/2023/Qtr4/log20231216.zip,NOT_DOWNLOADED_SANDBOX_NETWORK_BLOCKED
2023-12-17,2023,4,https://www.sec.gov/dera/data/Public-EDGAR-log-file-data/2023/Qtr4/log20231217.zip,NOT_DOWNLOADED_SANDBOX_NETWORK_BLOCKED
2023-12-18,2023,4,https://www.sec.gov/dera/data/Public-EDGAR-log-file-data/2023/Qtr4/log20231218.zip,NOT_DOWNLOADED_SANDBOX_NETWORK_BLOCKED
2023-12-19,2023,4,https://www.sec.gov/dera/data/Public-EDGAR-log-file-data/2023/Qtr4/log20231219.zip,NOT_DOWNLOADED_SANDBOX_NETWORK_BLOCKED
2023-12-20,2023,4,https://www.sec.gov/dera/data/Public-EDGAR-log-file-data/2023/Qtr4/log20231220.zip,NOT_DOWNLOADED_SANDBOX_NETWORK_BLOCKED
2023-12-21,2023,4,https://www.sec.gov/dera/data/Public-EDGAR-log-file-data/2023/Qtr4/log20231221.zip,NOT_DOWNLOADED_SANDBOX_NETWORK_BLOCKED
2023-12-22,2023,4,https://www.sec.gov/dera/data/Public-EDGAR-log-file-data/2023/Qtr4/log20231222.zip,NOT_DOWNLOADED_SANDBOX_NETWORK_BLOCKED
2023-12-23,2023,4,https://www.sec.gov/dera/data/Public-EDGAR-log-file-data/2023/Qtr4/log20231223.zip,NOT_DOWNLOADED_SANDBOX_NETWORK_BLOCKED
2023-12-24,2023,4,https://www.sec.gov/dera/data/Public-EDGAR-log-file-data/2023/Qtr4/log20231224.zip,NOT_DOWNLOADED_SANDBOX_NETWORK_BLOCKED
2023-12-25,2023,4,https://www.sec.gov/dera/data/Public-EDGAR-log-file-data/2023/Qtr4/log20231225.zip,NOT_DOWNLOADED_SANDBOX_NETWORK_BLOCKED
2023-12-26,2023,4,https://www.sec.gov/dera/data/Public-EDGAR-log-file-data/2023/Qtr4/log20231226.zip,NOT_DOWNLOADED_SANDBOX_NETWORK_BLOCKED
2023-12-27,2023,4,https://www.sec.gov/dera/data/Public-EDGAR-log-file-data/2023/Qtr4/log20231227.zip,NOT_DOWNLOADED_SANDBOX_NETWORK_BLOCKED
2023-12-28,2023,4,https://www.sec.gov/dera/data/Public-EDGAR-log-file-data/2023/Qtr4/log20231228.zip,NOT_DOWNLOADED_SANDBOX_NETWORK_BLOCKED
2023-12-29,2023,4,https://www.sec.gov/dera/data/Public-EDGAR-log-file-data/2023/Qtr4/log20231229.zip,NOT_DOWNLOADED_SANDBOX_NETWORK_BLOCKED
2023-12-30,2023,4,https://www.sec.gov/dera/data/Public-EDGAR-log-file-data/2023/Qtr4/log20231230.zip,NOT_DOWNLOADED_SANDBOX_NETWORK_BLOCKED
2023-12-31,2023,4,https://www.sec.gov/dera/data/Public-EDGAR-log-file-data/2023/Qtr4/log20231231.zip,NOT_DOWNLOADED_SANDBOX_NETWORK_BLOCKED
2024-01-01,2024,1,https://www.sec.gov/dera/data/Public-EDGAR-log-file-data/2024/Qtr1/log20240101.zip,NOT_DOWNLOADED_SANDBOX_NETWORK_BLOCKED
2024-01-02,2024,1,https://www.sec.gov/dera/data/Public-EDGAR-log-file-data/2024/Qtr1/log20240102.zip,NOT_DOWNLOADED_SANDBOX_NETWORK_BLOCKED
2024-01-03,2024,1,https://www.sec.gov/dera/data/Public-EDGAR-log-file-data/2024/Qtr1/log20240103.zip,NOT_DOWNLOADED_SANDBOX_NETWORK_BLOCKED
2024-01-04,2024,1,https://www.sec.gov/dera/data/Public-EDGAR-log-file-data/2024/Qtr1/log20240104.zip,NOT_DOWNLOADED_SANDBOX_NETWORK_BLOCKED
2024-01-05,2024,1,https://www.sec.gov/dera/data/Public-EDGAR-log-file-data/2024/Qtr1/log20240105.zip,NOT_DOWNLOADED_SANDBOX_NETWORK_BLOCKED
2024-01-06,2024,1,https://www.sec.gov/dera/data/Public-EDGAR-log-file-data/2024/Qtr1/log20240106.zip,NOT_DOWNLOADED_SANDBOX_NETWORK_BLOCKED
2024-01-07,2024,1,https://www.sec.gov/dera/data/Public-EDGAR-log-file-data/2024/Qtr1/log20240107.zip,NOT_DOWNLOADED_SANDBOX_NETWORK_BLOCKED
2024-01-08,2024,1,https://www.sec.gov/dera/data/Public-EDGAR-log-file-data/2024/Qtr1/log20240108.zip,NOT_DOWNLOADED_SANDBOX_NETWORK_BLOCKED
2024-01-09,2024,1,https://www.sec.gov/dera/data/Public-EDGAR-log-file-data/2024/Qtr1/log20240109.zip,NOT_DOWNLOADED_SANDBOX_NETWORK_BLOCKED
2024-01-10,2024,1,https://www.sec.gov/dera/data/Public-EDGAR-log-file-data/2024/Qtr1/log20240110.zip,NOT_DOWNLOADED_SANDBOX_NETWORK_BLOCKED
2024-01-11,2024,1,https://www.sec.gov/dera/data/Public-EDGAR-log-file-data/2024/Qtr1/log20240111.zip,NOT_DOWNLOADED_SANDBOX_NETWORK_BLOCKED
2024-01-12,2024,1,https://www.sec.gov/dera/data/Public-EDGAR-log-file-data/2024/Qtr1/log20240112.zip,NOT_DOWNLOADED_SANDBOX_NETWORK_BLOCKED
2024-01-13,2024,1,https://www.sec.gov/dera/data/Public-EDGAR-log-file-data/2024/Qtr1/log20240113.zip,NOT_DOWNLOADED_SANDBOX_NETWORK_BLOCKED
2024-01-14,2024,1,https://www.sec.gov/dera/data/Public-EDGAR-log-file-data/2024/Qtr1/log20240114.zip,NOT_DOWNLOADED_SANDBOX_NETWORK_BLOCKED
2024-01-15,2024,1,https://www.sec.gov/dera/data/Public-EDGAR-log-file-data/2024/Qtr1/log20240115.zip,NOT_DOWNLOADED_SANDBOX_NETWORK_BLOCKED
2024-01-16,2024,1,https://www.sec.gov/dera/data/Public-EDGAR-log-file-data/2024/Qtr1/log20240116.zip,NOT_DOWNLOADED_SANDBOX_NETWORK_BLOCKED
2024-01-17,2024,1,https://www.sec.gov/dera/data/Public-EDGAR-log-file-data/2024/Qtr1/log20240117.zip,NOT_DOWNLOADED_SANDBOX_NETWORK_BLOCKED
2024-01-18,2024,1,https://www.sec.gov/dera/data/Public-EDGAR-log-file-data/2024/Qtr1/log20240118.zip,NOT_DOWNLOADED_SANDBOX_NETWORK_BLOCKED
2024-01-19,2024,1,https://www.sec.gov/dera/data/Public-EDGAR-log-file-data/2024/Qtr1/log20240119.zip,NOT_DOWNLOADED_SANDBOX_NETWORK_BLOCKED
2024-01-20,2024,1,https://www.sec.gov/dera/data/Public-EDGAR-log-file-data/2024/Qtr1/log20240120.zip,NOT_DOWNLOADED_SANDBOX_NETWORK_BLOCKED
2024-01-21,2024,1,https://www.sec.gov/dera/data/Public-EDGAR-log-file-data/2024/Qtr1/log20240121.zip,NOT_DOWNLOADED_SANDBOX_NETWORK_BLOCKED
2024-01-22,2024,1,https://www.sec.gov/dera/data/Public-EDGAR-log-file-data/2024/Qtr1/log20240122.zip,NOT_DOWNLOADED_SANDBOX_NETWORK_BLOCKED
2024-01-23,2024,1,https://www.sec.gov/dera/data/Public-EDGAR-log-file-data/2024/Qtr1/log20240123.zip,NOT_DOWNLOADED_SANDBOX_NETWORK_BLOCKED
2024-01-24,2024,1,https://www.sec.gov/dera/data/Public-EDGAR-log-file-data/2024/Qtr1/log20240124.zip,NOT_DOWNLOADED_SANDBOX_NETWORK_BLOCKED
2024-01-25,2024,1,https://www.sec.gov/dera/data/Public-EDGAR-log-file-data/2024/Qtr1/log20240125.zip,NOT_DOWNLOADED_SANDBOX_NETWORK_BLOCKED
2024-01-26,2024,1,https://www.sec.gov/dera/data/Public-EDGAR-log-file-data/2024/Qtr1/log20240126.zip,NOT_DOWNLOADED_SANDBOX_NETWORK_BLOCKED
2024-01-27,2024,1,https://www.sec.gov/dera/data/Public-EDGAR-log-file-data/2024/Qtr1/log20240127.zip,NOT_DOWNLOADED_SANDBOX_NETWORK_BLOCKED
2024-01-28,2024,1,https://www.sec.gov/dera/data/Public-EDGAR-log-file-data/2024/Qtr1/log20240128.zip,NOT_DOWNLOADED_SANDBOX_NETWORK_BLOCKED
2024-01-29,2024,1,https://www.sec.gov/dera/data/Public-EDGAR-log-file-data/2024/Qtr1/log20240129.zip,NOT_DOWNLOADED_SANDBOX_NETWORK_BLOCKED
2024-01-30,2024,1,https://www.sec.gov/dera/data/Public-EDGAR-log-file-data/2024/Qtr1/log20240130.zip,NOT_DOWNLOADED_SANDBOX_NETWORK_BLOCKED
2024-01-31,2024,1,https://www.sec.gov/dera/data/Public-EDGAR-log-file-data/2024/Qtr1/log20240131.zip,NOT_DOWNLOADED_SANDBOX_NETWORK_BLOCKED
2024-02-01,2024,1,https://www.sec.gov/dera/data/Public-EDGAR-log-file-data/2024/Qtr1/log20240201.zip,NOT_DOWNLOADED_SANDBOX_NETWORK_BLOCKED
2024-02-02,2024,1,https://www.sec.gov/dera/data/Public-EDGAR-log-file-data/2024/Qtr1/log20240202.zip,NOT_DOWNLOADED_SANDBOX_NETWORK_BLOCKED
2024-02-03,2024,1,https://www.sec.gov/dera/data/Public-EDGAR-log-file-data/2024/Qtr1/log20240203.zip,NOT_DOWNLOADED_SANDBOX_NETWORK_BLOCKED
2024-02-04,2024,1,https://www.sec.gov/dera/data/Public-EDGAR-log-file-data/2024/Qtr1/log20240204.zip,NOT_DOWNLOADED_SANDBOX_NETWORK_BLOCKED
2024-02-05,2024,1,https://www.sec.gov/dera/data/Public-EDGAR-log-file-data/2024/Qtr1/log20240205.zip,NOT_DOWNLOADED_SANDBOX_NETWORK_BLOCKED
2024-02-06,2024,1,https://www.sec.gov/dera/data/Public-EDGAR-log-file-data/2024/Qtr1/log20240206.zip,NOT_DOWNLOADED_SANDBOX_NETWORK_BLOCKED
2024-02-07,2024,1,https://www.sec.gov/dera/data/Public-EDGAR-log-file-data/2024/Qtr1/log20240207.zip,NOT_DOWNLOADED_SANDBOX_NETWORK_BLOCKED
2024-02-08,2024,1,https://www.sec.gov/dera/data/Public-EDGAR-log-file-data/2024/Qtr1/log20240208.zip,NOT_DOWNLOADED_SANDBOX_NETWORK_BLOCKED
2024-02-09,2024,1,https://www.sec.gov/dera/data/Public-EDGAR-log-file-data/2024/Qtr1/log20240209.zip,NOT_DOWNLOADED_SANDBOX_NETWORK_BLOCKED
2024-02-10,2024,1,https://www.sec.gov/dera/data/Public-EDGAR-log-file-data/2024/Qtr1/log20240210.zip,NOT_DOWNLOADED_SANDBOX_NETWORK_BLOCKED
2024-02-11,2024,1,https://www.sec.gov/dera/data/Public-EDGAR-log-file-data/2024/Qtr1/log20240211.zip,NOT_DOWNLOADED_SANDBOX_NETWORK_BLOCKED
2024-02-12,2024,1,https://www.sec.gov/dera/data/Public-EDGAR-log-file-data/2024/Qtr1/log20240212.zip,NOT_DOWNLOADED_SANDBOX_NETWORK_BLOCKED
2024-02-13,2024,1,https://www.sec.gov/dera/data/Public-EDGAR-log-file-data/2024/Qtr1/log20240213.zip,NOT_DOWNLOADED_SANDBOX_NETWORK_BLOCKED
2024-02-14,2024,1,https://www.sec.gov/dera/data/Public-EDGAR-log-file-data/2024/Qtr1/log20240214.zip,NOT_DOWNLOADED_SANDBOX_NETWORK_BLOCKED
2024-02-15,2024,1,https://www.sec.gov/dera/data/Public-EDGAR-log-file-data/2024/Qtr1/log20240215.zip,NOT_DOWNLOADED_SANDBOX_NETWORK_BLOCKED
2024-02-16,2024,1,https://www.sec.gov/dera/data/Public-EDGAR-log-file-data/2024/Qtr1/log20240216.zip,NOT_DOWNLOADED_SANDBOX_NETWORK_BLOCKED
2024-02-17,2024,1,https://www.sec.gov/dera/data/Public-EDGAR-log-file-data/2024/Qtr1/log20240217.zip,NOT_DOWNLOADED_SANDBOX_NETWORK_BLOCKED
2024-02-18,2024,1,https://www.sec.gov/dera/data/Public-EDGAR-log-file-data/2024/Qtr1/log20240218.zip,NOT_DOWNLOADED_SANDBOX_NETWORK_BLOCKED
2024-02-19,2024,1,https://www.sec.gov/dera/data/Public-EDGAR-log-file-data/2024/Qtr1/log20240219.zip,NOT_DOWNLOADED_SANDBOX_NETWORK_BLOCKED
2024-02-20,2024,1,https://www.sec.gov/dera/data/Public-EDGAR-log-file-data/2024/Qtr1/log20240220.zip,NOT_DOWNLOADED_SANDBOX_NETWORK_BLOCKED
2024-02-21,2024,1,https://www.sec.gov/dera/data/Public-EDGAR-log-file-data/2024/Qtr1/log20240221.zip,NOT_DOWNLOADED_SANDBOX_NETWORK_BLOCKED
2024-02-22,2024,1,https://www.sec.gov/dera/data/Public-EDGAR-log-file-data/2024/Qtr1/log20240222.zip,NOT_DOWNLOADED_SANDBOX_NETWORK_BLOCKED
2024-02-23,2024,1,https://www.sec.gov/dera/data/Public-EDGAR-log-file-data/2024/Qtr1/log20240223.zip,NOT_DOWNLOADED_SANDBOX_NETWORK_BLOCKED
2024-02-24,2024,1,https://www.sec.gov/dera/data/Public-EDGAR-log-file-data/2024/Qtr1/log20240224.zip,NOT_DOWNLOADED_SANDBOX_NETWORK_BLOCKED
2024-02-25,2024,1,https://www.sec.gov/dera/data/Public-EDGAR-log-file-data/2024/Qtr1/log20240225.zip,NOT_DOWNLOADED_SANDBOX_NETWORK_BLOCKED
2024-02-26,2024,1,https://www.sec.gov/dera/data/Public-EDGAR-log-file-data/2024/Qtr1/log20240226.zip,NOT_DOWNLOADED_SANDBOX_NETWORK_BLOCKED
2024-02-27,2024,1,https://www.sec.gov/dera/data/Public-EDGAR-log-file-data/2024/Qtr1/log20240227.zip,NOT_DOWNLOADED_SANDBOX_NETWORK_BLOCKED
2024-02-28,2024,1,https://www.sec.gov/dera/data/Public-EDGAR-log-file-data/2024/Qtr1/log20240228.zip,NOT_DOWNLOADED_SANDBOX_NETWORK_BLOCKED
2024-02-29,2024,1,https://www.sec.gov/dera/data/Public-EDGAR-log-file-data/2024/Qtr1/log20240229.zip,NOT_DOWNLOADED_SANDBOX_NETWORK_BLOCKED
2024-03-01,2024,1,https://www.sec.gov/dera/data/Public-EDGAR-log-file-data/2024/Qtr1/log20240301.zip,NOT_DOWNLOADED_SANDBOX_NETWORK_BLOCKED
2024-03-02,2024,1,https://www.sec.gov/dera/data/Public-EDGAR-log-file-data/2024/Qtr1/log20240302.zip,NOT_DOWNLOADED_SANDBOX_NETWORK_BLOCKED
2024-03-03,2024,1,https://www.sec.gov/dera/data/Public-EDGAR-log-file-data/2024/Qtr1/log20240303.zip,NOT_DOWNLOADED_SANDBOX_NETWORK_BLOCKED
2024-03-04,2024,1,https://www.sec.gov/dera/data/Public-EDGAR-log-file-data/2024/Qtr1/log20240304.zip,NOT_DOWNLOADED_SANDBOX_NETWORK_BLOCKED
2024-03-05,2024,1,https://www.sec.gov/dera/data/Public-EDGAR-log-file-data/2024/Qtr1/log20240305.zip,NOT_DOWNLOADED_SANDBOX_NETWORK_BLOCKED
2024-03-06,2024,1,https://www.sec.gov/dera/data/Public-EDGAR-log-file-data/2024/Qtr1/log20240306.zip,NOT_DOWNLOADED_SANDBOX_NETWORK_BLOCKED
2024-03-07,2024,1,https://www.sec.gov/dera/data/Public-EDGAR-log-file-data/2024/Qtr1/log20240307.zip,NOT_DOWNLOADED_SANDBOX_NETWORK_BLOCKED
2024-03-08,2024,1,https://www.sec.gov/dera/data/Public-EDGAR-log-file-data/2024/Qtr1/log20240308.zip,NOT_DOWNLOADED_SANDBOX_NETWORK_BLOCKED
2024-03-09,2024,1,https://www.sec.gov/dera/data/Public-EDGAR-log-file-data/2024/Qtr1/log20240309.zip,NOT_DOWNLOADED_SANDBOX_NETWORK_BLOCKED
2024-03-10,2024,1,https://www.sec.gov/dera/data/Public-EDGAR-log-file-data/2024/Qtr1/log20240310.zip,NOT_DOWNLOADED_SANDBOX_NETWORK_BLOCKED
2024-03-11,2024,1,https://www.sec.gov/dera/data/Public-EDGAR-log-file-data/2024/Qtr1/log20240311.zip,NOT_DOWNLOADED_SANDBOX_NETWORK_BLOCKED
2024-03-12,2024,1,https://www.sec.gov/dera/data/Public-EDGAR-log-file-data/2024/Qtr1/log20240312.zip,NOT_DOWNLOADED_SANDBOX_NETWORK_BLOCKED
2024-03-13,2024,1,https://www.sec.gov/dera/data/Public-EDGAR-log-file-data/2024/Qtr1/log20240313.zip,NOT_DOWNLOADED_SANDBOX_NETWORK_BLOCKED
2024-03-14,2024,1,https://www.sec.gov/dera/data/Public-EDGAR-log-file-data/2024/Qtr1/log20240314.zip,NOT_DOWNLOADED_SANDBOX_NETWORK_BLOCKED
2024-03-15,2024,1,https://www.sec.gov/dera/data/Public-EDGAR-log-file-data/2024/Qtr1/log20240315.zip,NOT_DOWNLOADED_SANDBOX_NETWORK_BLOCKED
2024-03-16,2024,1,https://www.sec.gov/dera/data/Public-EDGAR-log-file-data/2024/Qtr1/log20240316.zip,NOT_DOWNLOADED_SANDBOX_NETWORK_BLOCKED
2024-03-17,2024,1,https://www.sec.gov/dera/data/Public-EDGAR-log-file-data/2024/Qtr1/log20240317.zip,NOT_DOWNLOADED_SANDBOX_NETWORK_BLOCKED
2024-03-18,2024,1,https://www.sec.gov/dera/data/Public-EDGAR-log-file-data/2024/Qtr1/log20240318.zip,NOT_DOWNLOADED_SANDBOX_NETWORK_BLOCKED
2024-03-19,2024,1,https://www.sec.gov/dera/data/Public-EDGAR-log-file-data/2024/Qtr1/log20240319.zip,NOT_DOWNLOADED_SANDBOX_NETWORK_BLOCKED
2024-03-20,2024,1,https://www.sec.gov/dera/data/Public-EDGAR-log-file-data/2024/Qtr1/log20240320.zip,NOT_DOWNLOADED_SANDBOX_NETWORK_BLOCKED
2024-03-21,2024,1,https://www.sec.gov/dera/data/Public-EDGAR-log-file-data/2024/Qtr1/log20240321.zip,NOT_DOWNLOADED_SANDBOX_NETWORK_BLOCKED
2024-03-22,2024,1,https://www.sec.gov/dera/data/Public-EDGAR-log-file-data/2024/Qtr1/log20240322.zip,NOT_DOWNLOADED_SANDBOX_NETWORK_BLOCKED
2024-03-23,2024,1,https://www.sec.gov/dera/data/Public-EDGAR-log-file-data/2024/Qtr1/log20240323.zip,NOT_DOWNLOADED_SANDBOX_NETWORK_BLOCKED
2024-03-24,2024,1,https://www.sec.gov/dera/data/Public-EDGAR-log-file-data/2024/Qtr1/log20240324.zip,NOT_DOWNLOADED_SANDBOX_NETWORK_BLOCKED
2024-03-25,2024,1,https://www.sec.gov/dera/data/Public-EDGAR-log-file-data/2024/Qtr1/log20240325.zip,NOT_DOWNLOADED_SANDBOX_NETWORK_BLOCKED
2024-03-26,2024,1,https://www.sec.gov/dera/data/Public-EDGAR-log-file-data/2024/Qtr1/log20240326.zip,NOT_DOWNLOADED_SANDBOX_NETWORK_BLOCKED
2024-03-27,2024,1,https://www.sec.gov/dera/data/Public-EDGAR-log-file-data/2024/Qtr1/log20240327.zip,NOT_DOWNLOADED_SANDBOX_NETWORK_BLOCKED
2024-03-28,2024,1,https://www.sec.gov/dera/data/Public-EDGAR-log-file-data/2024/Qtr1/log20240328.zip,NOT_DOWNLOADED_SANDBOX_NETWORK_BLOCKED
2024-03-29,2024,1,https://www.sec.gov/dera/data/Public-EDGAR-log-file-data/2024/Qtr1/log20240329.zip,NOT_DOWNLOADED_SANDBOX_NETWORK_BLOCKED
2024-03-30,2024,1,https://www.sec.gov/dera/data/Public-EDGAR-log-file-data/2024/Qtr1/log20240330.zip,NOT_DOWNLOADED_SANDBOX_NETWORK_BLOCKED
2024-03-31,2024,1,https://www.sec.gov/dera/data/Public-EDGAR-log-file-data/2024/Qtr1/log20240331.zip,NOT_DOWNLOADED_SANDBOX_NETWORK_BLOCKED
2024-04-01,2024,2,https://www.sec.gov/dera/data/Public-EDGAR-log-file-data/2024/Qtr2/log20240401.zip,NOT_DOWNLOADED_SANDBOX_NETWORK_BLOCKED
2024-04-02,2024,2,https://www.sec.gov/dera/data/Public-EDGAR-log-file-data/2024/Qtr2/log20240402.zip,NOT_DOWNLOADED_SANDBOX_NETWORK_BLOCKED
2024-04-03,2024,2,https://www.sec.gov/dera/data/Public-EDGAR-log-file-data/2024/Qtr2/log20240403.zip,NOT_DOWNLOADED_SANDBOX_NETWORK_BLOCKED
2024-04-04,2024,2,https://www.sec.gov/dera/data/Public-EDGAR-log-file-data/2024/Qtr2/log20240404.zip,NOT_DOWNLOADED_SANDBOX_NETWORK_BLOCKED
2024-04-05,2024,2,https://www.sec.gov/dera/data/Public-EDGAR-log-file-data/2024/Qtr2/log20240405.zip,NOT_DOWNLOADED_SANDBOX_NETWORK_BLOCKED
2024-04-06,2024,2,https://www.sec.gov/dera/data/Public-EDGAR-log-file-data/2024/Qtr2/log20240406.zip,NOT_DOWNLOADED_SANDBOX_NETWORK_BLOCKED
2024-04-07,2024,2,https://www.sec.gov/dera/data/Public-EDGAR-log-file-data/2024/Qtr2/log20240407.zip,NOT_DOWNLOADED_SANDBOX_NETWORK_BLOCKED
2024-04-08,2024,2,https://www.sec.gov/dera/data/Public-EDGAR-log-file-data/2024/Qtr2/log20240408.zip,NOT_DOWNLOADED_SANDBOX_NETWORK_BLOCKED
2024-04-09,2024,2,https://www.sec.gov/dera/data/Public-EDGAR-log-file-data/2024/Qtr2/log20240409.zip,NOT_DOWNLOADED_SANDBOX_NETWORK_BLOCKED
2024-04-10,2024,2,https://www.sec.gov/dera/data/Public-EDGAR-log-file-data/2024/Qtr2/log20240410.zip,NOT_DOWNLOADED_SANDBOX_NETWORK_BLOCKED
2024-04-11,2024,2,https://www.sec.gov/dera/data/Public-EDGAR-log-file-data/2024/Qtr2/log20240411.zip,NOT_DOWNLOADED_SANDBOX_NETWORK_BLOCKED
2024-04-12,2024,2,https://www.sec.gov/dera/data/Public-EDGAR-log-file-data/2024/Qtr2/log20240412.zip,NOT_DOWNLOADED_SANDBOX_NETWORK_BLOCKED
2024-04-13,2024,2,https://www.sec.gov/dera/data/Public-EDGAR-log-file-data/2024/Qtr2/log20240413.zip,NOT_DOWNLOADED_SANDBOX_NETWORK_BLOCKED
2024-04-14,2024,2,https://www.sec.gov/dera/data/Public-EDGAR-log-file-data/2024/Qtr2/log20240414.zip,NOT_DOWNLOADED_SANDBOX_NETWORK_BLOCKED
2024-04-15,2024,2,https://www.sec.gov/dera/data/Public-EDGAR-log-file-data/2024/Qtr2/log20240415.zip,NOT_DOWNLOADED_SANDBOX_NETWORK_BLOCKED
2024-04-16,2024,2,https://www.sec.gov/dera/data/Public-EDGAR-log-file-data/2024/Qtr2/log20240416.zip,NOT_DOWNLOADED_SANDBOX_NETWORK_BLOCKED
2024-04-17,2024,2,https://www.sec.gov/dera/data/Public-EDGAR-log-file-data/2024/Qtr2/log20240417.zip,NOT_DOWNLOADED_SANDBOX_NETWORK_BLOCKED
2024-04-18,2024,2,https://www.sec.gov/dera/data/Public-EDGAR-log-file-data/2024/Qtr2/log20240418.zip,NOT_DOWNLOADED_SANDBOX_NETWORK_BLOCKED
2024-04-19,2024,2,https://www.sec.gov/dera/data/Public-EDGAR-log-file-data/2024/Qtr2/log20240419.zip,NOT_DOWNLOADED_SANDBOX_NETWORK_BLOCKED
2024-04-20,2024,2,https://www.sec.gov/dera/data/Public-EDGAR-log-file-data/2024/Qtr2/log20240420.zip,NOT_DOWNLOADED_SANDBOX_NETWORK_BLOCKED
2024-04-21,2024,2,https://www.sec.gov/dera/data/Public-EDGAR-log-file-data/2024/Qtr2/log20240421.zip,NOT_DOWNLOADED_SANDBOX_NETWORK_BLOCKED
2024-04-22,2024,2,https://www.sec.gov/dera/data/Public-EDGAR-log-file-data/2024/Qtr2/log20240422.zip,NOT_DOWNLOADED_SANDBOX_NETWORK_BLOCKED
2024-04-23,2024,2,https://www.sec.gov/dera/data/Public-EDGAR-log-file-data/2024/Qtr2/log20240423.zip,NOT_DOWNLOADED_SANDBOX_NETWORK_BLOCKED
2024-04-24,2024,2,https://www.sec.gov/dera/data/Public-EDGAR-log-file-data/2024/Qtr2/log20240424.zip,NOT_DOWNLOADED_SANDBOX_NETWORK_BLOCKED
2024-04-25,2024,2,https://www.sec.gov/dera/data/Public-EDGAR-log-file-data/2024/Qtr2/log20240425.zip,NOT_DOWNLOADED_SANDBOX_NETWORK_BLOCKED
2024-04-26,2024,2,https://www.sec.gov/dera/data/Public-EDGAR-log-file-data/2024/Qtr2/log20240426.zip,NOT_DOWNLOADED_SANDBOX_NETWORK_BLOCKED
2024-04-27,2024,2,https://www.sec.gov/dera/data/Public-EDGAR-log-file-data/2024/Qtr2/log20240427.zip,NOT_DOWNLOADED_SANDBOX_NETWORK_BLOCKED
2024-04-28,2024,2,https://www.sec.gov/dera/data/Public-EDGAR-log-file-data/2024/Qtr2/log20240428.zip,NOT_DOWNLOADED_SANDBOX_NETWORK_BLOCKED
2024-04-29,2024,2,https://www.sec.gov/dera/data/Public-EDGAR-log-file-data/2024/Qtr2/log20240429.zip,NOT_DOWNLOADED_SANDBOX_NETWORK_BLOCKED
2024-04-30,2024,2,https://www.sec.gov/dera/data/Public-EDGAR-log-file-data/2024/Qtr2/log20240430.zip,NOT_DOWNLOADED_SANDBOX_NETWORK_BLOCKED
2024-05-01,2024,2,https://www.sec.gov/dera/data/Public-EDGAR-log-file-data/2024/Qtr2/log20240501.zip,NOT_DOWNLOADED_SANDBOX_NETWORK_BLOCKED
2024-05-02,2024,2,https://www.sec.gov/dera/data/Public-EDGAR-log-file-data/2024/Qtr2/log20240502.zip,NOT_DOWNLOADED_SANDBOX_NETWORK_BLOCKED
2024-05-03,2024,2,https://www.sec.gov/dera/data/Public-EDGAR-log-file-data/2024/Qtr2/log20240503.zip,NOT_DOWNLOADED_SANDBOX_NETWORK_BLOCKED
2024-05-04,2024,2,https://www.sec.gov/dera/data/Public-EDGAR-log-file-data/2024/Qtr2/log20240504.zip,NOT_DOWNLOADED_SANDBOX_NETWORK_BLOCKED
2024-05-05,2024,2,https://www.sec.gov/dera/data/Public-EDGAR-log-file-data/2024/Qtr2/log20240505.zip,NOT_DOWNLOADED_SANDBOX_NETWORK_BLOCKED
2024-05-06,2024,2,https://www.sec.gov/dera/data/Public-EDGAR-log-file-data/2024/Qtr2/log20240506.zip,NOT_DOWNLOADED_SANDBOX_NETWORK_BLOCKED
2024-05-07,2024,2,https://www.sec.gov/dera/data/Public-EDGAR-log-file-data/2024/Qtr2/log20240507.zip,NOT_DOWNLOADED_SANDBOX_NETWORK_BLOCKED
2024-05-08,2024,2,https://www.sec.gov/dera/data/Public-EDGAR-log-file-data/2024/Qtr2/log20240508.zip,NOT_DOWNLOADED_SANDBOX_NETWORK_BLOCKED
2024-05-09,2024,2,https://www.sec.gov/dera/data/Public-EDGAR-log-file-data/2024/Qtr2/log20240509.zip,NOT_DOWNLOADED_SANDBOX_NETWORK_BLOCKED
2024-05-10,2024,2,https://www.sec.gov/dera/data/Public-EDGAR-log-file-data/2024/Qtr2/log20240510.zip,NOT_DOWNLOADED_SANDBOX_NETWORK_BLOCKED
2024-05-11,2024,2,https://www.sec.gov/dera/data/Public-EDGAR-log-file-data/2024/Qtr2/log20240511.zip,NOT_DOWNLOADED_SANDBOX_NETWORK_BLOCKED
2024-05-12,2024,2,https://www.sec.gov/dera/data/Public-EDGAR-log-file-data/2024/Qtr2/log20240512.zip,NOT_DOWNLOADED_SANDBOX_NETWORK_BLOCKED
2024-05-13,2024,2,https://www.sec.gov/dera/data/Public-EDGAR-log-file-data/2024/Qtr2/log20240513.zip,NOT_DOWNLOADED_SANDBOX_NETWORK_BLOCKED
2024-05-14,2024,2,https://www.sec.gov/dera/data/Public-EDGAR-log-file-data/2024/Qtr2/log20240514.zip,NOT_DOWNLOADED_SANDBOX_NETWORK_BLOCKED
2024-05-15,2024,2,https://www.sec.gov/dera/data/Public-EDGAR-log-file-data/2024/Qtr2/log20240515.zip,NOT_DOWNLOADED_SANDBOX_NETWORK_BLOCKED
2024-05-16,2024,2,https://www.sec.gov/dera/data/Public-EDGAR-log-file-data/2024/Qtr2/log20240516.zip,NOT_DOWNLOADED_SANDBOX_NETWORK_BLOCKED
2024-05-17,2024,2,https://www.sec.gov/dera/data/Public-EDGAR-log-file-data/2024/Qtr2/log20240517.zip,NOT_DOWNLOADED_SANDBOX_NETWORK_BLOCKED
2024-05-18,2024,2,https://www.sec.gov/dera/data/Public-EDGAR-log-file-data/2024/Qtr2/log20240518.zip,NOT_DOWNLOADED_SANDBOX_NETWORK_BLOCKED
2024-05-19,2024,2,https://www.sec.gov/dera/data/Public-EDGAR-log-file-data/2024/Qtr2/log20240519.zip,NOT_DOWNLOADED_SANDBOX_NETWORK_BLOCKED
2024-05-20,2024,2,https://www.sec.gov/dera/data/Public-EDGAR-log-file-data/2024/Qtr2/log20240520.zip,NOT_DOWNLOADED_SANDBOX_NETWORK_BLOCKED
2024-05-21,2024,2,https://www.sec.gov/dera/data/Public-EDGAR-log-file-data/2024/Qtr2/log20240521.zip,NOT_DOWNLOADED_SANDBOX_NETWORK_BLOCKED
2024-05-22,2024,2,https://www.sec.gov/dera/data/Public-EDGAR-log-file-data/2024/Qtr2/log20240522.zip,NOT_DOWNLOADED_SANDBOX_NETWORK_BLOCKED
2024-05-23,2024,2,https://www.sec.gov/dera/data/Public-EDGAR-log-file-data/2024/Qtr2/log20240523.zip,NOT_DOWNLOADED_SANDBOX_NETWORK_BLOCKED
2024-05-24,2024,2,https://www.sec.gov/dera/data/Public-EDGAR-log-file-data/2024/Qtr2/log20240524.zip,NOT_DOWNLOADED_SANDBOX_NETWORK_BLOCKED
2024-05-25,2024,2,https://www.sec.gov/dera/data/Public-EDGAR-log-file-data/2024/Qtr2/log20240525.zip,NOT_DOWNLOADED_SANDBOX_NETWORK_BLOCKED
2024-05-26,2024,2,https://www.sec.gov/dera/data/Public-EDGAR-log-file-data/2024/Qtr2/log20240526.zip,NOT_DOWNLOADED_SANDBOX_NETWORK_BLOCKED
2024-05-27,2024,2,https://www.sec.gov/dera/data/Public-EDGAR-log-file-data/2024/Qtr2/log20240527.zip,NOT_DOWNLOADED_SANDBOX_NETWORK_BLOCKED
2024-05-28,2024,2,https://www.sec.gov/dera/data/Public-EDGAR-log-file-data/2024/Qtr2/log20240528.zip,NOT_DOWNLOADED_SANDBOX_NETWORK_BLOCKED
2024-05-29,2024,2,https://www.sec.gov/dera/data/Public-EDGAR-log-file-data/2024/Qtr2/log20240529.zip,NOT_DOWNLOADED_SANDBOX_NETWORK_BLOCKED
2024-05-30,2024,2,https://www.sec.gov/dera/data/Public-EDGAR-log-file-data/2024/Qtr2/log20240530.zip,NOT_DOWNLOADED_SANDBOX_NETWORK_BLOCKED
2024-05-31,2024,2,https://www.sec.gov/dera/data/Public-EDGAR-log-file-data/2024/Qtr2/log20240531.zip,NOT_DOWNLOADED_SANDBOX_NETWORK_BLOCKED
2024-06-01,2024,2,https://www.sec.gov/dera/data/Public-EDGAR-log-file-data/2024/Qtr2/log20240601.zip,NOT_DOWNLOADED_SANDBOX_NETWORK_BLOCKED
2024-06-02,2024,2,https://www.sec.gov/dera/data/Public-EDGAR-log-file-data/2024/Qtr2/log20240602.zip,NOT_DOWNLOADED_SANDBOX_NETWORK_BLOCKED
2024-06-03,2024,2,https://www.sec.gov/dera/data/Public-EDGAR-log-file-data/2024/Qtr2/log20240603.zip,NOT_DOWNLOADED_SANDBOX_NETWORK_BLOCKED
2024-06-04,2024,2,https://www.sec.gov/dera/data/Public-EDGAR-log-file-data/2024/Qtr2/log20240604.zip,NOT_DOWNLOADED_SANDBOX_NETWORK_BLOCKED
2024-06-05,2024,2,https://www.sec.gov/dera/data/Public-EDGAR-log-file-data/2024/Qtr2/log20240605.zip,NOT_DOWNLOADED_SANDBOX_NETWORK_BLOCKED
2024-06-06,2024,2,https://www.sec.gov/dera/data/Public-EDGAR-log-file-data/2024/Qtr2/log20240606.zip,NOT_DOWNLOADED_SANDBOX_NETWORK_BLOCKED
2024-06-07,2024,2,https://www.sec.gov/dera/data/Public-EDGAR-log-file-data/2024/Qtr2/log20240607.zip,NOT_DOWNLOADED_SANDBOX_NETWORK_BLOCKED
2024-06-08,2024,2,https://www.sec.gov/dera/data/Public-EDGAR-log-file-data/2024/Qtr2/log20240608.zip,NOT_DOWNLOADED_SANDBOX_NETWORK_BLOCKED
2024-06-09,2024,2,https://www.sec.gov/dera/data/Public-EDGAR-log-file-data/2024/Qtr2/log20240609.zip,NOT_DOWNLOADED_SANDBOX_NETWORK_BLOCKED
2024-06-10,2024,2,https://www.sec.gov/dera/data/Public-EDGAR-log-file-data/2024/Qtr2/log20240610.zip,NOT_DOWNLOADED_SANDBOX_NETWORK_BLOCKED
2024-06-11,2024,2,https://www.sec.gov/dera/data/Public-EDGAR-log-file-data/2024/Qtr2/log20240611.zip,NOT_DOWNLOADED_SANDBOX_NETWORK_BLOCKED
2024-06-12,2024,2,https://www.sec.gov/dera/data/Public-EDGAR-log-file-data/2024/Qtr2/log20240612.zip,NOT_DOWNLOADED_SANDBOX_NETWORK_BLOCKED
2024-06-13,2024,2,https://www.sec.gov/dera/data/Public-EDGAR-log-file-data/2024/Qtr2/log20240613.zip,NOT_DOWNLOADED_SANDBOX_NETWORK_BLOCKED
2024-06-14,2024,2,https://www.sec.gov/dera/data/Public-EDGAR-log-file-data/2024/Qtr2/log20240614.zip,NOT_DOWNLOADED_SANDBOX_NETWORK_BLOCKED
2024-06-15,2024,2,https://www.sec.gov/dera/data/Public-EDGAR-log-file-data/2024/Qtr2/log20240615.zip,NOT_DOWNLOADED_SANDBOX_NETWORK_BLOCKED
2024-06-16,2024,2,https://www.sec.gov/dera/data/Public-EDGAR-log-file-data/2024/Qtr2/log20240616.zip,NOT_DOWNLOADED_SANDBOX_NETWORK_BLOCKED
2024-06-17,2024,2,https://www.sec.gov/dera/data/Public-EDGAR-log-file-data/2024/Qtr2/log20240617.zip,NOT_DOWNLOADED_SANDBOX_NETWORK_BLOCKED
2024-06-18,2024,2,https://www.sec.gov/dera/data/Public-EDGAR-log-file-data/2024/Qtr2/log20240618.zip,NOT_DOWNLOADED_SANDBOX_NETWORK_BLOCKED
2024-06-19,2024,2,https://www.sec.gov/dera/data/Public-EDGAR-log-file-data/2024/Qtr2/log20240619.zip,NOT_DOWNLOADED_SANDBOX_NETWORK_BLOCKED
2024-06-20,2024,2,https://www.sec.gov/dera/data/Public-EDGAR-log-file-data/2024/Qtr2/log20240620.zip,NOT_DOWNLOADED_SANDBOX_NETWORK_BLOCKED
2024-06-21,2024,2,https://www.sec.gov/dera/data/Public-EDGAR-log-file-data/2024/Qtr2/log20240621.zip,NOT_DOWNLOADED_SANDBOX_NETWORK_BLOCKED
2024-06-22,2024,2,https://www.sec.gov/dera/data/Public-EDGAR-log-file-data/2024/Qtr2/log20240622.zip,NOT_DOWNLOADED_SANDBOX_NETWORK_BLOCKED
2024-06-23,2024,2,https://www.sec.gov/dera/data/Public-EDGAR-log-file-data/2024/Qtr2/log20240623.zip,NOT_DOWNLOADED_SANDBOX_NETWORK_BLOCKED
2024-06-24,2024,2,https://www.sec.gov/dera/data/Public-EDGAR-log-file-data/2024/Qtr2/log20240624.zip,NOT_DOWNLOADED_SANDBOX_NETWORK_BLOCKED
2024-06-25,2024,2,https://www.sec.gov/dera/data/Public-EDGAR-log-file-data/2024/Qtr2/log20240625.zip,NOT_DOWNLOADED_SANDBOX_NETWORK_BLOCKED
2024-06-26,2024,2,https://www.sec.gov/dera/data/Public-EDGAR-log-file-data/2024/Qtr2/log20240626.zip,NOT_DOWNLOADED_SANDBOX_NETWORK_BLOCKED
2024-06-27,2024,2,https://www.sec.gov/dera/data/Public-EDGAR-log-file-data/2024/Qtr2/log20240627.zip,NOT_DOWNLOADED_SANDBOX_NETWORK_BLOCKED
2024-06-28,2024,2,https://www.sec.gov/dera/data/Public-EDGAR-log-file-data/2024/Qtr2/log20240628.zip,NOT_DOWNLOADED_SANDBOX_NETWORK_BLOCKED
2024-06-29,2024,2,https://www.sec.gov/dera/data/Public-EDGAR-log-file-data/2024/Qtr2/log20240629.zip,NOT_DOWNLOADED_SANDBOX_NETWORK_BLOCKED
2024-06-30,2024,2,https://www.sec.gov/dera/data/Public-EDGAR-log-file-data/2024/Qtr2/log20240630.zip,NOT_DOWNLOADED_SANDBOX_NETWORK_BLOCKED
2024-07-01,2024,3,https://www.sec.gov/dera/data/Public-EDGAR-log-file-data/2024/Qtr3/log20240701.zip,NOT_DOWNLOADED_SANDBOX_NETWORK_BLOCKED
2024-07-02,2024,3,https://www.sec.gov/dera/data/Public-EDGAR-log-file-data/2024/Qtr3/log20240702.zip,NOT_DOWNLOADED_SANDBOX_NETWORK_BLOCKED
2024-07-03,2024,3,https://www.sec.gov/dera/data/Public-EDGAR-log-file-data/2024/Qtr3/log20240703.zip,NOT_DOWNLOADED_SANDBOX_NETWORK_BLOCKED
2024-07-04,2024,3,https://www.sec.gov/dera/data/Public-EDGAR-log-file-data/2024/Qtr3/log20240704.zip,NOT_DOWNLOADED_SANDBOX_NETWORK_BLOCKED
2024-07-05,2024,3,https://www.sec.gov/dera/data/Public-EDGAR-log-file-data/2024/Qtr3/log20240705.zip,NOT_DOWNLOADED_SANDBOX_NETWORK_BLOCKED
2024-07-06,2024,3,https://www.sec.gov/dera/data/Public-EDGAR-log-file-data/2024/Qtr3/log20240706.zip,NOT_DOWNLOADED_SANDBOX_NETWORK_BLOCKED
2024-07-07,2024,3,https://www.sec.gov/dera/data/Public-EDGAR-log-file-data/2024/Qtr3/log20240707.zip,NOT_DOWNLOADED_SANDBOX_NETWORK_BLOCKED
2024-07-08,2024,3,https://www.sec.gov/dera/data/Public-EDGAR-log-file-data/2024/Qtr3/log20240708.zip,NOT_DOWNLOADED_SANDBOX_NETWORK_BLOCKED
2024-07-09,2024,3,https://www.sec.gov/dera/data/Public-EDGAR-log-file-data/2024/Qtr3/log20240709.zip,NOT_DOWNLOADED_SANDBOX_NETWORK_BLOCKED
2024-07-10,2024,3,https://www.sec.gov/dera/data/Public-EDGAR-log-file-data/2024/Qtr3/log20240710.zip,NOT_DOWNLOADED_SANDBOX_NETWORK_BLOCKED
2024-07-11,2024,3,https://www.sec.gov/dera/data/Public-EDGAR-log-file-data/2024/Qtr3/log20240711.zip,NOT_DOWNLOADED_SANDBOX_NETWORK_BLOCKED
2024-07-12,2024,3,https://www.sec.gov/dera/data/Public-EDGAR-log-file-data/2024/Qtr3/log20240712.zip,NOT_DOWNLOADED_SANDBOX_NETWORK_BLOCKED
2024-07-13,2024,3,https://www.sec.gov/dera/data/Public-EDGAR-log-file-data/2024/Qtr3/log20240713.zip,NOT_DOWNLOADED_SANDBOX_NETWORK_BLOCKED
2024-07-14,2024,3,https://www.sec.gov/dera/data/Public-EDGAR-log-file-data/2024/Qtr3/log20240714.zip,NOT_DOWNLOADED_SANDBOX_NETWORK_BLOCKED
2024-07-15,2024,3,https://www.sec.gov/dera/data/Public-EDGAR-log-file-data/2024/Qtr3/log20240715.zip,NOT_DOWNLOADED_SANDBOX_NETWORK_BLOCKED
2024-07-16,2024,3,https://www.sec.gov/dera/data/Public-EDGAR-log-file-data/2024/Qtr3/log20240716.zip,NOT_DOWNLOADED_SANDBOX_NETWORK_BLOCKED
2024-07-17,2024,3,https://www.sec.gov/dera/data/Public-EDGAR-log-file-data/2024/Qtr3/log20240717.zip,NOT_DOWNLOADED_SANDBOX_NETWORK_BLOCKED
2024-07-18,2024,3,https://www.sec.gov/dera/data/Public-EDGAR-log-file-data/2024/Qtr3/log20240718.zip,NOT_DOWNLOADED_SANDBOX_NETWORK_BLOCKED
2024-07-19,2024,3,https://www.sec.gov/dera/data/Public-EDGAR-log-file-data/2024/Qtr3/log20240719.zip,NOT_DOWNLOADED_SANDBOX_NETWORK_BLOCKED
2024-07-20,2024,3,https://www.sec.gov/dera/data/Public-EDGAR-log-file-data/2024/Qtr3/log20240720.zip,NOT_DOWNLOADED_SANDBOX_NETWORK_BLOCKED
2024-07-21,2024,3,https://www.sec.gov/dera/data/Public-EDGAR-log-file-data/2024/Qtr3/log20240721.zip,NOT_DOWNLOADED_SANDBOX_NETWORK_BLOCKED
2024-07-22,2024,3,https://www.sec.gov/dera/data/Public-EDGAR-log-file-data/2024/Qtr3/log20240722.zip,NOT_DOWNLOADED_SANDBOX_NETWORK_BLOCKED
2024-07-23,2024,3,https://www.sec.gov/dera/data/Public-EDGAR-log-file-data/2024/Qtr3/log20240723.zip,NOT_DOWNLOADED_SANDBOX_NETWORK_BLOCKED
2024-07-24,2024,3,https://www.sec.gov/dera/data/Public-EDGAR-log-file-data/2024/Qtr3/log20240724.zip,NOT_DOWNLOADED_SANDBOX_NETWORK_BLOCKED
2024-07-25,2024,3,https://www.sec.gov/dera/data/Public-EDGAR-log-file-data/2024/Qtr3/log20240725.zip,NOT_DOWNLOADED_SANDBOX_NETWORK_BLOCKED
2024-07-26,2024,3,https://www.sec.gov/dera/data/Public-EDGAR-log-file-data/2024/Qtr3/log20240726.zip,NOT_DOWNLOADED_SANDBOX_NETWORK_BLOCKED
2024-07-27,2024,3,https://www.sec.gov/dera/data/Public-EDGAR-log-file-data/2024/Qtr3/log20240727.zip,NOT_DOWNLOADED_SANDBOX_NETWORK_BLOCKED
2024-07-28,2024,3,https://www.sec.gov/dera/data/Public-EDGAR-log-file-data/2024/Qtr3/log20240728.zip,NOT_DOWNLOADED_SANDBOX_NETWORK_BLOCKED
2024-07-29,2024,3,https://www.sec.gov/dera/data/Public-EDGAR-log-file-data/2024/Qtr3/log20240729.zip,NOT_DOWNLOADED_SANDBOX_NETWORK_BLOCKED
2024-07-30,2024,3,https://www.sec.gov/dera/data/Public-EDGAR-log-file-data/2024/Qtr3/log20240730.zip,NOT_DOWNLOADED_SANDBOX_NETWORK_BLOCKED
2024-07-31,2024,3,https://www.sec.gov/dera/data/Public-EDGAR-log-file-data/2024/Qtr3/log20240731.zip,NOT_DOWNLOADED_SANDBOX_NETWORK_BLOCKED
2024-08-01,2024,3,https://www.sec.gov/dera/data/Public-EDGAR-log-file-data/2024/Qtr3/log20240801.zip,NOT_DOWNLOADED_SANDBOX_NETWORK_BLOCKED
2024-08-02,2024,3,https://www.sec.gov/dera/data/Public-EDGAR-log-file-data/2024/Qtr3/log20240802.zip,NOT_DOWNLOADED_SANDBOX_NETWORK_BLOCKED
2024-08-03,2024,3,https://www.sec.gov/dera/data/Public-EDGAR-log-file-data/2024/Qtr3/log20240803.zip,NOT_DOWNLOADED_SANDBOX_NETWORK_BLOCKED
2024-08-04,2024,3,https://www.sec.gov/dera/data/Public-EDGAR-log-file-data/2024/Qtr3/log20240804.zip,NOT_DOWNLOADED_SANDBOX_NETWORK_BLOCKED
2024-08-05,2024,3,https://www.sec.gov/dera/data/Public-EDGAR-log-file-data/2024/Qtr3/log20240805.zip,NOT_DOWNLOADED_SANDBOX_NETWORK_BLOCKED
2024-08-06,2024,3,https://www.sec.gov/dera/data/Public-EDGAR-log-file-data/2024/Qtr3/log20240806.zip,NOT_DOWNLOADED_SANDBOX_NETWORK_BLOCKED
2024-08-07,2024,3,https://www.sec.gov/dera/data/Public-EDGAR-log-file-data/2024/Qtr3/log20240807.zip,NOT_DOWNLOADED_SANDBOX_NETWORK_BLOCKED
2024-08-08,2024,3,https://www.sec.gov/dera/data/Public-EDGAR-log-file-data/2024/Qtr3/log20240808.zip,NOT_DOWNLOADED_SANDBOX_NETWORK_BLOCKED
2024-08-09,2024,3,https://www.sec.gov/dera/data/Public-EDGAR-log-file-data/2024/Qtr3/log20240809.zip,NOT_DOWNLOADED_SANDBOX_NETWORK_BLOCKED
2024-08-10,2024,3,https://www.sec.gov/dera/data/Public-EDGAR-log-file-data/2024/Qtr3/log20240810.zip,NOT_DOWNLOADED_SANDBOX_NETWORK_BLOCKED
2024-08-11,2024,3,https://www.sec.gov/dera/data/Public-EDGAR-log-file-data/2024/Qtr3/log20240811.zip,NOT_DOWNLOADED_SANDBOX_NETWORK_BLOCKED
2024-08-12,2024,3,https://www.sec.gov/dera/data/Public-EDGAR-log-file-data/2024/Qtr3/log20240812.zip,NOT_DOWNLOADED_SANDBOX_NETWORK_BLOCKED
2024-08-13,2024,3,https://www.sec.gov/dera/data/Public-EDGAR-log-file-data/2024/Qtr3/log20240813.zip,NOT_DOWNLOADED_SANDBOX_NETWORK_BLOCKED
2024-08-14,2024,3,https://www.sec.gov/dera/data/Public-EDGAR-log-file-data/2024/Qtr3/log20240814.zip,NOT_DOWNLOADED_SANDBOX_NETWORK_BLOCKED
2024-08-15,2024,3,https://www.sec.gov/dera/data/Public-EDGAR-log-file-data/2024/Qtr3/log20240815.zip,NOT_DOWNLOADED_SANDBOX_NETWORK_BLOCKED
2024-08-16,2024,3,https://www.sec.gov/dera/data/Public-EDGAR-log-file-data/2024/Qtr3/log20240816.zip,NOT_DOWNLOADED_SANDBOX_NETWORK_BLOCKED
2024-08-17,2024,3,https://www.sec.gov/dera/data/Public-EDGAR-log-file-data/2024/Qtr3/log20240817.zip,NOT_DOWNLOADED_SANDBOX_NETWORK_BLOCKED
2024-08-18,2024,3,https://www.sec.gov/dera/data/Public-EDGAR-log-file-data/2024/Qtr3/log20240818.zip,NOT_DOWNLOADED_SANDBOX_NETWORK_BLOCKED
2024-08-19,2024,3,https://www.sec.gov/dera/data/Public-EDGAR-log-file-data/2024/Qtr3/log20240819.zip,NOT_DOWNLOADED_SANDBOX_NETWORK_BLOCKED
2024-08-20,2024,3,https://www.sec.gov/dera/data/Public-EDGAR-log-file-data/2024/Qtr3/log20240820.zip,NOT_DOWNLOADED_SANDBOX_NETWORK_BLOCKED
2024-08-21,2024,3,https://www.sec.gov/dera/data/Public-EDGAR-log-file-data/2024/Qtr3/log20240821.zip,NOT_DOWNLOADED_SANDBOX_NETWORK_BLOCKED
2024-08-22,2024,3,https://www.sec.gov/dera/data/Public-EDGAR-log-file-data/2024/Qtr3/log20240822.zip,NOT_DOWNLOADED_SANDBOX_NETWORK_BLOCKED
2024-08-23,2024,3,https://www.sec.gov/dera/data/Public-EDGAR-log-file-data/2024/Qtr3/log20240823.zip,NOT_DOWNLOADED_SANDBOX_NETWORK_BLOCKED
2024-08-24,2024,3,https://www.sec.gov/dera/data/Public-EDGAR-log-file-data/2024/Qtr3/log20240824.zip,NOT_DOWNLOADED_SANDBOX_NETWORK_BLOCKED
2024-08-25,2024,3,https://www.sec.gov/dera/data/Public-EDGAR-log-file-data/2024/Qtr3/log20240825.zip,NOT_DOWNLOADED_SANDBOX_NETWORK_BLOCKED
2024-08-26,2024,3,https://www.sec.gov/dera/data/Public-EDGAR-log-file-data/2024/Qtr3/log20240826.zip,NOT_DOWNLOADED_SANDBOX_NETWORK_BLOCKED
2024-08-27,2024,3,https://www.sec.gov/dera/data/Public-EDGAR-log-file-data/2024/Qtr3/log20240827.zip,NOT_DOWNLOADED_SANDBOX_NETWORK_BLOCKED
2024-08-28,2024,3,https://www.sec.gov/dera/data/Public-EDGAR-log-file-data/2024/Qtr3/log20240828.zip,NOT_DOWNLOADED_SANDBOX_NETWORK_BLOCKED
2024-08-29,2024,3,https://www.sec.gov/dera/data/Public-EDGAR-log-file-data/2024/Qtr3/log20240829.zip,NOT_DOWNLOADED_SANDBOX_NETWORK_BLOCKED
2024-08-30,2024,3,https://www.sec.gov/dera/data/Public-EDGAR-log-file-data/2024/Qtr3/log20240830.zip,NOT_DOWNLOADED_SANDBOX_NETWORK_BLOCKED
2024-08-31,2024,3,https://www.sec.gov/dera/data/Public-EDGAR-log-file-data/2024/Qtr3/log20240831.zip,NOT_DOWNLOADED_SANDBOX_NETWORK_BLOCKED
2024-09-01,2024,3,https://www.sec.gov/dera/data/Public-EDGAR-log-file-data/2024/Qtr3/log20240901.zip,NOT_DOWNLOADED_SANDBOX_NETWORK_BLOCKED
2024-09-02,2024,3,https://www.sec.gov/dera/data/Public-EDGAR-log-file-data/2024/Qtr3/log20240902.zip,NOT_DOWNLOADED_SANDBOX_NETWORK_BLOCKED
2024-09-03,2024,3,https://www.sec.gov/dera/data/Public-EDGAR-log-file-data/2024/Qtr3/log20240903.zip,NOT_DOWNLOADED_SANDBOX_NETWORK_BLOCKED
2024-09-04,2024,3,https://www.sec.gov/dera/data/Public-EDGAR-log-file-data/2024/Qtr3/log20240904.zip,NOT_DOWNLOADED_SANDBOX_NETWORK_BLOCKED
2024-09-05,2024,3,https://www.sec.gov/dera/data/Public-EDGAR-log-file-data/2024/Qtr3/log20240905.zip,NOT_DOWNLOADED_SANDBOX_NETWORK_BLOCKED
2024-09-06,2024,3,https://www.sec.gov/dera/data/Public-EDGAR-log-file-data/2024/Qtr3/log20240906.zip,NOT_DOWNLOADED_SANDBOX_NETWORK_BLOCKED
2024-09-07,2024,3,https://www.sec.gov/dera/data/Public-EDGAR-log-file-data/2024/Qtr3/log20240907.zip,NOT_DOWNLOADED_SANDBOX_NETWORK_BLOCKED
2024-09-08,2024,3,https://www.sec.gov/dera/data/Public-EDGAR-log-file-data/2024/Qtr3/log20240908.zip,NOT_DOWNLOADED_SANDBOX_NETWORK_BLOCKED
2024-09-09,2024,3,https://www.sec.gov/dera/data/Public-EDGAR-log-file-data/2024/Qtr3/log20240909.zip,NOT_DOWNLOADED_SANDBOX_NETWORK_BLOCKED
2024-09-10,2024,3,https://www.sec.gov/dera/data/Public-EDGAR-log-file-data/2024/Qtr3/log20240910.zip,NOT_DOWNLOADED_SANDBOX_NETWORK_BLOCKED
2024-09-11,2024,3,https://www.sec.gov/dera/data/Public-EDGAR-log-file-data/2024/Qtr3/log20240911.zip,NOT_DOWNLOADED_SANDBOX_NETWORK_BLOCKED
2024-09-12,2024,3,https://www.sec.gov/dera/data/Public-EDGAR-log-file-data/2024/Qtr3/log20240912.zip,NOT_DOWNLOADED_SANDBOX_NETWORK_BLOCKED
2024-09-13,2024,3,https://www.sec.gov/dera/data/Public-EDGAR-log-file-data/2024/Qtr3/log20240913.zip,NOT_DOWNLOADED_SANDBOX_NETWORK_BLOCKED
2024-09-14,2024,3,https://www.sec.gov/dera/data/Public-EDGAR-log-file-data/2024/Qtr3/log20240914.zip,NOT_DOWNLOADED_SANDBOX_NETWORK_BLOCKED
2024-09-15,2024,3,https://www.sec.gov/dera/data/Public-EDGAR-log-file-data/2024/Qtr3/log20240915.zip,NOT_DOWNLOADED_SANDBOX_NETWORK_BLOCKED
2024-09-16,2024,3,https://www.sec.gov/dera/data/Public-EDGAR-log-file-data/2024/Qtr3/log20240916.zip,NOT_DOWNLOADED_SANDBOX_NETWORK_BLOCKED
2024-09-17,2024,3,https://www.sec.gov/dera/data/Public-EDGAR-log-file-data/2024/Qtr3/log20240917.zip,NOT_DOWNLOADED_SANDBOX_NETWORK_BLOCKED
2024-09-18,2024,3,https://www.sec.gov/dera/data/Public-EDGAR-log-file-data/2024/Qtr3/log20240918.zip,NOT_DOWNLOADED_SANDBOX_NETWORK_BLOCKED
2024-09-19,2024,3,https://www.sec.gov/dera/data/Public-EDGAR-log-file-data/2024/Qtr3/log20240919.zip,NOT_DOWNLOADED_SANDBOX_NETWORK_BLOCKED
2024-09-20,2024,3,https://www.sec.gov/dera/data/Public-EDGAR-log-file-data/2024/Qtr3/log20240920.zip,NOT_DOWNLOADED_SANDBOX_NETWORK_BLOCKED
2024-09-21,2024,3,https://www.sec.gov/dera/data/Public-EDGAR-log-file-data/2024/Qtr3/log20240921.zip,NOT_DOWNLOADED_SANDBOX_NETWORK_BLOCKED
2024-09-22,2024,3,https://www.sec.gov/dera/data/Public-EDGAR-log-file-data/2024/Qtr3/log20240922.zip,NOT_DOWNLOADED_SANDBOX_NETWORK_BLOCKED
2024-09-23,2024,3,https://www.sec.gov/dera/data/Public-EDGAR-log-file-data/2024/Qtr3/log20240923.zip,NOT_DOWNLOADED_SANDBOX_NETWORK_BLOCKED
2024-09-24,2024,3,https://www.sec.gov/dera/data/Public-EDGAR-log-file-data/2024/Qtr3/log20240924.zip,NOT_DOWNLOADED_SANDBOX_NETWORK_BLOCKED
2024-09-25,2024,3,https://www.sec.gov/dera/data/Public-EDGAR-log-file-data/2024/Qtr3/log20240925.zip,NOT_DOWNLOADED_SANDBOX_NETWORK_BLOCKED
2024-09-26,2024,3,https://www.sec.gov/dera/data/Public-EDGAR-log-file-data/2024/Qtr3/log20240926.zip,NOT_DOWNLOADED_SANDBOX_NETWORK_BLOCKED
2024-09-27,2024,3,https://www.sec.gov/dera/data/Public-EDGAR-log-file-data/2024/Qtr3/log20240927.zip,NOT_DOWNLOADED_SANDBOX_NETWORK_BLOCKED
2024-09-28,2024,3,https://www.sec.gov/dera/data/Public-EDGAR-log-file-data/2024/Qtr3/log20240928.zip,NOT_DOWNLOADED_SANDBOX_NETWORK_BLOCKED
2024-09-29,2024,3,https://www.sec.gov/dera/data/Public-EDGAR-log-file-data/2024/Qtr3/log20240929.zip,NOT_DOWNLOADED_SANDBOX_NETWORK_BLOCKED
2024-09-30,2024,3,https://www.sec.gov/dera/data/Public-EDGAR-log-file-data/2024/Qtr3/log20240930.zip,NOT_DOWNLOADED_SANDBOX_NETWORK_BLOCKED
2024-10-01,2024,4,https://www.sec.gov/dera/data/Public-EDGAR-log-file-data/2024/Qtr4/log20241001.zip,NOT_DOWNLOADED_SANDBOX_NETWORK_BLOCKED
2024-10-02,2024,4,https://www.sec.gov/dera/data/Public-EDGAR-log-file-data/2024/Qtr4/log20241002.zip,NOT_DOWNLOADED_SANDBOX_NETWORK_BLOCKED
2024-10-03,2024,4,https://www.sec.gov/dera/data/Public-EDGAR-log-file-data/2024/Qtr4/log20241003.zip,NOT_DOWNLOADED_SANDBOX_NETWORK_BLOCKED
2024-10-04,2024,4,https://www.sec.gov/dera/data/Public-EDGAR-log-file-data/2024/Qtr4/log20241004.zip,NOT_DOWNLOADED_SANDBOX_NETWORK_BLOCKED
2024-10-05,2024,4,https://www.sec.gov/dera/data/Public-EDGAR-log-file-data/2024/Qtr4/log20241005.zip,NOT_DOWNLOADED_SANDBOX_NETWORK_BLOCKED
2024-10-06,2024,4,https://www.sec.gov/dera/data/Public-EDGAR-log-file-data/2024/Qtr4/log20241006.zip,NOT_DOWNLOADED_SANDBOX_NETWORK_BLOCKED
2024-10-07,2024,4,https://www.sec.gov/dera/data/Public-EDGAR-log-file-data/2024/Qtr4/log20241007.zip,NOT_DOWNLOADED_SANDBOX_NETWORK_BLOCKED
2024-10-08,2024,4,https://www.sec.gov/dera/data/Public-EDGAR-log-file-data/2024/Qtr4/log20241008.zip,NOT_DOWNLOADED_SANDBOX_NETWORK_BLOCKED
2024-10-09,2024,4,https://www.sec.gov/dera/data/Public-EDGAR-log-file-data/2024/Qtr4/log20241009.zip,NOT_DOWNLOADED_SANDBOX_NETWORK_BLOCKED
2024-10-10,2024,4,https://www.sec.gov/dera/data/Public-EDGAR-log-file-data/2024/Qtr4/log20241010.zip,NOT_DOWNLOADED_SANDBOX_NETWORK_BLOCKED
2024-10-11,2024,4,https://www.sec.gov/dera/data/Public-EDGAR-log-file-data/2024/Qtr4/log20241011.zip,NOT_DOWNLOADED_SANDBOX_NETWORK_BLOCKED
2024-10-12,2024,4,https://www.sec.gov/dera/data/Public-EDGAR-log-file-data/2024/Qtr4/log20241012.zip,NOT_DOWNLOADED_SANDBOX_NETWORK_BLOCKED
2024-10-13,2024,4,https://www.sec.gov/dera/data/Public-EDGAR-log-file-data/2024/Qtr4/log20241013.zip,NOT_DOWNLOADED_SANDBOX_NETWORK_BLOCKED
2024-10-14,2024,4,https://www.sec.gov/dera/data/Public-EDGAR-log-file-data/2024/Qtr4/log20241014.zip,NOT_DOWNLOADED_SANDBOX_NETWORK_BLOCKED
2024-10-15,2024,4,https://www.sec.gov/dera/data/Public-EDGAR-log-file-data/2024/Qtr4/log20241015.zip,NOT_DOWNLOADED_SANDBOX_NETWORK_BLOCKED
2024-10-16,2024,4,https://www.sec.gov/dera/data/Public-EDGAR-log-file-data/2024/Qtr4/log20241016.zip,NOT_DOWNLOADED_SANDBOX_NETWORK_BLOCKED
2024-10-17,2024,4,https://www.sec.gov/dera/data/Public-EDGAR-log-file-data/2024/Qtr4/log20241017.zip,NOT_DOWNLOADED_SANDBOX_NETWORK_BLOCKED
2024-10-18,2024,4,https://www.sec.gov/dera/data/Public-EDGAR-log-file-data/2024/Qtr4/log20241018.zip,NOT_DOWNLOADED_SANDBOX_NETWORK_BLOCKED
2024-10-19,2024,4,https://www.sec.gov/dera/data/Public-EDGAR-log-file-data/2024/Qtr4/log20241019.zip,NOT_DOWNLOADED_SANDBOX_NETWORK_BLOCKED
2024-10-20,2024,4,https://www.sec.gov/dera/data/Public-EDGAR-log-file-data/2024/Qtr4/log20241020.zip,NOT_DOWNLOADED_SANDBOX_NETWORK_BLOCKED
2024-10-21,2024,4,https://www.sec.gov/dera/data/Public-EDGAR-log-file-data/2024/Qtr4/log20241021.zip,NOT_DOWNLOADED_SANDBOX_NETWORK_BLOCKED
2024-10-22,2024,4,https://www.sec.gov/dera/data/Public-EDGAR-log-file-data/2024/Qtr4/log20241022.zip,NOT_DOWNLOADED_SANDBOX_NETWORK_BLOCKED
2024-10-23,2024,4,https://www.sec.gov/dera/data/Public-EDGAR-log-file-data/2024/Qtr4/log20241023.zip,NOT_DOWNLOADED_SANDBOX_NETWORK_BLOCKED
2024-10-24,2024,4,https://www.sec.gov/dera/data/Public-EDGAR-log-file-data/2024/Qtr4/log20241024.zip,NOT_DOWNLOADED_SANDBOX_NETWORK_BLOCKED
2024-10-25,2024,4,https://www.sec.gov/dera/data/Public-EDGAR-log-file-data/2024/Qtr4/log20241025.zip,NOT_DOWNLOADED_SANDBOX_NETWORK_BLOCKED
2024-10-26,2024,4,https://www.sec.gov/dera/data/Public-EDGAR-log-file-data/2024/Qtr4/log20241026.zip,NOT_DOWNLOADED_SANDBOX_NETWORK_BLOCKED
2024-10-27,2024,4,https://www.sec.gov/dera/data/Public-EDGAR-log-file-data/2024/Qtr4/log20241027.zip,NOT_DOWNLOADED_SANDBOX_NETWORK_BLOCKED
2024-10-28,2024,4,https://www.sec.gov/dera/data/Public-EDGAR-log-file-data/2024/Qtr4/log20241028.zip,NOT_DOWNLOADED_SANDBOX_NETWORK_BLOCKED
2024-10-29,2024,4,https://www.sec.gov/dera/data/Public-EDGAR-log-file-data/2024/Qtr4/log20241029.zip,NOT_DOWNLOADED_SANDBOX_NETWORK_BLOCKED
2024-10-30,2024,4,https://www.sec.gov/dera/data/Public-EDGAR-log-file-data/2024/Qtr4/log20241030.zip,NOT_DOWNLOADED_SANDBOX_NETWORK_BLOCKED
2024-10-31,2024,4,https://www.sec.gov/dera/data/Public-EDGAR-log-file-data/2024/Qtr4/log20241031.zip,NOT_DOWNLOADED_SANDBOX_NETWORK_BLOCKED
2024-11-01,2024,4,https://www.sec.gov/dera/data/Public-EDGAR-log-file-data/2024/Qtr4/log20241101.zip,NOT_DOWNLOADED_SANDBOX_NETWORK_BLOCKED
2024-11-02,2024,4,https://www.sec.gov/dera/data/Public-EDGAR-log-file-data/2024/Qtr4/log20241102.zip,NOT_DOWNLOADED_SANDBOX_NETWORK_BLOCKED
2024-11-03,2024,4,https://www.sec.gov/dera/data/Public-EDGAR-log-file-data/2024/Qtr4/log20241103.zip,NOT_DOWNLOADED_SANDBOX_NETWORK_BLOCKED
2024-11-04,2024,4,https://www.sec.gov/dera/data/Public-EDGAR-log-file-data/2024/Qtr4/log20241104.zip,NOT_DOWNLOADED_SANDBOX_NETWORK_BLOCKED
2024-11-05,2024,4,https://www.sec.gov/dera/data/Public-EDGAR-log-file-data/2024/Qtr4/log20241105.zip,NOT_DOWNLOADED_SANDBOX_NETWORK_BLOCKED
2024-11-06,2024,4,https://www.sec.gov/dera/data/Public-EDGAR-log-file-data/2024/Qtr4/log20241106.zip,NOT_DOWNLOADED_SANDBOX_NETWORK_BLOCKED
2024-11-07,2024,4,https://www.sec.gov/dera/data/Public-EDGAR-log-file-data/2024/Qtr4/log20241107.zip,NOT_DOWNLOADED_SANDBOX_NETWORK_BLOCKED
2024-11-08,2024,4,https://www.sec.gov/dera/data/Public-EDGAR-log-file-data/2024/Qtr4/log20241108.zip,NOT_DOWNLOADED_SANDBOX_NETWORK_BLOCKED
2024-11-09,2024,4,https://www.sec.gov/dera/data/Public-EDGAR-log-file-data/2024/Qtr4/log20241109.zip,NOT_DOWNLOADED_SANDBOX_NETWORK_BLOCKED
2024-11-10,2024,4,https://www.sec.gov/dera/data/Public-EDGAR-log-file-data/2024/Qtr4/log20241110.zip,NOT_DOWNLOADED_SANDBOX_NETWORK_BLOCKED
2024-11-11,2024,4,https://www.sec.gov/dera/data/Public-EDGAR-log-file-data/2024/Qtr4/log20241111.zip,NOT_DOWNLOADED_SANDBOX_NETWORK_BLOCKED
2024-11-12,2024,4,https://www.sec.gov/dera/data/Public-EDGAR-log-file-data/2024/Qtr4/log20241112.zip,NOT_DOWNLOADED_SANDBOX_NETWORK_BLOCKED
2024-11-13,2024,4,https://www.sec.gov/dera/data/Public-EDGAR-log-file-data/2024/Qtr4/log20241113.zip,NOT_DOWNLOADED_SANDBOX_NETWORK_BLOCKED
2024-11-14,2024,4,https://www.sec.gov/dera/data/Public-EDGAR-log-file-data/2024/Qtr4/log20241114.zip,NOT_DOWNLOADED_SANDBOX_NETWORK_BLOCKED
2024-11-15,2024,4,https://www.sec.gov/dera/data/Public-EDGAR-log-file-data/2024/Qtr4/log20241115.zip,NOT_DOWNLOADED_SANDBOX_NETWORK_BLOCKED
2024-11-16,2024,4,https://www.sec.gov/dera/data/Public-EDGAR-log-file-data/2024/Qtr4/log20241116.zip,NOT_DOWNLOADED_SANDBOX_NETWORK_BLOCKED
2024-11-17,2024,4,https://www.sec.gov/dera/data/Public-EDGAR-log-file-data/2024/Qtr4/log20241117.zip,NOT_DOWNLOADED_SANDBOX_NETWORK_BLOCKED
2024-11-18,2024,4,https://www.sec.gov/dera/data/Public-EDGAR-log-file-data/2024/Qtr4/log20241118.zip,NOT_DOWNLOADED_SANDBOX_NETWORK_BLOCKED
2024-11-19,2024,4,https://www.sec.gov/dera/data/Public-EDGAR-log-file-data/2024/Qtr4/log20241119.zip,NOT_DOWNLOADED_SANDBOX_NETWORK_BLOCKED
2024-11-20,2024,4,https://www.sec.gov/dera/data/Public-EDGAR-log-file-data/2024/Qtr4/log20241120.zip,NOT_DOWNLOADED_SANDBOX_NETWORK_BLOCKED
2024-11-21,2024,4,https://www.sec.gov/dera/data/Public-EDGAR-log-file-data/2024/Qtr4/log20241121.zip,NOT_DOWNLOADED_SANDBOX_NETWORK_BLOCKED
2024-11-22,2024,4,https://www.sec.gov/dera/data/Public-EDGAR-log-file-data/2024/Qtr4/log20241122.zip,NOT_DOWNLOADED_SANDBOX_NETWORK_BLOCKED
2024-11-23,2024,4,https://www.sec.gov/dera/data/Public-EDGAR-log-file-data/2024/Qtr4/log20241123.zip,NOT_DOWNLOADED_SANDBOX_NETWORK_BLOCKED
2024-11-24,2024,4,https://www.sec.gov/dera/data/Public-EDGAR-log-file-data/2024/Qtr4/log20241124.zip,NOT_DOWNLOADED_SANDBOX_NETWORK_BLOCKED
2024-11-25,2024,4,https://www.sec.gov/dera/data/Public-EDGAR-log-file-data/2024/Qtr4/log20241125.zip,NOT_DOWNLOADED_SANDBOX_NETWORK_BLOCKED
2024-11-26,2024,4,https://www.sec.gov/dera/data/Public-EDGAR-log-file-data/2024/Qtr4/log20241126.zip,NOT_DOWNLOADED_SANDBOX_NETWORK_BLOCKED
2024-11-27,2024,4,https://www.sec.gov/dera/data/Public-EDGAR-log-file-data/2024/Qtr4/log20241127.zip,NOT_DOWNLOADED_SANDBOX_NETWORK_BLOCKED
2024-11-28,2024,4,https://www.sec.gov/dera/data/Public-EDGAR-log-file-data/2024/Qtr4/log20241128.zip,NOT_DOWNLOADED_SANDBOX_NETWORK_BLOCKED
2024-11-29,2024,4,https://www.sec.gov/dera/data/Public-EDGAR-log-file-data/2024/Qtr4/log20241129.zip,NOT_DOWNLOADED_SANDBOX_NETWORK_BLOCKED
2024-11-30,2024,4,https://www.sec.gov/dera/data/Public-EDGAR-log-file-data/2024/Qtr4/log20241130.zip,NOT_DOWNLOADED_SANDBOX_NETWORK_BLOCKED
2024-12-01,2024,4,https://www.sec.gov/dera/data/Public-EDGAR-log-file-data/2024/Qtr4/log20241201.zip,NOT_DOWNLOADED_SANDBOX_NETWORK_BLOCKED
2024-12-02,2024,4,https://www.sec.gov/dera/data/Public-EDGAR-log-file-data/2024/Qtr4/log20241202.zip,NOT_DOWNLOADED_SANDBOX_NETWORK_BLOCKED
2024-12-03,2024,4,https://www.sec.gov/dera/data/Public-EDGAR-log-file-data/2024/Qtr4/log20241203.zip,NOT_DOWNLOADED_SANDBOX_NETWORK_BLOCKED
2024-12-04,2024,4,https://www.sec.gov/dera/data/Public-EDGAR-log-file-data/2024/Qtr4/log20241204.zip,NOT_DOWNLOADED_SANDBOX_NETWORK_BLOCKED
2024-12-05,2024,4,https://www.sec.gov/dera/data/Public-EDGAR-log-file-data/2024/Qtr4/log20241205.zip,NOT_DOWNLOADED_SANDBOX_NETWORK_BLOCKED
2024-12-06,2024,4,https://www.sec.gov/dera/data/Public-EDGAR-log-file-data/2024/Qtr4/log20241206.zip,NOT_DOWNLOADED_SANDBOX_NETWORK_BLOCKED
2024-12-07,2024,4,https://www.sec.gov/dera/data/Public-EDGAR-log-file-data/2024/Qtr4/log20241207.zip,NOT_DOWNLOADED_SANDBOX_NETWORK_BLOCKED
2024-12-08,2024,4,https://www.sec.gov/dera/data/Public-EDGAR-log-file-data/2024/Qtr4/log20241208.zip,NOT_DOWNLOADED_SANDBOX_NETWORK_BLOCKED
2024-12-09,2024,4,https://www.sec.gov/dera/data/Public-EDGAR-log-file-data/2024/Qtr4/log20241209.zip,NOT_DOWNLOADED_SANDBOX_NETWORK_BLOCKED
2024-12-10,2024,4,https://www.sec.gov/dera/data/Public-EDGAR-log-file-data/2024/Qtr4/log20241210.zip,NOT_DOWNLOADED_SANDBOX_NETWORK_BLOCKED
2024-12-11,2024,4,https://www.sec.gov/dera/data/Public-EDGAR-log-file-data/2024/Qtr4/log20241211.zip,NOT_DOWNLOADED_SANDBOX_NETWORK_BLOCKED
2024-12-12,2024,4,https://www.sec.gov/dera/data/Public-EDGAR-log-file-data/2024/Qtr4/log20241212.zip,NOT_DOWNLOADED_SANDBOX_NETWORK_BLOCKED
2024-12-13,2024,4,https://www.sec.gov/dera/data/Public-EDGAR-log-file-data/2024/Qtr4/log20241213.zip,NOT_DOWNLOADED_SANDBOX_NETWORK_BLOCKED
2024-12-14,2024,4,https://www.sec.gov/dera/data/Public-EDGAR-log-file-data/2024/Qtr4/log20241214.zip,NOT_DOWNLOADED_SANDBOX_NETWORK_BLOCKED
2024-12-15,2024,4,https://www.sec.gov/dera/data/Public-EDGAR-log-file-data/2024/Qtr4/log20241215.zip,NOT_DOWNLOADED_SANDBOX_NETWORK_BLOCKED
2024-12-16,2024,4,https://www.sec.gov/dera/data/Public-EDGAR-log-file-data/2024/Qtr4/log20241216.zip,NOT_DOWNLOADED_SANDBOX_NETWORK_BLOCKED
2024-12-17,2024,4,https://www.sec.gov/dera/data/Public-EDGAR-log-file-data/2024/Qtr4/log20241217.zip,NOT_DOWNLOADED_SANDBOX_NETWORK_BLOCKED
2024-12-18,2024,4,https://www.sec.gov/dera/data/Public-EDGAR-log-file-data/2024/Qtr4/log20241218.zip,NOT_DOWNLOADED_SANDBOX_NETWORK_BLOCKED
2024-12-19,2024,4,https://www.sec.gov/dera/data/Public-EDGAR-log-file-data/2024/Qtr4/log20241219.zip,NOT_DOWNLOADED_SANDBOX_NETWORK_BLOCKED
2024-12-20,2024,4,https://www.sec.gov/dera/data/Public-EDGAR-log-file-data/2024/Qtr4/log20241220.zip,NOT_DOWNLOADED_SANDBOX_NETWORK_BLOCKED
2024-12-21,2024,4,https://www.sec.gov/dera/data/Public-EDGAR-log-file-data/2024/Qtr4/log20241221.zip,NOT_DOWNLOADED_SANDBOX_NETWORK_BLOCKED
2024-12-22,2024,4,https://www.sec.gov/dera/data/Public-EDGAR-log-file-data/2024/Qtr4/log20241222.zip,NOT_DOWNLOADED_SANDBOX_NETWORK_BLOCKED
2024-12-23,2024,4,https://www.sec.gov/dera/data/Public-EDGAR-log-file-data/2024/Qtr4/log20241223.zip,NOT_DOWNLOADED_SANDBOX_NETWORK_BLOCKED
2024-12-24,2024,4,https://www.sec.gov/dera/data/Public-EDGAR-log-file-data/2024/Qtr4/log20241224.zip,NOT_DOWNLOADED_SANDBOX_NETWORK_BLOCKED
2024-12-25,2024,4,https://www.sec.gov/dera/data/Public-EDGAR-log-file-data/2024/Qtr4/log20241225.zip,NOT_DOWNLOADED_SANDBOX_NETWORK_BLOCKED
2024-12-26,2024,4,https://www.sec.gov/dera/data/Public-EDGAR-log-file-data/2024/Qtr4/log20241226.zip,NOT_DOWNLOADED_SANDBOX_NETWORK_BLOCKED
2024-12-27,2024,4,https://www.sec.gov/dera/data/Public-EDGAR-log-file-data/2024/Qtr4/log20241227.zip,NOT_DOWNLOADED_SANDBOX_NETWORK_BLOCKED
2024-12-28,2024,4,https://www.sec.gov/dera/data/Public-EDGAR-log-file-data/2024/Qtr4/log20241228.zip,NOT_DOWNLOADED_SANDBOX_NETWORK_BLOCKED
2024-12-29,2024,4,https://www.sec.gov/dera/data/Public-EDGAR-log-file-data/2024/Qtr4/log20241229.zip,NOT_DOWNLOADED_SANDBOX_NETWORK_BLOCKED
2024-12-30,2024,4,https://www.sec.gov/dera/data/Public-EDGAR-log-file-data/2024/Qtr4/log20241230.zip,NOT_DOWNLOADED_SANDBOX_NETWORK_BLOCKED
2024-12-31,2024,4,https://www.sec.gov/dera/data/Public-EDGAR-log-file-data/2024/Qtr4/log20241231.zip,NOT_DOWNLOADED_SANDBOX_NETWORK_BLOCKED
2025-01-01,2025,1,https://www.sec.gov/dera/data/Public-EDGAR-log-file-data/2025/Qtr1/log20250101.zip,NOT_DOWNLOADED_SANDBOX_NETWORK_BLOCKED
2025-01-02,2025,1,https://www.sec.gov/dera/data/Public-EDGAR-log-file-data/2025/Qtr1/log20250102.zip,NOT_DOWNLOADED_SANDBOX_NETWORK_BLOCKED
2025-01-03,2025,1,https://www.sec.gov/dera/data/Public-EDGAR-log-file-data/2025/Qtr1/log20250103.zip,NOT_DOWNLOADED_SANDBOX_NETWORK_BLOCKED
2025-01-04,2025,1,https://www.sec.gov/dera/data/Public-EDGAR-log-file-data/2025/Qtr1/log20250104.zip,NOT_DOWNLOADED_SANDBOX_NETWORK_BLOCKED
2025-01-05,2025,1,https://www.sec.gov/dera/data/Public-EDGAR-log-file-data/2025/Qtr1/log20250105.zip,NOT_DOWNLOADED_SANDBOX_NETWORK_BLOCKED
2025-01-06,2025,1,https://www.sec.gov/dera/data/Public-EDGAR-log-file-data/2025/Qtr1/log20250106.zip,NOT_DOWNLOADED_SANDBOX_NETWORK_BLOCKED
2025-01-07,2025,1,https://www.sec.gov/dera/data/Public-EDGAR-log-file-data/2025/Qtr1/log20250107.zip,NOT_DOWNLOADED_SANDBOX_NETWORK_BLOCKED
2025-01-08,2025,1,https://www.sec.gov/dera/data/Public-EDGAR-log-file-data/2025/Qtr1/log20250108.zip,NOT_DOWNLOADED_SANDBOX_NETWORK_BLOCKED
2025-01-09,2025,1,https://www.sec.gov/dera/data/Public-EDGAR-log-file-data/2025/Qtr1/log20250109.zip,NOT_DOWNLOADED_SANDBOX_NETWORK_BLOCKED
2025-01-10,2025,1,https://www.sec.gov/dera/data/Public-EDGAR-log-file-data/2025/Qtr1/log20250110.zip,NOT_DOWNLOADED_SANDBOX_NETWORK_BLOCKED
2025-01-11,2025,1,https://www.sec.gov/dera/data/Public-EDGAR-log-file-data/2025/Qtr1/log20250111.zip,NOT_DOWNLOADED_SANDBOX_NETWORK_BLOCKED
2025-01-12,2025,1,https://www.sec.gov/dera/data/Public-EDGAR-log-file-data/2025/Qtr1/log20250112.zip,NOT_DOWNLOADED_SANDBOX_NETWORK_BLOCKED
2025-01-13,2025,1,https://www.sec.gov/dera/data/Public-EDGAR-log-file-data/2025/Qtr1/log20250113.zip,NOT_DOWNLOADED_SANDBOX_NETWORK_BLOCKED
2025-01-14,2025,1,https://www.sec.gov/dera/data/Public-EDGAR-log-file-data/2025/Qtr1/log20250114.zip,NOT_DOWNLOADED_SANDBOX_NETWORK_BLOCKED
2025-01-15,2025,1,https://www.sec.gov/dera/data/Public-EDGAR-log-file-data/2025/Qtr1/log20250115.zip,NOT_DOWNLOADED_SANDBOX_NETWORK_BLOCKED
2025-01-16,2025,1,https://www.sec.gov/dera/data/Public-EDGAR-log-file-data/2025/Qtr1/log20250116.zip,NOT_DOWNLOADED_SANDBOX_NETWORK_BLOCKED
2025-01-17,2025,1,https://www.sec.gov/dera/data/Public-EDGAR-log-file-data/2025/Qtr1/log20250117.zip,NOT_DOWNLOADED_SANDBOX_NETWORK_BLOCKED
2025-01-18,2025,1,https://www.sec.gov/dera/data/Public-EDGAR-log-file-data/2025/Qtr1/log20250118.zip,NOT_DOWNLOADED_SANDBOX_NETWORK_BLOCKED
2025-01-19,2025,1,https://www.sec.gov/dera/data/Public-EDGAR-log-file-data/2025/Qtr1/log20250119.zip,NOT_DOWNLOADED_SANDBOX_NETWORK_BLOCKED
2025-01-20,2025,1,https://www.sec.gov/dera/data/Public-EDGAR-log-file-data/2025/Qtr1/log20250120.zip,NOT_DOWNLOADED_SANDBOX_NETWORK_BLOCKED
2025-01-21,2025,1,https://www.sec.gov/dera/data/Public-EDGAR-log-file-data/2025/Qtr1/log20250121.zip,NOT_DOWNLOADED_SANDBOX_NETWORK_BLOCKED
2025-01-22,2025,1,https://www.sec.gov/dera/data/Public-EDGAR-log-file-data/2025/Qtr1/log20250122.zip,NOT_DOWNLOADED_SANDBOX_NETWORK_BLOCKED
2025-01-23,2025,1,https://www.sec.gov/dera/data/Public-EDGAR-log-file-data/2025/Qtr1/log20250123.zip,NOT_DOWNLOADED_SANDBOX_NETWORK_BLOCKED
2025-01-24,2025,1,https://www.sec.gov/dera/data/Public-EDGAR-log-file-data/2025/Qtr1/log20250124.zip,NOT_DOWNLOADED_SANDBOX_NETWORK_BLOCKED
2025-01-25,2025,1,https://www.sec.gov/dera/data/Public-EDGAR-log-file-data/2025/Qtr1/log20250125.zip,NOT_DOWNLOADED_SANDBOX_NETWORK_BLOCKED
2025-01-26,2025,1,https://www.sec.gov/dera/data/Public-EDGAR-log-file-data/2025/Qtr1/log20250126.zip,NOT_DOWNLOADED_SANDBOX_NETWORK_BLOCKED
2025-01-27,2025,1,https://www.sec.gov/dera/data/Public-EDGAR-log-file-data/2025/Qtr1/log20250127.zip,NOT_DOWNLOADED_SANDBOX_NETWORK_BLOCKED
2025-01-28,2025,1,https://www.sec.gov/dera/data/Public-EDGAR-log-file-data/2025/Qtr1/log20250128.zip,NOT_DOWNLOADED_SANDBOX_NETWORK_BLOCKED
2025-01-29,2025,1,https://www.sec.gov/dera/data/Public-EDGAR-log-file-data/2025/Qtr1/log20250129.zip,NOT_DOWNLOADED_SANDBOX_NETWORK_BLOCKED
2025-01-30,2025,1,https://www.sec.gov/dera/data/Public-EDGAR-log-file-data/2025/Qtr1/log20250130.zip,NOT_DOWNLOADED_SANDBOX_NETWORK_BLOCKED
2025-01-31,2025,1,https://www.sec.gov/dera/data/Public-EDGAR-log-file-data/2025/Qtr1/log20250131.zip,NOT_DOWNLOADED_SANDBOX_NETWORK_BLOCKED
2025-02-01,2025,1,https://www.sec.gov/dera/data/Public-EDGAR-log-file-data/2025/Qtr1/log20250201.zip,NOT_DOWNLOADED_SANDBOX_NETWORK_BLOCKED
2025-02-02,2025,1,https://www.sec.gov/dera/data/Public-EDGAR-log-file-data/2025/Qtr1/log20250202.zip,NOT_DOWNLOADED_SANDBOX_NETWORK_BLOCKED
2025-02-03,2025,1,https://www.sec.gov/dera/data/Public-EDGAR-log-file-data/2025/Qtr1/log20250203.zip,NOT_DOWNLOADED_SANDBOX_NETWORK_BLOCKED
2025-02-04,2025,1,https://www.sec.gov/dera/data/Public-EDGAR-log-file-data/2025/Qtr1/log20250204.zip,NOT_DOWNLOADED_SANDBOX_NETWORK_BLOCKED
2025-02-05,2025,1,https://www.sec.gov/dera/data/Public-EDGAR-log-file-data/2025/Qtr1/log20250205.zip,NOT_DOWNLOADED_SANDBOX_NETWORK_BLOCKED
2025-02-06,2025,1,https://www.sec.gov/dera/data/Public-EDGAR-log-file-data/2025/Qtr1/log20250206.zip,NOT_DOWNLOADED_SANDBOX_NETWORK_BLOCKED
2025-02-07,2025,1,https://www.sec.gov/dera/data/Public-EDGAR-log-file-data/2025/Qtr1/log20250207.zip,NOT_DOWNLOADED_SANDBOX_NETWORK_BLOCKED
2025-02-08,2025,1,https://www.sec.gov/dera/data/Public-EDGAR-log-file-data/2025/Qtr1/log20250208.zip,NOT_DOWNLOADED_SANDBOX_NETWORK_BLOCKED
2025-02-09,2025,1,https://www.sec.gov/dera/data/Public-EDGAR-log-file-data/2025/Qtr1/log20250209.zip,NOT_DOWNLOADED_SANDBOX_NETWORK_BLOCKED
2025-02-10,2025,1,https://www.sec.gov/dera/data/Public-EDGAR-log-file-data/2025/Qtr1/log20250210.zip,NOT_DOWNLOADED_SANDBOX_NETWORK_BLOCKED
2025-02-11,2025,1,https://www.sec.gov/dera/data/Public-EDGAR-log-file-data/2025/Qtr1/log20250211.zip,NOT_DOWNLOADED_SANDBOX_NETWORK_BLOCKED
2025-02-12,2025,1,https://www.sec.gov/dera/data/Public-EDGAR-log-file-data/2025/Qtr1/log20250212.zip,NOT_DOWNLOADED_SANDBOX_NETWORK_BLOCKED
2025-02-13,2025,1,https://www.sec.gov/dera/data/Public-EDGAR-log-file-data/2025/Qtr1/log20250213.zip,NOT_DOWNLOADED_SANDBOX_NETWORK_BLOCKED
2025-02-14,2025,1,https://www.sec.gov/dera/data/Public-EDGAR-log-file-data/2025/Qtr1/log20250214.zip,NOT_DOWNLOADED_SANDBOX_NETWORK_BLOCKED
2025-02-15,2025,1,https://www.sec.gov/dera/data/Public-EDGAR-log-file-data/2025/Qtr1/log20250215.zip,NOT_DOWNLOADED_SANDBOX_NETWORK_BLOCKED
2025-02-16,2025,1,https://www.sec.gov/dera/data/Public-EDGAR-log-file-data/2025/Qtr1/log20250216.zip,NOT_DOWNLOADED_SANDBOX_NETWORK_BLOCKED
2025-02-17,2025,1,https://www.sec.gov/dera/data/Public-EDGAR-log-file-data/2025/Qtr1/log20250217.zip,NOT_DOWNLOADED_SANDBOX_NETWORK_BLOCKED
2025-02-18,2025,1,https://www.sec.gov/dera/data/Public-EDGAR-log-file-data/2025/Qtr1/log20250218.zip,NOT_DOWNLOADED_SANDBOX_NETWORK_BLOCKED
2025-02-19,2025,1,https://www.sec.gov/dera/data/Public-EDGAR-log-file-data/2025/Qtr1/log20250219.zip,NOT_DOWNLOADED_SANDBOX_NETWORK_BLOCKED
2025-02-20,2025,1,https://www.sec.gov/dera/data/Public-EDGAR-log-file-data/2025/Qtr1/log20250220.zip,NOT_DOWNLOADED_SANDBOX_NETWORK_BLOCKED
2025-02-21,2025,1,https://www.sec.gov/dera/data/Public-EDGAR-log-file-data/2025/Qtr1/log20250221.zip,NOT_DOWNLOADED_SANDBOX_NETWORK_BLOCKED
2025-02-22,2025,1,https://www.sec.gov/dera/data/Public-EDGAR-log-file-data/2025/Qtr1/log20250222.zip,NOT_DOWNLOADED_SANDBOX_NETWORK_BLOCKED
2025-02-23,2025,1,https://www.sec.gov/dera/data/Public-EDGAR-log-file-data/2025/Qtr1/log20250223.zip,NOT_DOWNLOADED_SANDBOX_NETWORK_BLOCKED
2025-02-24,2025,1,https://www.sec.gov/dera/data/Public-EDGAR-log-file-data/2025/Qtr1/log20250224.zip,NOT_DOWNLOADED_SANDBOX_NETWORK_BLOCKED
2025-02-25,2025,1,https://www.sec.gov/dera/data/Public-EDGAR-log-file-data/2025/Qtr1/log20250225.zip,NOT_DOWNLOADED_SANDBOX_NETWORK_BLOCKED
2025-02-26,2025,1,https://www.sec.gov/dera/data/Public-EDGAR-log-file-data/2025/Qtr1/log20250226.zip,NOT_DOWNLOADED_SANDBOX_NETWORK_BLOCKED
2025-02-27,2025,1,https://www.sec.gov/dera/data/Public-EDGAR-log-file-data/2025/Qtr1/log20250227.zip,NOT_DOWNLOADED_SANDBOX_NETWORK_BLOCKED
2025-02-28,2025,1,https://www.sec.gov/dera/data/Public-EDGAR-log-file-data/2025/Qtr1/log20250228.zip,NOT_DOWNLOADED_SANDBOX_NETWORK_BLOCKED
2025-03-01,2025,1,https://www.sec.gov/dera/data/Public-EDGAR-log-file-data/2025/Qtr1/log20250301.zip,NOT_DOWNLOADED_SANDBOX_NETWORK_BLOCKED
2025-03-02,2025,1,https://www.sec.gov/dera/data/Public-EDGAR-log-file-data/2025/Qtr1/log20250302.zip,NOT_DOWNLOADED_SANDBOX_NETWORK_BLOCKED
2025-03-03,2025,1,https://www.sec.gov/dera/data/Public-EDGAR-log-file-data/2025/Qtr1/log20250303.zip,NOT_DOWNLOADED_SANDBOX_NETWORK_BLOCKED
2025-03-04,2025,1,https://www.sec.gov/dera/data/Public-EDGAR-log-file-data/2025/Qtr1/log20250304.zip,NOT_DOWNLOADED_SANDBOX_NETWORK_BLOCKED
2025-03-05,2025,1,https://www.sec.gov/dera/data/Public-EDGAR-log-file-data/2025/Qtr1/log20250305.zip,NOT_DOWNLOADED_SANDBOX_NETWORK_BLOCKED
2025-03-06,2025,1,https://www.sec.gov/dera/data/Public-EDGAR-log-file-data/2025/Qtr1/log20250306.zip,NOT_DOWNLOADED_SANDBOX_NETWORK_BLOCKED
2025-03-07,2025,1,https://www.sec.gov/dera/data/Public-EDGAR-log-file-data/2025/Qtr1/log20250307.zip,NOT_DOWNLOADED_SANDBOX_NETWORK_BLOCKED
2025-03-08,2025,1,https://www.sec.gov/dera/data/Public-EDGAR-log-file-data/2025/Qtr1/log20250308.zip,NOT_DOWNLOADED_SANDBOX_NETWORK_BLOCKED
2025-03-09,2025,1,https://www.sec.gov/dera/data/Public-EDGAR-log-file-data/2025/Qtr1/log20250309.zip,NOT_DOWNLOADED_SANDBOX_NETWORK_BLOCKED
2025-03-10,2025,1,https://www.sec.gov/dera/data/Public-EDGAR-log-file-data/2025/Qtr1/log20250310.zip,NOT_DOWNLOADED_SANDBOX_NETWORK_BLOCKED
2025-03-11,2025,1,https://www.sec.gov/dera/data/Public-EDGAR-log-file-data/2025/Qtr1/log20250311.zip,NOT_DOWNLOADED_SANDBOX_NETWORK_BLOCKED
2025-03-12,2025,1,https://www.sec.gov/dera/data/Public-EDGAR-log-file-data/2025/Qtr1/log20250312.zip,NOT_DOWNLOADED_SANDBOX_NETWORK_BLOCKED
2025-03-13,2025,1,https://www.sec.gov/dera/data/Public-EDGAR-log-file-data/2025/Qtr1/log20250313.zip,NOT_DOWNLOADED_SANDBOX_NETWORK_BLOCKED
2025-03-14,2025,1,https://www.sec.gov/dera/data/Public-EDGAR-log-file-data/2025/Qtr1/log20250314.zip,NOT_DOWNLOADED_SANDBOX_NETWORK_BLOCKED
2025-03-15,2025,1,https://www.sec.gov/dera/data/Public-EDGAR-log-file-data/2025/Qtr1/log20250315.zip,NOT_DOWNLOADED_SANDBOX_NETWORK_BLOCKED
2025-03-16,2025,1,https://www.sec.gov/dera/data/Public-EDGAR-log-file-data/2025/Qtr1/log20250316.zip,NOT_DOWNLOADED_SANDBOX_NETWORK_BLOCKED
2025-03-17,2025,1,https://www.sec.gov/dera/data/Public-EDGAR-log-file-data/2025/Qtr1/log20250317.zip,NOT_DOWNLOADED_SANDBOX_NETWORK_BLOCKED
2025-03-18,2025,1,https://www.sec.gov/dera/data/Public-EDGAR-log-file-data/2025/Qtr1/log20250318.zip,NOT_DOWNLOADED_SANDBOX_NETWORK_BLOCKED
2025-03-19,2025,1,https://www.sec.gov/dera/data/Public-EDGAR-log-file-data/2025/Qtr1/log20250319.zip,NOT_DOWNLOADED_SANDBOX_NETWORK_BLOCKED
2025-03-20,2025,1,https://www.sec.gov/dera/data/Public-EDGAR-log-file-data/2025/Qtr1/log20250320.zip,NOT_DOWNLOADED_SANDBOX_NETWORK_BLOCKED
2025-03-21,2025,1,https://www.sec.gov/dera/data/Public-EDGAR-log-file-data/2025/Qtr1/log20250321.zip,NOT_DOWNLOADED_SANDBOX_NETWORK_BLOCKED
2025-03-22,2025,1,https://www.sec.gov/dera/data/Public-EDGAR-log-file-data/2025/Qtr1/log20250322.zip,NOT_DOWNLOADED_SANDBOX_NETWORK_BLOCKED
2025-03-23,2025,1,https://www.sec.gov/dera/data/Public-EDGAR-log-file-data/2025/Qtr1/log20250323.zip,NOT_DOWNLOADED_SANDBOX_NETWORK_BLOCKED
2025-03-24,2025,1,https://www.sec.gov/dera/data/Public-EDGAR-log-file-data/2025/Qtr1/log20250324.zip,NOT_DOWNLOADED_SANDBOX_NETWORK_BLOCKED
2025-03-25,2025,1,https://www.sec.gov/dera/data/Public-EDGAR-log-file-data/2025/Qtr1/log20250325.zip,NOT_DOWNLOADED_SANDBOX_NETWORK_BLOCKED
2025-03-26,2025,1,https://www.sec.gov/dera/data/Public-EDGAR-log-file-data/2025/Qtr1/log20250326.zip,NOT_DOWNLOADED_SANDBOX_NETWORK_BLOCKED
2025-03-27,2025,1,https://www.sec.gov/dera/data/Public-EDGAR-log-file-data/2025/Qtr1/log20250327.zip,NOT_DOWNLOADED_SANDBOX_NETWORK_BLOCKED
2025-03-28,2025,1,https://www.sec.gov/dera/data/Public-EDGAR-log-file-data/2025/Qtr1/log20250328.zip,NOT_DOWNLOADED_SANDBOX_NETWORK_BLOCKED
2025-03-29,2025,1,https://www.sec.gov/dera/data/Public-EDGAR-log-file-data/2025/Qtr1/log20250329.zip,NOT_DOWNLOADED_SANDBOX_NETWORK_BLOCKED
2025-03-30,2025,1,https://www.sec.gov/dera/data/Public-EDGAR-log-file-data/2025/Qtr1/log20250330.zip,NOT_DOWNLOADED_SANDBOX_NETWORK_BLOCKED
2025-03-31,2025,1,https://www.sec.gov/dera/data/Public-EDGAR-log-file-data/2025/Qtr1/log20250331.zip,NOT_DOWNLOADED_SANDBOX_NETWORK_BLOCKED
2025-04-01,2025,2,https://www.sec.gov/dera/data/Public-EDGAR-log-file-data/2025/Qtr2/log20250401.zip,NOT_DOWNLOADED_SANDBOX_NETWORK_BLOCKED
2025-04-02,2025,2,https://www.sec.gov/dera/data/Public-EDGAR-log-file-data/2025/Qtr2/log20250402.zip,NOT_DOWNLOADED_SANDBOX_NETWORK_BLOCKED
2025-04-03,2025,2,https://www.sec.gov/dera/data/Public-EDGAR-log-file-data/2025/Qtr2/log20250403.zip,NOT_DOWNLOADED_SANDBOX_NETWORK_BLOCKED
2025-04-04,2025,2,https://www.sec.gov/dera/data/Public-EDGAR-log-file-data/2025/Qtr2/log20250404.zip,NOT_DOWNLOADED_SANDBOX_NETWORK_BLOCKED
2025-04-05,2025,2,https://www.sec.gov/dera/data/Public-EDGAR-log-file-data/2025/Qtr2/log20250405.zip,NOT_DOWNLOADED_SANDBOX_NETWORK_BLOCKED
2025-04-06,2025,2,https://www.sec.gov/dera/data/Public-EDGAR-log-file-data/2025/Qtr2/log20250406.zip,NOT_DOWNLOADED_SANDBOX_NETWORK_BLOCKED
2025-04-07,2025,2,https://www.sec.gov/dera/data/Public-EDGAR-log-file-data/2025/Qtr2/log20250407.zip,NOT_DOWNLOADED_SANDBOX_NETWORK_BLOCKED
2025-04-08,2025,2,https://www.sec.gov/dera/data/Public-EDGAR-log-file-data/2025/Qtr2/log20250408.zip,NOT_DOWNLOADED_SANDBOX_NETWORK_BLOCKED
2025-04-09,2025,2,https://www.sec.gov/dera/data/Public-EDGAR-log-file-data/2025/Qtr2/log20250409.zip,NOT_DOWNLOADED_SANDBOX_NETWORK_BLOCKED
2025-04-10,2025,2,https://www.sec.gov/dera/data/Public-EDGAR-log-file-data/2025/Qtr2/log20250410.zip,NOT_DOWNLOADED_SANDBOX_NETWORK_BLOCKED
2025-04-11,2025,2,https://www.sec.gov/dera/data/Public-EDGAR-log-file-data/2025/Qtr2/log20250411.zip,NOT_DOWNLOADED_SANDBOX_NETWORK_BLOCKED
2025-04-12,2025,2,https://www.sec.gov/dera/data/Public-EDGAR-log-file-data/2025/Qtr2/log20250412.zip,NOT_DOWNLOADED_SANDBOX_NETWORK_BLOCKED
2025-04-13,2025,2,https://www.sec.gov/dera/data/Public-EDGAR-log-file-data/2025/Qtr2/log20250413.zip,NOT_DOWNLOADED_SANDBOX_NETWORK_BLOCKED
2025-04-14,2025,2,https://www.sec.gov/dera/data/Public-EDGAR-log-file-data/2025/Qtr2/log20250414.zip,NOT_DOWNLOADED_SANDBOX_NETWORK_BLOCKED
2025-04-15,2025,2,https://www.sec.gov/dera/data/Public-EDGAR-log-file-data/2025/Qtr2/log20250415.zip,NOT_DOWNLOADED_SANDBOX_NETWORK_BLOCKED
2025-04-16,2025,2,https://www.sec.gov/dera/data/Public-EDGAR-log-file-data/2025/Qtr2/log20250416.zip,NOT_DOWNLOADED_SANDBOX_NETWORK_BLOCKED
2025-04-17,2025,2,https://www.sec.gov/dera/data/Public-EDGAR-log-file-data/2025/Qtr2/log20250417.zip,NOT_DOWNLOADED_SANDBOX_NETWORK_BLOCKED
2025-04-18,2025,2,https://www.sec.gov/dera/data/Public-EDGAR-log-file-data/2025/Qtr2/log20250418.zip,NOT_DOWNLOADED_SANDBOX_NETWORK_BLOCKED
2025-04-19,2025,2,https://www.sec.gov/dera/data/Public-EDGAR-log-file-data/2025/Qtr2/log20250419.zip,NOT_DOWNLOADED_SANDBOX_NETWORK_BLOCKED
2025-04-20,2025,2,https://www.sec.gov/dera/data/Public-EDGAR-log-file-data/2025/Qtr2/log20250420.zip,NOT_DOWNLOADED_SANDBOX_NETWORK_BLOCKED
2025-04-21,2025,2,https://www.sec.gov/dera/data/Public-EDGAR-log-file-data/2025/Qtr2/log20250421.zip,NOT_DOWNLOADED_SANDBOX_NETWORK_BLOCKED
2025-04-22,2025,2,https://www.sec.gov/dera/data/Public-EDGAR-log-file-data/2025/Qtr2/log20250422.zip,NOT_DOWNLOADED_SANDBOX_NETWORK_BLOCKED
2025-04-23,2025,2,https://www.sec.gov/dera/data/Public-EDGAR-log-file-data/2025/Qtr2/log20250423.zip,NOT_DOWNLOADED_SANDBOX_NETWORK_BLOCKED
2025-04-24,2025,2,https://www.sec.gov/dera/data/Public-EDGAR-log-file-data/2025/Qtr2/log20250424.zip,NOT_DOWNLOADED_SANDBOX_NETWORK_BLOCKED
2025-04-25,2025,2,https://www.sec.gov/dera/data/Public-EDGAR-log-file-data/2025/Qtr2/log20250425.zip,NOT_DOWNLOADED_SANDBOX_NETWORK_BLOCKED
2025-04-26,2025,2,https://www.sec.gov/dera/data/Public-EDGAR-log-file-data/2025/Qtr2/log20250426.zip,NOT_DOWNLOADED_SANDBOX_NETWORK_BLOCKED
2025-04-27,2025,2,https://www.sec.gov/dera/data/Public-EDGAR-log-file-data/2025/Qtr2/log20250427.zip,NOT_DOWNLOADED_SANDBOX_NETWORK_BLOCKED
2025-04-28,2025,2,https://www.sec.gov/dera/data/Public-EDGAR-log-file-data/2025/Qtr2/log20250428.zip,NOT_DOWNLOADED_SANDBOX_NETWORK_BLOCKED
2025-04-29,2025,2,https://www.sec.gov/dera/data/Public-EDGAR-log-file-data/2025/Qtr2/log20250429.zip,NOT_DOWNLOADED_SANDBOX_NETWORK_BLOCKED
2025-04-30,2025,2,https://www.sec.gov/dera/data/Public-EDGAR-log-file-data/2025/Qtr2/log20250430.zip,NOT_DOWNLOADED_SANDBOX_NETWORK_BLOCKED
2025-05-01,2025,2,https://www.sec.gov/dera/data/Public-EDGAR-log-file-data/2025/Qtr2/log20250501.zip,NOT_DOWNLOADED_SANDBOX_NETWORK_BLOCKED
2025-05-02,2025,2,https://www.sec.gov/dera/data/Public-EDGAR-log-file-data/2025/Qtr2/log20250502.zip,NOT_DOWNLOADED_SANDBOX_NETWORK_BLOCKED
2025-05-03,2025,2,https://www.sec.gov/dera/data/Public-EDGAR-log-file-data/2025/Qtr2/log20250503.zip,NOT_DOWNLOADED_SANDBOX_NETWORK_BLOCKED
2025-05-04,2025,2,https://www.sec.gov/dera/data/Public-EDGAR-log-file-data/2025/Qtr2/log20250504.zip,NOT_DOWNLOADED_SANDBOX_NETWORK_BLOCKED
2025-05-05,2025,2,https://www.sec.gov/dera/data/Public-EDGAR-log-file-data/2025/Qtr2/log20250505.zip,NOT_DOWNLOADED_SANDBOX_NETWORK_BLOCKED
2025-05-06,2025,2,https://www.sec.gov/dera/data/Public-EDGAR-log-file-data/2025/Qtr2/log20250506.zip,NOT_DOWNLOADED_SANDBOX_NETWORK_BLOCKED
2025-05-07,2025,2,https://www.sec.gov/dera/data/Public-EDGAR-log-file-data/2025/Qtr2/log20250507.zip,NOT_DOWNLOADED_SANDBOX_NETWORK_BLOCKED
2025-05-08,2025,2,https://www.sec.gov/dera/data/Public-EDGAR-log-file-data/2025/Qtr2/log20250508.zip,NOT_DOWNLOADED_SANDBOX_NETWORK_BLOCKED
2025-05-09,2025,2,https://www.sec.gov/dera/data/Public-EDGAR-log-file-data/2025/Qtr2/log20250509.zip,NOT_DOWNLOADED_SANDBOX_NETWORK_BLOCKED
2025-05-10,2025,2,https://www.sec.gov/dera/data/Public-EDGAR-log-file-data/2025/Qtr2/log20250510.zip,NOT_DOWNLOADED_SANDBOX_NETWORK_BLOCKED
2025-05-11,2025,2,https://www.sec.gov/dera/data/Public-EDGAR-log-file-data/2025/Qtr2/log20250511.zip,NOT_DOWNLOADED_SANDBOX_NETWORK_BLOCKED
2025-05-12,2025,2,https://www.sec.gov/dera/data/Public-EDGAR-log-file-data/2025/Qtr2/log20250512.zip,NOT_DOWNLOADED_SANDBOX_NETWORK_BLOCKED
2025-05-13,2025,2,https://www.sec.gov/dera/data/Public-EDGAR-log-file-data/2025/Qtr2/log20250513.zip,NOT_DOWNLOADED_SANDBOX_NETWORK_BLOCKED
2025-05-14,2025,2,https://www.sec.gov/dera/data/Public-EDGAR-log-file-data/2025/Qtr2/log20250514.zip,NOT_DOWNLOADED_SANDBOX_NETWORK_BLOCKED
2025-05-15,2025,2,https://www.sec.gov/dera/data/Public-EDGAR-log-file-data/2025/Qtr2/log20250515.zip,NOT_DOWNLOADED_SANDBOX_NETWORK_BLOCKED
2025-05-16,2025,2,https://www.sec.gov/dera/data/Public-EDGAR-log-file-data/2025/Qtr2/log20250516.zip,NOT_DOWNLOADED_SANDBOX_NETWORK_BLOCKED
2025-05-17,2025,2,https://www.sec.gov/dera/data/Public-EDGAR-log-file-data/2025/Qtr2/log20250517.zip,NOT_DOWNLOADED_SANDBOX_NETWORK_BLOCKED
2025-05-18,2025,2,https://www.sec.gov/dera/data/Public-EDGAR-log-file-data/2025/Qtr2/log20250518.zip,NOT_DOWNLOADED_SANDBOX_NETWORK_BLOCKED
2025-05-19,2025,2,https://www.sec.gov/dera/data/Public-EDGAR-log-file-data/2025/Qtr2/log20250519.zip,NOT_DOWNLOADED_SANDBOX_NETWORK_BLOCKED
2025-05-20,2025,2,https://www.sec.gov/dera/data/Public-EDGAR-log-file-data/2025/Qtr2/log20250520.zip,NOT_DOWNLOADED_SANDBOX_NETWORK_BLOCKED
2025-05-21,2025,2,https://www.sec.gov/dera/data/Public-EDGAR-log-file-data/2025/Qtr2/log20250521.zip,NOT_DOWNLOADED_SANDBOX_NETWORK_BLOCKED
2025-05-22,2025,2,https://www.sec.gov/dera/data/Public-EDGAR-log-file-data/2025/Qtr2/log20250522.zip,NOT_DOWNLOADED_SANDBOX_NETWORK_BLOCKED
2025-05-23,2025,2,https://www.sec.gov/dera/data/Public-EDGAR-log-file-data/2025/Qtr2/log20250523.zip,NOT_DOWNLOADED_SANDBOX_NETWORK_BLOCKED
2025-05-24,2025,2,https://www.sec.gov/dera/data/Public-EDGAR-log-file-data/2025/Qtr2/log20250524.zip,NOT_DOWNLOADED_SANDBOX_NETWORK_BLOCKED
2025-05-25,2025,2,https://www.sec.gov/dera/data/Public-EDGAR-log-file-data/2025/Qtr2/log20250525.zip,NOT_DOWNLOADED_SANDBOX_NETWORK_BLOCKED
2025-05-26,2025,2,https://www.sec.gov/dera/data/Public-EDGAR-log-file-data/2025/Qtr2/log20250526.zip,NOT_DOWNLOADED_SANDBOX_NETWORK_BLOCKED
2025-05-27,2025,2,https://www.sec.gov/dera/data/Public-EDGAR-log-file-data/2025/Qtr2/log20250527.zip,NOT_DOWNLOADED_SANDBOX_NETWORK_BLOCKED
2025-05-28,2025,2,https://www.sec.gov/dera/data/Public-EDGAR-log-file-data/2025/Qtr2/log20250528.zip,NOT_DOWNLOADED_SANDBOX_NETWORK_BLOCKED
2025-05-29,2025,2,https://www.sec.gov/dera/data/Public-EDGAR-log-file-data/2025/Qtr2/log20250529.zip,NOT_DOWNLOADED_SANDBOX_NETWORK_BLOCKED
2025-05-30,2025,2,https://www.sec.gov/dera/data/Public-EDGAR-log-file-data/2025/Qtr2/log20250530.zip,NOT_DOWNLOADED_SANDBOX_NETWORK_BLOCKED
2025-05-31,2025,2,https://www.sec.gov/dera/data/Public-EDGAR-log-file-data/2025/Qtr2/log20250531.zip,NOT_DOWNLOADED_SANDBOX_NETWORK_BLOCKED
2025-06-01,2025,2,https://www.sec.gov/dera/data/Public-EDGAR-log-file-data/2025/Qtr2/log20250601.zip,NOT_DOWNLOADED_SANDBOX_NETWORK_BLOCKED
2025-06-02,2025,2,https://www.sec.gov/dera/data/Public-EDGAR-log-file-data/2025/Qtr2/log20250602.zip,NOT_DOWNLOADED_SANDBOX_NETWORK_BLOCKED
2025-06-03,2025,2,https://www.sec.gov/dera/data/Public-EDGAR-log-file-data/2025/Qtr2/log20250603.zip,NOT_DOWNLOADED_SANDBOX_NETWORK_BLOCKED
2025-06-04,2025,2,https://www.sec.gov/dera/data/Public-EDGAR-log-file-data/2025/Qtr2/log20250604.zip,NOT_DOWNLOADED_SANDBOX_NETWORK_BLOCKED
2025-06-05,2025,2,https://www.sec.gov/dera/data/Public-EDGAR-log-file-data/2025/Qtr2/log20250605.zip,NOT_DOWNLOADED_SANDBOX_NETWORK_BLOCKED
2025-06-06,2025,2,https://www.sec.gov/dera/data/Public-EDGAR-log-file-data/2025/Qtr2/log20250606.zip,NOT_DOWNLOADED_SANDBOX_NETWORK_BLOCKED
2025-06-07,2025,2,https://www.sec.gov/dera/data/Public-EDGAR-log-file-data/2025/Qtr2/log20250607.zip,NOT_DOWNLOADED_SANDBOX_NETWORK_BLOCKED
2025-06-08,2025,2,https://www.sec.gov/dera/data/Public-EDGAR-log-file-data/2025/Qtr2/log20250608.zip,NOT_DOWNLOADED_SANDBOX_NETWORK_BLOCKED
2025-06-09,2025,2,https://www.sec.gov/dera/data/Public-EDGAR-log-file-data/2025/Qtr2/log20250609.zip,NOT_DOWNLOADED_SANDBOX_NETWORK_BLOCKED
2025-06-10,2025,2,https://www.sec.gov/dera/data/Public-EDGAR-log-file-data/2025/Qtr2/log20250610.zip,NOT_DOWNLOADED_SANDBOX_NETWORK_BLOCKED
2025-06-11,2025,2,https://www.sec.gov/dera/data/Public-EDGAR-log-file-data/2025/Qtr2/log20250611.zip,NOT_DOWNLOADED_SANDBOX_NETWORK_BLOCKED
2025-06-12,2025,2,https://www.sec.gov/dera/data/Public-EDGAR-log-file-data/2025/Qtr2/log20250612.zip,NOT_DOWNLOADED_SANDBOX_NETWORK_BLOCKED
2025-06-13,2025,2,https://www.sec.gov/dera/data/Public-EDGAR-log-file-data/2025/Qtr2/log20250613.zip,NOT_DOWNLOADED_SANDBOX_NETWORK_BLOCKED
2025-06-14,2025,2,https://www.sec.gov/dera/data/Public-EDGAR-log-file-data/2025/Qtr2/log20250614.zip,NOT_DOWNLOADED_SANDBOX_NETWORK_BLOCKED
2025-06-15,2025,2,https://www.sec.gov/dera/data/Public-EDGAR-log-file-data/2025/Qtr2/log20250615.zip,NOT_DOWNLOADED_SANDBOX_NETWORK_BLOCKED
2025-06-16,2025,2,https://www.sec.gov/dera/data/Public-EDGAR-log-file-data/2025/Qtr2/log20250616.zip,NOT_DOWNLOADED_SANDBOX_NETWORK_BLOCKED
2025-06-17,2025,2,https://www.sec.gov/dera/data/Public-EDGAR-log-file-data/2025/Qtr2/log20250617.zip,NOT_DOWNLOADED_SANDBOX_NETWORK_BLOCKED
2025-06-18,2025,2,https://www.sec.gov/dera/data/Public-EDGAR-log-file-data/2025/Qtr2/log20250618.zip,NOT_DOWNLOADED_SANDBOX_NETWORK_BLOCKED
2025-06-19,2025,2,https://www.sec.gov/dera/data/Public-EDGAR-log-file-data/2025/Qtr2/log20250619.zip,NOT_DOWNLOADED_SANDBOX_NETWORK_BLOCKED
2025-06-20,2025,2,https://www.sec.gov/dera/data/Public-EDGAR-log-file-data/2025/Qtr2/log20250620.zip,NOT_DOWNLOADED_SANDBOX_NETWORK_BLOCKED
2025-06-21,2025,2,https://www.sec.gov/dera/data/Public-EDGAR-log-file-data/2025/Qtr2/log20250621.zip,NOT_DOWNLOADED_SANDBOX_NETWORK_BLOCKED
2025-06-22,2025,2,https://www.sec.gov/dera/data/Public-EDGAR-log-file-data/2025/Qtr2/log20250622.zip,NOT_DOWNLOADED_SANDBOX_NETWORK_BLOCKED
2025-06-23,2025,2,https://www.sec.gov/dera/data/Public-EDGAR-log-file-data/2025/Qtr2/log20250623.zip,NOT_DOWNLOADED_SANDBOX_NETWORK_BLOCKED
2025-06-24,2025,2,https://www.sec.gov/dera/data/Public-EDGAR-log-file-data/2025/Qtr2/log20250624.zip,NOT_DOWNLOADED_SANDBOX_NETWORK_BLOCKED
2025-06-25,2025,2,https://www.sec.gov/dera/data/Public-EDGAR-log-file-data/2025/Qtr2/log20250625.zip,NOT_DOWNLOADED_SANDBOX_NETWORK_BLOCKED
2025-06-26,2025,2,https://www.sec.gov/dera/data/Public-EDGAR-log-file-data/2025/Qtr2/log20250626.zip,NOT_DOWNLOADED_SANDBOX_NETWORK_BLOCKED
2025-06-27,2025,2,https://www.sec.gov/dera/data/Public-EDGAR-log-file-data/2025/Qtr2/log20250627.zip,NOT_DOWNLOADED_SANDBOX_NETWORK_BLOCKED
2025-06-28,2025,2,https://www.sec.gov/dera/data/Public-EDGAR-log-file-data/2025/Qtr2/log20250628.zip,NOT_DOWNLOADED_SANDBOX_NETWORK_BLOCKED
2025-06-29,2025,2,https://www.sec.gov/dera/data/Public-EDGAR-log-file-data/2025/Qtr2/log20250629.zip,NOT_DOWNLOADED_SANDBOX_NETWORK_BLOCKED
2025-06-30,2025,2,https://www.sec.gov/dera/data/Public-EDGAR-log-file-data/2025/Qtr2/log20250630.zip,NOT_DOWNLOADED_SANDBOX_NETWORK_BLOCKED
